# timestamp tx ty tz qx qy qz qw
4348.434000 222.009720 -730.349365 -28.852413 0.041316 -0.617033 0.011082 0.785774
4348.470000 222.289474 -730.337646 -28.850109 0.041475 -0.616913 0.013882 0.785815
4348.506000 222.569092 -730.325317 -28.848469 0.041492 -0.616802 0.016521 0.785850
4348.542000 222.848663 -730.312195 -28.847172 0.041348 -0.616700 0.018977 0.785883
4348.653000 223.710892 -730.268188 -28.843952 0.039814 -0.616414 0.025187 0.786012
4348.707000 224.130341 -730.245300 -28.842514 0.038438 -0.616294 0.027381 0.786101
4348.755000 224.503296 -730.224121 -28.841265 0.036860 -0.616201 0.028850 0.786197
4348.794000 224.806305 -730.206848 -28.840263 0.035339 -0.616136 0.029707 0.786286
4348.824000 225.039368 -730.193054 -28.839508 0.034029 -0.616093 0.030159 0.786360
4348.857000 225.295715 -730.177856 -28.838701 0.032455 -0.616052 0.030454 0.786447
4348.890000 225.552261 -730.162781 -28.837910 0.030743 -0.616019 0.030542 0.786539
4348.923000 225.808777 -730.147766 -28.837154 0.028907 -0.615993 0.030429 0.786633
4348.956000 226.065292 -730.132507 -28.836422 0.026961 -0.615973 0.030118 0.786729
4348.989000 226.321838 -730.117065 -28.835724 0.024917 -0.615957 0.029621 0.786828
4349.055000 226.834930 -730.086487 -28.834435 0.020534 -0.615948 0.028145 0.787016
4349.088000 227.091629 -730.071289 -28.833847 0.018231 -0.615950 0.027181 0.787105
4349.121000 227.348312 -730.056335 -28.833298 0.015871 -0.615956 0.026086 0.787188
4349.151000 227.581680 -730.040466 -28.832863 0.013183 -0.615953 0.025338 0.787265
4349.187000 227.861816 -730.012878 -28.832584 0.007976 -0.615874 0.025591 0.787388
4349.220000 228.119064 -729.979614 -28.832838 0.001339 -0.615672 0.026733 0.787548
4349.253000 228.377121 -729.941101 -28.833883 -0.006648 -0.615319 0.028273 0.787743
4349.286000 228.636169 -729.897766 -28.836164 -0.016061 -0.614759 0.030126 0.787976
4349.346000 229.109955 -729.813904 -28.844652 -0.035809 -0.613210 0.033148 0.788411
4349.376000 229.348358 -729.771057 -28.851536 -0.046731 -0.612178 0.034175 0.788598
4349.409000 229.611771 -729.724670 -28.861519 -0.059437 -0.610847 0.034758 0.788749
4349.439000 229.852188 -729.683960 -28.872929 -0.071478 -0.609485 0.034648 0.788808
4349.472000 230.117752 -729.641602 -28.888227 -0.085218 -0.607826 0.033763 0.788762
4349.535000 230.627655 -729.563171 -28.922848 -0.113863 -0.604188 0.030601 0.788071
4349.568000 230.896225 -729.521851 -28.936804 -0.130248 -0.602037 0.028302 0.787265
4349.598000 231.140869 -729.488342 -28.945086 -0.145086 -0.600041 0.025194 0.786299
4349.631000 231.410049 -729.457031 -28.950668 -0.161195 -0.597875 0.020609 0.784944
4349.664000 231.679138 -729.432312 -28.955393 -0.177114 -0.595728 0.014890 0.783273
4349.697000 231.947861 -729.414917 -28.960886 -0.192798 -0.593610 0.008085 0.781275
4349.727000 232.191437 -729.405945 -28.967096 -0.206773 -0.591733 0.000979 0.779164
4349.757000 232.433075 -729.409424 -28.972719 -0.219212 -0.590106 -0.007896 0.776955
4349.790000 232.696472 -729.427429 -28.979435 -0.231277 -0.588538 -0.019448 0.774439
4349.820000 232.936569 -729.441650 -28.990700 -0.243767 -0.586750 -0.029111 0.771657
4349.853000 233.201111 -729.456604 -29.006029 -0.258688 -0.584489 -0.039114 0.768064
4349.889000 233.487411 -729.482483 -29.022379 -0.274163 -0.582121 -0.050897 0.763792
4349.919000 233.724426 -729.510742 -29.035923 -0.286550 -0.580139 -0.061197 0.759988
4349.952000 233.982925 -729.549438 -29.050287 -0.299481 -0.578014 -0.073013 0.755566
4349.985000 234.239151 -729.595154 -29.063934 -0.311710 -0.575907 -0.085190 0.750940
4350.018000 234.493027 -729.647949 -29.076601 -0.323209 -0.573806 -0.097615 0.746159
4350.051000 234.744720 -729.707031 -29.088137 -0.334018 -0.571668 -0.110134 0.741281
4350.081000 234.971207 -729.766479 -29.097258 -0.343116 -0.569752 -0.121586 0.736798
4350.111000 235.195618 -729.830994 -29.104986 -0.351537 -0.567842 -0.132999 0.732317
4350.147000 235.462189 -729.914673 -29.112278 -0.360744 -0.565550 -0.146534 0.727010
4350.180000 235.703857 -729.997192 -29.116875 -0.368287 -0.563469 -0.158705 0.722274
4350.213000 235.943039 -730.084961 -29.119385 -0.374963 -0.561414 -0.170564 0.717722
4350.249000 236.201096 -730.186646 -29.119663 -0.381236 -0.559224 -0.183062 0.713033
4350.282000 236.434937 -730.284851 -29.117611 -0.386043 -0.557288 -0.194052 0.709045
4350.312000 236.645615 -730.377869 -29.113935 -0.389694 -0.555572 -0.203555 0.705722
4350.345000 236.874741 -730.484741 -29.107693 -0.392782 -0.553824 -0.213528 0.702430
4350.378000 237.101395 -730.595947 -29.099304 -0.394960 -0.552212 -0.222906 0.699558
4350.411000 237.325699 -730.711182 -29.088854 -0.396243 -0.550755 -0.231647 0.697137
4350.444000 237.547607 -730.830200 -29.076429 -0.396640 -0.549476 -0.239720 0.695188
4350.477000 237.767227 -730.953125 -29.062134 -0.396164 -0.548399 -0.247103 0.693724
4350.507000 237.965118 -731.067627 -29.047716 -0.395042 -0.547585 -0.253161 0.692822
4350.540000 238.184601 -731.193359 -29.032354 -0.394104 -0.546424 -0.258358 0.692354
4350.576000 238.428253 -731.327820 -29.017912 -0.394134 -0.544589 -0.261943 0.692436
4350.606000 238.634171 -731.438904 -29.007912 -0.394896 -0.542636 -0.263538 0.692929
4350.636000 238.841354 -731.550110 -28.999594 -0.396065 -0.540429 -0.264222 0.693726
4350.666000 239.049484 -731.662231 -28.993052 -0.397587 -0.537981 -0.264180 0.694774
4350.696000 239.257828 -731.775818 -28.988214 -0.399357 -0.535335 -0.263628 0.696011
4350.729000 239.486603 -731.903137 -28.984745 -0.401498 -0.532237 -0.262654 0.697521
4350.762000 239.714584 -732.033203 -28.983255 -0.403839 -0.528940 -0.261460 0.699125
4350.795000 239.941086 -732.166870 -28.983549 -0.406299 -0.525496 -0.260255 0.700744
4350.825000 240.145264 -732.291565 -28.985186 -0.408603 -0.522270 -0.259290 0.702173
4350.855000 240.347580 -732.419495 -28.988016 -0.410981 -0.518958 -0.258535 0.703517
4350.891000 240.587280 -732.577637 -28.992683 -0.413885 -0.514928 -0.258054 0.704951
4350.921000 240.784470 -732.713196 -28.997543 -0.416411 -0.511508 -0.258033 0.705961
4350.957000 241.017136 -732.880676 -29.004055 -0.419455 -0.507443 -0.258621 0.706877
4350.987000 241.207764 -733.024231 -29.009909 -0.422048 -0.504074 -0.259631 0.707373
4351.020000 241.413666 -733.186157 -29.016510 -0.424932 -0.500436 -0.261339 0.707601
4351.056000 241.633591 -733.367615 -29.023634 -0.428121 -0.496566 -0.263928 0.707443
4351.089000 241.830673 -733.538330 -29.029821 -0.431070 -0.493139 -0.266975 0.706906
4351.125000 242.040497 -733.729187 -29.035873 -0.434282 -0.489573 -0.271036 0.705874
4351.158000 242.228165 -733.908081 -29.040602 -0.437230 -0.486453 -0.275390 0.704524
4351.191000 242.411285 -734.090698 -29.044350 -0.440169 -0.483482 -0.280314 0.702795
4351.221000 242.573868 -734.259583 -29.046757 -0.442813 -0.480917 -0.285253 0.700903
4351.287000 242.918488 -734.640869 -29.048178 -0.448454 -0.475740 -0.297491 0.695744
4351.323000 243.098984 -734.853943 -29.046478 -0.451368 -0.473188 -0.304842 0.692410
4351.353000 243.245392 -735.034058 -29.043631 -0.453666 -0.471215 -0.311271 0.689387
4351.386000 243.402359 -735.234741 -29.038960 -0.456033 -0.469198 -0.318597 0.685844
4351.419000 243.555115 -735.438049 -29.032650 -0.458195 -0.467350 -0.326140 0.682110
4351.455000 243.717041 -735.662537 -29.023916 -0.460285 -0.465525 -0.334540 0.677869
4351.488000 243.861298 -735.870667 -29.014238 -0.461921 -0.464031 -0.342334 0.673878
4351.524000 244.014206 -736.100403 -29.001905 -0.463360 -0.462602 -0.350873 0.669466
4351.557000 244.150436 -736.312927 -28.989044 -0.464334 -0.461482 -0.358670 0.665420
4351.596000 244.306717 -736.566772 -28.972040 -0.465023 -0.460404 -0.367772 0.660702
4351.629000 244.435135 -736.783630 -28.956223 -0.465187 -0.459708 -0.375318 0.656815
4351.662000 244.560165 -737.002258 -28.939220 -0.464947 -0.459221 -0.382672 0.653071
4351.695000 244.681046 -737.223267 -28.921103 -0.464084 -0.459033 -0.389975 0.649487
4351.725000 244.781616 -737.430847 -28.905066 -0.461550 -0.459554 -0.397661 0.646257
4351.761000 244.898682 -737.682434 -28.890848 -0.458177 -0.460276 -0.406481 0.642645
4351.791000 244.994720 -737.892639 -28.883501 -0.455405 -0.460900 -0.413182 0.639889
4351.824000 245.098511 -738.124817 -28.879774 -0.452281 -0.461680 -0.419934 0.637141
4351.860000 245.209442 -738.379028 -28.880150 -0.448630 -0.462727 -0.426587 0.634539
4351.893000 245.308868 -738.613281 -28.882961 -0.444904 -0.463962 -0.432082 0.632538
4351.923000 245.397781 -738.827026 -28.886335 -0.441192 -0.465311 -0.436569 0.631065
4351.959000 245.503067 -739.084106 -28.890583 -0.436352 -0.467206 -0.441285 0.629749
4351.995000 245.611465 -739.337769 -28.892490 -0.432146 -0.469170 -0.444380 0.629011
4352.031000 245.723923 -739.589539 -28.889040 -0.428462 -0.470938 -0.446055 0.629025
4352.064000 245.832321 -739.818359 -28.881172 -0.425800 -0.472050 -0.446307 0.629820
4352.133000 246.065170 -740.298523 -28.860441 -0.420731 -0.473404 -0.444952 0.633160
4352.166000 246.178574 -740.529053 -28.858023 -0.418759 -0.473583 -0.443505 0.635345
4352.196000 246.283081 -740.738281 -28.858978 -0.417424 -0.473490 -0.441706 0.637543
4352.226000 246.388351 -740.947388 -28.861830 -0.416423 -0.473189 -0.439621 0.639857
4352.262000 246.515503 -741.198364 -28.866951 -0.415660 -0.472523 -0.436870 0.642724
4352.295000 246.632004 -741.428650 -28.872772 -0.415286 -0.471677 -0.434294 0.645327
4352.358000 246.852982 -741.869995 -28.886051 -0.415366 -0.469461 -0.429650 0.649983
4352.391000 246.971771 -742.099121 -28.891563 -0.416693 -0.467627 -0.426782 0.652341
4352.424000 247.090607 -742.327820 -28.892038 -0.418445 -0.465545 -0.424086 0.654464
4352.454000 247.197052 -742.536865 -28.887756 -0.420079 -0.463566 -0.422110 0.656097
4352.490000 247.322189 -742.788879 -28.876841 -0.422040 -0.461159 -0.420428 0.657613
4352.523000 247.428757 -743.024292 -28.866507 -0.422904 -0.459453 -0.420315 0.658324
4352.556000 247.531418 -743.261414 -28.860111 -0.423771 -0.457770 -0.420793 0.658634
4352.586000 247.622528 -743.477722 -28.857990 -0.424843 -0.456126 -0.421506 0.658627
4352.619000 247.720230 -743.716675 -28.859509 -0.426309 -0.454204 -0.422654 0.658273
4352.652000 247.814987 -743.956543 -28.864599 -0.428055 -0.452170 -0.424244 0.657517
4352.685000 247.906906 -744.197632 -28.872032 -0.430053 -0.450028 -0.426295 0.656355
4352.718000 247.995972 -744.439575 -28.880745 -0.432260 -0.447809 -0.428805 0.654786
4352.754000 248.089874 -744.704407 -28.890984 -0.434869 -0.445308 -0.432043 0.652632
4352.784000 248.166229 -744.925842 -28.899731 -0.437282 -0.443106 -0.435021 0.650537
4352.817000 248.254211 -745.167114 -28.906889 -0.441150 -0.439948 -0.437678 0.648282
4352.850000 248.340164 -745.408752 -28.908487 -0.445076 -0.436814 -0.440685 0.645676
4352.883000 248.422928 -745.651550 -28.904266 -0.448822 -0.433850 -0.444179 0.642681
4352.946000 248.569504 -746.117798 -28.882090 -0.454997 -0.428972 -0.452377 0.635859
4353.012000 248.696426 -746.614441 -28.869629 -0.458987 -0.425618 -0.463595 0.627105
4353.048000 248.761307 -746.886292 -28.870914 -0.461271 -0.423688 -0.469615 0.622238
4353.078000 248.812912 -747.113403 -28.873833 -0.463086 -0.422144 -0.474616 0.618131
4353.108000 248.862534 -747.340820 -28.877548 -0.464802 -0.420651 -0.479566 0.614026
4353.144000 248.919586 -747.614258 -28.882389 -0.466684 -0.418959 -0.485407 0.609146
4353.210000 249.018921 -748.116211 -28.890812 -0.469710 -0.416109 -0.495527 0.600565
4353.243000 249.071701 -748.365356 -28.891237 -0.471867 -0.414340 -0.499454 0.596833
4353.276000 249.122284 -748.614563 -28.886103 -0.473600 -0.412889 -0.503306 0.593219
4353.306000 249.166061 -748.842102 -28.876696 -0.474727 -0.411883 -0.506784 0.590048
4353.339000 249.206467 -749.094360 -28.866396 -0.474672 -0.411599 -0.511265 0.586414
4353.405000 249.278976 -749.601074 -28.856703 -0.473365 -0.411842 -0.519635 0.579906
4353.438000 249.313156 -749.854675 -28.854641 -0.472378 -0.412258 -0.523244 0.577163
4353.474000 249.349014 -750.131531 -28.853136 -0.471004 -0.412973 -0.526761 0.574570
4353.504000 249.377792 -750.362305 -28.852112 -0.469609 -0.413791 -0.529362 0.572731
4353.537000 249.408432 -750.616516 -28.851036 -0.467821 -0.414915 -0.531866 0.571058
4353.573000 249.440598 -750.893738 -28.849789 -0.465543 -0.416446 -0.534194 0.569631
4353.603000 249.466492 -751.125305 -28.848654 -0.463394 -0.417958 -0.535809 0.568758
4353.636000 249.494171 -751.379883 -28.847294 -0.460778 -0.419862 -0.537243 0.568128
4353.669000 249.521042 -751.634338 -28.845827 -0.457907 -0.422013 -0.538325 0.567831
4353.702000 249.547256 -751.889465 -28.844261 -0.454797 -0.424398 -0.539060 0.567856
4353.735000 249.572861 -752.144531 -28.842625 -0.451456 -0.427011 -0.539460 0.568183
4353.771000 249.600372 -752.422729 -28.840794 -0.447599 -0.430080 -0.539504 0.568878
4353.804000 249.627960 -752.677429 -28.839235 -0.444311 -0.432722 -0.538896 0.570027
4353.837000 249.660080 -752.932007 -28.837925 -0.441650 -0.434876 -0.537470 0.571799
4353.873000 249.699051 -753.209106 -28.836740 -0.439327 -0.436760 -0.535213 0.574264
4353.945000 249.785675 -753.762268 -28.835093 -0.436095 -0.439275 -0.529327 0.580234
4354.014000 249.874786 -754.292419 -28.834494 -0.434367 -0.440321 -0.523017 0.586427
4354.047000 249.918213 -754.546143 -28.834587 -0.433931 -0.440400 -0.520061 0.589311
4354.083000 249.965790 -754.823059 -28.835001 -0.433744 -0.440170 -0.517001 0.592306
4354.119000 250.013107 -755.099976 -28.835749 -0.433846 -0.439639 -0.514200 0.595058
4354.155000 250.059784 -755.377258 -28.836845 -0.434225 -0.438819 -0.511740 0.597502
4354.188000 250.101746 -755.631958 -28.838156 -0.434812 -0.437831 -0.509835 0.599425
4354.224000 250.146454 -755.909912 -28.839924 -0.435723 -0.436497 -0.508176 0.601143
4354.260000 250.189804 -756.187927 -28.842028 -0.436910 -0.434917 -0.506989 0.602428
4354.296000 250.231537 -756.466064 -28.844458 -0.438364 -0.433111 -0.506298 0.603253
4354.332000 250.271515 -756.744812 -28.847191 -0.440084 -0.431090 -0.506109 0.603607
4354.371000 250.312744 -757.047241 -28.850471 -0.442233 -0.428680 -0.506470 0.603450
4354.404000 250.345810 -757.303284 -28.853468 -0.444267 -0.426478 -0.507228 0.602879
4354.440000 250.379883 -757.582581 -28.856953 -0.446695 -0.423926 -0.508509 0.601805
4354.473000 250.409210 -757.838745 -28.860321 -0.449095 -0.421463 -0.510076 0.600420
4354.509000 250.439041 -758.118164 -28.864145 -0.451875 -0.418668 -0.512190 0.598488
4354.545000 250.466614 -758.398315 -28.868090 -0.454796 -0.415778 -0.514688 0.596142
4354.584000 250.493927 -758.701965 -28.872463 -0.458083 -0.412565 -0.517782 0.593171
4354.761000 250.595734 -760.078247 -28.861008 -0.474841 -0.396759 -0.534126 0.576036
4354.812000 250.608917 -760.475281 -28.858995 -0.478607 -0.393110 -0.540092 0.569825
4354.851000 250.616150 -760.778809 -28.859594 -0.481370 -0.390401 -0.544619 0.565032
4354.887000 250.620621 -761.058899 -28.860834 -0.483773 -0.388011 -0.548741 0.560620
4354.920000 250.622971 -761.315430 -28.862213 -0.485819 -0.385941 -0.552446 0.556626
4354.950000 250.623611 -761.548645 -28.863522 -0.487529 -0.384180 -0.555734 0.553065
4354.983000 250.622772 -761.805115 -28.864937 -0.489227 -0.382396 -0.559243 0.549253
4355.016000 250.620285 -762.062073 -28.866262 -0.490717 -0.380788 -0.562618 0.545580
4355.046000 250.616653 -762.295776 -28.867363 -0.491880 -0.379496 -0.565556 0.542387
4355.079000 250.611252 -762.552734 -28.868446 -0.492942 -0.378271 -0.568625 0.539059
4355.115000 250.603699 -762.833008 -28.869467 -0.493834 -0.377176 -0.571762 0.535681
4355.145000 250.596024 -763.066528 -28.870171 -0.494346 -0.376492 -0.574207 0.533069
4355.211000 250.581085 -763.578125 -28.864252 -0.495614 -0.375134 -0.578259 0.528449
4355.244000 250.568146 -763.834229 -28.860390 -0.495293 -0.375234 -0.580448 0.526275
4355.313000 250.537491 -764.369263 -28.855854 -0.493944 -0.376177 -0.584205 0.522699
4355.346000 250.521301 -764.625793 -28.854383 -0.492976 -0.376991 -0.585616 0.521446
4355.376000 250.505798 -764.858887 -28.853172 -0.491915 -0.377933 -0.586690 0.520559
4355.412000 250.486206 -765.138489 -28.851782 -0.490421 -0.379312 -0.587719 0.519804
4355.445000 250.467453 -765.394836 -28.850504 -0.488850 -0.380806 -0.588421 0.519397
4355.481000 250.446182 -765.674377 -28.849091 -0.486932 -0.382668 -0.588925 0.519258
4355.514000 250.425964 -765.930664 -28.847765 -0.484994 -0.384582 -0.589163 0.519388
4355.553000 250.401230 -766.233337 -28.846161 -0.482491 -0.387095 -0.589184 0.519829
4355.589000 250.377731 -766.512878 -28.844652 -0.480003 -0.389622 -0.588959 0.520499
4355.625000 250.353683 -766.792236 -28.843130 -0.477363 -0.392327 -0.588515 0.521398
4355.661000 250.329208 -767.071716 -28.841610 -0.474590 -0.395185 -0.587865 0.522501
4355.697000 250.304367 -767.351074 -28.840101 -0.471705 -0.398177 -0.587029 0.523781
4355.730000 250.281342 -767.607239 -28.838736 -0.468976 -0.401017 -0.586113 0.525089
4355.763000 250.258179 -767.863342 -28.837412 -0.466188 -0.403928 -0.585066 0.526506
4355.799000 250.232773 -768.142822 -28.836012 -0.463091 -0.407167 -0.583795 0.528153
4355.835000 250.207336 -768.422241 -28.834660 -0.459958 -0.410448 -0.582407 0.529881
4355.871000 250.181961 -768.701721 -28.833378 -0.456810 -0.413745 -0.580919 0.531669
4355.904000 250.158783 -768.957886 -28.832272 -0.453926 -0.416765 -0.579487 0.533341
4355.940000 250.133743 -769.237427 -28.831146 -0.450798 -0.420038 -0.577868 0.535180
4355.976000 250.108932 -769.516907 -28.830109 -0.447709 -0.423264 -0.576206 0.537020
4356.012000 250.084473 -769.796448 -28.829166 -0.444673 -0.426429 -0.574520 0.538843
4356.045000 250.063492 -770.052795 -28.828377 -0.442106 -0.429102 -0.572862 0.540595
4356.081000 250.047668 -770.332642 -28.827473 -0.440353 -0.430947 -0.570430 0.543124
4356.117000 250.038712 -770.612854 -28.826496 -0.439659 -0.431659 -0.567511 0.546171
4356.156000 250.035522 -770.916809 -28.825434 -0.439984 -0.431205 -0.564033 0.549858
4356.189000 250.036652 -771.174438 -28.824640 -0.440972 -0.429962 -0.561058 0.553074
4356.222000 250.040359 -771.432495 -28.824053 -0.442526 -0.428006 -0.558201 0.556231
4356.255000 250.045715 -771.690857 -28.823788 -0.444569 -0.425416 -0.555586 0.559200
4356.291000 250.053024 -771.973267 -28.824005 -0.447340 -0.421876 -0.553082 0.562146
4356.324000 250.060349 -772.232544 -28.824791 -0.450336 -0.418040 -0.551189 0.564474
4356.360000 250.068314 -772.515869 -28.826401 -0.454052 -0.413282 -0.549638 0.566509
4356.396000 250.075653 -772.799622 -28.828892 -0.458198 -0.407990 -0.548677 0.567937
4356.429000 250.081406 -773.060120 -28.832026 -0.462358 -0.402705 -0.548332 0.568670
4356.465000 250.086105 -773.344666 -28.836430 -0.467257 -0.396524 -0.548557 0.568793
4356.498000 250.088593 -773.605774 -28.841377 -0.472047 -0.390532 -0.549316 0.568251
4356.534000 250.089020 -773.890381 -28.847799 -0.477575 -0.383671 -0.550725 0.566939
4356.567000 250.087006 -774.151245 -28.854607 -0.482881 -0.377142 -0.552535 0.565062
4356.630000 250.075760 -774.649536 -28.869911 -0.493512 -0.364188 -0.557264 0.559705
4356.666000 250.064606 -774.933716 -28.879929 -0.499805 -0.356579 -0.560636 0.555638
4356.705000 250.048447 -775.241455 -28.891708 -0.506743 -0.348217 -0.564749 0.550468
4356.738000 250.037552 -775.501953 -28.900139 -0.513392 -0.340226 -0.567871 0.546074
4356.771000 250.025574 -775.762573 -28.903395 -0.520191 -0.332065 -0.571087 0.541289
4356.804000 250.010147 -776.022400 -28.900988 -0.526813 -0.324125 -0.574622 0.535929
4356.834000 249.992920 -776.258118 -28.893938 -0.532630 -0.317164 -0.578095 0.530583
4356.867000 249.962891 -776.515503 -28.886038 -0.537958 -0.310801 -0.582949 0.523617
4356.897000 249.930191 -776.748657 -28.883772 -0.542502 -0.305337 -0.587597 0.516905
4356.966000 249.843704 -777.282166 -28.895023 -0.552665 -0.292831 -0.598075 0.501117
4356.996000 249.801300 -777.513000 -28.903547 -0.556813 -0.287579 -0.602555 0.494152
4357.026000 249.756714 -777.743408 -28.912910 -0.560824 -0.282403 -0.606894 0.487242
4357.059000 249.712845 -777.997498 -28.921234 -0.565940 -0.275799 -0.610611 0.480417
4357.092000 249.666779 -778.250916 -28.923941 -0.570743 -0.269545 -0.614208 0.473653
4357.125000 249.617157 -778.503174 -28.920685 -0.575030 -0.263872 -0.617846 0.466882
4357.158000 249.564377 -778.754456 -28.911535 -0.578824 -0.258758 -0.621476 0.460189
4357.191000 249.508392 -779.004761 -28.896885 -0.582124 -0.254204 -0.625082 0.453635
4357.224000 249.441437 -779.251953 -28.881079 -0.584054 -0.251232 -0.629553 0.446572
4357.254000 249.375702 -779.475403 -28.869904 -0.585311 -0.249048 -0.633683 0.440264
4357.287000 249.301086 -779.720398 -28.861732 -0.586541 -0.246790 -0.637901 0.433759
4357.320000 249.223923 -779.964417 -28.857689 -0.587575 -0.244749 -0.641810 0.427708
4357.353000 249.143768 -780.207397 -28.857353 -0.588331 -0.243059 -0.645459 0.422104
4357.383000 249.068436 -780.427551 -28.859745 -0.588743 -0.241869 -0.648544 0.417459
4357.419000 248.975174 -780.690613 -28.864594 -0.588876 -0.240900 -0.651957 0.412486
4357.449000 248.895233 -780.908997 -28.869308 -0.588671 -0.240514 -0.654580 0.408833
4357.482000 248.804993 -781.148315 -28.874601 -0.588107 -0.240566 -0.657246 0.405322
4357.512000 248.720993 -781.365112 -28.879250 -0.587305 -0.241026 -0.659461 0.402605
4357.548000 248.618103 -781.624573 -28.884455 -0.586004 -0.242069 -0.661844 0.399954
4357.578000 248.531738 -781.840271 -28.888142 -0.584802 -0.243213 -0.663464 0.398334
4357.611000 248.440521 -782.078003 -28.888630 -0.583933 -0.244239 -0.664348 0.397508
4357.644000 248.347244 -782.314758 -28.883583 -0.582662 -0.245875 -0.665117 0.397077
4357.674000 248.260391 -782.529297 -28.874287 -0.581111 -0.247907 -0.665774 0.396986
4357.707000 248.157684 -782.763367 -28.863905 -0.578395 -0.251257 -0.667009 0.396772
4357.740000 248.051788 -782.996460 -28.857307 -0.575289 -0.255112 -0.668173 0.396870
4357.770000 247.954544 -783.207947 -28.853693 -0.572380 -0.258848 -0.668944 0.397356
4357.803000 247.846817 -783.440308 -28.851130 -0.569091 -0.263184 -0.669499 0.398298
4357.836000 247.741928 -783.673950 -28.849827 -0.566167 -0.267024 -0.669398 0.400074
4357.899000 247.559616 -784.129517 -28.851181 -0.562903 -0.270751 -0.666700 0.406627
4357.929000 247.478729 -784.349976 -28.853344 -0.562179 -0.271080 -0.664663 0.410724
4357.959000 247.400421 -784.572083 -28.856493 -0.561875 -0.270555 -0.662353 0.415192
4357.992000 247.315811 -784.817932 -28.861084 -0.561898 -0.269178 -0.659699 0.420251
4358.025000 247.232208 -785.065063 -28.866982 -0.562262 -0.266967 -0.657047 0.425299
4358.058000 247.148651 -785.312927 -28.874271 -0.562915 -0.263995 -0.654533 0.430140
4358.088000 247.072098 -785.538757 -28.882168 -0.563735 -0.260688 -0.652457 0.434217
4358.118000 246.994949 -785.764832 -28.891212 -0.564815 -0.256768 -0.650596 0.437926
4358.148000 246.922058 -785.992981 -28.898729 -0.566728 -0.251449 -0.648434 0.441730
4358.181000 246.840958 -786.244141 -28.902372 -0.569082 -0.245014 -0.646427 0.445249
4358.211000 246.764954 -786.471863 -28.901178 -0.571317 -0.238853 -0.645104 0.447646
4358.241000 246.682724 -786.697021 -28.897051 -0.573254 -0.233156 -0.644643 0.448836
4358.271000 246.593277 -786.919128 -28.893869 -0.574855 -0.228030 -0.645023 0.448875
4358.304000 246.491257 -787.161621 -28.892799 -0.576805 -0.222154 -0.645816 0.448180
4358.337000 246.385834 -787.402466 -28.894306 -0.579007 -0.215972 -0.646938 0.446742
4358.370000 246.276794 -787.641296 -28.898354 -0.581453 -0.209483 -0.648383 0.444555
4358.400000 246.174240 -787.856445 -28.904148 -0.583860 -0.203408 -0.649990 0.441866
4358.433000 246.057373 -788.090698 -28.912855 -0.586689 -0.196566 -0.652074 0.438130
4358.463000 245.947449 -788.301392 -28.922958 -0.589410 -0.190210 -0.654238 0.434036
4358.496000 245.822342 -788.530396 -28.936544 -0.592546 -0.183122 -0.656901 0.428761
4358.526000 245.707397 -788.737610 -28.951008 -0.595764 -0.176046 -0.659252 0.423627
4358.559000 245.585068 -788.968201 -28.964613 -0.600133 -0.166665 -0.661236 0.418127
4358.595000 245.447189 -789.216370 -28.972347 -0.604892 -0.156715 -0.663827 0.410951
4358.628000 245.316376 -789.440674 -28.974283 -0.609196 -0.147872 -0.666551 0.403390
4358.661000 245.181076 -789.661255 -28.973200 -0.613434 -0.139389 -0.669537 0.394954
4358.697000 245.028336 -789.897461 -28.969965 -0.617936 -0.130507 -0.673027 0.384913
4358.730000 244.883652 -790.110168 -28.965769 -0.621912 -0.122711 -0.676383 0.375065
4358.766000 244.720947 -790.337769 -28.960190 -0.626041 -0.114605 -0.680160 0.363760
4358.802000 244.553314 -790.560974 -28.953712 -0.629909 -0.106932 -0.684007 0.352015
4358.835000 244.388397 -790.756104 -28.946840 -0.632471 -0.101853 -0.688503 0.339954
4358.871000 244.200363 -790.962036 -28.944101 -0.634625 -0.097252 -0.693770 0.326308
4358.907000 244.012497 -791.167664 -28.947340 -0.636971 -0.091832 -0.698241 0.313521
4358.943000 243.830048 -791.376709 -28.948151 -0.639867 -0.085114 -0.701452 0.302144
4359.012000 243.471237 -791.767334 -28.933239 -0.644096 -0.074600 -0.707611 0.280825
4359.084000 243.067123 -792.146790 -28.911692 -0.644932 -0.069881 -0.716082 0.257695
4359.120000 242.859543 -792.330933 -28.906845 -0.644770 -0.068331 -0.720139 0.246987
4359.156000 242.649734 -792.512512 -28.906067 -0.644399 -0.067131 -0.723898 0.237100
4359.192000 242.437607 -792.691528 -28.908791 -0.643778 -0.066420 -0.727408 0.228071
4359.228000 242.226974 -792.871155 -28.913347 -0.643346 -0.065595 -0.730178 0.220553
4359.264000 242.019012 -793.052185 -28.913486 -0.643141 -0.064832 -0.732189 0.214630
4359.297000 241.826172 -793.215393 -28.907959 -0.642509 -0.065193 -0.734076 0.209914
4359.333000 241.613693 -793.391052 -28.895914 -0.641386 -0.066652 -0.736140 0.205618
4359.363000 241.434296 -793.534912 -28.881609 -0.640032 -0.068832 -0.737954 0.202597
4359.399000 241.212616 -793.702271 -28.865255 -0.637519 -0.072921 -0.740684 0.199096
4359.435000 240.993195 -793.874451 -28.854078 -0.635337 -0.075980 -0.742693 0.197438
4359.471000 240.778412 -794.053955 -28.849028 -0.633825 -0.077366 -0.743712 0.197920
4359.501000 240.601730 -794.207703 -28.849627 -0.632945 -0.077535 -0.743984 0.199642
4359.537000 240.391403 -794.395752 -28.855831 -0.632186 -0.076794 -0.743804 0.202973
4359.573000 240.181595 -794.586243 -28.866220 -0.631590 -0.075324 -0.743288 0.207228
4359.645000 239.760635 -794.969604 -28.894949 -0.630557 -0.070691 -0.741790 0.217135
4359.693000 239.481064 -795.228760 -28.917124 -0.630303 -0.065603 -0.740261 0.224561
4359.744000 239.186813 -795.508484 -28.931852 -0.630575 -0.058126 -0.738118 0.232764
4359.780000 238.976257 -795.703491 -28.934572 -0.630576 -0.052667 -0.736958 0.237684
4359.813000 238.781052 -795.879883 -28.931633 -0.630495 -0.047575 -0.736165 0.241400
4359.849000 238.565369 -796.069275 -28.925234 -0.630377 -0.041844 -0.735579 0.244535
4359.879000 238.382858 -796.223267 -28.919077 -0.630273 -0.037100 -0.735352 0.246245
4359.915000 238.155304 -796.395813 -28.911068 -0.629666 -0.033085 -0.736101 0.246134
4359.948000 237.942596 -796.547852 -28.906183 -0.629081 -0.029661 -0.737137 0.244963
4359.978000 237.747635 -796.683289 -28.904604 -0.628725 -0.026185 -0.738086 0.243410
4360.014000 237.511475 -796.841553 -28.906132 -0.628504 -0.021660 -0.739258 0.240854
4360.044000 237.312714 -796.969849 -28.910196 -0.628475 -0.017645 -0.740276 0.238117
4360.077000 237.091980 -797.106873 -28.917585 -0.628587 -0.013013 -0.741445 0.234451
4360.113000 236.848633 -797.250977 -28.929146 -0.628868 -0.007781 -0.742784 0.229645
4360.146000 236.623093 -797.378052 -28.943047 -0.629252 -0.002862 -0.744064 0.224507
4360.179000 236.396027 -797.501465 -28.960155 -0.629798 0.002409 -0.745279 0.218878
4360.212000 236.172287 -797.630310 -28.976677 -0.630859 0.009725 -0.745750 0.213961
4360.248000 235.926636 -797.766724 -28.987719 -0.632095 0.017553 -0.746335 0.207683
4360.281000 235.699539 -797.886780 -28.991446 -0.633236 0.024278 -0.747013 0.200984
4360.314000 235.470673 -798.002197 -28.990917 -0.634370 0.030649 -0.747781 0.193544
4360.344000 235.261017 -798.102661 -28.987907 -0.635381 0.036126 -0.748536 0.186225
4360.377000 235.028763 -798.208496 -28.982595 -0.636454 0.041806 -0.749409 0.177668
4360.410000 234.794846 -798.309509 -28.975655 -0.637466 0.047114 -0.750309 0.168683
4360.446000 234.537903 -798.414185 -28.966555 -0.638477 0.052463 -0.751311 0.158517
4360.476000 234.322479 -798.497253 -28.957909 -0.639228 0.056557 -0.752153 0.149850
4360.509000 234.084229 -798.584351 -28.947355 -0.639943 0.060655 -0.753084 0.140205
4360.542000 233.844742 -798.667175 -28.935781 -0.640530 0.064311 -0.754019 0.130539
4360.572000 233.623764 -798.733398 -28.924477 -0.640701 0.066200 -0.755297 0.121025
4360.605000 233.377258 -798.797302 -28.915062 -0.640484 0.066973 -0.757094 0.110014
4360.641000 233.107529 -798.863708 -28.910709 -0.640151 0.067845 -0.758864 0.098637
4360.674000 232.859558 -798.921875 -28.911726 -0.639766 0.068535 -0.760342 0.088786
4360.707000 232.610840 -798.977112 -28.916893 -0.639285 0.068963 -0.761733 0.079508
4360.737000 232.385712 -799.028748 -28.923315 -0.638977 0.069757 -0.762649 0.072177
4360.770000 232.139999 -799.088440 -28.926659 -0.638858 0.071034 -0.763243 0.065380
4360.803000 231.893585 -799.144958 -28.924257 -0.638574 0.071427 -0.763965 0.058978
4360.836000 231.646561 -799.198975 -28.916222 -0.638131 0.070984 -0.764811 0.053053
4360.869000 231.399078 -799.250549 -28.902668 0.637554 -0.069751 0.765759 -0.047677
4360.899000 231.173721 -799.295532 -28.885689 0.636933 -0.067973 0.766694 -0.043307
4360.932000 230.923798 -799.339355 -28.864811 0.635913 -0.064697 0.768078 -0.038534
4360.962000 230.694687 -799.374451 -28.848358 0.634718 -0.060771 0.769587 -0.034295
4360.995000 230.442398 -799.412109 -28.834028 0.633437 -0.056234 0.771150 -0.030377
4361.028000 230.190018 -799.448792 -28.823626 0.632219 -0.051452 0.772600 -0.027228
4361.127000 229.431290 -799.553406 -28.813423 0.628783 -0.035024 0.776469 -0.022382
4361.160000 229.178741 -799.592896 -28.815315 -0.627823 0.029982 -0.777434 0.023155
4361.193000 228.926910 -799.637939 -28.818649 -0.627034 0.025872 -0.778148 0.025403
4361.253000 228.470215 -799.729980 -28.826750 -0.625867 0.020230 -0.779001 0.032232
4361.286000 228.219330 -799.784729 -28.831919 -0.625297 0.017963 -0.779301 0.037030
4361.319000 227.968445 -799.841309 -28.837458 -0.624739 0.016185 -0.779521 0.042262
4361.352000 227.717499 -799.898987 -28.843342 -0.624169 0.014855 -0.779688 0.047731
4361.382000 227.489197 -799.951965 -28.849001 -0.623629 0.014025 -0.779811 0.052767
4361.445000 227.008957 -800.063416 -28.861845 -0.622411 0.013364 -0.780038 0.062988
4361.478000 226.756912 -800.121094 -28.869116 -0.621733 0.013582 -0.780162 0.067901
4361.508000 226.527420 -800.172668 -28.876064 -0.621102 0.014118 -0.780289 0.071989
4361.544000 226.252884 -800.236877 -28.882734 -0.620514 0.015864 -0.780260 0.076837
4361.577000 226.001602 -800.296326 -28.883698 -0.620064 0.018185 -0.780157 0.080897
4361.610000 225.749832 -800.354126 -28.879295 -0.619585 0.020722 -0.780128 0.084169
4361.640000 225.519913 -800.402405 -28.872335 -0.619083 0.022759 -0.780257 0.086128
4361.676000 225.242218 -800.453247 -28.866961 -0.618383 0.024643 -0.780642 0.087138
4361.706000 225.010468 -800.493286 -28.865822 -0.617869 0.026493 -0.780959 0.087402
4361.736000 224.778473 -800.531372 -28.867523 -0.617429 0.028668 -0.781259 0.087136
4361.766000 224.546204 -800.567261 -28.871756 -0.617064 0.031149 -0.781549 0.086274
4361.799000 224.290451 -800.604187 -28.878479 -0.616740 0.034224 -0.781855 0.084630
4361.832000 224.034424 -800.638489 -28.886444 -0.616494 0.037610 -0.782147 0.082260
4361.862000 223.801651 -800.668823 -28.894005 -0.616351 0.041195 -0.782344 0.079699
4361.895000 223.546600 -800.705872 -28.898973 -0.616350 0.046464 -0.782312 0.077082
4361.928000 223.291336 -800.740234 -28.898338 -0.616401 0.051776 -0.782262 0.073722
4361.961000 223.035934 -800.771729 -28.892012 -0.616497 0.057017 -0.782199 0.069612
4361.994000 222.780106 -800.797852 -28.881332 -0.616608 0.061728 -0.782192 0.064501
4362.024000 222.546738 -800.813477 -28.873928 -0.616674 0.065016 -0.782331 0.058686
4362.054000 222.313293 -800.826477 -28.870934 -0.616759 0.068415 -0.782406 0.052619
4362.090000 222.033157 -800.839172 -28.872309 0.616872 -0.072696 0.782400 -0.045114
4362.120000 221.799728 -800.847351 -28.875788 0.616968 -0.076295 0.782327 -0.038656
4362.150000 221.566299 -800.853394 -28.880346 0.617049 -0.079885 0.782202 -0.032069
4362.183000 221.309586 -800.857788 -28.885956 0.617108 -0.083775 0.782015 -0.024725
4362.219000 221.029663 -800.861328 -28.892036 0.617152 -0.088135 0.781711 -0.016859
4362.249000 220.797195 -800.867737 -28.894138 0.617261 -0.092600 0.781211 -0.011083
4362.282000 220.541641 -800.872620 -28.891106 0.617360 -0.097123 0.780648 -0.004670
4362.318000 220.262878 -800.875244 -28.881374 0.617420 -0.101494 0.780055 0.002377
4362.351000 220.007401 -800.872498 -28.868086 0.617400 -0.104553 0.779617 0.009136
4362.384000 219.751480 -800.861938 -28.858093 0.617240 -0.106291 0.779388 0.016460
4362.420000 219.472305 -800.847900 -28.852674 0.617030 -0.107939 0.779132 0.024013
4362.453000 219.216614 -800.833191 -28.850849 0.616819 -0.109184 0.778899 0.030477
4362.486000 218.960953 -800.816833 -28.850529 0.616590 -0.110107 0.778692 0.036496
4362.519000 218.705399 -800.798889 -28.850899 0.616346 -0.110669 0.778525 0.042055
4362.552000 218.449936 -800.779541 -28.851524 0.616092 -0.110845 0.778411 0.047134
4362.588000 218.171356 -800.756775 -28.852226 0.615810 -0.110585 0.778354 0.052099
4362.624000 217.892944 -800.732239 -28.852766 0.615541 -0.109793 0.778373 0.056480
4362.726000 217.104630 -800.655090 -28.853096 0.614890 -0.104818 0.778866 0.065506
4362.756000 216.872925 -800.630371 -28.852835 0.614749 -0.102579 0.779129 0.067222
4362.789000 216.618118 -800.602234 -28.852375 0.614625 -0.099730 0.779475 0.068624
4362.825000 216.340210 -800.570618 -28.851704 0.614529 -0.096185 0.779911 0.069581
4362.855000 216.108673 -800.543579 -28.851032 0.614481 -0.092897 0.780315 0.069940
4362.888000 215.854004 -800.513245 -28.850187 0.614463 -0.088952 0.780793 0.069893
4362.924000 215.576233 -800.479431 -28.849174 0.614481 -0.084286 0.781345 0.069339
4362.957000 215.321609 -800.448059 -28.848190 0.614531 -0.079719 0.781869 0.068388
4363.026000 214.789032 -800.381104 -28.846037 0.614728 -0.069332 0.782975 0.065215
4363.056000 214.557480 -800.351868 -28.845104 0.614846 -0.064527 0.783443 0.063385
4363.092000 214.279526 -800.316284 -28.844015 0.615006 -0.058586 0.783983 0.060871
4363.122000 214.047913 -800.286682 -28.843143 0.615154 -0.053512 0.784407 0.058546
4363.155000 213.793106 -800.254333 -28.842258 0.615327 -0.047842 0.784840 0.055773
4363.188000 213.538116 -800.222412 -28.841440 0.615506 -0.042104 0.785233 0.052812
4363.224000 213.259903 -800.187805 -28.840651 0.615704 -0.035828 0.785612 0.049394
4363.254000 213.027893 -800.161316 -28.840067 0.615867 -0.031013 0.785885 0.046149
4363.287000 212.772247 -800.139221 -28.839430 0.616036 -0.027167 0.786151 0.041573
4363.317000 212.539383 -800.124512 -28.838825 0.616146 -0.024891 0.786381 0.036731
4363.350000 212.282791 -800.113403 -28.838171 0.616179 -0.023569 0.786645 0.030946
4363.383000 212.025696 -800.106323 -28.837593 0.616091 -0.023354 0.786933 0.024944
4363.413000 211.791565 -800.102661 -28.837229 0.615891 -0.024044 0.787224 0.019488
4363.446000 211.533432 -800.100891 -28.837114 0.615531 -0.025674 0.787575 0.013692
4363.479000 211.274734 -800.100403 -28.837412 0.615027 -0.028139 0.787960 0.008286
4363.509000 211.039124 -800.101135 -28.838146 0.614446 -0.031120 0.788335 0.003793
4363.542000 210.779541 -800.102173 -28.839575 0.613689 -0.035126 0.788766 -0.000542
4363.572000 210.543274 -800.102966 -28.841505 0.612911 -0.039365 0.789161 -0.003826
4363.605000 210.282990 -800.103271 -28.844404 0.611972 -0.044658 0.789589 -0.006645
4363.641000 209.998642 -800.102539 -28.848585 0.610868 -0.051179 0.790028 -0.008739
4363.674000 209.737762 -800.100403 -28.853386 0.609809 -0.057763 0.790381 -0.009688
4363.710000 209.453003 -800.095764 -28.859690 0.608624 -0.065519 0.790691 -0.009607
4363.746000 209.168121 -800.088684 -28.867157 0.607420 -0.073890 0.790892 -0.008407
4363.782000 208.883362 -800.078674 -28.875729 0.606237 -0.082756 0.790944 -0.006063
4363.821000 208.575073 -800.063965 -28.886217 0.604971 -0.092845 0.790813 -0.002272
4363.857000 208.290253 -800.052612 -28.894466 0.603725 -0.103595 0.790432 0.001507
4363.893000 208.005447 -800.040222 -28.896746 0.602467 -0.114953 0.789799 0.006022
4363.935000 207.673843 -800.020935 -28.891062 0.601071 -0.128173 0.788749 0.012660
4363.974000 207.367340 -799.993958 -28.879719 0.599941 -0.139593 0.787503 0.020565
4364.013000 207.063004 -799.954895 -28.872267 0.598998 -0.149746 0.786043 0.030225
4364.094000 206.434631 -799.856873 -28.879324 0.596918 -0.171170 0.782117 0.051797
4364.133000 206.133957 -799.801392 -28.891052 0.595826 -0.181366 0.779844 0.062770
4364.172000 205.834549 -799.740845 -28.905005 0.594671 -0.191285 0.777368 0.073998
4364.214000 205.513214 -799.671936 -28.920967 0.593320 -0.201860 0.774489 0.085969
4364.253000 205.213898 -799.613159 -28.931864 0.591823 -0.212989 0.771516 0.095628
4364.295000 204.893356 -799.544617 -28.934340 0.590287 -0.223909 0.768210 0.106207
4364.382000 204.235626 -799.385132 -28.909184 0.587371 -0.242676 0.761373 0.128120
4364.421000 203.945389 -799.299805 -28.889399 0.586291 -0.248266 0.758561 0.138607
4364.460000 203.658401 -799.204224 -28.873701 0.585289 -0.252159 0.755988 0.149449
4364.502000 203.350830 -799.097229 -28.863289 0.584185 -0.255963 0.753353 0.160216
4364.541000 203.066864 -798.994141 -28.859245 0.583188 -0.258986 0.751077 0.169415
4364.580000 202.784393 -798.886963 -28.860012 0.582250 -0.261364 0.749030 0.177840
4364.658000 202.223953 -798.660828 -28.871290 0.580693 -0.263688 0.745894 0.192110
4364.727000 201.733078 -798.449280 -28.883850 0.579836 -0.262743 0.744318 0.201860
4364.772000 201.415054 -798.306702 -28.891304 0.579581 -0.260684 0.743909 0.206712
4364.805000 201.181244 -798.205627 -28.894144 0.579572 -0.259589 0.743764 0.208626
4364.880000 200.653137 -797.970764 -28.880384 0.580207 -0.254647 0.744306 0.211006
4364.916000 200.401993 -797.851868 -28.865475 0.580778 -0.250485 0.745048 0.211797
4364.982000 199.943008 -797.624512 -28.848598 0.581849 -0.241115 0.747168 0.212262
4365.021000 199.665878 -797.500366 -28.846910 0.581995 -0.237974 0.748824 0.209553
4365.057000 199.406387 -797.391418 -28.848782 0.581734 -0.236589 0.750578 0.205532
4365.093000 199.144180 -797.285950 -28.853020 0.581089 -0.236374 0.752485 0.200570
4365.162000 198.636551 -797.088745 -28.866556 0.578763 -0.238593 0.756337 0.189898
4365.198000 198.369919 -796.986450 -28.876328 0.576966 -0.240957 0.758339 0.184312
4365.267000 197.857376 -796.788269 -28.899754 0.572487 -0.247737 0.761853 0.174541
4365.300000 197.609589 -796.697876 -28.908609 0.569704 -0.253108 0.763269 0.169691
4365.336000 197.339874 -796.596619 -28.912388 0.566432 -0.259308 0.764559 0.165422
4365.372000 197.071259 -796.492065 -28.909819 0.562986 -0.265788 0.765532 0.162373
4365.411000 196.785660 -796.367981 -28.902683 0.559545 -0.271730 0.766154 0.161493
4365.444000 196.548126 -796.254761 -28.898293 0.556802 -0.276217 0.766375 0.162308
4365.486000 196.248886 -796.105713 -28.896582 0.553259 -0.282485 0.766217 0.164372
4365.519000 196.016418 -795.984436 -28.898195 0.550463 -0.287813 0.765718 0.166820
4365.552000 195.786545 -795.859436 -28.902363 0.547663 -0.293456 0.764883 0.170011
4365.621000 195.314865 -795.584778 -28.919390 0.541820 -0.306110 0.762007 0.179090
4365.657000 195.074188 -795.434143 -28.932865 0.538820 -0.313051 0.759873 0.185109
4365.693000 194.837494 -795.278259 -28.949726 0.535857 -0.320172 0.757299 0.191949
4365.729000 194.598022 -795.126709 -28.967600 0.532162 -0.329398 0.754394 0.197967
4365.762000 194.379990 -794.986328 -28.978254 0.528747 -0.338195 0.751293 0.203984
4365.798000 194.146194 -794.828552 -28.983183 0.525269 -0.347410 0.747418 0.211578
4365.831000 193.935776 -794.679565 -28.983656 0.522277 -0.355527 0.743455 0.219321
4365.867000 193.710663 -794.512329 -28.981363 0.519214 -0.363989 0.738732 0.228482
4365.903000 193.490250 -794.340393 -28.977074 0.516333 -0.372018 0.733653 0.238235
4365.939000 193.274490 -794.163574 -28.971272 0.513613 -0.379575 0.728288 0.248437
4365.975000 193.063293 -793.982239 -28.964167 0.511045 -0.386614 0.722707 0.258954
4366.011000 192.856598 -793.796631 -28.955866 0.508620 -0.393094 0.716986 0.269653
4366.047000 192.654190 -793.606995 -28.946390 0.506337 -0.398975 0.711204 0.280413
4366.080000 192.477966 -793.423645 -28.936586 0.504898 -0.402347 0.705834 0.291537
4366.119000 192.277435 -793.198975 -28.929466 0.503476 -0.404998 0.699566 0.305117
4366.155000 192.095230 -792.989197 -28.928856 0.502036 -0.407333 0.693975 0.316922
4366.191000 191.914032 -792.778870 -28.932905 0.500422 -0.409888 0.688647 0.327620
4366.227000 191.728836 -792.574036 -28.934654 0.498455 -0.413577 0.683714 0.336200
4366.266000 191.531830 -792.349426 -28.928629 0.496751 -0.416435 0.678772 0.345092
4366.299000 191.367889 -792.157166 -28.917276 0.495648 -0.417912 0.674988 0.352242
4366.332000 191.207047 -791.962402 -28.901634 0.494899 -0.418410 0.671595 0.359121
4366.365000 191.054001 -791.759766 -28.885649 0.494739 -0.416904 0.668516 0.366757
4366.401000 190.890213 -791.535706 -28.871721 0.494782 -0.414567 0.665580 0.374604
4366.473000 190.568146 -791.083679 -28.855864 0.495472 -0.408916 0.661066 0.387670
4366.506000 190.422958 -790.874451 -28.853439 0.496143 -0.405744 0.659641 0.392539
4366.542000 190.266342 -790.644958 -28.853638 0.497198 -0.401738 0.658609 0.397032
4366.578000 190.111404 -790.414062 -28.856255 0.498632 -0.397088 0.658165 0.400633
4366.614000 189.955704 -790.183289 -28.860695 0.500210 -0.392269 0.658428 0.402972
4366.647000 189.806854 -789.975403 -28.866482 0.501194 -0.388905 0.659518 0.403229
4366.689000 189.610672 -789.714539 -28.875484 0.501908 -0.385844 0.661859 0.401442
4366.725000 189.436142 -789.495605 -28.883005 0.502019 -0.384590 0.664543 0.398058
4366.761000 189.256500 -789.280823 -28.885525 0.501711 -0.384500 0.667664 0.393282
4366.800000 189.059494 -789.048889 -28.881596 0.500955 -0.384799 0.671398 0.387554
4366.836000 188.877182 -788.834045 -28.872223 0.499964 -0.385195 0.674976 0.382189
4366.872000 188.699493 -788.613647 -28.865570 0.498973 -0.384712 0.678459 0.377777
4366.908000 188.523148 -788.391418 -28.865683 0.497705 -0.384525 0.681850 0.373512
4366.944000 188.347763 -788.168030 -28.871819 0.496090 -0.384852 0.685077 0.369395
4366.983000 188.159805 -787.924072 -28.883226 0.494027 -0.385657 0.688243 0.365413
4367.016000 188.002731 -787.716003 -28.895327 0.492039 -0.386692 0.690593 0.362558
4367.049000 187.846390 -787.507324 -28.908669 0.489718 -0.388319 0.692649 0.360031
4367.085000 187.671875 -787.282776 -28.919941 0.486384 -0.391741 0.694700 0.356877
4367.124000 187.485947 -787.037415 -28.924726 0.482656 -0.395634 0.696283 0.354552
4367.163000 187.303909 -786.789429 -28.921535 0.478897 -0.399643 0.697138 0.353470
4367.196000 187.153076 -786.577637 -28.913107 0.475717 -0.403163 0.697272 0.353503
4367.232000 186.993042 -786.344116 -28.900517 0.472334 -0.407052 0.696763 0.354586
4367.268000 186.845032 -786.103333 -28.887426 0.469853 -0.409620 0.695292 0.357797
4367.304000 186.702728 -785.859619 -28.877966 0.467457 -0.412239 0.693265 0.361838
4367.340000 186.564117 -785.614136 -28.872953 0.464896 -0.415332 0.690798 0.366291
4367.373000 186.440582 -785.387634 -28.872343 0.462445 -0.418498 0.688142 0.370761
4367.406000 186.320801 -785.159424 -28.875668 0.459923 -0.421907 0.685113 0.375614
4367.442000 186.194687 -784.908508 -28.883965 0.457128 -0.425817 0.681384 0.381353
4367.478000 186.073471 -784.655457 -28.896906 0.454307 -0.429868 0.677209 0.387566
4367.517000 185.947342 -784.379150 -28.914038 0.451245 -0.434329 0.672219 0.394787
4367.550000 185.843964 -784.144104 -28.929325 0.448619 -0.438207 0.667691 0.401130
4367.583000 185.735458 -783.911987 -28.942492 0.445111 -0.443467 0.663351 0.406423
4367.616000 185.629562 -783.679199 -28.949877 0.441745 -0.448550 0.658762 0.411943
4367.652000 185.518234 -783.423828 -28.951019 0.438396 -0.453604 0.653470 0.418365
4367.688000 185.410858 -783.166992 -28.945076 0.435356 -0.458165 0.647974 0.425065
4367.724000 185.307129 -782.909302 -28.932152 0.432623 -0.462226 0.642355 0.431932
4367.829000 185.033722 -782.147888 -28.872377 0.427133 -0.469888 0.625622 0.453166
4367.865000 184.954269 -781.881470 -28.856544 0.426315 -0.470550 0.619847 0.461115
4367.898000 184.883545 -781.636536 -28.847300 0.425576 -0.471082 0.614845 0.467901
4367.934000 184.808960 -781.368591 -28.842564 0.424865 -0.471464 0.609725 0.474812
4367.970000 184.737167 -781.099854 -28.842705 0.424345 -0.471514 0.605011 0.481215
4368.003000 184.673904 -780.852539 -28.845577 0.424129 -0.471157 0.601078 0.486653
4368.039000 184.607178 -780.582275 -28.850002 0.424196 -0.470309 0.597252 0.492096
4368.075000 184.542694 -780.311218 -28.854782 0.424605 -0.468963 0.593935 0.497017
4368.108000 184.485321 -780.062256 -28.859035 0.425299 -0.467286 0.591359 0.501058
4368.180000 184.365463 -779.517456 -28.867077 0.427926 -0.462175 0.587309 0.508273
4368.213000 184.312637 -779.267395 -28.870092 0.429646 -0.459192 0.586174 0.510829
4368.249000 184.256302 -778.993835 -28.872915 0.431895 -0.455497 0.585439 0.513079
4368.324000 184.135468 -778.428040 -28.867207 0.437355 -0.447830 0.585763 0.514831
4368.360000 184.080307 -778.154907 -28.856913 0.440670 -0.443164 0.586536 0.515162
4368.435000 183.972885 -777.581848 -28.845802 0.448813 -0.431336 0.589265 0.515056
4368.471000 183.919022 -777.307068 -28.843632 0.452776 -0.425790 0.591333 0.513831
4368.504000 183.863571 -777.056763 -28.842651 0.455815 -0.421625 0.593946 0.511560
4368.540000 183.797791 -776.785278 -28.842251 0.458551 -0.417921 0.597389 0.508134
4368.576000 183.727692 -776.514221 -28.842308 0.460738 -0.414941 0.601262 0.504013
4368.609000 183.660461 -776.266479 -28.842674 0.462283 -0.412758 0.605051 0.499838
4368.645000 183.584793 -775.996887 -28.843384 0.463493 -0.410900 0.609302 0.495063
4368.681000 183.507431 -775.726990 -28.844414 0.464230 -0.409528 0.613541 0.490250
4368.714000 183.435562 -775.479736 -28.845673 0.464497 -0.408677 0.617320 0.485944
4368.750000 183.356644 -775.209961 -28.847408 0.464361 -0.408167 0.621229 0.481501
4368.792000 183.264587 -774.894775 -28.849970 0.463668 -0.408111 0.625387 0.476811
4368.831000 183.179657 -774.601685 -28.852890 0.462535 -0.408573 0.628762 0.473062
4368.870000 183.095810 -774.308167 -28.856358 0.460958 -0.409529 0.631590 0.469998
4368.906000 183.019684 -774.036438 -28.860050 0.459134 -0.410849 0.633661 0.467838
4368.948000 182.932846 -773.719299 -28.864948 0.456600 -0.412911 0.635370 0.466183
4368.984000 182.860413 -773.446411 -28.869637 0.454102 -0.415115 0.636204 0.465528
4369.026000 182.777222 -773.128113 -28.875071 0.450711 -0.418383 0.636506 0.465484
4369.065000 182.697723 -772.833801 -28.874634 0.446758 -0.422612 0.636371 0.465659
4369.101000 182.630188 -772.560242 -28.870346 0.443349 -0.426222 0.635345 0.467026
4369.143000 182.558701 -772.239197 -28.869564 0.439592 -0.430190 0.633159 0.469899
4369.179000 182.500488 -771.963440 -28.872074 0.436189 -0.433934 0.630683 0.472948
4369.218000 182.440369 -771.664368 -28.876604 0.432316 -0.438291 0.627427 0.476801
4369.254000 182.387665 -771.387634 -28.881704 0.428609 -0.442523 0.623924 0.480819
4369.287000 182.338470 -771.134583 -28.885578 0.424738 -0.447027 0.620572 0.484411
4369.329000 182.274719 -770.813171 -28.883467 0.419331 -0.453408 0.616081 0.488904
4369.365000 182.225876 -770.536926 -28.875980 0.415132 -0.458364 0.611573 0.493504
4369.401000 182.186264 -770.258728 -28.872139 0.411684 -0.462380 0.606325 0.499089
4369.443000 182.143616 -769.934204 -28.872471 0.407623 -0.467075 0.599982 0.505674
4369.482000 182.107162 -769.632141 -28.875057 0.403876 -0.471349 0.593949 0.511800
4369.524000 182.071381 -769.307068 -28.878910 0.399940 -0.475756 0.587377 0.518356
4369.563000 182.041290 -769.005005 -28.882835 0.396438 -0.479592 0.581282 0.524348
4369.602000 182.010712 -768.703003 -28.885685 0.392749 -0.483637 0.575512 0.529744
4369.695000 181.944778 -767.983704 -28.868856 0.384935 -0.492099 0.562551 0.541479
4369.746000 181.924637 -767.587952 -28.863132 0.382447 -0.494368 0.555482 0.548429
4369.794000 181.909424 -767.214905 -28.861528 0.380553 -0.495969 0.549505 0.554292
4369.836000 181.898926 -766.888672 -28.861206 0.379334 -0.496866 0.544851 0.558898
4369.869000 181.892502 -766.632507 -28.861162 0.378691 -0.497223 0.541597 0.562170
4369.905000 181.887177 -766.353027 -28.861105 0.378323 -0.497254 0.538467 0.565388
4369.938000 181.883850 -766.096924 -28.860954 0.378300 -0.496956 0.535993 0.568011
4369.977000 181.881699 -765.793762 -28.860598 0.378669 -0.496202 0.533560 0.570707
4370.010000 181.881271 -765.537170 -28.860130 0.379311 -0.495237 0.531923 0.572644
4370.049000 181.882294 -765.234070 -28.859371 0.380459 -0.493721 0.530476 0.574531
4370.085000 181.884827 -764.954285 -28.858473 0.381906 -0.491958 0.529584 0.575905
4370.124000 181.888977 -764.651306 -28.857311 0.383860 -0.489690 0.529091 0.576990
4370.157000 181.893585 -764.394958 -28.856188 0.385814 -0.487496 0.529040 0.577591
4370.193000 181.899612 -764.115479 -28.854841 0.388238 -0.484838 0.529344 0.577926
4370.232000 181.907196 -763.812744 -28.853249 0.391185 -0.481670 0.530065 0.577927
4370.307000 181.924484 -763.230469 -28.849928 0.397677 -0.474847 0.532450 0.576950
4370.343000 181.933807 -762.950500 -28.848267 0.401116 -0.471287 0.533991 0.576063
4370.376000 181.942810 -762.693787 -28.846724 0.404418 -0.467892 0.535589 0.575037
4370.409000 181.952087 -762.437073 -28.845177 0.407833 -0.464397 0.537342 0.573822
4370.445000 181.962540 -762.157043 -28.843513 0.411667 -0.460484 0.539392 0.572312
4370.526000 181.986877 -761.526794 -28.839939 0.420573 -0.451439 0.544358 0.568327
4370.565000 181.998611 -761.223328 -28.838339 0.424909 -0.447039 0.546852 0.566181
4370.640000 182.020615 -760.639832 -28.835585 0.433170 -0.438644 0.551675 0.561792
4370.676000 182.030716 -760.359680 -28.834438 0.437042 -0.434698 0.553953 0.559614
4370.712000 182.040482 -760.079590 -28.833412 0.440828 -0.430833 0.556177 0.557424
4370.754000 182.053879 -759.752502 -28.832436 0.445474 -0.426045 0.558426 0.555157
4370.793000 182.069626 -759.448547 -28.831869 0.450212 -0.421096 0.560051 0.553471
4370.829000 182.085999 -759.167725 -28.831745 0.454839 -0.416205 0.561262 0.552159
4370.868000 182.104797 -758.863098 -28.832146 0.460030 -0.410656 0.562360 0.550895
4370.910000 182.125427 -758.534668 -28.833317 0.465743 -0.404471 0.563385 0.549621
4370.949000 182.144150 -758.229370 -28.835188 0.471093 -0.398606 0.564271 0.548437
4370.988000 182.161850 -757.923706 -28.837877 0.476435 -0.392671 0.565154 0.547193
4371.024000 182.176834 -757.641296 -28.841129 0.481328 -0.387167 0.566006 0.545950
4371.066000 182.192047 -757.311523 -28.845877 0.486938 -0.380766 0.567108 0.544331
4371.108000 182.204544 -756.981445 -28.851658 0.492448 -0.374400 0.568330 0.542513
4371.144000 182.212708 -756.698364 -28.857407 0.497056 -0.369009 0.569507 0.540768
4371.183000 182.218552 -756.391418 -28.864431 0.501907 -0.363262 0.570936 0.538667
4371.225000 182.221130 -756.060791 -28.872856 0.506957 -0.357203 0.572661 0.536153
4371.264000 182.219833 -755.754028 -28.881403 0.511468 -0.351723 0.574441 0.533581
4371.300000 182.218231 -755.471130 -28.888912 0.515862 -0.346428 0.575884 0.531255
4371.384000 182.213486 -754.811523 -28.884054 0.526632 -0.333618 0.578705 0.525793
4371.423000 182.196350 -754.506409 -28.876940 0.530040 -0.329285 0.581398 0.522116
4371.462000 182.172287 -754.201843 -28.877382 0.533030 -0.325371 0.584409 0.518149
4371.498000 182.146454 -753.921387 -28.881887 0.535702 -0.321855 0.587188 0.514435
4371.537000 182.114624 -753.618042 -28.889008 0.538437 -0.318208 0.590228 0.510353
4371.576000 182.079178 -753.315308 -28.897224 0.541007 -0.314725 0.593268 0.506253
4371.615000 182.048508 -753.012329 -28.902588 0.544449 -0.310369 0.595313 0.502841
4371.651000 182.017746 -752.733582 -28.900675 0.547402 -0.306642 0.597217 0.499653
4371.690000 181.980362 -752.432068 -28.890842 0.550129 -0.303141 0.599493 0.496057
4371.729000 181.932999 -752.132568 -28.876993 0.551698 -0.300885 0.602606 0.491898
4371.765000 181.880569 -751.857239 -28.870085 0.552351 -0.299650 0.605986 0.487749
4371.798000 181.829865 -751.605530 -28.868820 0.552897 -0.298598 0.608905 0.484127
4371.834000 181.771759 -751.331604 -28.870398 0.553359 -0.297617 0.611948 0.480351
4371.870000 181.710892 -751.058594 -28.873436 0.553647 -0.296847 0.614862 0.476761
4371.909000 181.641953 -750.763367 -28.877337 0.553736 -0.296283 0.617880 0.473094
4371.948000 181.570053 -750.469055 -28.881294 0.553577 -0.296025 0.620750 0.469671
4371.984000 181.501144 -750.198059 -28.884722 0.553204 -0.296074 0.623264 0.466741
4372.026000 181.423355 -749.882080 -28.886362 0.553236 -0.295775 0.625350 0.464095
4372.065000 181.351395 -749.589294 -28.880545 0.553305 -0.295617 0.626841 0.462097
4372.101000 181.278519 -749.320129 -28.870811 0.552479 -0.296420 0.628670 0.460082
4372.137000 181.198547 -749.052490 -28.864553 0.550813 -0.298090 0.630911 0.457929
4372.176000 181.110062 -748.762695 -28.860725 0.548900 -0.300108 0.633046 0.455957
4372.212000 181.026718 -748.496216 -28.858452 0.547004 -0.302193 0.634778 0.454448
4372.251000 180.934784 -748.207703 -28.856533 0.544793 -0.304705 0.636416 0.453134
4372.287000 180.848450 -747.942017 -28.854897 0.542603 -0.307256 0.637718 0.452207
4372.323000 180.760803 -747.676697 -28.853220 0.540272 -0.310028 0.638826 0.451542
4372.392000 180.589523 -747.169250 -28.849688 0.535435 -0.315923 0.640418 0.450963
4372.425000 180.506271 -746.926941 -28.847826 0.532960 -0.318996 0.640942 0.450986
4372.464000 180.407455 -746.640442 -28.845564 0.529993 -0.322713 0.641310 0.451315
4372.500000 180.320480 -746.374695 -28.843803 0.527804 -0.325407 0.640992 0.452397
4372.536000 180.238083 -746.107422 -28.842461 0.526246 -0.327234 0.640066 0.454202
4372.608000 180.082230 -745.568787 -28.840950 0.524548 -0.328830 0.637154 0.459080
4372.641000 180.013214 -745.320740 -28.840796 0.524273 -0.328787 0.635600 0.461573
4372.677000 179.938782 -745.050049 -28.841043 0.524267 -0.328263 0.633896 0.464288
4372.713000 179.864578 -744.778748 -28.841740 0.524530 -0.327295 0.632278 0.466873
4372.752000 179.784012 -744.484497 -28.843035 0.525098 -0.325782 0.630707 0.469410
4372.788000 179.708939 -744.213196 -28.844730 0.525867 -0.323991 0.629491 0.471418
4372.827000 179.626465 -743.918945 -28.847120 0.526947 -0.321665 0.628486 0.473143
4372.896000 179.476379 -743.399902 -28.852716 0.529451 -0.316682 0.627631 0.474840
4372.929000 179.402374 -743.152344 -28.855986 0.530911 -0.313941 0.627665 0.474986
4372.965000 179.319702 -742.882629 -28.859945 0.532677 -0.310736 0.628043 0.474617
4373.004000 179.227692 -742.591248 -28.864668 0.534784 -0.307030 0.628846 0.473594
4373.040000 179.140442 -742.323181 -28.869377 0.536891 -0.303422 0.629941 0.472078
4373.076000 179.050842 -742.055969 -28.874382 0.539134 -0.299663 0.631357 0.470026
4373.115000 178.951385 -741.767578 -28.879826 0.541740 -0.295408 0.633188 0.467253
4373.151000 178.863022 -741.500366 -28.880960 0.544925 -0.290491 0.634534 0.464800
4373.190000 178.764877 -741.212219 -28.874897 0.548391 -0.285203 0.636310 0.461558
4373.226000 178.665482 -740.949280 -28.868277 0.550866 -0.281326 0.638866 0.457441
4373.265000 178.552414 -740.666565 -28.866463 0.553356 -0.277405 0.642019 0.452388
4373.301000 178.445602 -740.406677 -28.867754 0.555710 -0.273724 0.645007 0.447468
4373.340000 178.327148 -740.126404 -28.870749 0.558248 -0.269747 0.648322 0.441899
4373.376000 178.215332 -739.868958 -28.874224 0.560535 -0.266138 0.651433 0.436585
4373.415000 178.091583 -739.591248 -28.878288 0.562910 -0.262347 0.654830 0.430702
4373.448000 177.984741 -739.357422 -28.881779 0.564810 -0.259275 0.657704 0.425668
4373.484000 177.868652 -739.102478 -28.884674 0.567062 -0.255683 0.660516 0.420459
4373.517000 177.764404 -738.868408 -28.882668 0.569435 -0.252021 0.662631 0.416112
4373.550000 177.657776 -738.635559 -28.875185 0.571508 -0.248782 0.664827 0.411693
4373.592000 177.511398 -738.343628 -28.866442 0.572914 -0.246294 0.668439 0.405338
4373.625000 177.393402 -738.115662 -28.863319 0.573755 -0.244682 0.671231 0.400482
4373.658000 177.273895 -737.888550 -28.861956 0.574469 -0.243258 0.673864 0.395877
4373.730000 177.009033 -737.395508 -28.861586 0.575571 -0.240774 0.679009 0.386902
4373.769000 176.871155 -737.124023 -28.863352 0.576759 -0.238031 0.680716 0.383818
4373.805000 176.750656 -736.868103 -28.866989 0.578640 -0.233704 0.681364 0.382495
4373.841000 176.634415 -736.608276 -28.872639 0.581065 -0.228011 0.681404 0.382181
4373.877000 176.520477 -736.345520 -28.880478 0.583874 -0.221198 0.681058 0.382521
4373.916000 176.399033 -736.058105 -28.891289 0.587346 -0.212588 0.680320 0.383400
4373.952000 176.293121 -735.788330 -28.898722 0.591454 -0.202776 0.678843 0.385014
4373.988000 176.186050 -735.517822 -28.900654 0.595571 -0.192431 0.677482 0.386372
4374.024000 176.074585 -735.248596 -28.897522 0.599407 -0.182115 0.676598 0.386988
4374.057000 175.961990 -735.007080 -28.895836 0.602123 -0.173773 0.676853 0.386162
4374.090000 175.845657 -734.767151 -28.898561 0.604872 -0.165135 0.677288 0.384891
4374.129000 175.703400 -734.486145 -28.907219 0.608214 -0.154566 0.677997 0.382759
4374.168000 175.555054 -734.208679 -28.921268 0.611596 -0.143761 0.678996 0.379800
4374.282000 175.095703 -733.412781 -28.987173 0.622705 -0.108937 0.682166 0.367452
4374.318000 174.947571 -733.163330 -29.003935 0.626883 -0.096484 0.682811 0.362598
4374.357000 174.779922 -732.899109 -29.017868 0.631231 -0.083568 0.683991 0.355978
4374.432000 174.436005 -732.410522 -29.039701 0.639130 -0.060309 0.687363 0.339717
4374.471000 174.246384 -732.166931 -29.049757 0.642983 -0.049026 0.689554 0.329674
4374.510000 174.049820 -731.930664 -29.058937 0.646634 -0.038309 0.691960 0.318729
4374.549000 173.846695 -731.701782 -29.066986 0.650054 -0.028177 0.694528 0.307029
4374.624000 173.439423 -731.281494 -29.078131 0.655864 -0.010452 0.699758 0.282970
4374.660000 173.236816 -731.088745 -29.080959 0.658239 -0.002817 0.702348 0.270964
4374.702000 172.995178 -730.870972 -29.081858 0.660631 0.005327 0.705399 0.256808
4374.774000 172.573898 -730.495361 -29.086796 0.663807 0.022191 0.709584 0.235285
4374.807000 172.378342 -730.317261 -29.094194 0.664886 0.032430 0.710830 0.227147
4374.843000 172.161835 -730.121765 -29.106169 0.665794 0.044935 0.711839 0.219053
4374.879000 171.941132 -729.927063 -29.122089 0.666422 0.058444 0.712577 0.211424
4374.918000 171.696716 -729.719116 -29.143686 0.666791 0.073910 0.713136 0.203381
4374.954000 171.465790 -729.531677 -29.167377 0.666852 0.088711 0.713480 0.195922
4374.990000 171.229568 -729.349609 -29.194353 0.666656 0.103833 0.713686 0.188254
4375.026000 170.988083 -729.174500 -29.224104 0.666232 0.119077 0.713778 0.180216
4375.068000 170.699814 -728.979797 -29.261719 0.665468 0.136875 0.713744 0.170256
4375.104000 170.447495 -728.822144 -29.295778 0.664615 0.151993 0.713598 0.161132
4375.140000 170.190643 -728.673584 -29.330935 0.663596 0.166899 0.713338 0.151438
4375.179000 169.907776 -728.523438 -29.369492 0.662338 0.182677 0.712926 0.140263
4375.251000 169.375015 -728.276672 -29.439322 -0.659678 -0.210411 -0.711806 -0.117834
4375.287000 169.104523 -728.168396 -29.472382 -0.658213 -0.223447 -0.711076 -0.105820
4375.323000 168.831985 -728.070557 -29.503344 -0.656691 -0.235780 -0.710251 -0.093319
4375.398000 168.259430 -727.898193 -29.559427 -0.653283 -0.259165 -0.708292 -0.066159
4375.470000 167.706345 -727.771240 -29.599762 -0.649720 -0.278330 -0.706295 -0.039287
4375.506000 167.429352 -727.721069 -29.614227 -0.647821 -0.286633 -0.705339 -0.025819
4375.542000 167.152344 -727.679260 -29.624647 -0.645843 -0.294050 -0.704462 -0.012466
4375.578000 166.875595 -727.645752 -29.630899 -0.643791 -0.300555 -0.703704 0.000674
4375.614000 166.599289 -727.619995 -29.632896 -0.641676 -0.306118 -0.703108 0.013512
4375.653000 166.300644 -727.600525 -29.630268 -0.639326 -0.311066 -0.702689 0.026973
4375.725000 165.751633 -727.586609 -29.612534 -0.634896 -0.317203 -0.702683 0.050267
4375.755000 165.523956 -727.588867 -29.600370 -0.633048 -0.318594 -0.703019 0.059269
4375.833000 164.935394 -727.615540 -29.556511 -0.628365 -0.318991 -0.704936 0.080420
4375.866000 164.687866 -727.635376 -29.533014 -0.626486 -0.317760 -0.706219 0.088310
4375.899000 164.441269 -727.659973 -29.506910 -0.624682 -0.315753 -0.707779 0.095504
4375.932000 164.195724 -727.689148 -29.478300 -0.622996 -0.312909 -0.709615 0.102035
4375.965000 163.951248 -727.723206 -29.447378 -0.621448 -0.309220 -0.711717 0.107905
4376.037000 163.421310 -727.812195 -29.373259 -0.618576 -0.298479 -0.717133 0.118298
4376.073000 163.158051 -727.863892 -29.333378 -0.617429 -0.291780 -0.720206 0.122266
4376.109000 162.895844 -727.920227 -29.292044 -0.616489 -0.284237 -0.723475 0.125437
4376.142000 162.656464 -727.975769 -29.253149 -0.615813 -0.276615 -0.726608 0.127667
4376.175000 162.417816 -728.034729 -29.213554 -0.615314 -0.268361 -0.729837 0.129264
4376.214000 162.136749 -728.108582 -29.166193 -0.614952 -0.257830 -0.733730 0.130380
4376.244000 161.921234 -728.168335 -29.129581 -0.614834 -0.249201 -0.736747 0.130698
4376.280000 161.663177 -728.243103 -29.085724 -0.614867 -0.238297 -0.740355 0.130490
4376.316000 161.405701 -728.321228 -29.042219 -0.615080 -0.226841 -0.743909 0.129687
4376.352000 161.148605 -728.402161 -28.999357 -0.615455 -0.214903 -0.747371 0.128331
4376.388000 160.891663 -728.485535 -28.957443 -0.615962 -0.202618 -0.750703 0.126423
4376.418000 160.677795 -728.557068 -28.923344 -0.616491 -0.192043 -0.753359 0.124533
4376.451000 160.442566 -728.637573 -28.886938 -0.617157 -0.180176 -0.756135 0.122121
4376.487000 160.185349 -728.729675 -28.849510 -0.617810 -0.166584 -0.759135 0.119475
4376.523000 159.926727 -728.826965 -28.818922 -0.618245 -0.152265 -0.762172 0.116973
4376.556000 159.689377 -728.916016 -28.798269 -0.618784 -0.139412 -0.764616 0.114162
4376.592000 159.430099 -729.013184 -28.783892 -0.619500 -0.125594 -0.766939 0.110680
4376.664000 158.909836 -729.207886 -28.774933 -0.621121 -0.098373 -0.770678 0.102892
4376.790000 157.992386 -729.545471 -28.782673 -0.623861 -0.052265 -0.774804 0.088005
4376.823000 157.750412 -729.631836 -28.786892 -0.624487 -0.040636 -0.775440 0.084015
4376.859000 157.485519 -729.725037 -28.792332 -0.625106 -0.028229 -0.775951 0.079656
4376.892000 157.241852 -729.808899 -28.798075 -0.625610 -0.017160 -0.776269 0.075655
4376.925000 156.997330 -729.891052 -28.804569 -0.626047 -0.006388 -0.776458 0.071672
4376.958000 156.751938 -729.971497 -28.811811 -0.626415 0.004055 -0.776533 0.067710
4376.994000 156.483246 -730.056641 -28.820551 -0.626734 0.015015 -0.776505 0.063395
4377.027000 156.236038 -730.132568 -28.829369 -0.626947 0.024732 -0.776392 0.059511
4377.060000 155.987976 -730.205994 -28.838903 -0.627088 0.034040 -0.776213 0.055642
4377.129000 155.466614 -730.351074 -28.861046 -0.627147 0.052222 -0.775684 0.047680
4377.159000 155.238846 -730.410278 -28.871525 -0.627077 0.059555 -0.775415 0.044263
4377.192000 154.987579 -730.472473 -28.883591 0.626935 -0.067227 0.775106 -0.040548
4377.261000 154.462082 -730.600281 -28.907257 0.626751 -0.083273 0.774012 -0.033973
4377.294000 154.211105 -730.660950 -28.911886 0.626737 -0.090927 0.773271 -0.031388
4377.327000 153.959473 -730.718201 -28.910795 0.626631 -0.097924 0.772608 -0.028668
4377.360000 153.707428 -730.772095 -28.903971 0.626451 -0.104305 0.772018 -0.025840
4377.393000 153.454880 -730.822327 -28.891954 0.626209 -0.110028 0.771514 -0.022868
4377.426000 153.200485 -730.861206 -28.879944 0.625702 -0.113858 0.771480 -0.018770
4377.462000 152.922028 -730.896912 -28.872629 0.625069 -0.117316 0.771574 -0.014110
4377.498000 152.643311 -730.928528 -28.872065 0.624461 -0.120591 0.771629 -0.009696
4377.531000 152.387512 -730.953430 -28.877127 0.623914 -0.123348 0.771676 -0.005811
4377.564000 152.131485 -730.974731 -28.885704 0.623365 -0.125809 0.771741 -0.002047
4377.600000 151.852005 -730.993958 -28.897068 0.622760 -0.128130 0.771847 0.001937
4377.630000 151.618988 -731.006958 -28.907219 0.622253 -0.129752 0.771971 0.005172
4377.699000 151.084961 -731.041931 -28.925085 0.621450 -0.134992 0.771668 0.010285
4377.735000 150.806824 -731.057312 -28.925026 0.621099 -0.137223 0.771521 0.012691
4377.771000 150.528702 -731.068909 -28.918005 0.620731 -0.138748 0.771499 0.015201
4377.804000 150.273849 -731.076294 -28.905525 0.620394 -0.139578 0.771571 0.017555
4377.843000 149.972794 -731.079895 -28.884462 0.619980 -0.139632 0.771819 0.020585
4377.876000 149.717453 -731.071716 -28.868391 0.619470 -0.137895 0.772436 0.024167
4377.912000 149.438904 -731.059387 -28.857494 0.618940 -0.135861 0.773099 0.027805
4377.945000 149.183762 -731.045471 -28.853584 0.618517 -0.133958 0.773655 0.030815
4377.981000 148.905624 -731.027161 -28.853910 0.618113 -0.131695 0.774240 0.033836
4378.011000 148.674057 -731.010010 -28.856039 0.617807 -0.129643 0.774726 0.036159
4378.044000 148.419327 -730.988953 -28.859221 0.617497 -0.127192 0.775265 0.038524
4378.077000 148.164825 -730.965942 -28.862661 0.617213 -0.124522 0.775813 0.040702
4378.110000 147.910461 -730.941162 -28.866007 0.616957 -0.121634 0.776368 0.042694
4378.140000 147.679398 -730.917175 -28.868820 0.616747 -0.118820 0.776877 0.044346
4378.173000 147.425323 -730.889221 -28.871595 0.616536 -0.115548 0.777444 0.045967
4378.203000 147.194504 -730.862427 -28.873774 0.616374 -0.112375 0.777958 0.047297
4378.239000 146.917770 -730.829102 -28.875767 0.616233 -0.108462 0.778544 0.048604
4378.272000 146.664841 -730.801941 -28.874014 0.616306 -0.105489 0.778871 0.048977
4378.302000 146.435120 -730.775391 -28.868185 0.616377 -0.102408 0.779204 0.049328
4378.335000 146.181641 -730.740234 -28.862488 0.616279 -0.097953 0.779796 0.050242
4378.371000 145.905151 -730.700378 -28.858601 0.616180 -0.092906 0.780439 0.051043
4378.401000 145.674835 -730.666443 -28.856380 0.616137 -0.088637 0.780940 0.051499
4378.434000 145.421478 -730.628601 -28.854486 0.616120 -0.083852 0.781460 0.051808
4378.470000 145.145172 -730.586609 -28.852743 0.616133 -0.078541 0.781995 0.051921
4378.503000 144.891953 -730.547668 -28.851294 0.616167 -0.073594 0.782455 0.051831
4378.533000 144.661743 -730.511841 -28.850031 0.616216 -0.069035 0.782847 0.051599
4378.566000 144.408401 -730.472168 -28.848694 0.616284 -0.063970 0.783251 0.051182
4378.599000 144.155060 -730.432312 -28.847391 0.616365 -0.058854 0.783626 0.050608
4378.635000 143.878662 -730.388733 -28.846045 0.616466 -0.053241 0.783999 0.049807
4378.671000 143.602051 -730.345215 -28.844784 0.616575 -0.047602 0.784336 0.048837
4378.704000 143.348465 -730.305542 -28.843719 0.616681 -0.042424 0.784613 0.047811
4378.737000 143.094757 -730.266418 -28.842777 0.616790 -0.037263 0.784860 0.046653
4378.776000 142.794724 -730.219910 -28.841835 0.616919 -0.031193 0.785112 0.045132
4378.806000 142.563828 -730.184998 -28.841251 0.617016 -0.026570 0.785278 0.043853
4378.839000 142.309631 -730.146851 -28.840763 0.617117 -0.021526 0.785436 0.042356
4378.911000 141.754593 -730.065552 -28.840302 0.617324 -0.010748 0.785679 0.038793
4378.944000 141.499908 -730.029602 -28.840385 0.617404 -0.005959 0.785751 0.037029
4378.986000 141.175537 -729.984924 -28.840763 0.617493 0.000017 0.785810 0.034712
4379.022000 140.897278 -729.947815 -28.841337 0.617557 0.004987 0.785832 0.032654
4379.058000 140.618851 -729.911987 -28.842125 0.617607 0.009801 0.785833 0.030538
4379.094000 140.340164 -729.877563 -28.843132 0.617642 0.014450 0.785814 0.028377
4379.133000 140.038086 -729.841675 -28.844448 0.617664 0.019289 0.785776 0.025999
4379.172000 139.735764 -729.807617 -28.845991 0.617667 0.023908 0.785722 0.023594
4379.208000 139.456528 -729.777771 -28.847597 0.617655 0.027962 0.785662 0.021358
4379.244000 139.177124 -729.749512 -28.849360 -0.617629 -0.031805 -0.785594 -0.019115
4379.280000 138.897568 -729.722961 -28.851259 -0.617588 -0.035432 -0.785522 -0.016877
4379.319000 138.594559 -729.696106 -28.853455 -0.617529 -0.039113 -0.785442 -0.014468
4379.358000 138.291367 -729.671082 -28.855783 -0.617451 -0.042550 -0.785365 -0.012100
4379.430000 137.731400 -729.630676 -28.860264 -0.617285 -0.048108 -0.785229 -0.007779
4379.466000 137.451202 -729.613159 -28.862566 -0.617188 -0.050529 -0.785171 -0.005681
4379.502000 137.171005 -729.597473 -28.864878 -0.617084 -0.052708 -0.785122 -0.003633
4379.538000 136.890793 -729.583435 -28.867184 -0.616973 -0.054641 -0.785083 -0.001638
4379.580000 136.563766 -729.569031 -28.869709 -0.616849 -0.056647 -0.785040 0.000568
4379.616000 136.284348 -729.554688 -28.867929 -0.616892 -0.058841 -0.784843 0.001821
4379.655000 135.981476 -729.542114 -28.860304 -0.616890 -0.060607 -0.784705 0.003361
4379.691000 135.701035 -729.536438 -28.855652 -0.616736 -0.061237 -0.784767 0.005287
4379.730000 135.397308 -729.532227 -28.853388 -0.616586 -0.061736 -0.784830 0.007230
4379.763000 135.140335 -729.530151 -28.852631 -0.616473 -0.061991 -0.784883 0.008771
4379.799000 134.860336 -729.535583 -28.851767 -0.616414 -0.060799 -0.784991 0.011240
4379.835000 134.580902 -729.558716 -28.849489 -0.616395 -0.055952 -0.785287 0.015818
4379.910000 133.996246 -729.655457 -28.842226 -0.615490 -0.034947 -0.786805 0.029825
4379.976000 133.473663 -729.776184 -28.840197 -0.612663 -0.006623 -0.789129 0.043311
4380.012000 133.183975 -729.849304 -28.843313 -0.610109 0.011829 -0.790654 0.049937
4380.042000 132.939850 -729.911621 -28.848673 -0.607421 0.028438 -0.791980 0.054757
4380.075000 132.668320 -729.979736 -28.857811 -0.603887 0.047740 -0.793435 0.059184
4380.108000 132.393784 -730.045593 -28.870651 -0.599788 0.067813 -0.794822 0.062567
4380.141000 132.116486 -730.107178 -28.887156 0.595196 -0.088369 0.796077 -0.064760
4380.180000 131.785812 -730.172180 -28.910891 0.589269 -0.112957 0.797305 -0.065630
4380.213000 131.504288 -730.218750 -28.933954 0.583982 -0.133746 0.798049 -0.064764
4380.282000 130.913589 -730.286255 -28.988464 0.572644 -0.176503 0.798479 -0.057947
4380.321000 130.578690 -730.312927 -29.024879 0.565840 -0.201706 0.797739 -0.052457
4380.357000 130.269363 -730.329895 -29.062235 0.559301 -0.225697 0.796292 -0.046494
4380.390000 129.988266 -730.332153 -29.096367 0.553644 -0.246880 0.794350 -0.039211
4380.426000 129.684982 -730.320007 -29.132818 0.547907 -0.269095 0.791533 -0.029343
4380.459000 129.410675 -730.295776 -29.165224 0.543050 -0.288704 0.788289 -0.018644
4380.492000 129.140625 -730.259094 -29.196218 0.538609 -0.307543 0.784396 -0.006378
4380.528000 128.851227 -730.204956 -29.228239 0.534178 -0.327253 0.779412 0.008715
4380.561000 128.591293 -730.143860 -29.256313 0.530479 -0.344713 0.774076 0.023890
4380.594000 128.336426 -730.072388 -29.283735 0.526995 -0.361790 0.767968 0.040122
4380.636000 128.019287 -729.968506 -29.318573 0.522696 -0.383223 0.759003 0.061988
4380.669000 127.775673 -729.877319 -29.346516 0.519289 -0.399972 0.750984 0.079905
4380.705000 127.515594 -729.768433 -29.378090 0.515451 -0.418146 0.741253 0.100042
4380.741000 127.262749 -729.648804 -29.410833 0.511592 -0.435850 0.730552 0.120842
4380.780000 126.998116 -729.506409 -29.448263 0.507424 -0.454177 0.717982 0.144037
4380.822000 126.719589 -729.339172 -29.494648 0.501915 -0.473630 0.703712 0.168950
4380.858000 126.481842 -729.186523 -29.540668 0.495518 -0.490700 0.691174 0.189615
4380.903000 126.187019 -728.984741 -29.601677 0.485784 -0.512114 0.675080 0.214522
4380.942000 125.934906 -728.800598 -29.654938 0.476174 -0.530375 0.660770 0.235252
4380.981000 125.687096 -728.608337 -29.707067 0.465757 -0.548086 0.646200 0.255143
4381.020000 125.444618 -728.408081 -29.757177 0.454773 -0.565025 0.631477 0.274163
4381.107000 124.927429 -727.934143 -29.858690 0.429264 -0.599153 0.598791 0.313366
4381.143000 124.724083 -727.727478 -29.895815 0.418580 -0.611600 0.585659 0.328238
4381.188000 124.479958 -727.461304 -29.937424 0.405451 -0.625578 0.569829 0.345770
4381.233000 124.247253 -727.186951 -29.973394 0.392691 -0.637770 0.554897 0.362123
4381.275000 124.040581 -726.924072 -30.001528 0.381250 -0.647515 0.541974 0.376347
4381.314000 123.857788 -726.674622 -30.022776 0.371101 -0.655174 0.531003 0.388674
4381.359000 123.658485 -726.380920 -30.040937 0.360198 -0.662264 0.519693 0.401974
4381.398000 123.495552 -726.121765 -30.051117 0.351480 -0.666958 0.511175 0.412710
4381.482000 123.175896 -725.551575 -30.054777 0.335456 -0.672549 0.497127 0.433603
4381.524000 123.032341 -725.261230 -30.046955 0.329092 -0.673045 0.492347 0.443061
4381.566000 122.899391 -724.968079 -30.032772 0.323901 -0.672078 0.489065 0.451902
4381.608000 122.776695 -724.672668 -30.012394 0.319900 -0.669725 0.487249 0.460133
4381.812000 122.314613 -723.213501 -29.834190 0.317574 -0.641168 0.496521 0.491445
4381.860000 122.235245 -722.866516 -29.776283 0.320995 -0.631017 0.502079 0.496686
4381.902000 122.174255 -722.562500 -29.721758 0.325151 -0.621273 0.507614 0.500625
4381.938000 122.128174 -722.301331 -29.672523 0.329558 -0.612325 0.512726 0.503549
4381.971000 122.090561 -722.061523 -29.625755 0.334205 -0.603725 0.517637 0.505841
4382.004000 122.057022 -721.821594 -29.577732 0.339368 -0.594810 0.522701 0.507754
4382.040000 122.025055 -721.559692 -29.524170 0.345570 -0.584758 0.528303 0.509446
4382.073000 122.000023 -721.319153 -29.474266 0.351767 -0.575258 0.533428 0.510680
4382.109000 121.976898 -721.056519 -29.419359 0.358982 -0.564673 0.538958 0.511664
4382.178000 121.943260 -720.551941 -29.314032 0.373828 -0.544004 0.549189 0.512546
4382.211000 121.932106 -720.309998 -29.264130 0.381362 -0.533969 0.553789 0.512600
4382.244000 121.923599 -720.067566 -29.214918 0.389068 -0.523919 0.558175 0.512422
4382.277000 121.917351 -719.824585 -29.166637 0.396879 -0.513906 0.562334 0.512024
4382.313000 121.913124 -719.558899 -29.115244 0.405510 -0.503021 0.566562 0.511409
4382.346000 121.911400 -719.314758 -29.069546 0.413483 -0.493098 0.570141 0.510711
4382.382000 121.910934 -719.047485 -29.021559 0.422105 -0.482452 0.573767 0.509763
4382.415000 121.908516 -718.802063 -28.979897 0.429461 -0.473348 0.577074 0.508420
4382.457000 121.901123 -718.489197 -28.930367 0.437806 -0.462923 0.581332 0.506045
4382.490000 121.892754 -718.242798 -28.894051 0.443654 -0.455533 0.584606 0.503882
4382.526000 121.881592 -717.973450 -28.856924 0.449372 -0.448209 0.588024 0.501400
4382.565000 121.869545 -717.678894 -28.820456 0.454907 -0.440548 0.591483 0.499125
4382.604000 121.857040 -717.382019 -28.790363 0.459760 -0.433322 0.594702 0.497174
4382.643000 121.842377 -717.085388 -28.766701 0.463980 -0.427063 0.597607 0.495182
4382.679000 121.827553 -716.811340 -28.750334 0.467380 -0.422027 0.599964 0.493450
4382.715000 121.811882 -716.536926 -28.739067 0.470340 -0.417609 0.601987 0.491930
4382.754000 121.794266 -716.239197 -28.732502 0.473088 -0.413448 0.603781 0.490609
4382.793000 121.776199 -715.940918 -28.731438 0.475363 -0.409910 0.605118 0.489731
4382.826000 121.760674 -715.688049 -28.733994 0.476921 -0.407389 0.605856 0.489407
4382.865000 121.742149 -715.388733 -28.739206 0.478354 -0.404926 0.606270 0.489539
4382.898000 121.726318 -715.135010 -28.744497 0.479242 -0.403250 0.606254 0.490075
4382.934000 121.708855 -714.858032 -28.750628 0.479890 -0.401819 0.605880 0.491076
4382.970000 121.691246 -714.580627 -28.756844 0.480243 -0.400759 0.605155 0.492489
4383.006000 121.673454 -714.303101 -28.762991 0.480318 -0.400046 0.604119 0.494266
4383.042000 121.655411 -714.025208 -28.768993 0.480141 -0.399643 0.602807 0.496361
4383.078000 121.637115 -713.747375 -28.774818 0.479740 -0.399511 0.601257 0.498729
4383.117000 121.616943 -713.445862 -28.780912 0.479085 -0.399631 0.599355 0.501544
4383.156000 121.596382 -713.144348 -28.786779 0.478237 -0.399979 0.597270 0.504554
4383.198000 121.573769 -712.819519 -28.792854 0.477151 -0.400553 0.594877 0.507942
4383.237000 121.552284 -712.517578 -28.798279 0.476021 -0.401224 0.592573 0.511156
4383.273000 121.532005 -712.238831 -28.803112 0.474908 -0.401923 0.590418 0.514128
4383.309000 121.511276 -711.960205 -28.807777 0.473755 -0.402663 0.588275 0.517060
4383.345000 121.490036 -711.681152 -28.812292 0.472590 -0.403416 0.586179 0.519911
4383.381000 121.468277 -711.402100 -28.816652 0.471434 -0.404159 0.584166 0.522642
4383.417000 121.446014 -711.123108 -28.820875 0.470321 -0.404861 0.582260 0.525223
4383.456000 121.421234 -710.820984 -28.825293 0.469182 -0.405558 0.580351 0.527811
4383.489000 121.399750 -710.565369 -28.828911 0.468290 -0.406077 0.578884 0.529811
4383.525000 121.375732 -710.286560 -28.832737 0.467407 -0.406558 0.577460 0.531772
4383.564000 121.349014 -709.983948 -28.836739 0.466576 -0.406963 0.576142 0.533619
4383.600000 121.323700 -709.704834 -28.840307 0.465935 -0.407218 0.575145 0.535058
4383.633000 121.299927 -709.448975 -28.843475 0.465460 -0.407348 0.574427 0.536142
4383.672000 121.271118 -709.146729 -28.847097 0.465046 -0.407370 0.573822 0.537131
4383.708000 121.243866 -708.867798 -28.850317 0.464807 -0.407262 0.573500 0.537763
4383.744000 121.215935 -708.588989 -28.853430 0.464704 -0.407032 0.573404 0.538128
4383.777000 121.189751 -708.333374 -28.856188 0.464727 -0.406719 0.573510 0.538233
4383.852000 121.128159 -707.752930 -28.862122 0.465169 -0.405660 0.574400 0.537701
4383.885000 121.101051 -707.498047 -28.862711 0.465690 -0.404996 0.574921 0.537194
4383.924000 121.069298 -707.197327 -28.856869 0.466580 -0.404078 0.575590 0.536397
4383.963000 121.034706 -706.895752 -28.850973 0.467157 -0.403224 0.576765 0.535272
4383.999000 121.001793 -706.617432 -28.848600 0.467725 -0.402384 0.578021 0.534052
4384.038000 120.965508 -706.315979 -28.847754 0.468438 -0.401408 0.579482 0.532577
4384.074000 120.931404 -706.037964 -28.847778 0.469153 -0.400473 0.580914 0.531089
4384.107000 120.899635 -705.783081 -28.848145 0.469840 -0.399593 0.582283 0.529643
4384.146000 120.861511 -705.481995 -28.848782 0.470671 -0.398540 0.583949 0.527861
4384.182000 120.825768 -705.204102 -28.849447 0.471440 -0.397570 0.585514 0.526171
4384.218000 120.789482 -704.926331 -28.850142 0.472193 -0.396625 0.587088 0.524453
4384.251000 120.755768 -704.671692 -28.850765 0.472857 -0.395788 0.588521 0.522877
4384.290000 120.715401 -704.370789 -28.851480 0.473597 -0.394848 0.590187 0.521038
4384.326000 120.677643 -704.093140 -28.852104 0.474225 -0.394043 0.591678 0.519382
4384.359000 120.642662 -703.838562 -28.852648 0.474744 -0.393367 0.592995 0.517916
4384.395000 120.603004 -703.561157 -28.853172 0.475095 -0.392879 0.594467 0.516275
4384.434000 120.556190 -703.261169 -28.853605 0.474907 -0.393000 0.596282 0.514259
4384.473000 120.506012 -702.961548 -28.853920 0.474161 -0.393746 0.598221 0.512120
4384.509000 120.457489 -702.685303 -28.854162 0.473040 -0.394900 0.600013 0.510169
4384.548000 120.403183 -702.385986 -28.854439 0.471400 -0.396597 0.601863 0.508187
4384.581000 120.356277 -702.132874 -28.854738 0.469699 -0.398358 0.603294 0.506685
4384.620000 120.300186 -701.833801 -28.855211 0.467353 -0.400785 0.604765 0.505185
4384.653000 120.252579 -701.580627 -28.855768 0.465122 -0.403094 0.605772 0.504199
4384.689000 120.200523 -701.304260 -28.856575 0.462414 -0.405899 0.606619 0.503422
4384.722000 120.153145 -701.050903 -28.857527 0.459730 -0.408688 0.607117 0.503023
4384.758000 120.101982 -700.774292 -28.858822 0.456593 -0.411958 0.607344 0.502938
4384.794000 120.051620 -700.496887 -28.860407 0.453264 -0.415439 0.607225 0.503229
4384.833000 119.998260 -700.196106 -28.862467 0.449471 -0.419423 0.606693 0.503968
4384.869000 119.950180 -699.918335 -28.864628 0.445811 -0.423287 0.605834 0.505020
4384.944000 119.851410 -699.340149 -28.859955 0.437551 -0.432255 0.603102 0.507909
4384.980000 119.808853 -699.061707 -28.859474 0.433706 -0.436324 0.601106 0.510091
4385.016000 119.768028 -698.783081 -28.860580 0.429795 -0.440483 0.598808 0.512523
4385.052000 119.729073 -698.504456 -28.862646 0.425845 -0.444689 0.596229 0.515188
4385.085000 119.695091 -698.248352 -28.865091 0.422214 -0.448552 0.593637 0.517814
4385.118000 119.662842 -697.992004 -28.867899 0.418595 -0.452394 0.590849 0.520592
4385.151000 119.632309 -697.735718 -28.870979 0.415002 -0.456194 0.587889 0.523494
4385.187000 119.598602 -697.456299 -28.873180 0.410858 -0.460635 0.584681 0.526459
4385.223000 119.563972 -697.177429 -28.869684 0.406506 -0.465371 0.581517 0.529169
4385.259000 119.536797 -696.897583 -28.865143 0.402914 -0.469140 0.577814 0.532634
4385.298000 119.511688 -696.594055 -28.863928 0.399325 -0.472826 0.573619 0.536597
4385.334000 119.490623 -696.314026 -28.864801 0.396101 -0.476110 0.569757 0.540185
4385.370000 119.471863 -696.033997 -28.866648 0.393038 -0.479205 0.565905 0.543724
4385.406000 119.455292 -695.753967 -28.869005 0.390143 -0.482094 0.562107 0.547184
4385.439000 119.442039 -695.496704 -28.871384 0.387660 -0.484537 0.558697 0.550274
4385.478000 119.428726 -695.192627 -28.874296 0.384954 -0.487154 0.554791 0.553804
4385.514000 119.416885 -694.912109 -28.876265 0.382488 -0.489569 0.551468 0.556694
4385.550000 119.402840 -694.632629 -28.873032 0.379843 -0.492310 0.548592 0.558925
4385.586000 119.394798 -694.352905 -28.866341 0.377967 -0.494107 0.545569 0.561564
4385.619000 119.392578 -694.095520 -28.862917 0.376827 -0.495038 0.542753 0.564232
4385.658000 119.391899 -693.791626 -28.861210 0.375709 -0.495917 0.539715 0.567113
4385.730000 119.396294 -693.230835 -28.860788 0.374414 -0.496781 0.534916 0.571742
4385.763000 119.400688 -692.973877 -28.860989 0.374169 -0.496833 0.533076 0.573572
4385.799000 119.407097 -692.693726 -28.861235 0.374157 -0.496641 0.531328 0.575364
4385.838000 119.415924 -692.390198 -28.861429 0.374444 -0.496147 0.529740 0.577067
4385.880000 119.427505 -692.063477 -28.861506 0.375098 -0.495289 0.528377 0.578627
4385.919000 119.440094 -691.760132 -28.861418 0.376015 -0.494205 0.527425 0.579825
4385.958000 119.454308 -691.456848 -28.861176 0.377204 -0.492868 0.526773 0.580783
4385.997000 119.470200 -691.153809 -28.860762 0.378690 -0.491268 0.526381 0.581527
4386.036000 119.487572 -690.850769 -28.860189 0.380433 -0.489438 0.526247 0.582053
4386.075000 119.506294 -690.547729 -28.859480 0.382407 -0.487403 0.526357 0.582368
4386.117000 119.527847 -690.221497 -28.858572 0.384774 -0.485000 0.526718 0.582488
4386.159000 119.550835 -689.895325 -28.857527 0.387381 -0.482392 0.527295 0.582403
4386.237000 119.596558 -689.289734 -28.855303 0.392721 -0.477123 0.528870 0.581739
4386.273000 119.618805 -689.010315 -28.854189 0.395362 -0.474541 0.529775 0.581238
4386.315000 119.645515 -688.684265 -28.852844 0.398550 -0.471440 0.530941 0.580520
4386.354000 119.670914 -688.381653 -28.851570 0.401589 -0.468497 0.532108 0.579740
4386.393000 119.696793 -688.078918 -28.850288 0.404680 -0.465512 0.533334 0.578868
4386.435000 119.725060 -687.752930 -28.848917 0.408040 -0.462273 0.534701 0.577843
4386.477000 119.753525 -687.427002 -28.847578 0.411393 -0.459042 0.536102 0.576742
4386.516000 119.780182 -687.124268 -28.846382 0.414507 -0.456048 0.537397 0.575681
4386.555000 119.806862 -686.821533 -28.845238 0.417586 -0.453089 0.538685 0.574587
4386.597000 119.835495 -686.495483 -28.844091 0.420845 -0.449955 0.540050 0.573390
4386.687000 119.895935 -685.796692 -28.841955 0.427537 -0.443506 0.542841 0.570822
4386.750000 119.937080 -685.307495 -28.840763 0.431921 -0.439265 0.544651 0.569075
4386.798000 119.967491 -684.934692 -28.840040 0.435063 -0.436213 0.545938 0.567794
4386.837000 119.991493 -684.631653 -28.839569 0.437480 -0.433856 0.546921 0.566796
4386.876000 120.014809 -684.328674 -28.839209 0.439770 -0.431616 0.547847 0.565839
4386.915000 120.037331 -684.025635 -28.838949 0.441926 -0.429497 0.548719 0.564926
4386.957000 120.059799 -683.699219 -28.838755 0.443972 -0.427478 0.549686 0.563912
4386.993000 120.072647 -683.419189 -28.838442 0.444775 -0.426690 0.551037 0.562556
4387.032000 120.079575 -683.115906 -28.837870 0.444540 -0.426899 0.553013 0.560641
4387.077000 120.080688 -682.765625 -28.836992 0.443044 -0.428265 0.555652 0.558168
4387.116000 120.077499 -682.461731 -28.836176 0.440859 -0.430226 0.558002 0.556042
4387.152000 120.071609 -682.180847 -28.835503 0.438122 -0.432648 0.560128 0.554185
4387.191000 120.063339 -681.876343 -28.834995 0.434505 -0.435816 0.562215 0.552434
4387.230000 120.054024 -681.571289 -28.834862 0.430305 -0.439457 0.563948 0.551071
4387.269000 120.044083 -681.265930 -28.835243 0.425536 -0.443565 0.565268 0.550129
4387.308000 120.034317 -680.960388 -28.836254 0.420285 -0.448082 0.566082 0.549667
4387.347000 120.025322 -680.654358 -28.837986 0.414613 -0.452956 0.566332 0.549723
4387.389000 120.017075 -680.324463 -28.840736 0.408096 -0.458559 0.565922 0.550376
4387.428000 120.011269 -680.017822 -28.844160 0.401723 -0.464046 0.564884 0.551531
4387.467000 120.007729 -679.710938 -28.848436 0.395118 -0.469748 0.563184 0.553211
4387.506000 120.006554 -679.403870 -28.853590 0.388274 -0.475658 0.560864 0.555359
4387.539000 120.007866 -679.143921 -28.858603 0.382384 -0.480756 0.558394 0.557541
4387.578000 120.012260 -678.836914 -28.865274 0.375320 -0.486868 0.554915 0.560502
4387.617000 120.020004 -678.530212 -28.872692 0.368208 -0.493017 0.550853 0.563842
4387.659000 120.032051 -678.199890 -28.881466 0.360497 -0.499659 0.545911 0.567771
4387.698000 120.040634 -677.893250 -28.886827 0.352545 -0.506568 0.541373 0.570978
4387.734000 120.050377 -677.610718 -28.885220 0.345219 -0.512927 0.536845 0.574045
4387.770000 120.063843 -677.328186 -28.877289 0.338211 -0.518978 0.531862 0.577406
4387.809000 120.091003 -677.023804 -28.870756 0.332011 -0.524257 0.525378 0.582153
4387.848000 120.123627 -676.720154 -28.871647 0.326047 -0.529272 0.518649 0.586999
4387.929000 120.203934 -676.091614 -28.884514 0.314163 -0.539026 0.504495 0.596856
4387.965000 120.244980 -675.813110 -28.892101 0.309230 -0.542952 0.498226 0.601124
4388.004000 120.287216 -675.511475 -28.899153 0.303390 -0.547610 0.492057 0.604945
4388.043000 120.329247 -675.210205 -28.899216 0.297575 -0.552286 0.486270 0.608253
4388.079000 120.371895 -674.933105 -28.892124 0.292843 -0.556030 0.480945 0.611364
4388.115000 120.419769 -674.657227 -28.879158 0.288936 -0.559028 0.475553 0.614697
4388.154000 120.483734 -674.360535 -28.867758 0.286232 -0.560833 0.469248 0.619148
4388.232000 120.623222 -673.770081 -28.863207 0.281826 -0.563522 0.457948 0.627137
4388.268000 120.692039 -673.498901 -28.865740 0.280314 -0.564314 0.453423 0.630382
4388.304000 120.763519 -673.228333 -28.869179 0.279195 -0.564781 0.449335 0.633380
4388.343000 120.843933 -672.936096 -28.873180 0.278469 -0.564900 0.445400 0.636366
4388.382000 120.927177 -672.644775 -28.877066 0.278241 -0.564632 0.441998 0.639070
4388.421000 121.013168 -672.354309 -28.880617 0.278517 -0.563984 0.439130 0.641495
4388.457000 121.094833 -672.086914 -28.883505 0.279211 -0.563067 0.436956 0.643480
4388.493000 121.172928 -671.819458 -28.883591 0.279620 -0.562614 0.435706 0.644544
4388.529000 121.251694 -671.552246 -28.877380 0.280389 -0.561974 0.434925 0.645297
4388.571000 121.351463 -671.242798 -28.865627 0.282587 -0.560053 0.433979 0.646643
4388.607000 121.442917 -670.978516 -28.859369 0.285303 -0.557645 0.433290 0.647992
4388.646000 121.543427 -670.692749 -28.855333 0.288517 -0.554907 0.433035 0.649089
4388.682000 121.637680 -670.429688 -28.852787 0.291783 -0.552218 0.433174 0.649829
4388.721000 121.741280 -670.144958 -28.850546 0.295628 -0.549133 0.433690 0.650361
4388.757000 121.838097 -669.882874 -28.848644 0.299423 -0.546143 0.434478 0.650616
4388.793000 121.935928 -669.620972 -28.846752 0.303426 -0.543034 0.435534 0.650659
4388.826000 122.026581 -669.380981 -28.844957 0.307285 -0.540078 0.436688 0.650535
4388.865000 122.134659 -669.098267 -28.842752 0.312024 -0.536484 0.438266 0.650192
4388.901000 122.235214 -668.837341 -28.840651 0.316543 -0.533085 0.439893 0.649704
4388.937000 122.336327 -668.576294 -28.838505 0.321149 -0.529643 0.441668 0.649054
4388.976000 122.440147 -668.291321 -28.836550 0.325086 -0.526676 0.444454 0.647605
4389.009000 122.520439 -668.047729 -28.835434 0.326947 -0.525185 0.447763 0.645595
4389.048000 122.608643 -667.756836 -28.834782 0.327633 -0.524392 0.452400 0.642653
4389.084000 122.685349 -667.486023 -28.834923 0.326965 -0.524422 0.457059 0.639666
4389.123000 122.765053 -667.190247 -28.836056 0.324979 -0.525136 0.462191 0.636396
4389.159000 122.836830 -666.916321 -28.838181 0.322096 -0.526329 0.466757 0.633538
4389.198000 122.913864 -666.618103 -28.841843 0.317936 -0.528133 0.471279 0.630784
4389.237000 122.991226 -666.319336 -28.847090 0.312797 -0.530423 0.475154 0.628521
4389.273000 123.063797 -666.043091 -28.853472 0.307266 -0.532942 0.478003 0.626956
4389.306000 123.132095 -665.789978 -28.860636 0.301639 -0.535556 0.479875 0.626030
4389.345000 123.215179 -665.491089 -28.870859 0.294284 -0.539053 0.481137 0.625560
4389.381000 123.294968 -665.215820 -28.881935 0.286951 -0.542633 0.481278 0.625764
4389.420000 123.385399 -664.918823 -28.895632 0.278524 -0.546861 0.480253 0.626678
4389.456000 123.466270 -664.643188 -28.907558 0.269238 -0.551730 0.478949 0.627466
4389.492000 123.547997 -664.367981 -28.913696 0.259276 -0.557075 0.476808 0.628567
4389.528000 123.634048 -664.094299 -28.913122 0.249348 -0.562512 0.473424 0.630298
4389.561000 123.716591 -663.845093 -28.906881 0.240267 -0.567575 0.469298 0.632368
4389.597000 123.816208 -663.577698 -28.896799 0.231380 -0.572638 0.463167 0.635630
4389.633000 123.926315 -663.315613 -28.889187 0.223494 -0.577225 0.455555 0.639790
4389.666000 124.031044 -663.077515 -28.886467 0.216066 -0.581565 0.448039 0.643707
4389.702000 124.149750 -662.820129 -28.888447 0.207798 -0.586380 0.439285 0.648080
4389.735000 124.262848 -662.586792 -28.895111 0.200138 -0.590825 0.430783 0.652147
4389.774000 124.402313 -662.314270 -28.909184 0.191138 -0.596016 0.420161 0.657036
4389.810000 124.536400 -662.066162 -28.926552 0.182944 -0.600672 0.409883 0.661605
4389.846000 124.669922 -661.817871 -28.945393 0.173957 -0.605665 0.399900 0.665574
4389.879000 124.789978 -661.589355 -28.958515 0.164991 -0.610579 0.391165 0.668552
4389.945000 125.041138 -661.140076 -28.965891 0.148967 -0.619235 0.372743 0.674848
4389.978000 125.171608 -660.919128 -28.960367 0.141877 -0.622973 0.363307 0.678074
4390.017000 125.330025 -660.661499 -28.947958 0.134298 -0.626873 0.352150 0.681898
4390.050000 125.467934 -660.446411 -28.934589 0.128562 -0.629736 0.342817 0.685113
4390.083000 125.610367 -660.234985 -28.919670 0.123636 -0.632089 0.333548 0.688421
4390.158000 125.964760 -659.776062 -28.891108 0.117539 -0.634123 0.311341 0.697954
4390.194000 126.139580 -659.559692 -28.884529 0.115029 -0.634718 0.301670 0.702066
4390.227000 126.302292 -659.363525 -28.882298 0.113027 -0.635059 0.293414 0.705572
4390.260000 126.467491 -659.169373 -28.883392 0.111405 -0.635175 0.285750 0.708865
4390.293000 126.635193 -658.977417 -28.887314 0.110260 -0.635025 0.278735 0.711964
4390.323000 126.789780 -658.804688 -28.892843 0.109711 -0.634633 0.272981 0.714623
4390.356000 126.961983 -658.616699 -28.900166 0.109701 -0.633910 0.267374 0.717381
4390.422000 127.301582 -658.238892 -28.910475 0.109796 -0.632938 0.259753 0.721015
4390.455000 127.472290 -658.051636 -28.907833 0.110754 -0.632150 0.257144 0.722493
4390.524000 127.835564 -657.665771 -28.884186 0.115458 -0.629256 0.253637 0.725517
4390.560000 128.030655 -657.468994 -28.864426 0.119639 -0.626848 0.252495 0.727320
4390.596000 128.229874 -657.274048 -28.848232 0.124464 -0.623919 0.251888 0.729237
4390.626000 128.391479 -657.106262 -28.839834 0.127125 -0.622089 0.252952 0.729973
4390.659000 128.564651 -656.915894 -28.836399 0.128568 -0.620732 0.255663 0.729930
4390.695000 128.749969 -656.703430 -28.838764 0.128751 -0.619783 0.259983 0.729178
4390.728000 128.918137 -656.505554 -28.844780 0.127911 -0.619211 0.264757 0.728094
4390.767000 129.115921 -656.269043 -28.855383 0.125796 -0.618776 0.270998 0.726534
4390.809000 129.329193 -656.012390 -28.870253 0.122333 -0.618480 0.277954 0.724747
4390.851000 129.544037 -655.755249 -28.888350 0.117777 -0.618291 0.284688 0.723047
4390.890000 129.746048 -655.517456 -28.907856 0.112723 -0.618178 0.290352 0.721696
4390.926000 129.929153 -655.293518 -28.926090 0.105983 -0.618749 0.295845 0.719995
4390.965000 130.127838 -655.050476 -28.939775 0.097599 -0.619631 0.301085 0.718247
4391.001000 130.314713 -654.828674 -28.945688 0.089588 -0.620393 0.304634 0.717137
4391.073000 130.699707 -654.395874 -28.943813 0.072955 -0.622054 0.307643 0.716298
4391.112000 130.916473 -654.170715 -28.940929 0.063973 -0.623086 0.306706 0.716661
4391.151000 131.145874 -653.961121 -28.936386 0.057183 -0.623624 0.302765 0.718440
4391.190000 131.380493 -653.758545 -28.934555 0.050348 -0.624321 0.297488 0.720548
4391.226000 131.600098 -653.576111 -28.936165 0.043530 -0.625242 0.291781 0.722524
4391.262000 131.822815 -653.398621 -28.940937 0.036346 -0.626395 0.285225 0.724538
4391.301000 132.067825 -653.212341 -28.949747 0.028274 -0.627864 0.277138 0.726761
4391.337000 132.297531 -653.046753 -28.961433 0.020648 -0.629383 0.268773 0.728843
4391.379000 132.565887 -652.854919 -28.979460 0.010293 -0.631609 0.258879 0.730716
4391.418000 132.813156 -652.674988 -28.993784 -0.001044 -0.634201 0.249828 0.731693
4391.460000 133.084229 -652.490479 -29.003796 -0.012453 -0.636935 0.238583 0.732964
4391.499000 133.340088 -652.327515 -29.009592 -0.022375 -0.639381 0.227031 0.734267
4391.538000 133.599625 -652.172424 -29.012665 -0.031646 -0.641687 0.214636 0.735641
4391.580000 133.882904 -652.013672 -29.013279 -0.040932 -0.643956 0.200622 0.737154
4391.616000 134.128616 -651.884644 -29.011553 -0.048197 -0.645694 0.188194 0.738471
4391.817000 135.539963 -651.266724 -28.966255 -0.076428 -0.650766 0.119536 0.745904
4391.865000 135.885071 -651.142090 -28.947128 -0.079697 -0.650738 0.104925 0.747783
4391.931000 136.366669 -650.989685 -28.916487 -0.080619 -0.649589 0.085860 0.751108
4391.970000 136.657410 -650.913757 -28.900757 -0.078699 -0.648037 0.074603 0.753849
4392.006000 136.926407 -650.846069 -28.890774 -0.076717 -0.646561 0.065319 0.756179
4392.039000 137.173447 -650.785950 -28.885197 -0.074618 -0.645195 0.057715 0.758172
4392.075000 137.443588 -650.722778 -28.882734 -0.071919 -0.643681 0.050383 0.760240
4392.108000 137.691803 -650.667053 -28.883305 -0.068945 -0.642259 0.044567 0.762079
4392.141000 137.940659 -650.613403 -28.886074 -0.065387 -0.640796 0.039661 0.763892
4392.174000 138.190079 -650.561646 -28.890543 -0.061175 -0.639294 0.035722 0.765692
4392.207000 138.437332 -650.506836 -28.894115 -0.057179 -0.638198 0.033447 0.767017
4392.240000 138.683762 -650.450195 -28.893225 -0.053054 -0.637240 0.032503 0.768149
4392.276000 138.951828 -650.382202 -28.887218 -0.049323 -0.636286 0.033427 0.769149
4392.309000 139.196838 -650.314331 -28.876974 -0.046672 -0.635514 0.035876 0.769842
4392.342000 139.442596 -650.244690 -28.864044 -0.044216 -0.634612 0.039205 0.770568
4392.447000 140.231430 -650.019897 -28.857571 -0.038509 -0.631178 0.053711 0.772818
4392.480000 140.479828 -649.947327 -28.864435 -0.037809 -0.630187 0.059184 0.773261
4392.513000 140.728653 -649.874695 -28.873312 -0.037580 -0.629174 0.064740 0.773651
4392.546000 140.978027 -649.802673 -28.883600 -0.037756 -0.628134 0.070168 0.774014
4392.582000 141.250443 -649.724670 -28.895840 -0.038532 -0.627008 0.075870 0.774352
4392.618000 141.520996 -649.641479 -28.904964 -0.041017 -0.626185 0.082018 0.774263
4392.654000 141.792160 -649.560059 -28.907822 -0.043839 -0.625306 0.087427 0.774226
4392.687000 142.041550 -649.487732 -28.904726 -0.046594 -0.624443 0.091539 0.774287
4392.720000 142.291565 -649.418152 -28.896152 -0.049500 -0.623572 0.094767 0.774420
4392.786000 142.797638 -649.303528 -28.877575 -0.052951 -0.621547 0.096688 0.775582
4392.822000 143.074875 -649.247803 -28.872868 -0.055141 -0.620577 0.096467 0.776233
4392.858000 143.352524 -649.195862 -28.872196 -0.057789 -0.619748 0.095515 0.776820
4392.891000 143.607422 -649.151917 -28.875053 -0.060553 -0.619104 0.093952 0.777313
4392.927000 143.885956 -649.108276 -28.881914 -0.063898 -0.618520 0.091469 0.777807
4392.963000 144.164948 -649.069275 -28.892450 -0.067555 -0.618058 0.088109 0.778253
4392.999000 144.444336 -649.035156 -28.906267 -0.071510 -0.617715 0.083820 0.778645
4393.038000 144.746552 -648.998108 -28.922560 -0.077062 -0.617506 0.078900 0.778795
4393.077000 145.047836 -648.958679 -28.932985 -0.084014 -0.617470 0.073905 0.778595
4393.113000 145.326126 -648.927124 -28.935150 -0.090177 -0.617510 0.068227 0.778392
4393.149000 145.604462 -648.899841 -28.930216 -0.096108 -0.617610 0.061672 0.778150
4393.188000 145.905930 -648.874634 -28.917324 -0.102311 -0.617765 0.053766 0.777822
4393.227000 146.207306 -648.854919 -28.899221 -0.108102 -0.617978 0.045072 0.777422
4393.269000 146.532745 -648.851013 -28.881100 -0.111988 -0.618121 0.033589 0.777340
4393.305000 146.811768 -648.853699 -28.873692 -0.115164 -0.618183 0.023524 0.777196
4393.341000 147.090637 -648.860168 -28.874121 -0.118431 -0.618201 0.013591 0.776928
4393.377000 147.369400 -648.870422 -28.879526 -0.121601 -0.618158 0.003792 0.776582
4393.413000 147.648010 -648.884033 -28.887175 -0.124568 -0.618039 -0.005811 0.776193
4393.452000 147.949661 -648.902222 -28.896252 -0.127409 -0.617833 -0.015945 0.775754
4393.488000 148.227737 -648.920593 -28.904369 -0.129880 -0.617608 -0.024755 0.775293
4393.524000 148.504883 -648.934265 -28.908581 -0.133225 -0.617497 -0.032125 0.774543
4393.560000 148.781693 -648.950745 -28.906094 -0.135781 -0.617358 -0.039242 0.773882
4393.599000 149.081284 -648.972229 -28.895849 -0.137598 -0.617157 -0.046616 0.773312
4393.635000 149.357513 -648.994690 -28.879538 -0.138439 -0.616945 -0.053002 0.772919
4393.671000 149.633820 -649.023560 -28.859621 -0.137864 -0.616614 -0.059461 0.772816
4393.710000 149.933350 -649.061890 -28.842617 -0.135933 -0.616115 -0.066408 0.772991
4393.749000 150.232712 -649.101990 -28.831490 -0.133676 -0.615663 -0.072436 0.773203
4393.788000 150.531891 -649.143860 -28.825552 -0.130955 -0.615274 -0.077499 0.773487
4393.824000 150.807983 -649.183838 -28.823261 -0.127958 -0.614966 -0.081282 0.773846
4393.866000 151.129898 -649.232300 -28.822350 -0.123738 -0.614677 -0.084718 0.774392
4393.902000 151.405853 -649.275208 -28.822191 -0.119543 -0.614490 -0.086817 0.774968
4393.935000 151.658844 -649.315125 -28.822208 -0.115261 -0.614367 -0.088058 0.775574
4393.971000 151.934799 -649.359741 -28.822226 -0.110085 -0.614291 -0.088730 0.776308
4394.010000 152.233704 -649.408997 -28.822170 -0.103933 -0.614280 -0.088674 0.777171
4394.043000 152.486633 -649.451050 -28.822056 -0.098328 -0.614325 -0.088015 0.777940
4394.082000 152.785751 -649.501282 -28.821857 -0.091270 -0.614438 -0.086561 0.778873
4394.160000 153.384125 -649.602539 -28.821432 -0.075976 -0.614833 -0.081674 0.780729
4394.196000 153.660538 -649.648987 -28.821301 -0.068547 -0.615075 -0.078605 0.781540
4394.235000 153.960648 -649.692383 -28.821316 -0.061627 -0.615368 -0.073899 0.782344
4394.274000 154.262024 -649.724060 -28.821468 -0.056984 -0.615641 -0.067307 0.783076
4394.310000 154.541214 -649.745605 -28.821728 -0.054465 -0.615783 -0.060084 0.783731
4394.343000 154.798096 -649.760010 -28.822147 -0.053437 -0.615757 -0.052915 0.784339
4394.382000 155.102692 -649.771912 -28.823055 -0.053658 -0.615479 -0.044172 0.785083
4394.418000 155.384827 -649.779602 -28.824499 -0.055124 -0.614955 -0.036188 0.785801
4394.487000 155.928085 -649.789429 -28.829660 -0.060947 -0.613221 -0.022201 0.787244
4394.526000 156.236511 -649.794250 -28.834408 -0.065853 -0.611852 -0.015546 0.788073
4394.562000 156.521820 -649.799377 -28.840187 -0.071337 -0.610380 -0.010456 0.788821
4394.598000 156.807678 -649.806091 -28.847424 -0.077663 -0.608753 -0.006529 0.789522
4394.631000 157.070023 -649.814087 -28.855402 -0.084162 -0.607160 -0.004031 0.790100
4394.667000 157.356415 -649.825378 -28.865580 -0.091973 -0.605345 -0.002559 0.790627
4394.697000 157.595078 -649.837280 -28.875202 -0.098985 -0.603807 -0.002377 0.790957
4394.733000 157.881348 -649.854858 -28.888140 -0.107978 -0.601949 -0.003403 0.791193
4394.766000 158.143616 -649.873596 -28.901163 -0.116883 -0.600236 -0.005409 0.791218
4394.802000 158.430450 -649.890259 -28.912783 -0.128488 -0.598194 -0.007771 0.790945
4394.838000 158.716919 -649.910522 -28.918047 -0.140424 -0.596193 -0.011480 0.790381
4394.871000 158.978851 -649.933105 -28.916975 -0.151449 -0.594445 -0.016110 0.789581
4394.910000 159.287338 -649.964844 -28.909027 -0.164518 -0.592503 -0.022987 0.788255
4394.946000 159.569916 -650.003418 -28.898413 -0.175824 -0.590959 -0.031106 0.786693
4394.979000 159.825928 -650.050659 -28.890097 -0.184854 -0.589848 -0.040344 0.785036
4395.012000 160.080597 -650.102295 -28.885881 -0.194036 -0.588720 -0.050067 0.783104
4395.048000 160.356995 -650.163330 -28.886497 -0.204246 -0.587426 -0.061088 0.780693
4395.084000 160.631653 -650.229675 -28.892958 -0.214497 -0.586073 -0.072517 0.777979
4395.117000 160.881744 -650.295715 -28.904352 -0.223811 -0.584778 -0.083304 0.775245
4395.150000 161.130234 -650.366455 -28.919878 -0.232961 -0.583421 -0.094320 0.772303
4395.183000 161.377274 -650.441040 -28.937487 -0.241944 -0.582006 -0.105402 0.769170
4395.219000 161.648483 -650.516296 -28.955246 -0.253328 -0.580076 -0.115950 0.765436
4395.255000 161.918137 -650.594971 -28.965998 -0.264097 -0.578184 -0.126536 0.761541
4395.288000 162.163467 -650.671265 -28.969309 -0.273101 -0.576533 -0.136398 0.757906
4395.327000 162.451263 -650.766052 -28.965265 -0.282692 -0.574670 -0.148065 0.753602
4395.363000 162.714783 -650.858032 -28.954809 -0.290541 -0.573035 -0.158703 0.749687
4395.399000 162.976074 -650.954407 -28.940422 -0.297432 -0.571484 -0.169091 0.745888
4395.435000 163.234970 -651.055603 -28.923790 -0.303307 -0.570054 -0.179167 0.742255
4395.471000 163.490112 -651.165161 -28.905754 -0.307502 -0.568815 -0.189451 0.738918
4395.504000 163.719543 -651.276184 -28.890377 -0.309378 -0.567861 -0.199561 0.736203
4395.540000 163.968369 -651.400391 -28.877653 -0.311069 -0.566794 -0.209814 0.733457
4395.576000 164.215775 -651.527100 -28.869040 -0.312430 -0.565755 -0.219173 0.730939
4395.615000 164.481949 -651.667725 -28.864037 -0.313388 -0.564716 -0.228381 0.728509
4395.654000 164.746185 -651.811890 -28.863205 -0.313690 -0.563814 -0.236665 0.726431
4395.690000 164.988342 -651.948303 -28.865587 -0.313271 -0.563144 -0.243467 0.724882
4395.729000 165.248825 -652.099487 -28.870901 -0.311938 -0.562641 -0.249858 0.723672
4395.765000 165.487656 -652.242126 -28.877546 -0.309828 -0.562418 -0.254803 0.723027
4395.801000 165.725159 -652.387146 -28.884745 -0.306910 -0.562431 -0.258805 0.722840
4395.843000 166.006363 -652.550781 -28.894167 -0.304509 -0.562230 -0.260858 0.723273
4395.879000 166.255722 -652.677429 -28.899693 -0.305273 -0.561554 -0.259143 0.724093
4395.915000 166.509171 -652.799622 -28.900024 -0.306993 -0.560452 -0.255880 0.725379
4395.951000 166.765717 -652.919373 -28.894905 -0.309378 -0.558939 -0.251592 0.727031
4395.987000 167.023849 -653.039185 -28.885073 -0.312041 -0.557051 -0.246874 0.728957
4396.020000 167.258301 -653.156494 -28.879280 -0.313563 -0.555125 -0.243364 0.730950
4396.056000 167.514359 -653.286133 -28.880356 -0.315818 -0.552663 -0.239325 0.733176
4396.095000 167.791504 -653.428894 -28.889301 -0.318966 -0.549616 -0.234910 0.735527
4396.128000 168.025146 -653.552429 -28.902370 -0.322079 -0.546753 -0.231401 0.737414
4396.164000 168.278702 -653.690674 -28.921518 -0.325897 -0.543346 -0.228028 0.739303
4396.233000 168.767532 -653.953979 -28.963980 -0.336952 -0.535347 -0.221379 0.742198
4396.266000 169.001190 -654.080750 -28.977753 -0.343307 -0.531084 -0.218893 0.743085
4396.302000 169.253265 -654.223633 -28.986563 -0.350221 -0.526412 -0.217466 0.743602
4396.338000 169.501419 -654.371948 -28.991596 -0.357122 -0.521797 -0.217405 0.743591
4396.374000 169.744873 -654.526062 -28.995174 -0.364022 -0.517298 -0.218699 0.743009
4396.410000 169.983505 -654.686218 -28.998592 -0.371009 -0.512883 -0.221257 0.741855
4396.446000 170.216614 -654.852356 -29.002153 -0.378021 -0.508630 -0.225071 0.740094
4396.482000 170.444336 -655.024414 -29.005964 -0.385095 -0.504510 -0.230033 0.737737
4396.515000 170.648254 -655.187073 -29.009552 -0.391625 -0.500850 -0.235512 0.735060
4396.551000 170.865372 -655.369568 -29.013298 -0.398753 -0.497001 -0.242427 0.731584
4396.587000 171.076889 -655.557190 -29.016611 -0.405853 -0.493295 -0.250214 0.727555
4396.623000 171.282883 -655.749695 -29.019211 -0.412875 -0.489727 -0.258765 0.723009
4396.659000 171.483353 -655.946655 -29.020823 -0.419760 -0.486300 -0.267967 0.717988
4396.692000 171.662338 -656.130981 -29.021225 -0.425892 -0.483285 -0.276883 0.713013
4396.728000 171.852478 -656.335815 -29.020336 -0.432333 -0.480125 -0.287020 0.707239
4396.764000 172.037354 -656.544617 -29.017887 -0.438446 -0.477108 -0.297480 0.701169
4396.842000 172.420563 -657.008728 -29.006771 -0.450257 -0.471090 -0.320732 0.687367
4396.875000 172.575745 -657.209778 -28.999573 -0.454551 -0.468774 -0.330610 0.681419
4396.914000 172.754059 -657.450439 -28.989132 -0.459005 -0.466238 -0.342168 0.674431
4396.950000 172.913879 -657.675537 -28.977674 -0.462471 -0.464111 -0.352633 0.668110
4396.986000 173.069336 -657.903320 -28.964531 -0.465280 -0.462210 -0.362816 0.661998
4397.016000 173.195602 -658.095154 -28.952345 -0.467095 -0.460817 -0.371031 0.657120
4397.055000 173.354599 -658.347473 -28.934841 -0.468513 -0.459371 -0.381466 0.651120
4397.094000 173.499756 -658.610229 -28.917074 -0.467182 -0.458943 -0.393213 0.645365
4397.127000 173.619370 -658.834656 -28.906111 -0.465670 -0.458637 -0.402569 0.640891
4397.163000 173.747482 -659.080688 -28.898552 -0.463858 -0.458396 -0.411898 0.636434
4397.199000 173.873077 -659.327881 -28.895214 -0.461775 -0.458322 -0.420366 0.632454
4397.232000 173.986115 -659.555664 -28.895344 -0.459531 -0.458454 -0.427371 0.629289
4397.268000 174.106857 -659.805542 -28.898201 -0.456554 -0.458936 -0.434204 0.626421
4397.304000 174.225464 -660.056335 -28.902931 -0.453012 -0.459822 -0.440085 0.624234
4397.337000 174.337677 -660.282715 -28.905745 -0.450417 -0.460720 -0.443639 0.622933
4397.370000 174.448349 -660.509521 -28.903507 -0.447180 -0.462092 -0.446540 0.622176
4397.406000 174.566574 -660.758362 -28.894997 -0.442680 -0.464137 -0.449183 0.621969
4397.442000 174.682709 -661.008423 -28.880180 -0.437280 -0.466723 -0.451216 0.622382
4397.481000 174.805756 -661.281311 -28.858044 -0.430348 -0.470117 -0.452861 0.623465
4397.517000 174.917786 -661.536377 -28.839958 -0.423196 -0.473364 -0.453956 0.625105
4397.550000 175.027130 -661.767395 -28.828676 -0.417881 -0.475731 -0.453252 0.627390
4397.589000 175.163376 -662.037354 -28.822170 -0.413012 -0.477903 -0.450564 0.630890
4397.625000 175.293747 -662.284546 -28.821459 -0.409467 -0.479430 -0.446800 0.634708
4397.661000 175.426956 -662.530823 -28.823734 -0.406557 -0.480571 -0.442253 0.638886
4397.697000 175.562515 -662.776550 -28.827908 -0.404253 -0.481268 -0.437165 0.643310
4397.733000 175.699310 -663.022156 -28.833384 -0.402432 -0.481567 -0.431836 0.647811
4397.766000 175.825150 -663.247559 -28.839296 -0.401140 -0.481502 -0.426942 0.651892
4397.802000 175.962402 -663.493958 -28.846588 -0.400133 -0.481061 -0.421769 0.656190
4397.838000 176.099014 -663.741150 -28.854696 -0.399539 -0.480248 -0.416932 0.660226
4397.910000 176.368301 -664.238647 -28.873163 -0.399554 -0.477612 -0.408849 0.667148
4397.946000 176.500153 -664.489136 -28.883457 -0.400187 -0.475829 -0.405804 0.669896
4397.982000 176.630753 -664.740051 -28.894081 -0.401459 -0.473658 -0.403343 0.672156
4398.018000 176.764801 -664.988892 -28.900839 -0.404233 -0.470661 -0.400775 0.674132
4398.054000 176.896103 -665.239075 -28.901079 -0.407259 -0.467525 -0.399186 0.675434
4398.093000 177.034821 -665.511597 -28.893818 -0.410771 -0.464035 -0.398619 0.676048
4398.195000 177.362228 -666.240234 -28.859694 -0.418436 -0.456440 -0.404365 0.673099
4398.231000 177.468063 -666.500977 -28.854177 -0.421369 -0.453833 -0.407902 0.670895
4398.261000 177.553452 -666.719299 -28.852983 -0.424094 -0.451555 -0.411221 0.668685
4398.297000 177.652298 -666.982239 -28.855713 -0.427643 -0.448714 -0.415660 0.665585
4398.330000 177.739258 -667.224487 -28.862062 -0.431125 -0.446023 -0.420193 0.662293
4398.369000 177.837646 -667.512268 -28.872868 -0.435460 -0.442749 -0.426098 0.657866
4398.402000 177.917419 -667.756714 -28.883341 -0.439245 -0.439927 -0.431504 0.653706
4398.435000 177.994141 -668.002014 -28.894274 -0.443078 -0.437077 -0.437225 0.649215
4398.468000 178.067841 -668.248169 -28.905247 -0.446903 -0.434229 -0.443204 0.644432
4398.501000 178.143646 -668.493103 -28.915058 -0.451496 -0.430846 -0.448645 0.639719
4398.534000 178.220276 -668.737122 -28.919996 -0.456479 -0.427203 -0.453778 0.634988
4398.570000 178.300018 -669.004578 -28.918684 -0.461463 -0.423548 -0.459707 0.629546
4398.603000 178.369934 -669.250244 -28.911417 -0.465632 -0.420470 -0.465331 0.624387
4398.642000 178.448959 -669.541016 -28.895437 -0.470057 -0.417171 -0.472099 0.618172
4398.675000 178.511536 -669.788208 -28.876661 -0.473152 -0.414815 -0.478043 0.612806
4398.714000 178.573822 -670.083740 -28.857462 -0.475143 -0.413079 -0.486050 0.606103
4398.747000 178.623550 -670.334351 -28.846996 -0.476625 -0.411701 -0.492526 0.600624
4398.783000 178.675232 -670.608276 -28.841328 -0.478065 -0.410290 -0.499176 0.594928
4398.816000 178.720245 -670.859802 -28.840420 -0.479122 -0.409153 -0.504891 0.590017
4398.858000 178.774475 -671.180542 -28.842377 -0.480003 -0.408008 -0.511645 0.584248
4398.894000 178.818466 -671.456055 -28.845182 -0.480294 -0.407344 -0.516964 0.579773
4398.936000 178.867142 -671.777771 -28.848732 -0.480063 -0.406985 -0.522599 0.575146
4398.972000 178.906738 -672.054138 -28.851610 -0.479364 -0.407064 -0.526923 0.571718
4399.011000 178.947571 -672.353760 -28.854357 -0.478086 -0.407573 -0.531060 0.568589
4399.047000 178.983536 -672.630554 -28.856491 -0.476431 -0.408443 -0.534365 0.566252
4399.086000 179.020874 -672.930847 -28.858372 -0.474155 -0.409807 -0.537366 0.564334
4399.128000 179.059143 -673.254517 -28.859894 -0.471122 -0.411813 -0.539955 0.562940
4399.167000 179.093140 -673.555237 -28.860897 -0.467804 -0.414149 -0.541754 0.562266
4399.209000 179.128311 -673.879578 -28.861599 -0.463733 -0.417145 -0.543041 0.562181
4399.245000 179.157471 -674.157593 -28.861935 -0.459856 -0.420094 -0.543625 0.562606
4399.281000 179.185867 -674.435852 -28.862082 -0.455658 -0.423366 -0.543740 0.563457
4399.317000 179.213684 -674.714355 -28.862083 -0.451165 -0.426936 -0.543406 0.564700
4399.350000 179.238708 -674.969666 -28.861984 -0.446810 -0.430449 -0.542726 0.566147
4399.392000 179.270126 -675.294495 -28.861784 -0.440988 -0.435207 -0.541370 0.568368
4399.428000 179.297592 -675.572266 -28.859632 -0.435980 -0.439494 -0.539649 0.570566
4399.467000 179.326523 -675.874451 -28.856728 -0.430162 -0.444336 -0.537565 0.573193
4399.503000 179.353226 -676.153564 -28.855045 -0.424641 -0.448926 -0.535340 0.575810
4399.539000 179.382629 -676.432251 -28.853952 -0.419447 -0.453293 -0.532553 0.578772
4399.680000 179.547379 -677.515076 -28.851837 -0.407122 -0.463829 -0.515585 0.594378
4399.731000 179.619095 -677.905090 -28.851475 -0.405101 -0.465337 -0.508828 0.600373
4399.770000 179.676163 -678.203735 -28.851397 -0.404272 -0.465748 -0.503939 0.604722
4399.845000 179.788635 -678.778259 -28.851955 -0.404306 -0.464861 -0.495822 0.612047
4399.878000 179.838440 -679.031067 -28.852575 -0.404981 -0.463814 -0.492952 0.614708
4399.914000 179.892517 -679.307007 -28.853563 -0.406166 -0.462251 -0.490394 0.617144
4399.953000 179.950439 -679.606140 -28.855026 -0.407965 -0.460097 -0.488347 0.619187
4399.989000 180.003006 -679.882690 -28.856762 -0.410089 -0.457711 -0.487154 0.620490
4400.028000 180.058609 -680.183105 -28.859066 -0.412879 -0.454730 -0.486624 0.621248
4400.064000 180.108536 -680.460449 -28.861591 -0.415880 -0.451646 -0.486835 0.621331
4400.103000 180.160797 -680.761292 -28.864746 -0.419552 -0.447987 -0.487809 0.620747
4400.139000 180.207138 -681.039124 -28.868025 -0.423300 -0.444346 -0.489364 0.619594
4400.211000 180.300812 -681.593628 -28.867546 -0.432680 -0.435695 -0.493357 0.616082
4400.250000 180.345566 -681.895203 -28.861769 -0.437679 -0.431108 -0.496749 0.613045
4400.286000 180.382278 -682.174683 -28.860369 -0.442181 -0.426971 -0.500574 0.609588
4400.322000 180.416718 -682.453979 -28.861416 -0.446865 -0.422712 -0.504722 0.605708
4400.364000 180.453964 -682.780090 -28.864323 -0.452459 -0.417636 -0.509913 0.600708
4400.400000 180.483353 -683.059448 -28.867619 -0.457294 -0.413235 -0.514605 0.596072
4400.442000 180.514603 -683.386414 -28.871977 -0.462896 -0.408103 -0.520285 0.590324
4400.481000 180.540680 -683.690002 -28.876293 -0.467991 -0.403391 -0.525684 0.584736
4400.523000 180.570267 -684.016296 -28.878696 -0.473968 -0.397888 -0.530971 0.578886
4400.559000 180.595093 -684.295776 -28.874434 -0.479103 -0.393165 -0.535296 0.573881
4400.601000 180.613083 -684.622864 -28.870029 -0.483613 -0.388832 -0.541281 0.567400
4400.640000 180.626175 -684.926636 -28.869482 -0.487441 -0.385062 -0.546729 0.561441
4400.679000 180.636597 -685.230164 -28.870623 -0.490977 -0.381512 -0.551943 0.555652
4400.715000 180.643845 -685.510315 -28.872360 -0.493925 -0.378485 -0.556536 0.550504
4400.757000 180.649551 -685.837097 -28.874712 -0.496950 -0.375290 -0.561593 0.544804
4400.793000 180.652847 -686.116943 -28.876581 -0.499272 -0.372786 -0.565554 0.540284
4400.874000 180.660797 -686.745483 -28.865435 -0.504204 -0.367691 -0.572527 0.531784
4400.907000 180.655869 -687.001953 -28.861328 -0.504862 -0.366722 -0.575627 0.528473
4400.949000 180.647552 -687.328369 -28.858625 -0.505345 -0.365857 -0.579106 0.524797
4400.988000 180.637756 -687.631104 -28.857307 -0.505399 -0.365469 -0.581903 0.521913
4401.027000 180.626007 -687.933899 -28.856453 -0.505064 -0.365492 -0.584299 0.519540
4401.069000 180.611282 -688.259644 -28.855680 -0.504272 -0.365981 -0.586440 0.517548
4401.108000 180.595795 -688.562195 -28.854927 -0.503148 -0.366861 -0.588034 0.516209
4401.144000 180.579956 -688.841309 -28.854137 -0.501791 -0.368028 -0.589177 0.515394
4401.186000 180.559814 -689.166870 -28.853079 -0.499843 -0.369803 -0.590129 0.514928
4401.225000 180.539566 -689.469116 -28.851946 -0.497704 -0.371829 -0.590660 0.514932
4401.261000 180.519669 -689.748047 -28.850780 -0.495470 -0.374000 -0.590863 0.515281
4401.297000 180.498688 -690.026917 -28.849514 -0.493010 -0.376435 -0.590805 0.515933
4401.327000 180.480438 -690.259216 -28.848389 -0.490802 -0.378650 -0.590570 0.516686
4401.363000 180.457748 -690.537964 -28.846962 -0.487983 -0.381508 -0.590078 0.517814
4401.399000 180.434235 -690.816711 -28.845478 -0.485003 -0.384557 -0.589375 0.519158
4401.435000 180.409988 -691.095459 -28.843943 -0.481884 -0.387772 -0.588480 0.520685
4401.471000 180.385117 -691.374146 -28.842373 -0.478649 -0.391124 -0.587414 0.522362
4401.507000 180.359726 -691.652710 -28.840794 -0.475326 -0.394582 -0.586196 0.524161
4401.546000 180.331772 -691.954590 -28.839079 -0.471662 -0.398404 -0.584723 0.526221
4401.582000 180.305527 -692.233215 -28.837515 -0.468224 -0.402000 -0.583262 0.528174
4401.618000 180.279037 -692.511841 -28.835985 -0.464766 -0.405623 -0.581717 0.530158
4401.657000 180.250198 -692.813965 -28.834368 -0.461025 -0.409543 -0.579971 0.532319
4401.693000 180.223465 -693.093445 -28.832947 -0.457599 -0.413133 -0.578314 0.534301
4401.732000 180.194550 -693.396057 -28.831482 -0.453937 -0.416967 -0.576495 0.536407
4401.771000 180.165771 -693.698792 -28.830114 -0.450348 -0.420719 -0.574675 0.538452
4401.804000 180.141571 -693.954956 -28.829035 -0.447384 -0.423812 -0.573150 0.540120
4401.837000 180.117615 -694.211182 -28.828039 -0.444501 -0.426814 -0.571651 0.541723
4401.870000 180.094040 -694.467346 -28.827133 -0.441704 -0.429719 -0.570192 0.543250
4401.942000 180.043884 -695.026550 -28.825462 -0.435962 -0.435656 -0.567178 0.546306
4401.975000 180.021561 -695.282959 -28.824848 -0.433504 -0.438188 -0.565897 0.547563
4402.008000 179.999802 -695.539185 -28.824326 -0.431169 -0.440585 -0.564685 0.548734
4402.041000 179.978622 -695.795715 -28.823893 -0.428961 -0.442841 -0.563545 0.549819
4402.071000 179.959854 -696.028809 -28.823586 -0.427055 -0.444780 -0.562584 0.550721
4402.104000 179.940811 -696.285217 -28.823296 -0.425225 -0.446639 -0.561505 0.551734
4402.134000 179.928543 -696.518494 -28.822897 -0.424324 -0.447552 -0.560178 0.553035
4402.170000 179.920563 -696.798523 -28.822201 -0.424291 -0.447550 -0.558177 0.555081
4402.206000 179.918472 -697.078796 -28.821301 -0.425228 -0.446486 -0.555950 0.557450
4402.242000 179.920929 -697.359436 -28.820307 -0.426981 -0.444491 -0.553694 0.559945
4402.272000 179.925659 -697.593567 -28.819511 -0.428987 -0.442181 -0.551900 0.562008
4402.305000 179.933029 -697.851379 -28.818779 -0.431704 -0.439021 -0.550108 0.564157
4402.341000 179.942810 -698.133118 -28.818291 -0.435209 -0.434903 -0.548462 0.566253
4402.377000 179.953644 -698.415222 -28.818285 -0.439219 -0.430165 -0.547216 0.567978
4402.410000 179.963943 -698.674194 -28.818821 -0.443295 -0.425330 -0.546475 0.569165
4402.443000 179.973846 -698.933472 -28.819948 -0.447690 -0.420109 -0.546172 0.569893
4402.476000 179.983597 -699.193237 -28.821781 -0.452442 -0.414453 -0.546273 0.570185
4402.512000 179.992966 -699.476868 -28.824646 -0.457940 -0.407919 -0.546898 0.569909
4402.548000 180.000809 -699.760864 -28.828470 -0.463740 -0.401039 -0.548048 0.568995
4402.581000 180.006271 -700.021484 -28.832848 -0.469291 -0.394471 -0.549552 0.567584
4402.617000 180.009918 -700.306030 -28.838585 -0.475550 -0.387087 -0.551669 0.565400
4402.653000 180.010941 -700.590759 -28.845314 -0.481983 -0.379513 -0.554250 0.562557
4402.686000 180.009277 -700.851318 -28.852333 -0.487992 -0.372443 -0.556991 0.559384
4402.719000 180.004898 -701.111938 -28.860117 -0.494063 -0.365304 -0.560064 0.555683
4402.755000 179.996948 -701.396362 -28.869450 -0.500727 -0.357455 -0.563740 0.551086
4402.791000 179.985443 -701.680237 -28.879585 -0.507381 -0.349598 -0.567709 0.545942
4402.827000 179.970245 -701.963989 -28.890429 -0.513960 -0.341779 -0.571938 0.540295
4402.896000 179.942551 -702.507507 -28.906549 -0.527666 -0.325446 -0.579203 0.529318
4402.929000 179.926895 -702.767029 -28.906298 -0.534154 -0.317682 -0.582658 0.523704
4402.959000 179.909805 -703.002319 -28.901108 -0.539782 -0.310919 -0.585936 0.518308
4402.992000 179.887573 -703.260620 -28.890045 -0.545619 -0.303876 -0.589696 0.512072
4403.028000 179.850510 -703.540039 -28.878036 -0.550601 -0.297771 -0.594864 0.504289
4403.061000 179.810867 -703.795166 -28.872786 -0.554771 -0.292552 -0.599689 0.497006
4403.097000 179.763702 -704.072571 -28.873528 -0.559142 -0.286967 -0.604749 0.489172
4403.133000 179.712296 -704.348877 -28.879608 -0.563233 -0.281602 -0.609624 0.481485
4403.169000 179.656754 -704.624390 -28.888540 -0.566969 -0.276560 -0.614337 0.473973
4403.205000 179.597397 -704.898804 -28.898796 -0.570318 -0.271878 -0.618878 0.466702
4403.238000 179.539917 -705.149597 -28.908678 -0.573046 -0.267898 -0.622864 0.460314
4403.271000 179.485718 -705.400635 -28.917324 -0.576212 -0.263452 -0.625921 0.454749
4403.304000 179.431671 -705.651489 -28.920883 -0.579321 -0.259130 -0.628512 0.449680
4403.337000 179.374237 -705.901062 -28.918522 -0.581865 -0.255479 -0.631126 0.444797
4403.403000 179.250626 -706.397461 -28.896362 -0.585439 -0.250015 -0.636241 0.435834
4403.433000 179.186554 -706.620850 -28.880650 -0.585934 -0.248866 -0.638995 0.431779
4403.466000 179.108551 -706.864624 -28.866045 -0.585596 -0.248570 -0.642449 0.427259
4403.499000 179.028381 -707.107544 -28.855726 -0.585120 -0.248468 -0.645588 0.423219
4403.535000 178.938232 -707.371643 -28.849253 -0.584426 -0.248662 -0.648672 0.419331
4403.571000 178.845322 -707.634583 -28.847338 -0.583489 -0.249235 -0.651418 0.416025
4403.604000 178.757874 -707.874878 -28.848419 -0.582386 -0.250120 -0.653648 0.413534
4403.637000 178.668106 -708.114380 -28.850746 -0.581010 -0.251421 -0.655651 0.411506
4403.670000 178.576370 -708.353088 -28.853537 -0.579368 -0.253124 -0.657430 0.409935
4403.703000 178.482788 -708.591309 -28.856369 -0.577477 -0.255212 -0.658985 0.408810
4403.733000 178.396347 -708.807068 -28.858801 -0.575565 -0.257409 -0.660197 0.408173
4403.766000 178.299530 -709.043945 -28.861158 -0.573227 -0.260206 -0.661343 0.407835
4403.799000 178.201141 -709.280151 -28.863155 -0.570676 -0.263355 -0.662279 0.407872
4403.832000 178.101364 -709.515747 -28.864775 -0.567932 -0.266829 -0.663005 0.408264
4403.868000 177.991104 -709.772400 -28.866144 -0.564748 -0.270945 -0.663556 0.409075
4403.904000 177.879333 -710.028198 -28.867111 -0.561368 -0.275401 -0.663878 0.410227
4403.940000 177.766205 -710.283752 -28.867697 -0.557816 -0.280166 -0.663978 0.411681
4403.973000 177.661438 -710.517395 -28.867954 -0.554434 -0.284764 -0.663878 0.413253
4404.012000 177.537537 -710.793213 -28.867407 -0.550448 -0.290328 -0.663416 0.415446
4404.045000 177.434601 -711.026794 -28.862740 -0.547371 -0.294932 -0.662528 0.417680
4404.075000 177.337326 -711.238098 -28.858034 -0.544031 -0.299605 -0.661993 0.419562
4404.111000 177.219696 -711.491943 -28.854105 -0.539929 -0.305294 -0.661234 0.421950
4404.144000 177.116409 -711.726685 -28.851784 -0.536785 -0.309657 -0.659921 0.424827
4404.180000 177.012360 -711.986633 -28.850422 -0.534512 -0.312698 -0.657583 0.429070
4404.246000 176.837997 -712.470703 -28.850264 -0.532729 -0.314323 -0.651966 0.438568
4404.279000 176.756546 -712.715942 -28.851332 -0.532775 -0.313383 -0.648909 0.443689
4404.312000 176.677200 -712.963135 -28.853283 -0.533313 -0.311430 -0.645924 0.448743
4404.348000 176.592148 -713.233704 -28.856575 -0.534400 -0.308218 -0.642901 0.453978
4404.378000 176.521591 -713.460205 -28.860344 -0.535656 -0.304774 -0.640675 0.457953
4404.414000 176.436600 -713.732666 -28.866249 -0.537570 -0.299758 -0.638438 0.462126
4404.447000 176.357697 -713.982666 -28.873087 -0.539689 -0.294404 -0.636876 0.465243
4404.480000 176.277222 -714.232727 -28.881348 -0.542144 -0.288394 -0.635828 0.467580
4404.513000 176.195374 -714.482666 -28.890871 -0.545005 -0.281686 -0.635244 0.469135
4404.549000 176.110092 -714.757263 -28.899061 -0.549181 -0.272632 -0.634552 0.470549
4404.585000 176.021988 -715.031311 -28.901882 -0.553659 -0.263094 -0.634539 0.470747
4404.621000 175.930191 -715.304138 -28.898901 -0.558371 -0.253262 -0.635240 0.469628
4404.660000 175.820389 -715.594971 -28.891514 -0.563115 -0.243491 -0.637304 0.466324
4404.693000 175.719391 -715.837158 -28.887045 -0.566926 -0.235799 -0.639862 0.462137
4404.729000 175.605286 -716.099182 -28.885471 -0.571336 -0.227120 -0.642951 0.456735
4404.768000 175.476669 -716.380310 -28.887831 -0.576368 -0.217417 -0.646610 0.449917
4404.804000 175.353043 -716.636963 -28.893948 -0.581189 -0.208264 -0.650256 0.442733
4404.846000 175.202438 -716.932556 -28.906210 -0.586950 -0.197437 -0.654796 0.433302
4404.888000 175.044586 -717.223572 -28.924355 -0.592771 -0.186569 -0.659608 0.422768
4404.963000 174.756577 -717.738953 -28.965782 -0.604131 -0.165007 -0.667414 0.402935
4405.002000 174.605820 -718.005737 -28.979017 -0.610343 -0.153094 -0.670976 0.392218
4405.044000 174.437805 -718.288818 -28.983425 -0.616601 -0.141039 -0.675017 0.379820
4405.083000 174.276718 -718.547302 -28.979271 -0.621968 -0.130619 -0.678889 0.367701
4405.122000 174.110153 -718.801208 -28.970261 -0.626866 -0.121021 -0.682823 0.355171
4405.158000 173.951584 -719.031494 -28.959612 -0.630948 -0.112852 -0.686454 0.343438
4405.191000 173.802185 -719.238892 -28.948698 -0.634300 -0.105956 -0.689758 0.332671
4405.230000 173.618546 -719.478027 -28.934584 -0.637528 -0.099019 -0.693910 0.319754
4405.275000 173.390030 -719.740479 -28.919861 -0.639476 -0.093972 -0.699975 0.303767
4405.311000 173.203613 -719.946960 -28.913561 -0.640719 -0.090140 -0.704477 0.291659
4405.347000 173.014450 -720.150818 -28.911835 -0.641725 -0.086535 -0.708636 0.280243
4405.455000 172.435013 -720.749817 -28.927456 -0.643625 -0.077311 -0.718780 0.251249
4405.488000 172.260056 -720.933044 -28.929176 -0.644332 -0.074621 -0.720662 0.244773
4405.527000 172.049973 -721.146057 -28.923618 -0.644544 -0.072757 -0.722966 0.237886
4405.596000 171.671097 -721.515198 -28.894772 -0.643476 -0.072650 -0.727093 0.228027
4405.632000 171.464005 -721.699280 -28.875040 -0.641575 -0.075099 -0.730015 0.223202
4405.698000 171.076111 -722.029297 -28.847857 -0.637251 -0.081447 -0.735217 0.216178
4405.761000 170.701767 -722.339294 -28.834286 -0.632939 -0.088879 -0.739204 0.212288
4405.812000 170.395325 -722.586609 -28.831306 -0.629178 -0.096184 -0.741837 0.211098
4405.845000 170.195511 -722.745117 -28.832382 -0.626569 -0.101608 -0.743264 0.211297
4405.911000 169.802490 -723.071960 -28.839670 -0.622142 -0.110818 -0.744372 0.215797
4405.941000 169.629257 -723.228271 -28.845005 -0.620788 -0.113338 -0.743924 0.219898
4405.971000 169.458282 -723.388184 -28.851294 -0.619712 -0.114988 -0.743074 0.224888
4406.007000 169.255219 -723.583740 -28.860058 -0.618693 -0.115902 -0.741681 0.231722
4406.040000 169.070160 -723.765686 -28.869246 -0.617922 -0.115845 -0.740196 0.238459
4406.070000 168.902237 -723.932495 -28.878630 -0.617314 -0.115080 -0.738764 0.244758
4406.100000 168.734268 -724.100281 -28.888988 -0.616779 -0.113682 -0.737321 0.251035
4406.133000 168.553391 -724.289368 -28.898756 -0.616762 -0.110489 -0.735269 0.258411
4406.169000 168.356064 -724.496521 -28.904064 -0.616837 -0.106120 -0.733127 0.266036
4406.202000 168.173553 -724.685791 -28.903648 -0.616845 -0.101608 -0.731473 0.272260
4406.235000 167.989227 -724.873840 -28.898140 -0.616839 -0.096677 -0.730142 0.277588
4406.268000 167.800262 -725.057068 -28.889685 -0.616603 -0.092042 -0.729439 0.281510
4406.301000 167.605179 -725.233521 -28.882372 -0.616081 -0.088077 -0.729441 0.283905
4406.334000 167.407715 -725.407104 -28.877581 -0.615711 -0.083724 -0.729645 0.285497
4406.370000 167.189941 -725.593201 -28.875101 -0.615535 -0.078480 -0.730052 0.286325
4406.400000 167.006424 -725.745789 -28.875126 -0.615567 -0.073701 -0.730541 0.286280
4406.436000 166.783508 -725.924988 -28.877436 -0.615816 -0.067588 -0.731323 0.285253
4406.469000 166.576584 -726.084961 -28.881575 -0.616248 -0.061745 -0.732233 0.283304
4406.502000 166.367035 -726.240845 -28.887671 -0.616868 -0.055660 -0.733311 0.280411
4406.535000 166.154877 -726.392395 -28.895763 -0.617669 -0.049339 -0.734541 0.276587
4406.568000 165.940155 -726.539490 -28.905914 -0.618641 -0.042826 -0.735904 0.271835
4406.601000 165.722824 -726.681885 -28.918240 -0.619774 -0.036154 -0.737378 0.266169
4406.634000 165.502808 -726.819275 -28.932898 -0.621050 -0.029363 -0.738942 0.259614
4406.667000 165.280518 -726.952271 -28.950151 -0.622454 -0.022363 -0.740543 0.252284
4406.700000 165.061249 -727.089600 -28.967686 -0.624349 -0.013340 -0.741461 0.245452
4406.733000 164.841034 -727.224487 -28.979553 -0.626390 -0.004118 -0.742319 0.237869
4406.802000 164.373611 -727.490662 -28.988699 -0.630669 0.014031 -0.744400 0.218927
4406.838000 164.126083 -727.620544 -28.988371 -0.632847 0.022832 -0.745548 0.207707
4406.940000 163.412506 -727.955688 -28.976349 -0.638333 0.045186 -0.748733 0.172881
4406.973000 163.178192 -728.054260 -28.969622 -0.639788 0.051500 -0.749708 0.161111
4407.009000 162.920868 -728.156616 -28.960836 -0.641153 0.057810 -0.750738 0.148234
4407.039000 162.705185 -728.238098 -28.952404 -0.642100 0.062580 -0.751574 0.137579
4407.072000 162.466721 -728.323669 -28.941994 -0.642932 0.067283 -0.752479 0.126043
4407.105000 162.226990 -728.405151 -28.930433 -0.643539 0.071371 -0.753384 0.114788
4407.144000 161.938156 -728.486938 -28.916033 -0.643486 0.073618 -0.755245 0.100549
4407.174000 161.713943 -728.544434 -28.907982 -0.643124 0.074604 -0.756811 0.089794
4407.207000 161.466782 -728.605591 -28.902948 -0.642615 0.075590 -0.758376 0.078726
4407.240000 161.219025 -728.664368 -28.901564 -0.642001 0.076333 -0.759819 0.068426
4407.276000 160.948044 -728.725708 -28.903749 -0.641208 0.076732 -0.761310 0.058065
4407.312000 160.677490 -728.786926 -28.908512 0.640464 -0.077063 0.762532 -0.049108
4407.345000 160.431747 -728.846680 -28.910028 0.640088 -0.077716 0.763168 -0.042676
4407.381000 160.162949 -728.908569 -28.905737 0.639489 -0.077248 0.764039 -0.036475
4407.450000 159.645386 -729.018799 -28.881039 0.637797 -0.073061 0.766253 -0.027104
4407.486000 159.371399 -729.066162 -28.865376 0.636257 -0.068353 0.768111 -0.022578
4407.516000 159.142151 -729.103333 -28.855028 0.634886 -0.063868 0.769717 -0.019408
4407.549000 158.889832 -729.143433 -28.846767 0.633436 -0.058610 0.771391 -0.016754
4407.585000 158.614365 -729.186096 -28.841255 0.631923 -0.052404 0.773115 -0.014839
4407.651000 158.108536 -729.261414 -28.839390 0.629268 -0.039463 0.776059 -0.014036
4407.717000 157.601562 -729.333862 -28.844213 0.626680 -0.024374 0.778717 -0.016672
4407.750000 157.348495 -729.373413 -28.847725 -0.625538 0.016922 -0.779761 0.019704
4407.783000 157.096680 -729.419434 -28.851833 -0.624648 0.010514 -0.780457 0.024324
4407.813000 156.868622 -729.466003 -28.855900 -0.623996 0.005473 -0.780848 0.029604
4407.846000 156.618469 -729.521729 -28.860630 -0.623389 0.000751 -0.781066 0.036350
4407.879000 156.368835 -729.580933 -28.865578 -0.622842 -0.003208 -0.781116 0.043773
4407.912000 156.120697 -729.644226 -28.868464 -0.622509 -0.006172 -0.780870 0.051832
4407.942000 155.895859 -729.704529 -28.866772 -0.622263 -0.008178 -0.780508 0.059400
4407.975000 155.648239 -729.771484 -28.860529 -0.621860 -0.009892 -0.780142 0.067609
4408.008000 155.398697 -729.836731 -28.856276 -0.621123 -0.011537 -0.780010 0.075215
4408.044000 155.125824 -729.907654 -28.856163 -0.620243 -0.012673 -0.779897 0.083054
4408.074000 154.898148 -729.966492 -28.858528 -0.619506 -0.013053 -0.779808 0.089115
4408.107000 154.647369 -730.030762 -28.862797 -0.618692 -0.012870 -0.779741 0.095174
4408.140000 154.396133 -730.093994 -28.868279 -0.617889 -0.012092 -0.779725 0.100478
4408.176000 154.121582 -730.161682 -28.875275 -0.617046 -0.010556 -0.779776 0.105318
4408.209000 153.870743 -730.226074 -28.879826 -0.616479 -0.007786 -0.779697 0.109384
4408.245000 153.597153 -730.296204 -28.879038 -0.615961 -0.003907 -0.779636 0.112893
4408.275000 153.368317 -730.351379 -28.874355 -0.615541 -0.000598 -0.779720 0.114654
4408.305000 153.137817 -730.400391 -28.870564 -0.615065 0.002175 -0.780027 0.115100
4408.338000 152.883652 -730.451233 -28.868950 -0.614618 0.005484 -0.780417 0.114733
4408.404000 152.374268 -730.545227 -28.873436 -0.614079 0.013440 -0.781209 0.111534
4408.437000 152.119034 -730.588135 -28.879204 -0.613983 0.018074 -0.781600 0.108626
4408.470000 151.863449 -730.628113 -28.886833 -0.613994 0.023107 -0.781977 0.104828
4408.500000 151.630981 -730.663025 -28.894588 -0.614088 0.028196 -0.782267 0.100794
4408.533000 151.376282 -730.705139 -28.900263 -0.614341 0.035260 -0.782323 0.096502
4408.563000 151.144592 -730.741516 -28.900600 -0.614630 0.041816 -0.782326 0.091910
4408.599000 150.866348 -730.781677 -28.894766 -0.615035 0.049622 -0.782279 0.085487
4408.632000 150.610870 -730.813599 -28.884352 -0.615437 0.056347 -0.782232 0.078579
4408.665000 150.354355 -730.835266 -28.875954 -0.615809 0.061807 -0.782323 0.070218
4408.698000 150.097717 -730.853577 -28.872887 -0.616176 0.067349 -0.782308 0.061527
4408.728000 149.864365 -730.867554 -28.874367 0.616492 -0.072492 0.782193 -0.053450
4408.764000 149.584274 -730.881287 -28.879318 0.616814 -0.078714 0.781948 -0.043603
4408.797000 149.327530 -730.890930 -28.885351 0.617062 -0.084302 0.781627 -0.034449
4408.830000 149.070816 -730.897766 -28.891998 0.617242 -0.089725 0.781232 -0.025263
4408.869000 148.767792 -730.905701 -28.899265 0.617420 -0.096357 0.780568 -0.014874
4408.902000 148.512070 -730.915710 -28.901028 0.617577 -0.102688 0.779746 -0.007023
4408.938000 148.233246 -730.923157 -28.896393 0.617687 -0.108848 0.778854 0.001567
4408.974000 147.954544 -730.927246 -28.885038 0.617724 -0.114250 0.777987 0.010046
4409.010000 147.675323 -730.922424 -28.872311 0.617553 -0.117925 0.777404 0.019118
4409.046000 147.396149 -730.911011 -28.864296 0.617291 -0.120553 0.776932 0.028190
4409.082000 147.117172 -730.897339 -28.860996 0.616988 -0.122811 0.776470 0.036576
4409.115000 146.861481 -730.882812 -28.860548 0.616676 -0.124462 0.776091 0.043630
4409.148000 146.605881 -730.866516 -28.861301 0.616340 -0.125657 0.775776 0.050072
4409.184000 146.327240 -730.846680 -28.862644 0.615964 -0.126360 0.775525 0.056414
4409.214000 146.095154 -730.828674 -28.863861 0.615649 -0.126472 0.775400 0.061122
4409.250000 145.816742 -730.805298 -28.865219 0.615281 -0.126028 0.775359 0.066069
4409.283000 145.561676 -730.782410 -28.866259 0.614964 -0.125057 0.775429 0.069928
4409.316000 145.306686 -730.758057 -28.867060 0.614674 -0.123554 0.775603 0.073139
4409.349000 145.051804 -730.732239 -28.867599 0.614421 -0.121523 0.775878 0.075709
4409.382000 144.797012 -730.705444 -28.867895 0.614208 -0.118979 0.776249 0.077650
4409.415000 144.542297 -730.677429 -28.867956 0.614041 -0.115942 0.776707 0.078974
4409.451000 144.264526 -730.645752 -28.867773 0.613914 -0.112088 0.777295 0.079744
4409.484000 144.010437 -730.618042 -28.865736 0.613968 -0.108508 0.777782 0.079532
4409.589000 143.201477 -730.519226 -28.850044 0.614148 -0.093369 0.779922 0.076328
4409.622000 142.947083 -730.486023 -28.847250 0.614245 -0.087771 0.780673 0.074490
4409.661000 142.646484 -730.446167 -28.844482 0.614410 -0.080840 0.781543 0.071804
4409.697000 142.369034 -730.409119 -28.842218 0.614601 -0.074191 0.782314 0.068889
4409.733000 142.091507 -730.371704 -28.840136 0.614820 -0.067349 0.783042 0.065616
4409.769000 141.813873 -730.334595 -28.838192 0.615056 -0.060377 0.783717 0.062034
4409.802000 141.559357 -730.300110 -28.836523 0.615283 -0.053886 0.784280 0.058548
4409.841000 141.258530 -730.259644 -28.834690 0.615558 -0.046162 0.784868 0.054226
4409.877000 140.980698 -730.222534 -28.833143 0.615810 -0.039035 0.785331 0.050095
4409.919000 140.656387 -730.179932 -28.831535 0.616089 -0.030797 0.785778 0.045163
4409.961000 140.332031 -730.137695 -28.830156 0.616356 -0.022683 0.786114 0.040206
4410.000000 140.030594 -730.098450 -28.829098 0.616581 -0.015229 0.786334 0.035703
4410.045000 139.682739 -730.046631 -28.828447 0.616769 -0.005202 0.786487 0.031742
4410.084000 139.380768 -729.993286 -28.828823 0.616810 0.005210 0.786539 0.029583
4410.126000 139.054749 -729.930481 -28.830711 0.616693 0.017761 0.786503 0.028066
4410.165000 138.750961 -729.869507 -28.834276 0.616414 0.030294 0.786376 0.027005
4410.207000 138.422516 -729.802307 -28.840614 -0.615898 -0.044640 -0.786130 -0.026015
4410.249000 138.092560 -729.735840 -28.849918 -0.615162 -0.059539 -0.785757 -0.024821
4410.288000 137.784897 -729.676636 -28.861441 -0.614296 -0.073655 -0.785285 -0.023286
4410.333000 137.428299 -729.612122 -28.878510 -0.613056 -0.090274 -0.784586 -0.020923
4410.372000 137.118042 -729.560913 -28.896576 -0.611816 -0.104748 -0.783824 -0.018161
4410.414000 136.783020 -729.504578 -28.916855 -0.610311 -0.121630 -0.782617 -0.015378
4410.450000 136.495041 -729.456482 -28.928738 -0.608883 -0.136726 -0.781283 -0.012816
4410.489000 136.182648 -729.410461 -28.934265 -0.607282 -0.152546 -0.779652 -0.008982
4410.528000 135.870102 -729.371765 -28.934208 -0.605657 -0.167775 -0.777827 -0.004064
4410.570000 135.533981 -729.343994 -28.932077 -0.603950 -0.182654 -0.775805 0.003057
4410.609000 135.223282 -729.337952 -28.932652 -0.602501 -0.194000 -0.774087 0.012093
4410.690000 134.580200 -729.351257 -28.957043 -0.599225 -0.217408 -0.769826 0.032116
4410.738000 134.199066 -729.360657 -28.981468 -0.596906 -0.233546 -0.766387 0.042555
4410.780000 133.866531 -729.373413 -28.995253 -0.594867 -0.247527 -0.763009 0.051781
4410.813000 133.606705 -729.390686 -29.002319 -0.593331 -0.257635 -0.760282 0.059612
4410.846000 133.348129 -729.414124 -29.007465 -0.591813 -0.267075 -0.757517 0.067798
4410.876000 133.114532 -729.441284 -29.010832 -0.590491 -0.274989 -0.754980 0.075544
4410.912000 132.835983 -729.480835 -29.013569 -0.588947 -0.283705 -0.751939 0.085096
4410.945000 132.582413 -729.523315 -29.014921 -0.587563 -0.290967 -0.749181 0.094004
4410.978000 132.330582 -729.571960 -29.015150 -0.586211 -0.297528 -0.746477 0.102983
4411.011000 132.080505 -729.626160 -29.014170 -0.584893 -0.303389 -0.743854 0.111963
4411.041000 131.854691 -729.679932 -29.012182 -0.583725 -0.308113 -0.741563 0.120068
4411.071000 131.630356 -729.738037 -29.009081 -0.582591 -0.312257 -0.739379 0.128069
4411.101000 131.407410 -729.800232 -29.004877 -0.581479 -0.315861 -0.737324 0.135894
4411.134000 131.163971 -729.873169 -28.998837 -0.580322 -0.319125 -0.735229 0.144305
4411.164000 130.944321 -729.943665 -28.992056 -0.579336 -0.321463 -0.733493 0.151724
4411.197000 130.704346 -730.025391 -28.983217 -0.578320 -0.323368 -0.731789 0.159573
4411.227000 130.487762 -730.103271 -28.973934 -0.577470 -0.324495 -0.730441 0.166393
4411.257000 130.272598 -730.184509 -28.963495 -0.576700 -0.325050 -0.729295 0.172883
4411.320000 129.825363 -730.365479 -28.937973 -0.575380 -0.324369 -0.727579 0.185340
4411.350000 129.616058 -730.461487 -28.924034 -0.574947 -0.322229 -0.727268 0.191533
4411.380000 129.409500 -730.565552 -28.911495 -0.574588 -0.318720 -0.727322 0.198166
4411.407000 129.224304 -730.660950 -28.903166 -0.574298 -0.315475 -0.727468 0.203589
4411.440000 128.998947 -730.779175 -28.896797 -0.574041 -0.311427 -0.727743 0.209474
4411.470000 128.795059 -730.888489 -28.894506 -0.573914 -0.307599 -0.728106 0.214168
4411.500000 128.592239 -730.999756 -28.895197 -0.573917 -0.303506 -0.728600 0.218277
4411.569000 128.129257 -731.261475 -28.904060 -0.574504 -0.292914 -0.730319 0.225346
4411.599000 127.927528 -731.371094 -28.906216 -0.575053 -0.288912 -0.731129 0.226482
4411.629000 127.726677 -731.481934 -28.903908 -0.575770 -0.284369 -0.732114 0.227225
4411.662000 127.506973 -731.606384 -28.896084 -0.576737 -0.278573 -0.733415 0.227759
4411.692000 127.308067 -731.721313 -28.884308 -0.577759 -0.272705 -0.734765 0.227918
4411.725000 127.090630 -731.851868 -28.868164 -0.578996 -0.265246 -0.736467 0.228089
4411.755000 126.894341 -731.975830 -28.856392 -0.580158 -0.257432 -0.738212 0.228446
4411.788000 126.678787 -732.113342 -28.848053 -0.581564 -0.248688 -0.740159 0.228260
4411.818000 126.483055 -732.238647 -28.843796 -0.582967 -0.240649 -0.741936 0.227529
4411.851000 126.265945 -732.373474 -28.841621 -0.584437 -0.232467 -0.743963 0.225638
4411.881000 126.064873 -732.489685 -28.841484 -0.585482 -0.226501 -0.745935 0.222461
4411.911000 125.860802 -732.601013 -28.842531 -0.586250 -0.221764 -0.748005 0.218222
4411.944000 125.633423 -732.718872 -28.844683 -0.586760 -0.217791 -0.750364 0.212682
4411.977000 125.403587 -732.833252 -28.847670 -0.586910 -0.214956 -0.752771 0.206560
4412.010000 125.171837 -732.945068 -28.851427 -0.586700 -0.213111 -0.755179 0.200177
4412.043000 124.938393 -733.055115 -28.855984 -0.586110 -0.212228 -0.757560 0.193746
4412.073000 124.725105 -733.154297 -28.860853 -0.585257 -0.212191 -0.759660 0.188058
4412.103000 124.511200 -733.253357 -28.866440 -0.584129 -0.212801 -0.761662 0.182702
4412.133000 124.296806 -733.352417 -28.872807 -0.582730 -0.214052 -0.763544 0.177787
4412.163000 124.082352 -733.452454 -28.879965 -0.581099 -0.215855 -0.765271 0.173469
4412.193000 123.866402 -733.549500 -28.886396 -0.579125 -0.219008 -0.766828 0.169189
4412.223000 123.649864 -733.645447 -28.889225 -0.576899 -0.223072 -0.768173 0.165341
4412.283000 123.218773 -733.843445 -28.883253 -0.572052 -0.232152 -0.770132 0.160493
4412.346000 122.776093 -734.072510 -28.874601 -0.567236 -0.240592 -0.771057 0.160718
4412.376000 122.567635 -734.185608 -28.873604 -0.564911 -0.245050 -0.771108 0.161920
4412.403000 122.381248 -734.289368 -28.874491 -0.562790 -0.249374 -0.770931 0.163539
4412.466000 121.951485 -734.539429 -28.883137 -0.557774 -0.260456 -0.769657 0.169351
4412.499000 121.729576 -734.675049 -28.891317 -0.555127 -0.266748 -0.768479 0.173547
4412.529000 121.529991 -734.801453 -28.900856 -0.552720 -0.272728 -0.767081 0.178063
4412.559000 121.332489 -734.930664 -28.912384 -0.550308 -0.278945 -0.765358 0.183245
4412.616000 120.958992 -735.178040 -28.937687 -0.545214 -0.292643 -0.761279 0.193792
4412.646000 120.761719 -735.306763 -28.946768 -0.542168 -0.301035 -0.758732 0.199390
4412.673000 120.585938 -735.424805 -28.950666 -0.539500 -0.308477 -0.756142 0.205013
4412.703000 120.392891 -735.558716 -28.950171 -0.536671 -0.316539 -0.752926 0.211871
4412.733000 120.202263 -735.695068 -28.944798 -0.533976 -0.324367 -0.749383 0.219274
4412.760000 120.032768 -735.819885 -28.936979 -0.531637 -0.331218 -0.745950 0.226309
4412.793000 119.828484 -735.975525 -28.925198 -0.528887 -0.339304 -0.741476 0.235297
4412.823000 119.646103 -736.120605 -28.913296 -0.526535 -0.346217 -0.737172 0.243869
4412.853000 119.471977 -736.275208 -28.902275 -0.524814 -0.351337 -0.732579 0.253892
4412.883000 119.301239 -736.433350 -28.896053 -0.523110 -0.356129 -0.727888 0.264019
4412.913000 119.132515 -736.593506 -28.894838 -0.521300 -0.360917 -0.723169 0.273884
4412.946000 118.949394 -736.772278 -28.898762 -0.519228 -0.366047 -0.717987 0.284441
4412.979000 118.769180 -736.953796 -28.906889 -0.517173 -0.370839 -0.712848 0.294717
4413.009000 118.607689 -737.120911 -28.916155 -0.515355 -0.374821 -0.708261 0.303784
4413.036000 118.463280 -737.272095 -28.925085 -0.513702 -0.378285 -0.704260 0.311495
4413.066000 118.299507 -737.435852 -28.933210 -0.511555 -0.383045 -0.700055 0.318607
4413.132000 117.945786 -737.801147 -28.934256 -0.507590 -0.391327 -0.691448 0.333339
4413.165000 117.772606 -737.986877 -28.925999 -0.506050 -0.394161 -0.687580 0.340271
4413.195000 117.617081 -738.157227 -28.913532 -0.504908 -0.396021 -0.684364 0.346238
4413.225000 117.463280 -738.328918 -28.896538 -0.504019 -0.397223 -0.681459 0.351842
4413.255000 117.312851 -738.503906 -28.876818 -0.503487 -0.397385 -0.678843 0.357433
4413.285000 117.167641 -738.684265 -28.858290 -0.503360 -0.396160 -0.676463 0.363434
4413.318000 117.009468 -738.883972 -28.841179 -0.503353 -0.394481 -0.674195 0.369436
4413.345000 116.880875 -739.048096 -28.829792 -0.503457 -0.392949 -0.672609 0.373789
4413.378000 116.725006 -739.249512 -28.818945 -0.503775 -0.390790 -0.670991 0.378503
4413.441000 116.431259 -739.637329 -28.807138 -0.505002 -0.385653 -0.668945 0.385691
4413.471000 116.291466 -739.822327 -28.805397 -0.505740 -0.382989 -0.668585 0.387995
4413.498000 116.161629 -739.986572 -28.806404 -0.506055 -0.381339 -0.668825 0.388796
4413.528000 116.012840 -740.166382 -28.809832 -0.505986 -0.380376 -0.669678 0.388361
4413.561000 115.844879 -740.361755 -28.815643 -0.505468 -0.380157 -0.671199 0.386619
4413.588000 115.705093 -740.520752 -28.821629 -0.504760 -0.380458 -0.672791 0.384476
4413.618000 115.547470 -740.696289 -28.829504 -0.503623 -0.381307 -0.674875 0.381462
4413.648000 115.388268 -740.871643 -28.838572 -0.502163 -0.382576 -0.677181 0.378013
4413.678000 115.228302 -741.047119 -28.848789 -0.500413 -0.384163 -0.679617 0.374335
4413.711000 115.051895 -741.240784 -28.861401 -0.498144 -0.386257 -0.682362 0.370189
4413.738000 114.907799 -741.400146 -28.872793 -0.496047 -0.388187 -0.684587 0.366863
4413.771000 114.732391 -741.596130 -28.888054 -0.493199 -0.390802 -0.687207 0.363009
4413.801000 114.574127 -741.775940 -28.903200 -0.490363 -0.393399 -0.689426 0.359825
4413.834000 114.396553 -741.971313 -28.919556 -0.486503 -0.397603 -0.691822 0.355821
4413.861000 114.250488 -742.130859 -28.929667 -0.482992 -0.401606 -0.693602 0.352629
4413.894000 114.074333 -742.327942 -28.937038 -0.478602 -0.406469 -0.695384 0.349519
4413.921000 113.932182 -742.490906 -28.938942 -0.474937 -0.410471 -0.696493 0.347629
4413.954000 113.761475 -742.692383 -28.936934 -0.470438 -0.415377 -0.697364 0.346170
4413.987000 113.594849 -742.896606 -28.932550 -0.465962 -0.420313 -0.697662 0.345664
4414.014000 113.461823 -743.065918 -28.928507 -0.462302 -0.424414 -0.697479 0.345938
4414.041000 113.337158 -743.240479 -28.923542 -0.459317 -0.427530 -0.696676 0.347689
4414.074000 113.192818 -743.458252 -28.918573 -0.456124 -0.430724 -0.695090 0.351110
4414.104000 113.064972 -743.658203 -28.916759 -0.453111 -0.433939 -0.693280 0.354613
4414.134000 112.940254 -743.859497 -28.917624 -0.449987 -0.437469 -0.691120 0.358450
4414.164000 112.819092 -744.062744 -28.921133 -0.446797 -0.441244 -0.688590 0.362656
4414.194000 112.701668 -744.267456 -28.927351 -0.443558 -0.445223 -0.685692 0.367232
4414.227000 112.577194 -744.494751 -28.937391 -0.439980 -0.449765 -0.682070 0.372707
4414.257000 112.468491 -744.703369 -28.949558 -0.436734 -0.453995 -0.678389 0.378076
4414.284000 112.370087 -744.890625 -28.962729 -0.433319 -0.458567 -0.674980 0.382561
4414.317000 112.246445 -745.117310 -28.975998 -0.428426 -0.465352 -0.670713 0.387353
4414.350000 112.127594 -745.345703 -28.982939 -0.423853 -0.471808 -0.665910 0.392823
4414.383000 112.013718 -745.575745 -28.985069 -0.419577 -0.477921 -0.660640 0.398876
4414.413000 111.914711 -745.786621 -28.984154 -0.415937 -0.483170 -0.655500 0.404800
4414.446000 111.810760 -746.020142 -28.980915 -0.412186 -0.488602 -0.649530 0.411682
4414.476000 111.720734 -746.233887 -28.976391 -0.409002 -0.493208 -0.643870 0.418204
4414.503000 111.643257 -746.427307 -28.971252 -0.406314 -0.497073 -0.638636 0.424231
4414.533000 111.560951 -746.643372 -28.964497 -0.403513 -0.501048 -0.632717 0.431042
4414.563000 111.482422 -746.860596 -28.956757 -0.400893 -0.504682 -0.626750 0.437910
4414.626000 111.330505 -747.320190 -28.937258 -0.396203 -0.510950 -0.614201 0.452449
4414.656000 111.271797 -747.543579 -28.926918 -0.395144 -0.511982 -0.607964 0.460559
4414.686000 111.218628 -747.768860 -28.919741 -0.394366 -0.512386 -0.601811 0.468785
4414.719000 111.162666 -748.017334 -28.916451 -0.393454 -0.512767 -0.595361 0.477294
4414.749000 111.114304 -748.243652 -28.917315 -0.392666 -0.512968 -0.589793 0.484583
4414.779000 111.067749 -748.470398 -28.921343 -0.391918 -0.513064 -0.584578 0.491359
4414.818000 111.000191 -748.761597 -28.925283 -0.390312 -0.514421 -0.578814 0.497998
4414.851000 110.945671 -749.008423 -28.922516 -0.389468 -0.514928 -0.574390 0.503230
4414.923000 110.836273 -749.548584 -28.896854 -0.389349 -0.513567 -0.566362 0.513703
4414.959000 110.789001 -749.820435 -28.876230 -0.390402 -0.511237 -0.563088 0.518801
4415.025000 110.719887 -750.325073 -28.845829 -0.394133 -0.503978 -0.558058 0.528428
4415.058000 110.687416 -750.577698 -28.836237 -0.396329 -0.500091 -0.556295 0.532324
4415.094000 110.653534 -750.853760 -28.829870 -0.399032 -0.495609 -0.554935 0.535903
4415.127000 110.623955 -751.106995 -28.827396 -0.401852 -0.491200 -0.554234 0.538574
4415.193000 110.568741 -751.614563 -28.829567 -0.408619 -0.481295 -0.554467 0.542174
4415.235000 110.535835 -751.938477 -28.833025 -0.413700 -0.474223 -0.555681 0.543308
4415.271000 110.508659 -752.216248 -28.836262 -0.418504 -0.467717 -0.557312 0.543598
4415.307000 110.481163 -752.494446 -28.839565 -0.423556 -0.461010 -0.559513 0.543153
4415.343000 110.447357 -752.771484 -28.843256 -0.428074 -0.455123 -0.562665 0.541317
4415.379000 110.407143 -753.047974 -28.847250 -0.431960 -0.450148 -0.566650 0.538224
4415.418000 110.358025 -753.346375 -28.851786 -0.435535 -0.445588 -0.571644 0.533838
4415.451000 110.313004 -753.598633 -28.855753 -0.438076 -0.442293 -0.576236 0.529546
4415.487000 110.261200 -753.873718 -28.860209 -0.440362 -0.439207 -0.581454 0.524491
4415.520000 110.211876 -754.125671 -28.864431 -0.442014 -0.436806 -0.586300 0.519690
4415.556000 110.155098 -754.399231 -28.866938 -0.443253 -0.434974 -0.591576 0.514162
4415.589000 110.101265 -754.649353 -28.864010 -0.443912 -0.433854 -0.596277 0.509084
4415.622000 110.047714 -754.900146 -28.856646 -0.444219 -0.432914 -0.600705 0.504388
4415.691000 109.942780 -755.429016 -28.849760 -0.444143 -0.430897 -0.608632 0.496620
4415.745000 109.863197 -755.843811 -28.852785 -0.442986 -0.430532 -0.613521 0.491933
4415.805000 109.778511 -756.305847 -28.860008 -0.440652 -0.431388 -0.617350 0.488477
4415.841000 109.729942 -756.583252 -28.865408 -0.438749 -0.432539 -0.618788 0.487351
4415.877000 109.683388 -756.861328 -28.871321 -0.436518 -0.434146 -0.619547 0.486961
4415.907000 109.646111 -757.093262 -28.876484 -0.434410 -0.435839 -0.619669 0.487178
4415.940000 109.602364 -757.347412 -28.879551 -0.431349 -0.438725 -0.619589 0.487409
4416.003000 109.524132 -757.833191 -28.871515 -0.425093 -0.444917 -0.617777 0.489588
4416.036000 109.492035 -758.089050 -28.866947 -0.422319 -0.447624 -0.615637 0.492209
4416.066000 109.465317 -758.322266 -28.865961 -0.419692 -0.450277 -0.613262 0.494994
4416.096000 109.440437 -758.555298 -28.867460 -0.416914 -0.453168 -0.610513 0.498092
4416.129000 109.415009 -758.811707 -28.870884 -0.413671 -0.456589 -0.607102 0.501827
4416.162000 109.392029 -759.068359 -28.875296 -0.410351 -0.460155 -0.603263 0.505908
4416.192000 109.373077 -759.301941 -28.879782 -0.407253 -0.463502 -0.599460 0.509861
4416.222000 109.355751 -759.535461 -28.884457 -0.404081 -0.466937 -0.595404 0.513987
4416.255000 109.333260 -759.791443 -28.887102 -0.399904 -0.471527 -0.591094 0.518022
4416.291000 109.310173 -760.070740 -28.883841 -0.395338 -0.476561 -0.586129 0.522542
4416.321000 109.293266 -760.303528 -28.876032 -0.391707 -0.480557 -0.581732 0.526516
4416.354000 109.282089 -760.560059 -28.866770 -0.388458 -0.484064 -0.576332 0.531625
4416.387000 109.276070 -760.816833 -28.862501 -0.385567 -0.487103 -0.570677 0.537025
4416.420000 109.271973 -761.073364 -28.861504 -0.382689 -0.490083 -0.565058 0.542289
4416.453000 109.269814 -761.329834 -28.862226 -0.379895 -0.492919 -0.559501 0.547421
4416.483000 109.269478 -761.563477 -28.863647 -0.377457 -0.495336 -0.554542 0.551953
4416.516000 109.270790 -761.820374 -28.865612 -0.374910 -0.497791 -0.549235 0.556765
4416.549000 109.274063 -762.077148 -28.867685 -0.372577 -0.499978 -0.544101 0.561393
4416.585000 109.279633 -762.357239 -28.869902 -0.370285 -0.502048 -0.538762 0.566191
4416.618000 109.286484 -762.613831 -28.871805 -0.368430 -0.503646 -0.534156 0.570331
4416.654000 109.295868 -762.893677 -28.873674 -0.366723 -0.505033 -0.529473 0.574556
4416.693000 109.307320 -763.196533 -28.875072 -0.365175 -0.506247 -0.524912 0.578644
4416.726000 109.314148 -763.452148 -28.872297 -0.363753 -0.507591 -0.521747 0.581219
4416.762000 109.325233 -763.731140 -28.864452 -0.362859 -0.508307 -0.518538 0.584017
4416.792000 109.339874 -763.964050 -28.859426 -0.362847 -0.507979 -0.515934 0.586610
4416.828000 109.358803 -764.243408 -28.855618 -0.363147 -0.507297 -0.513282 0.589335
4416.864000 109.379066 -764.522583 -28.853090 -0.363806 -0.506308 -0.511139 0.591637
4416.903000 109.402420 -764.825012 -28.851015 -0.364932 -0.504878 -0.509382 0.593678
4417.011000 109.473923 -765.661621 -28.846159 -0.370237 -0.499048 -0.507423 0.596990
4417.083000 109.526314 -766.219116 -28.842821 -0.375417 -0.493786 -0.508256 0.597421
4417.116000 109.551346 -766.474609 -28.841232 -0.378176 -0.491057 -0.509131 0.597186
4417.149000 109.576920 -766.729980 -28.839613 -0.381145 -0.488155 -0.510281 0.596697
4417.182000 109.602936 -766.985474 -28.837982 -0.384305 -0.485097 -0.511674 0.595970
4417.218000 109.631775 -767.263977 -28.836203 -0.387941 -0.481606 -0.513440 0.594926
4417.254000 109.660919 -767.542664 -28.834440 -0.391735 -0.477985 -0.515430 0.593638
4417.290000 109.690308 -767.821228 -28.832714 -0.395658 -0.474256 -0.517604 0.592134
4417.326000 109.719940 -768.099854 -28.831030 -0.399694 -0.470434 -0.519911 0.590449
4417.362000 109.749626 -768.378479 -28.829414 -0.403793 -0.466558 -0.522329 0.588597
4417.395000 109.776733 -768.633911 -28.828005 -0.407569 -0.462988 -0.524621 0.586773
4417.431000 109.806297 -768.912537 -28.826557 -0.411709 -0.459072 -0.527150 0.584689
4417.464000 109.833183 -769.168030 -28.825321 -0.415482 -0.455502 -0.529484 0.582700
4417.497000 109.859825 -769.423523 -28.824177 -0.419214 -0.451963 -0.531808 0.580662
4417.533000 109.888550 -769.702271 -28.823046 -0.423214 -0.448162 -0.534311 0.578405
4417.566000 109.914375 -769.957886 -28.822117 -0.426774 -0.444770 -0.536572 0.576311
4417.602000 109.936874 -770.236938 -28.821119 -0.429789 -0.441915 -0.539491 0.573534
4417.632000 109.949799 -770.470276 -28.820225 -0.431361 -0.440430 -0.542370 0.570774
4417.701000 109.964050 -771.008057 -28.818048 -0.432050 -0.439595 -0.549824 0.563722
4417.737000 109.965294 -771.289307 -28.817034 -0.430979 -0.440341 -0.553798 0.560058
4417.770000 109.963951 -771.547424 -28.816315 -0.429227 -0.441628 -0.557302 0.556906
4417.803000 109.960991 -771.806091 -28.815920 -0.426799 -0.443434 -0.560554 0.554064
4417.836000 109.957069 -772.065063 -28.815962 -0.423752 -0.445719 -0.563459 0.551618
4417.869000 109.952621 -772.324524 -28.816525 -0.420120 -0.448461 -0.565943 0.549627
4417.905000 109.947899 -772.607849 -28.817846 -0.415566 -0.451927 -0.568082 0.548041
4417.938000 109.944069 -772.868042 -28.819792 -0.410882 -0.455528 -0.569470 0.547151
4417.971000 109.941177 -773.128601 -28.822495 -0.405765 -0.459505 -0.570260 0.546822
4418.004000 109.939606 -773.388977 -28.825996 -0.400260 -0.463833 -0.570417 0.547061
4418.037000 109.939598 -773.649353 -28.830326 -0.394400 -0.468493 -0.569926 0.547857
4418.070000 109.941566 -773.909973 -28.835480 -0.388248 -0.473444 -0.568760 0.549205
4418.103000 109.945671 -774.170837 -28.841471 -0.381825 -0.478666 -0.566930 0.551070
4418.133000 109.951569 -774.407959 -28.847603 -0.375809 -0.483605 -0.564681 0.553199
4418.202000 109.973404 -774.952393 -28.864088 -0.361431 -0.495534 -0.557498 0.559472
4418.235000 109.988281 -775.212646 -28.873041 -0.354377 -0.501429 -0.553124 0.563063
4418.268000 110.006149 -775.472412 -28.882612 -0.347250 -0.507395 -0.548195 0.566965
4418.301000 110.026909 -775.731750 -28.892675 -0.340069 -0.513407 -0.542770 0.571111
4418.337000 110.045685 -776.015076 -28.901175 -0.331196 -0.520817 -0.537002 0.575054
4418.367000 110.063057 -776.251099 -28.903376 -0.323808 -0.526981 -0.531839 0.578434
4418.403000 110.087608 -776.533203 -28.899776 -0.315258 -0.534110 -0.525112 0.582748
4418.436000 110.114899 -776.791138 -28.891205 -0.307902 -0.540214 -0.518406 0.587044
4418.469000 110.154190 -777.046753 -28.884918 -0.301967 -0.545141 -0.510667 0.592332
4418.532000 110.240219 -777.532227 -28.889151 -0.290932 -0.554077 -0.495658 0.602229
4418.562000 110.285492 -777.762329 -28.895681 -0.285840 -0.558076 -0.488528 0.606784
4418.595000 110.338387 -778.014526 -28.904310 -0.280449 -0.562211 -0.480748 0.611676
4418.625000 110.387489 -778.243591 -28.912634 -0.275528 -0.565913 -0.473938 0.615800
4418.655000 110.432266 -778.473267 -28.918509 -0.269942 -0.570153 -0.467858 0.619004
4418.688000 110.484215 -778.724915 -28.919455 -0.264291 -0.574390 -0.461272 0.622459
4418.721000 110.539467 -778.975769 -28.914497 -0.259257 -0.578087 -0.454795 0.625910
4418.754000 110.597733 -779.225220 -28.903698 -0.254817 -0.581274 -0.448509 0.629308
4418.787000 110.659393 -779.473755 -28.887442 -0.251042 -0.583901 -0.442418 0.632696
4418.817000 110.724625 -779.697083 -28.872032 -0.248944 -0.585111 -0.436534 0.636483
4418.850000 110.800858 -779.941528 -28.858589 -0.247126 -0.585972 -0.430304 0.640628
4418.880000 110.872192 -780.162964 -28.849911 -0.245669 -0.586600 -0.425054 0.644109
4418.913000 110.952995 -780.405701 -28.844139 -0.244319 -0.587099 -0.419739 0.647644
4418.949000 111.043961 -780.669495 -28.841991 -0.243212 -0.587364 -0.414530 0.651165
4418.982000 111.130096 -780.910400 -28.843203 -0.242633 -0.587287 -0.410330 0.654104
4419.015000 111.218758 -781.150269 -28.846191 -0.242527 -0.586873 -0.406685 0.656787
4419.042000 111.292976 -781.346008 -28.849230 -0.242786 -0.586288 -0.404122 0.658792
4419.075000 111.385635 -781.584412 -28.853144 -0.243532 -0.585278 -0.401495 0.661017
4419.105000 111.471611 -781.800598 -28.856619 -0.244618 -0.584085 -0.399582 0.662828
4419.138000 111.567986 -782.037476 -28.860170 -0.246255 -0.582486 -0.397985 0.664587
4419.165000 111.648178 -782.230896 -28.862797 -0.247932 -0.580964 -0.397063 0.665846
4419.198000 111.747742 -782.466675 -28.865631 -0.250380 -0.578857 -0.396387 0.667167
4419.231000 111.848885 -782.701721 -28.868036 -0.253247 -0.576496 -0.396184 0.668249
4419.261000 111.942108 -782.914978 -28.869860 -0.256199 -0.574145 -0.396387 0.669027
4419.297000 112.055496 -783.170044 -28.871618 -0.260151 -0.571088 -0.397081 0.669707
4419.327000 112.151093 -783.382324 -28.872732 -0.263749 -0.568370 -0.398015 0.670057
4419.363000 112.259598 -783.638672 -28.871389 -0.267283 -0.565912 -0.400265 0.669396
4419.396000 112.351776 -783.877197 -28.865793 -0.269264 -0.564514 -0.403569 0.667797
4419.429000 112.443047 -784.117737 -28.861513 -0.270626 -0.563155 -0.407428 0.666049
4419.462000 112.531013 -784.360840 -28.860806 -0.270973 -0.562302 -0.411917 0.663863
4419.495000 112.616081 -784.605896 -28.862690 -0.270333 -0.561965 -0.416822 0.661343
4419.528000 112.699326 -784.852478 -28.866629 -0.268782 -0.562041 -0.421911 0.658678
4419.561000 112.781860 -785.100281 -28.872334 -0.266427 -0.562447 -0.426949 0.656037
4419.591000 112.857056 -785.326050 -28.878954 -0.263660 -0.563056 -0.431313 0.653773
4419.624000 112.940094 -785.575134 -28.887787 -0.259864 -0.564021 -0.435803 0.651480
4419.657000 113.018433 -785.826538 -28.895233 -0.254485 -0.565923 -0.440401 0.648857
4419.690000 113.097198 -786.078247 -28.897942 -0.248410 -0.568122 -0.444403 0.646557
4419.720000 113.170807 -786.306763 -28.895954 -0.242534 -0.570218 -0.447294 0.644947
4419.753000 113.258881 -786.555359 -28.890680 -0.236565 -0.572165 -0.449126 0.644166
4419.783000 113.345848 -786.778564 -28.887140 -0.231594 -0.573639 -0.449682 0.644273
4419.819000 113.453995 -787.044739 -28.885752 -0.225286 -0.575648 -0.449547 0.644812
4419.855000 113.566200 -787.308960 -28.887403 -0.218588 -0.577955 -0.448530 0.645762
4419.891000 113.682800 -787.570923 -28.891964 -0.211537 -0.580533 -0.446595 0.647137
4419.924000 113.793839 -787.808716 -28.898623 -0.204858 -0.583132 -0.443963 0.648758
4419.960000 113.919800 -788.065247 -28.908562 -0.197379 -0.586188 -0.440141 0.650924
4419.999000 114.062096 -788.339600 -28.922565 -0.189081 -0.589730 -0.434891 0.653710
4420.035000 114.199013 -788.589111 -28.938610 -0.181290 -0.593186 -0.429029 0.656657
4420.107000 114.468491 -789.090454 -28.968258 -0.161692 -0.602299 -0.416627 0.661448
4420.143000 114.608429 -789.337097 -28.973383 -0.151879 -0.607054 -0.408868 0.664263
4420.176000 114.741348 -789.559509 -28.974272 -0.143203 -0.611358 -0.400790 0.667160
4420.212000 114.891579 -789.797974 -28.972761 -0.134096 -0.615957 -0.391056 0.670590
4420.245000 115.034004 -790.012573 -28.969927 -0.126076 -0.620047 -0.381419 0.673918
4420.284000 115.207909 -790.261475 -28.965309 -0.116993 -0.624678 -0.369328 0.678003
4420.323000 115.387779 -790.505005 -28.959469 -0.108447 -0.629021 -0.356607 0.682205
4420.356000 115.544449 -790.706726 -28.953627 -0.101658 -0.632422 -0.345499 0.685812
4420.395000 115.744385 -790.932739 -28.946072 -0.096250 -0.635095 -0.330742 0.691375
4420.425000 115.903496 -791.101868 -28.944555 -0.092588 -0.636737 -0.319247 0.695755
4420.464000 116.108269 -791.322937 -28.947872 -0.086683 -0.639220 -0.305511 0.700390
4420.494000 116.262154 -791.495239 -28.947798 -0.081314 -0.641474 -0.296011 0.703048
4420.530000 116.449844 -791.698547 -28.941732 -0.075713 -0.643717 -0.284768 0.706260
4420.566000 116.640923 -791.898315 -28.931244 -0.070988 -0.645461 -0.273856 0.709467
4420.602000 116.842407 -792.088257 -28.918663 -0.068532 -0.645945 -0.262322 0.713614
4420.635000 117.032387 -792.257385 -28.909878 -0.067197 -0.645788 -0.251937 0.717615
4420.674000 117.259109 -792.454834 -28.904142 -0.065871 -0.645396 -0.240601 0.721967
4420.707000 117.452888 -792.619568 -28.902914 -0.065084 -0.644878 -0.231792 0.725375
4420.758000 117.756020 -792.869934 -28.906517 -0.064725 -0.643675 -0.219660 0.730235
4420.809000 118.058418 -793.119751 -28.913631 -0.064734 -0.642553 -0.210293 0.733970
4420.845000 118.269829 -793.296631 -28.913597 -0.065130 -0.641902 -0.205472 0.735868
4420.875000 118.447937 -793.441772 -28.908852 -0.066393 -0.640978 -0.202107 0.737490
4420.941000 118.842865 -793.758179 -28.883955 -0.071230 -0.638132 -0.197356 0.740786
4420.974000 119.040672 -793.919189 -28.868320 -0.073541 -0.636460 -0.196797 0.742146
4421.037000 119.415466 -794.236572 -28.851782 -0.075678 -0.633747 -0.199349 0.743571
4421.070000 119.609222 -794.407654 -28.851463 -0.075462 -0.632829 -0.202410 0.743547
4421.103000 119.802185 -794.581299 -28.856956 -0.074443 -0.632133 -0.206360 0.743157
4421.139000 120.012917 -794.771790 -28.867537 -0.072730 -0.631477 -0.211235 0.742514
4421.169000 120.189087 -794.930969 -28.878910 -0.070850 -0.630969 -0.215551 0.741887
4421.199000 120.366142 -795.089905 -28.892038 -0.068630 -0.630465 -0.219905 0.741246
4421.232000 120.560616 -795.265747 -28.907766 -0.065406 -0.630086 -0.224869 0.740370
4421.265000 120.751709 -795.445740 -28.920694 -0.060700 -0.630232 -0.230358 0.738958
4421.298000 120.944473 -795.624512 -28.928396 -0.055792 -0.630275 -0.235303 0.737749
4421.331000 121.139374 -795.801147 -28.930637 -0.050791 -0.630207 -0.239513 0.736813
4421.367000 121.354340 -795.991394 -28.927481 -0.045146 -0.630075 -0.243213 0.736080
4421.400000 121.554070 -796.162231 -28.921888 -0.039906 -0.629954 -0.245643 0.735680
4421.433000 121.760025 -796.324280 -28.915031 -0.035726 -0.629530 -0.246381 0.736011
4421.466000 121.971893 -796.477722 -28.909487 -0.032447 -0.628872 -0.245625 0.736977
4421.499000 122.185760 -796.627930 -28.907188 -0.028768 -0.628392 -0.244286 0.737984
4421.532000 122.401573 -796.774414 -28.908020 -0.024764 -0.628111 -0.242307 0.739020
4421.565000 122.619469 -796.917114 -28.911917 -0.020460 -0.628005 -0.239668 0.740102
4421.595000 122.819458 -797.042847 -28.918064 -0.016350 -0.628048 -0.236662 0.741134
4421.634000 123.082222 -797.201050 -28.929792 -0.010778 -0.628282 -0.231879 0.742548
4421.664000 123.286537 -797.318115 -28.941742 -0.006367 -0.628586 -0.227519 0.743690
4421.691000 123.470909 -797.422180 -28.954603 -0.001896 -0.629030 -0.223399 0.744587
4421.724000 123.693100 -797.554199 -28.968700 0.005410 -0.630061 -0.218931 0.745026
4421.826000 124.391304 -797.934204 -28.978502 0.026275 -0.633513 -0.199417 0.747130
4421.862000 124.642174 -798.056946 -28.974945 0.032908 -0.634741 -0.190797 0.748075
4421.892000 124.852859 -798.154724 -28.970503 0.038179 -0.635737 -0.183113 0.748900
4421.925000 125.086266 -798.257507 -28.964254 0.043601 -0.636792 -0.174175 0.749838
4421.964000 125.364159 -798.372620 -28.955349 0.049554 -0.637949 -0.163147 0.750965
4422.030000 125.839012 -798.552856 -28.936859 0.058421 -0.639590 -0.143795 0.752884
4422.069000 126.125755 -798.642578 -28.924633 0.061209 -0.639946 -0.130962 0.754700
4422.102000 126.371559 -798.709961 -28.918793 0.062583 -0.639903 -0.119749 0.756483
4422.138000 126.640564 -798.780396 -28.918648 0.064163 -0.639767 -0.108098 0.758219
4422.171000 126.888031 -798.841614 -28.923603 0.065478 -0.639542 -0.097917 0.759678
4422.207000 127.156792 -798.909729 -28.932001 0.067514 -0.639441 -0.088112 0.760785
4422.243000 127.423500 -798.980896 -28.935808 0.070026 -0.639541 -0.079694 0.761402
4422.276000 127.668747 -799.042542 -28.933186 0.071433 -0.639444 -0.072292 0.762091
4422.342000 128.160995 -799.157959 -28.910959 0.071887 -0.638765 -0.058806 0.763776
4422.378000 128.430283 -799.216858 -28.889997 0.070876 -0.638172 -0.052351 0.764835
4422.411000 128.678497 -799.266235 -28.867928 0.068829 -0.637384 -0.046741 0.766041
4422.447000 128.952484 -799.311951 -28.846231 0.064988 -0.636057 -0.040482 0.767834
4422.480000 129.204086 -799.352173 -28.830418 0.061190 -0.634836 -0.035522 0.769401
4422.516000 129.478745 -799.395081 -28.817644 0.056811 -0.633562 -0.031026 0.770979
4422.552000 129.753693 -799.436462 -28.809362 0.052055 -0.632330 -0.027399 0.772462
4422.651000 130.512070 -799.542664 -28.805693 0.036274 -0.629005 -0.022055 0.776242
4422.684000 130.764816 -799.581055 -28.808447 0.031078 -0.628016 -0.022485 0.777255
4422.714000 130.993927 -799.620911 -28.811945 0.027171 -0.627267 -0.024214 0.777953
4422.747000 131.245407 -799.669373 -28.816488 0.023620 -0.626568 -0.027294 0.778530
4422.777000 131.473709 -799.716370 -28.821054 0.020961 -0.626007 -0.030929 0.778922
4422.810000 131.724640 -799.770813 -28.826445 0.018585 -0.625436 -0.035614 0.779241
4422.840000 131.952698 -799.822021 -28.831631 0.016864 -0.624930 -0.040306 0.779457
4422.873000 132.203629 -799.879700 -28.837646 0.015416 -0.624367 -0.045756 0.779637
4422.906000 132.454727 -799.938171 -28.843987 0.014398 -0.623781 -0.051326 0.779779
4422.942000 132.728958 -800.002197 -28.851292 0.013750 -0.623106 -0.057339 0.779911
4422.972000 132.957764 -800.055481 -28.857714 0.013577 -0.622514 -0.062177 0.780016
4423.008000 133.232727 -800.118713 -28.865820 0.013780 -0.621774 -0.067616 0.780151
4423.041000 133.485184 -800.175598 -28.873648 0.014367 -0.621077 -0.072146 0.780290
4423.074000 133.737854 -800.231934 -28.881628 0.015448 -0.620403 -0.076233 0.780417
4423.107000 133.989349 -800.291565 -28.886339 0.017765 -0.619940 -0.080369 0.780320
4423.140000 134.241089 -800.349670 -28.885777 0.020407 -0.619479 -0.083804 0.780260
4423.173000 134.493286 -800.405579 -28.879789 0.023233 -0.619013 -0.086391 0.780269
4423.209000 134.769424 -800.462585 -28.868332 0.026212 -0.618477 -0.088009 0.780419
4423.242000 135.024261 -800.506958 -28.859650 0.028214 -0.617914 -0.088046 0.780790
4423.278000 135.302643 -800.552185 -28.854433 0.030708 -0.617393 -0.087362 0.781186
4423.311000 135.558090 -800.591003 -28.853577 0.033371 -0.617013 -0.086129 0.781514
4423.341000 135.790527 -800.623901 -28.855848 0.036077 -0.616745 -0.084444 0.781789
4423.377000 136.069794 -800.660217 -28.861942 0.039687 -0.616512 -0.081670 0.782092
4423.410000 136.326065 -800.690552 -28.869568 0.043299 -0.616372 -0.078410 0.782344
4423.446000 136.605881 -800.720581 -28.879040 0.047516 -0.616286 -0.074110 0.782586
4423.479000 136.862564 -800.745361 -28.888245 0.051601 -0.616257 -0.069542 0.782770
4423.515000 137.142532 -800.770142 -28.898298 0.056377 -0.616287 -0.064047 0.782886
4423.548000 137.398254 -800.796753 -28.904459 0.062099 -0.616433 -0.059441 0.782701
4423.581000 137.653976 -800.821106 -28.905029 0.067761 -0.616607 -0.054323 0.782466
4423.617000 137.933029 -800.844177 -28.899118 0.073664 -0.616811 -0.048114 0.782178
4423.653000 138.212051 -800.863953 -28.886469 0.079271 -0.617025 -0.041373 0.781847
4423.686000 138.468430 -800.872620 -28.874014 0.083010 -0.617143 -0.033963 0.781723
4423.719000 138.725067 -800.875854 -28.867662 0.086304 -0.617214 -0.026157 0.781610
4423.752000 138.981644 -800.876709 -28.866657 0.089652 -0.617265 -0.018436 0.781414
4423.788000 139.261444 -800.875061 -28.868809 0.093209 -0.617280 -0.010103 0.781137
4423.821000 139.517838 -800.871094 -28.872221 0.096302 -0.617249 -0.002590 0.780847
4423.857000 139.797394 -800.864380 -28.876577 0.099421 -0.617165 0.005417 0.780509
4423.890000 140.053619 -800.856140 -28.880690 0.101993 -0.617042 0.012530 0.780192
4423.926000 140.333054 -800.844971 -28.885023 0.104448 -0.616863 0.019976 0.779853
4423.959000 140.588470 -800.837952 -28.886732 0.107281 -0.616792 0.025737 0.779356
4423.992000 140.843506 -800.830444 -28.883186 0.109863 -0.616748 0.031037 0.778838
4424.025000 141.098419 -800.820618 -28.874081 0.111784 -0.616672 0.036140 0.778405
4424.058000 141.353516 -800.805054 -28.862621 0.112493 -0.616479 0.041468 0.778190
4424.091000 141.608948 -800.784424 -28.854872 0.112239 -0.616180 0.046809 0.778160
4424.160000 142.142624 -800.737122 -28.847931 0.110667 -0.615612 0.056128 0.778219
4424.196000 142.420914 -800.710144 -28.846386 0.109194 -0.615352 0.060024 0.778342
4424.226000 142.652740 -800.686829 -28.845459 0.107606 -0.615157 0.062770 0.778500
4424.262000 142.930832 -800.657776 -28.844486 0.105263 -0.614954 0.065473 0.778759
4424.295000 143.185669 -800.630005 -28.843601 0.102699 -0.614799 0.067393 0.779059
4424.328000 143.440445 -800.601379 -28.842659 0.099751 -0.614678 0.068789 0.779416
4424.364000 143.718323 -800.569458 -28.841536 0.096106 -0.614586 0.069736 0.779862
4424.397000 143.972992 -800.539185 -28.840420 0.092393 -0.614539 0.070093 0.780315
4424.430000 144.227631 -800.508484 -28.839230 0.088349 -0.614528 0.069984 0.780802
4424.466000 144.505371 -800.474304 -28.837870 0.083580 -0.614554 0.069364 0.781362
4424.496000 144.736816 -800.445374 -28.836704 0.079353 -0.614605 0.068468 0.781841
4424.532000 145.014709 -800.410461 -28.835283 0.074000 -0.614699 0.066976 0.782421
4424.565000 145.269440 -800.378052 -28.833986 0.068861 -0.614812 0.065239 0.782949
4424.598000 145.524185 -800.345459 -28.832706 0.063533 -0.614946 0.063180 0.783462
4424.634000 145.802109 -800.309753 -28.831362 0.057538 -0.615113 0.060610 0.783997
4424.667000 146.056885 -800.277161 -28.830196 0.051917 -0.615280 0.057991 0.784457
4424.700000 146.311844 -800.244995 -28.829102 0.046206 -0.615455 0.055157 0.784881
4424.739000 146.613205 -800.206482 -28.827927 0.039391 -0.615669 0.051575 0.785328
4424.805000 147.123764 -800.148499 -28.826218 0.029073 -0.616030 0.044251 0.785941
4424.844000 147.426254 -800.126160 -28.825226 0.025366 -0.616205 0.038351 0.786243
4424.880000 147.705978 -800.111694 -28.824310 0.023388 -0.616278 0.032284 0.786519
4424.916000 147.986191 -800.101807 -28.823460 0.022635 -0.616231 0.025958 0.786812
4424.955000 148.290497 -800.094910 -28.822731 0.023069 -0.616018 0.019133 0.787162
4424.994000 148.595383 -800.090820 -28.822357 0.024685 -0.615627 0.012636 0.787549
4425.030000 148.877350 -800.088440 -28.822466 0.027142 -0.615115 0.007148 0.787938
4425.066000 149.159775 -800.086853 -28.823128 0.030449 -0.614472 0.002329 0.788347
4425.102000 149.442627 -800.085388 -28.824450 0.034560 -0.613717 -0.001695 0.788768
4425.144000 149.773102 -800.082703 -28.826948 0.040295 -0.612724 -0.005238 0.789252
4425.222000 150.387726 -800.073914 -28.834673 0.053471 -0.610671 -0.008256 0.790034
4425.258000 150.671631 -800.066833 -28.839655 0.060505 -0.609686 -0.007979 0.790290
4425.297000 150.979202 -800.056519 -28.846073 0.068721 -0.608616 -0.006480 0.790457
4425.339000 151.310364 -800.041992 -28.854143 0.078173 -0.607477 -0.003495 0.790473
4425.375000 151.593994 -800.026367 -28.861961 0.086695 -0.606518 0.000153 0.790329
4425.417000 151.924576 -800.004028 -28.872070 0.097043 -0.605419 0.005599 0.789949
4425.456000 152.231079 -799.979126 -28.882324 0.106955 -0.604415 0.011714 0.789370
4425.495000 152.537262 -799.952148 -28.892853 0.117420 -0.603391 0.018472 0.788537
4425.531000 152.820129 -799.930298 -28.898230 0.128357 -0.602343 0.024508 0.787468
4425.576000 153.172806 -799.897888 -28.895563 0.141720 -0.601088 0.033125 0.785819
4425.615000 153.477264 -799.864136 -28.885111 0.152726 -0.600076 0.041574 0.784127
4425.693000 154.079575 -799.762329 -28.876032 0.170518 -0.598409 0.062458 0.780339
4425.747000 154.493759 -799.680237 -28.884972 0.182396 -0.597126 0.077173 0.777314
4425.804000 154.928574 -799.584412 -28.899179 0.194173 -0.595648 0.092606 0.773902
4425.846000 155.248703 -799.514465 -28.909208 0.203333 -0.594406 0.102817 0.771210
4425.882000 155.522873 -799.455444 -28.911665 0.211321 -0.593310 0.110759 0.768804
4425.918000 155.795746 -799.392639 -28.907133 0.218384 -0.592276 0.118675 0.766443
4425.957000 156.089996 -799.320557 -28.894419 0.225037 -0.591228 0.127080 0.763975
4425.993000 156.358917 -799.244568 -28.878716 0.229256 -0.590396 0.135457 0.761922
4426.029000 156.625595 -799.160767 -28.866852 0.232123 -0.589621 0.144059 0.760074
4426.065000 156.891281 -799.074097 -28.859999 0.234658 -0.588857 0.152015 0.758336
4426.101000 157.155884 -798.984497 -28.857687 0.236748 -0.588136 0.159309 0.756748
4426.134000 157.397491 -798.899719 -28.858774 0.238158 -0.587533 0.165387 0.755469
4426.170000 157.660110 -798.804688 -28.861856 0.239102 -0.586951 0.171341 0.754295
4426.206000 157.921768 -798.707031 -28.865734 0.239387 -0.586468 0.176607 0.753365
4426.239000 158.160721 -798.615112 -28.869389 0.239037 -0.586131 0.180848 0.752732
4426.275000 158.420517 -798.512695 -28.873188 0.238015 -0.585881 0.184820 0.752286
4426.314000 158.700958 -798.399231 -28.876877 0.236168 -0.585759 0.188359 0.752085
4426.347000 158.937469 -798.301392 -28.879585 0.234022 -0.585784 0.190743 0.752136
4426.386000 159.216797 -798.186707 -28.881233 0.231418 -0.585983 0.192388 0.752368
4426.419000 159.453079 -798.091675 -28.877626 0.229265 -0.586334 0.192740 0.752663
4426.455000 159.709732 -797.984802 -28.867834 0.225982 -0.586855 0.192879 0.753214
4426.488000 159.943283 -797.880066 -28.859612 0.221478 -0.587398 0.193362 0.754004
4426.524000 160.197433 -797.763550 -28.854042 0.216091 -0.588095 0.193399 0.755014
4426.557000 160.429932 -797.656006 -28.850664 0.210878 -0.588850 0.192912 0.756023
4426.593000 160.683075 -797.537476 -28.847902 0.204887 -0.589786 0.191887 0.757201
4426.623000 160.893768 -797.438171 -28.845966 0.199691 -0.590641 0.190667 0.758230
4426.656000 161.126465 -797.330750 -28.844250 0.194340 -0.591535 0.188592 0.759441
4426.689000 161.361984 -797.229309 -28.843281 0.190298 -0.592180 0.185236 0.760788
4426.725000 161.621536 -797.123657 -28.842968 0.187179 -0.592597 0.180510 0.762371
4426.758000 161.861481 -797.030579 -28.843334 0.185350 -0.592705 0.175532 0.763895
4426.794000 162.124893 -796.931702 -28.844469 0.184327 -0.592519 0.169733 0.765595
4426.827000 162.367493 -796.842590 -28.846231 0.184174 -0.592076 0.164342 0.767149
4426.860000 162.610977 -796.754272 -28.848755 0.184726 -0.591371 0.159072 0.768670
4426.893000 162.854919 -796.666016 -28.852074 0.185903 -0.590426 0.154119 0.770120
4426.926000 163.099167 -796.577332 -28.856247 0.187688 -0.589253 0.149616 0.771472
4426.965000 163.387863 -796.471313 -28.862328 0.190527 -0.587604 0.145050 0.772904
4427.001000 163.654022 -796.371765 -28.869059 0.193805 -0.585869 0.141701 0.774027
4427.034000 163.897522 -796.278748 -28.876177 0.197340 -0.584125 0.139443 0.774861
4427.070000 164.162399 -796.174805 -28.884962 0.201753 -0.582084 0.137926 0.775532
4427.172000 164.914413 -795.884094 -28.891584 0.220351 -0.575087 0.136672 0.775914
4427.208000 165.175446 -795.772095 -28.883852 0.226735 -0.572791 0.138982 0.775362
4427.241000 165.410858 -795.661682 -28.878872 0.231915 -0.570938 0.142572 0.774544
4427.280000 165.686829 -795.527405 -28.877462 0.238430 -0.568731 0.147592 0.773248
4427.310000 165.897400 -795.421021 -28.879795 0.243717 -0.567019 0.152001 0.772002
4427.346000 166.147949 -795.289917 -28.886440 0.250340 -0.564945 0.157948 0.770207
4427.379000 166.375443 -795.166138 -28.895769 0.256628 -0.563031 0.164040 0.768264
4427.418000 166.641693 -795.015747 -28.909153 0.264235 -0.560754 0.171969 0.765612
4427.487000 167.113312 -794.752258 -28.929884 0.280364 -0.555950 0.185528 0.760194
4427.526000 167.377747 -794.600708 -28.931355 0.289646 -0.553214 0.193661 0.756673
4427.559000 167.599091 -794.469421 -28.926081 0.297077 -0.551034 0.201042 0.753451
4427.595000 167.838058 -794.322937 -28.913679 0.304721 -0.548792 0.209486 0.749726
4427.634000 168.092789 -794.158997 -28.894932 0.312101 -0.546618 0.219229 0.745480
4427.673000 168.338257 -793.981567 -28.878975 0.317149 -0.545069 0.230596 0.741041
4427.712000 168.580597 -793.800293 -28.871090 0.322009 -0.543459 0.241649 0.736592
4427.748000 168.801834 -793.629822 -28.870554 0.326335 -0.541918 0.251440 0.732536
4427.787000 169.038467 -793.441528 -28.875252 0.330575 -0.540301 0.261646 0.728242
4427.823000 169.254486 -793.264832 -28.881907 0.333997 -0.538878 0.270643 0.724437
4427.859000 169.468338 -793.085510 -28.889311 0.336874 -0.537554 0.279191 0.720835
4427.898000 169.697601 -792.888672 -28.897318 0.339324 -0.536269 0.287892 0.717212
4427.937000 169.926514 -792.692017 -28.904348 0.341690 -0.535032 0.295416 0.713946
4427.970000 170.121536 -792.528442 -28.905861 0.344042 -0.534002 0.300463 0.711477
4428.009000 170.349548 -792.332397 -28.900286 0.345752 -0.533120 0.306063 0.708918
4428.042000 170.540329 -792.164368 -28.889374 0.346300 -0.532672 0.310464 0.707071
4428.078000 170.745621 -791.977661 -28.871986 0.345767 -0.532532 0.315080 0.705393
4428.111000 170.928909 -791.799744 -28.857304 0.343670 -0.532783 0.319754 0.704124
4428.150000 171.143616 -791.587341 -28.844849 0.340698 -0.533274 0.324603 0.702977
4428.186000 171.340576 -791.390076 -28.837791 0.337586 -0.533943 0.328249 0.702277
4428.219000 171.520050 -791.208008 -28.834272 0.334327 -0.534769 0.330902 0.701963
4428.258000 171.731094 -790.991760 -28.832033 0.329971 -0.535996 0.333213 0.701995
4428.333000 172.133438 -790.572083 -28.829626 0.319917 -0.539184 0.335450 0.703141
4428.366000 172.309357 -790.386169 -28.828676 0.314863 -0.540902 0.335554 0.704053
4428.402000 172.500595 -790.182556 -28.827559 0.308954 -0.542976 0.335098 0.705290
4428.474000 172.881485 -789.773438 -28.824978 0.296044 -0.547686 0.332559 0.708380
4428.510000 173.072693 -789.569519 -28.823681 0.289503 -0.550139 0.330294 0.710240
4428.543000 173.252167 -789.386536 -28.822824 0.284529 -0.552036 0.327015 0.712293
4428.582000 173.469208 -789.175232 -28.822239 0.279951 -0.553785 0.321895 0.715076
4428.618000 173.673264 -788.983521 -28.822075 0.276770 -0.554948 0.316377 0.717870
4428.654000 173.880081 -788.794189 -28.822306 0.274472 -0.555676 0.310418 0.720784
4428.690000 174.088837 -788.606323 -28.822977 0.272945 -0.555991 0.304312 0.723719
4428.726000 174.298965 -788.419373 -28.824152 0.272120 -0.555904 0.298301 0.726594
4428.762000 174.509918 -788.232727 -28.825888 0.271950 -0.555432 0.292589 0.729335
4428.795000 174.703644 -788.061462 -28.828030 0.272355 -0.554674 0.287758 0.731680
4428.870000 175.143494 -787.670288 -28.835005 0.275154 -0.551914 0.278810 0.736170
4428.903000 175.336136 -787.496643 -28.839046 0.277181 -0.550300 0.275954 0.737692
4428.942000 175.562653 -787.289917 -28.844614 0.280187 -0.548118 0.273532 0.739082
4428.981000 175.787567 -787.081299 -28.851007 0.283824 -0.545681 0.272197 0.739990
4429.017000 175.993439 -786.886719 -28.857613 0.287708 -0.543244 0.271956 0.740372
4429.056000 176.214310 -786.673889 -28.865479 0.292453 -0.540431 0.272765 0.740273
4429.095000 176.432785 -786.458679 -28.874023 0.297713 -0.537465 0.274661 0.739635
4429.128000 176.615601 -786.274597 -28.881725 0.302533 -0.534852 0.277079 0.738671
4429.164000 176.813354 -786.072266 -28.890371 0.308266 -0.531855 0.280404 0.737208
4429.203000 177.030243 -785.856079 -28.895548 0.316065 -0.527971 0.283850 0.735377
4429.236000 177.211639 -785.671387 -28.893896 0.322764 -0.524697 0.287508 0.733386
4429.305000 177.580307 -785.276550 -28.874428 0.335985 -0.518398 0.297793 0.727803
4429.341000 177.762512 -785.062012 -28.866352 0.341640 -0.515758 0.304961 0.724069
4429.377000 177.941696 -784.845215 -28.864637 0.347453 -0.513044 0.312365 0.720063
4429.413000 178.117844 -784.626282 -28.867870 0.353331 -0.510279 0.319976 0.715813
4429.449000 178.291153 -784.405273 -28.873726 0.359160 -0.507494 0.327748 0.711362
4429.485000 178.461716 -784.182251 -28.880829 0.364847 -0.504720 0.335622 0.706755
4429.524000 178.643417 -783.938599 -28.889090 0.370751 -0.501767 0.344189 0.701647
4429.563000 178.822769 -783.693420 -28.897312 0.376489 -0.498813 0.352553 0.696526
4429.596000 178.977570 -783.488831 -28.901247 0.382194 -0.495914 0.358532 0.692425
4429.629000 179.130264 -783.283081 -28.899546 0.387439 -0.493225 0.364458 0.688324
4429.668000 179.307434 -783.038025 -28.890121 0.392857 -0.490388 0.371457 0.683522
4429.701000 179.452240 -782.827087 -28.877716 0.396290 -0.488486 0.377735 0.679449
4429.737000 179.602768 -782.591492 -28.867661 0.398584 -0.487001 0.385160 0.674991
4429.776000 179.763107 -782.334595 -28.862654 0.400692 -0.485534 0.392642 0.670474
4429.812000 179.908890 -782.096252 -28.861828 0.402244 -0.484350 0.398959 0.666661
4429.893000 180.229080 -781.555237 -28.864689 0.403926 -0.482581 0.411250 0.659418
4429.929000 180.368317 -781.313049 -28.866402 0.403845 -0.482224 0.415823 0.656857
4429.971000 180.528458 -781.029053 -28.868177 0.403077 -0.482184 0.420468 0.654396
4430.013000 180.686203 -780.743896 -28.869541 0.401581 -0.482573 0.424374 0.652506
4430.052000 180.830765 -780.478027 -28.870405 0.399571 -0.483311 0.427327 0.651264
4430.091000 180.973740 -780.211182 -28.870893 0.397010 -0.484394 0.429622 0.650515
4430.133000 181.125778 -779.922791 -28.870989 0.393607 -0.485981 0.431421 0.650209
4430.175000 181.278809 -779.635986 -28.868317 0.390253 -0.487798 0.431993 0.650491
4430.214000 181.418472 -779.368164 -28.861580 0.386332 -0.489932 0.432176 0.651105
4430.253000 181.554962 -779.097656 -28.856762 0.381485 -0.492464 0.432210 0.652030
4430.295000 181.700974 -778.805786 -28.852983 0.375907 -0.495476 0.431609 0.653385
4430.334000 181.835861 -778.534363 -28.850082 0.370431 -0.498500 0.430510 0.654935
4430.376000 181.980255 -778.241699 -28.847240 0.364211 -0.501996 0.428841 0.656845
4430.457000 182.257294 -777.676208 -28.842163 0.351553 -0.509229 0.424350 0.661078
4430.496000 182.390213 -777.403503 -28.839853 0.345229 -0.512876 0.421710 0.663277
4430.541000 182.543610 -777.089050 -28.837311 0.337863 -0.517141 0.418338 0.665888
4430.586000 182.702255 -776.777100 -28.835039 0.331539 -0.520835 0.413979 0.668905
4430.664000 182.994659 -776.245789 -28.831705 0.324425 -0.524980 0.404072 0.675181
4430.700000 183.134659 -776.003235 -28.830410 0.322453 -0.526039 0.399139 0.678229
4430.778000 183.444580 -775.480591 -28.828295 0.320543 -0.526674 0.388908 0.684556
4430.817000 183.601517 -775.219727 -28.827715 0.320687 -0.526210 0.384404 0.687384
4430.853000 183.746780 -774.979309 -28.827515 0.321406 -0.525373 0.380795 0.689694
4430.889000 183.892303 -774.738281 -28.827684 0.322715 -0.524135 0.377763 0.691689
4430.925000 184.037491 -774.497070 -28.828260 0.324554 -0.522558 0.375402 0.693304
4430.961000 184.182144 -774.255188 -28.829264 0.326914 -0.520661 0.373750 0.694515
4430.994000 184.313980 -774.033203 -28.830570 0.329517 -0.518663 0.372880 0.695246
4431.033000 184.468613 -773.769592 -28.832588 0.333097 -0.516024 0.372664 0.695620
4431.063000 184.586441 -773.566406 -28.834486 0.336186 -0.513818 0.373103 0.695532
4431.102000 184.738251 -773.301147 -28.837416 0.340654 -0.510707 0.374403 0.694950
4431.135000 184.865128 -773.075867 -28.840261 0.344760 -0.507919 0.376154 0.694022
4431.174000 185.013138 -772.808472 -28.844034 0.349965 -0.504451 0.378934 0.692432
4431.213000 185.158859 -772.539978 -28.848225 0.355490 -0.500828 0.382432 0.690322
4431.249000 185.291260 -772.291016 -28.852425 0.360826 -0.497364 0.386227 0.687940
4431.282000 185.410706 -772.061951 -28.856516 0.365862 -0.494122 0.390140 0.685404
4431.318000 185.538879 -771.810913 -28.861208 0.371465 -0.490531 0.394816 0.682285
4431.354000 185.664749 -771.558838 -28.866102 0.377120 -0.486909 0.399860 0.678831
4431.393000 185.798553 -771.284668 -28.871590 0.383266 -0.482955 0.405641 0.674772
4431.432000 185.929428 -771.009277 -28.877182 0.389326 -0.479042 0.411693 0.670412
4431.471000 186.060745 -770.734619 -28.881298 0.395846 -0.474846 0.417420 0.666024
4431.510000 186.192551 -770.460266 -28.878593 0.402670 -0.470476 0.422812 0.661619
4431.546000 186.309235 -770.205139 -28.870878 0.408175 -0.466898 0.428273 0.657253
4431.621000 186.533493 -769.665039 -28.866362 0.416962 -0.460905 0.440950 0.647513
4431.660000 186.646164 -769.382690 -28.867928 0.421105 -0.457993 0.447200 0.642592
4431.696000 186.747849 -769.121399 -28.870205 0.424591 -0.455480 0.452727 0.638199
4431.735000 186.855545 -768.837341 -28.873026 0.427954 -0.452985 0.458419 0.633650
4431.774000 186.960724 -768.552429 -28.875916 0.430855 -0.450758 0.463769 0.629364
4431.810000 187.056229 -768.288940 -28.878296 0.433214 -0.448906 0.468283 0.625716
4431.849000 187.162811 -768.005615 -28.876169 0.436253 -0.446734 0.471981 0.622371
4431.885000 187.257156 -767.742615 -28.868814 0.438140 -0.445293 0.475415 0.619457
4431.963000 187.444397 -767.165466 -28.860781 0.438887 -0.444108 0.483138 0.613779
4431.999000 187.528061 -766.898315 -28.859524 0.438653 -0.443999 0.486014 0.611751
4432.035000 187.610168 -766.630676 -28.858751 0.438040 -0.444177 0.488475 0.610098
4432.074000 187.697342 -766.340271 -28.858089 0.436951 -0.444698 0.490687 0.608723
4432.113000 187.782822 -766.049500 -28.857426 0.435432 -0.445558 0.492437 0.607769
4432.155000 187.873138 -765.735596 -28.856607 0.433352 -0.446834 0.493814 0.607201
4432.194000 187.955292 -765.443909 -28.855686 0.430996 -0.448369 0.494668 0.607052
4432.230000 188.029892 -765.174072 -28.854696 0.428499 -0.450049 0.495096 0.607227
4432.311000 188.193848 -764.565979 -28.852037 0.421888 -0.454653 0.494887 0.608595
4432.350000 188.271027 -764.272766 -28.850565 0.418265 -0.457242 0.494273 0.609654
4432.395000 188.358994 -763.934021 -28.848764 0.413814 -0.460458 0.493183 0.611152
4432.437000 188.440002 -763.617554 -28.846996 0.409413 -0.463670 0.491861 0.612751
4432.479000 188.520218 -763.301086 -28.845181 0.404835 -0.467035 0.490273 0.614508
4432.524000 188.605560 -762.961243 -28.843222 0.399800 -0.470750 0.488310 0.616528
4432.566000 188.684601 -762.644043 -28.841398 0.394996 -0.474309 0.486303 0.618481
4432.608000 188.763290 -762.326843 -28.839617 0.390151 -0.477905 0.484154 0.620471
4432.647000 188.836227 -762.032410 -28.838005 0.385653 -0.481246 0.482066 0.622324
4432.689000 188.914749 -761.715271 -28.836361 0.380845 -0.484815 0.479753 0.624298
4432.725000 188.982162 -761.442871 -28.835030 0.376783 -0.487829 0.477745 0.625953
4432.770000 189.066544 -761.102356 -28.833490 0.371810 -0.491512 0.475238 0.627950
4432.812000 189.145645 -760.784607 -28.832191 0.367304 -0.494841 0.472935 0.629724
4432.896000 189.305557 -760.149414 -28.830038 0.358793 -0.501101 0.468538 0.632959
4432.938000 189.386520 -759.831909 -28.829197 0.354832 -0.503997 0.466488 0.634405
4432.977000 189.462433 -759.537231 -28.828564 0.351351 -0.506532 0.464694 0.635640
4433.013000 189.533203 -759.265625 -28.828108 0.348313 -0.508733 0.463140 0.636687
4433.058000 189.622726 -758.926697 -28.827700 0.344768 -0.511287 0.461343 0.637874
4433.100000 189.707443 -758.610535 -28.827482 0.341719 -0.513470 0.459816 0.638863
4433.136000 189.780975 -758.339600 -28.827414 0.339306 -0.515185 0.458625 0.639624
4433.175000 189.861649 -758.046326 -28.827457 0.336903 -0.516881 0.457457 0.640362
4433.259000 190.039261 -757.415588 -28.827927 0.332452 -0.519977 0.455363 0.641673
4433.295000 190.117065 -757.145996 -28.828266 0.330845 -0.521074 0.454627 0.642135
4433.337000 190.209137 -756.831543 -28.828747 0.329182 -0.522195 0.453883 0.642605
4433.379000 190.302673 -756.517334 -28.829308 0.327750 -0.523145 0.453245 0.643015
4433.415000 190.384003 -756.248840 -28.829845 0.326695 -0.523830 0.452776 0.643325
4433.457000 190.480270 -755.935669 -28.830517 0.325647 -0.524492 0.452310 0.643644
4433.496000 190.571030 -755.645142 -28.831181 0.324858 -0.524976 0.451936 0.643911
4433.535000 190.663086 -755.355469 -28.831865 0.324225 -0.525344 0.451613 0.644156
4433.613000 190.851074 -754.776794 -28.833248 0.323399 -0.525767 0.451073 0.644605
4433.646000 190.932098 -754.532776 -28.833828 0.323209 -0.525833 0.450873 0.644786
4433.682000 191.021545 -754.266785 -28.834440 0.323102 -0.525835 0.450664 0.644984
4433.721000 191.119659 -753.978760 -28.835077 0.323095 -0.525763 0.450442 0.645202
4433.757000 191.211288 -753.713562 -28.835646 0.323181 -0.525633 0.450234 0.645409
4433.796000 191.311661 -753.426636 -28.836218 0.323367 -0.525431 0.450002 0.645642
4433.868000 191.500000 -752.897888 -28.837154 0.323940 -0.524908 0.449535 0.646106
4433.901000 191.587570 -752.656067 -28.837526 0.324291 -0.524610 0.449300 0.646335
4433.937000 191.683960 -752.392334 -28.837887 0.324731 -0.524251 0.449028 0.646594
4433.973000 191.781204 -752.129028 -28.838207 0.325221 -0.523858 0.448742 0.646865
4434.048000 191.986435 -751.581848 -28.838705 0.326422 -0.522934 0.448074 0.647471
4434.081000 192.077850 -751.341125 -28.838858 0.327014 -0.522489 0.447758 0.647750
4434.120000 192.186584 -751.057434 -28.838991 0.327757 -0.521937 0.447372 0.648086
4434.156000 192.287659 -750.795837 -28.839067 0.328484 -0.521403 0.447004 0.648401
4434.225000 192.483109 -750.294617 -28.839096 0.329970 -0.520321 0.446289 0.649009
4434.264000 192.594513 -750.011719 -28.839054 0.330871 -0.519675 0.445878 0.649350
4434.300000 192.697845 -749.751099 -28.838974 0.331734 -0.519059 0.445505 0.649658
4434.339000 192.810349 -749.468750 -28.838860 0.332704 -0.518370 0.445109 0.649983
4434.372000 192.905899 -749.229919 -28.838736 0.333552 -0.517771 0.444787 0.650247
4434.408000 193.010498 -748.969360 -28.838575 0.334501 -0.517101 0.444453 0.650520
4434.447000 193.124176 -748.687195 -28.838390 0.335558 -0.516358 0.444117 0.650796
4434.483000 193.229416 -748.427063 -28.838200 0.336558 -0.515656 0.443834 0.651029
4434.519000 193.334885 -748.167297 -28.837999 0.337580 -0.514940 0.443583 0.651238
4434.555000 193.440536 -747.907471 -28.837791 0.338626 -0.514209 0.443363 0.651423
4434.594000 193.555191 -747.625977 -28.837572 0.339783 -0.513401 0.443165 0.651592
4434.630000 193.661163 -747.366150 -28.837360 0.340872 -0.512641 0.443023 0.651718
4434.666000 193.767181 -747.106323 -28.837154 0.341976 -0.511870 0.442924 0.651812
4434.702000 193.873215 -746.846375 -28.836966 0.343087 -0.511093 0.442875 0.651872
4434.735000 193.970383 -746.608215 -28.836796 0.344124 -0.510369 0.442864 0.651900
4434.768000 194.067596 -746.369934 -28.836639 0.345169 -0.509641 0.442894 0.651897
4434.804000 194.173569 -746.109985 -28.836479 0.346316 -0.508842 0.442972 0.651860
4434.840000 194.279449 -745.849915 -28.836327 0.347469 -0.508038 0.443096 0.651789
4434.879000 194.393967 -745.568176 -28.836193 0.348721 -0.507165 0.443284 0.651672
4434.912000 194.490601 -745.329651 -28.836090 0.349779 -0.506427 0.443487 0.651540
4434.942000 194.578354 -745.112854 -28.836018 0.350739 -0.505758 0.443704 0.651397
4434.978000 194.683426 -744.852661 -28.835945 0.351883 -0.504959 0.444006 0.651194
4435.047000 194.884064 -744.353638 -28.835861 0.354048 -0.503446 0.444699 0.650719
4435.083000 194.988281 -744.093201 -28.835850 0.355155 -0.502671 0.445117 0.650429
4435.116000 195.083557 -743.854370 -28.835854 0.356153 -0.501971 0.445530 0.650141
4435.152000 195.187119 -743.593201 -28.835880 0.357221 -0.501222 0.446010 0.649804
4435.188000 195.290329 -743.331848 -28.835924 0.358261 -0.500491 0.446521 0.649443
4435.221000 195.384567 -743.092163 -28.835981 0.359186 -0.499841 0.447013 0.649095
4435.257000 195.486969 -742.830688 -28.836056 0.360161 -0.499153 0.447571 0.648699
4435.290000 195.580444 -742.590820 -28.836134 0.361023 -0.498545 0.448099 0.648323
4435.326000 195.682022 -742.329224 -28.836237 0.361925 -0.497907 0.448689 0.647902
4435.365000 195.791565 -742.045715 -28.836361 0.362856 -0.497248 0.449339 0.647437
4435.401000 195.892197 -741.783813 -28.836483 0.363668 -0.496671 0.449946 0.647002
4435.437000 195.992355 -741.521179 -28.836617 0.364433 -0.496126 0.450555 0.646566
4435.476000 196.100327 -741.236633 -28.836765 0.365205 -0.495574 0.451216 0.646093
4435.512000 196.199509 -740.973938 -28.836901 0.365861 -0.495104 0.451822 0.645658
4435.548000 196.298172 -740.711060 -28.837053 0.366462 -0.494673 0.452421 0.645229
4435.584000 196.396378 -740.448181 -28.837196 0.367006 -0.494279 0.453009 0.644807
4435.617000 196.485977 -740.207275 -28.837328 0.367457 -0.493953 0.453536 0.644431
4435.653000 196.583282 -739.943726 -28.837467 0.367893 -0.493635 0.454094 0.644033
4435.692000 196.688187 -739.658020 -28.837612 0.368299 -0.493337 0.454677 0.643617
4435.764000 196.880325 -739.130310 -28.837864 0.368865 -0.492912 0.455688 0.642903
4435.797000 196.967789 -738.888367 -28.837975 0.369044 -0.492776 0.456120 0.642598
4435.839000 197.078568 -738.580444 -28.838114 0.369201 -0.492653 0.456637 0.642236
4435.875000 197.173065 -738.316223 -28.838207 0.369275 -0.492590 0.457048 0.641949
4435.914000 197.274933 -738.029358 -28.838303 0.369292 -0.492566 0.457461 0.641663
4435.950000 197.368576 -737.764587 -28.838390 0.369249 -0.492587 0.457811 0.641422
4435.992000 197.477280 -737.455505 -28.838461 0.369130 -0.492660 0.458183 0.641169
4436.028000 197.570099 -737.190613 -28.838522 0.368972 -0.492762 0.458469 0.640977
4436.067000 197.670197 -736.903625 -28.838570 0.368745 -0.492913 0.458744 0.640795
4436.106000 197.769943 -736.616516 -28.838610 0.368465 -0.493103 0.458982 0.640639
4436.145000 197.869293 -736.329407 -28.838636 0.368133 -0.493330 0.459183 0.640511
4436.184000 197.968292 -736.041443 -28.838652 0.367755 -0.493591 0.459350 0.640408
4436.223000 198.066986 -735.753601 -28.838659 0.367330 -0.493886 0.459484 0.640328
4436.262000 198.165329 -735.465637 -28.838650 0.366862 -0.494212 0.459587 0.640271
4436.301000 198.263397 -735.177734 -28.838640 0.366354 -0.494567 0.459659 0.640235
4436.379000 198.458786 -734.601807 -28.838581 0.365240 -0.495350 0.459717 0.640226
4436.418000 198.556168 -734.313721 -28.838554 0.364641 -0.495772 0.459705 0.640249
4436.457000 198.653381 -734.025757 -28.838505 0.364021 -0.496210 0.459666 0.640290
4436.493000 198.742950 -733.760010 -28.838459 0.363432 -0.496626 0.459610 0.640342
4436.532000 198.840012 -733.471863 -28.838415 0.362786 -0.497063 0.459525 0.640431
4436.568000 198.929993 -733.205750 -28.838369 0.362204 -0.497366 0.459418 0.640602
4436.607000 199.027939 -732.917175 -28.838293 0.361581 -0.497562 0.459291 0.640892
4436.646000 199.136780 -732.597656 -28.837782 0.357281 -0.492418 0.462040 0.645286
4436.721000 199.441605 -731.700867 -28.880268 0.312872 -0.431602 0.492187 0.688174
4436.787000 199.690186 -730.966125 -28.986425 0.276335 -0.381907 0.512928 0.717419
4436.832000 199.835312 -730.536926 -29.068895 0.258704 -0.358157 0.521709 0.729805
4436.868000 199.940018 -730.227234 -29.136225 0.247960 -0.343773 0.526697 0.736835
4436.913000 200.059357 -729.874329 -29.221266 0.237753 -0.330142 0.531206 0.743169
4436.958000 200.167908 -729.553894 -29.307636 0.230302 -0.320127 0.534398 0.747595
4436.997000 200.254425 -729.298340 -29.384146 0.225557 -0.313587 0.536455 0.750335
4437.045000 200.352539 -729.008789 -29.480761 0.221467 -0.307436 0.538479 0.752646
4437.084000 200.426788 -728.789673 -29.558718 0.219747 -0.303065 0.540325 0.753599
4437.129000 200.507126 -728.551392 -29.644615 0.219917 -0.298069 0.543236 0.753449
4437.168000 200.567902 -728.359253 -29.720627 0.220419 -0.294786 0.546225 0.752433
4437.210000 200.623993 -728.167175 -29.806684 0.220724 -0.292314 0.549806 0.750698
4437.255000 200.673706 -727.984131 -29.898973 0.221984 -0.292040 0.553378 0.747803
4437.303000 200.717743 -727.812622 -29.989098 0.224873 -0.294668 0.556514 0.743569
4437.342000 200.749313 -727.686218 -30.052826 0.228085 -0.298365 0.558580 0.739556
4437.384000 200.780655 -727.559998 -30.110823 0.232173 -0.303434 0.560356 0.734864
4437.429000 200.812378 -727.433838 -30.160702 0.237061 -0.309700 0.561785 0.729579
4437.471000 200.840973 -727.323120 -30.196489 0.241928 -0.316020 0.562721 0.724532
4437.513000 200.869064 -727.218201 -30.222551 0.246964 -0.322570 0.563317 0.719466
4437.555000 200.896927 -727.118469 -30.239590 0.252069 -0.329188 0.563615 0.714447
4437.639000 200.952713 -726.933289 -30.250328 0.262217 -0.342187 0.563473 0.704733
4437.678000 200.978760 -726.853210 -30.246372 0.266817 -0.347991 0.563134 0.700422
4437.723000 201.009003 -726.765503 -30.235981 0.271995 -0.354449 0.562571 0.695628
4437.762000 201.035385 -726.693420 -30.222626 0.276356 -0.359819 0.561957 0.691637
4437.804000 201.063965 -726.619751 -30.204424 0.280910 -0.365359 0.561186 0.687513
4437.846000 201.092697 -726.550293 -30.182898 0.285312 -0.370643 0.560317 0.683568
4437.885000 201.119553 -726.489441 -30.160463 0.289261 -0.375322 0.559440 0.680065
4437.930000 201.150742 -726.423523 -30.132231 0.293654 -0.380455 0.558357 0.676209
4437.966000 201.175858 -726.373962 -30.108206 0.297045 -0.384365 0.557444 0.673264
4438.005000 201.203201 -726.323669 -30.081095 0.300596 -0.388408 0.556419 0.670209
4438.041000 201.228546 -726.280090 -30.055334 0.303764 -0.391969 0.555444 0.667510
4438.080000 201.256180 -726.235840 -30.026884 0.307081 -0.395650 0.554364 0.664713
4438.119000 201.283997 -726.194885 -29.998117 0.310281 -0.399153 0.553264 0.662044
4438.155000 201.309860 -726.159729 -29.971462 0.313134 -0.402236 0.552235 0.659689
4438.191000 201.335831 -726.127014 -29.944868 0.315894 -0.405181 0.551198 0.657434
4438.230000 201.364182 -726.094604 -29.916271 0.318783 -0.408220 0.550068 0.655102
4438.266000 201.390503 -726.067017 -29.890198 0.321358 -0.410891 0.549023 0.653047
4438.302000 201.417053 -726.041565 -29.864531 0.323850 -0.413439 0.547978 0.651083
4438.338000 201.443710 -726.018494 -29.839346 0.326260 -0.415870 0.546936 0.649206
4438.374000 201.470581 -725.997375 -29.814724 0.328590 -0.418187 0.545898 0.647413
4438.410000 201.497635 -725.978394 -29.790707 0.330843 -0.420394 0.544868 0.645702
4438.446000 201.524933 -725.961365 -29.767355 0.333021 -0.422496 0.543847 0.644069
4438.485000 201.554626 -725.945007 -29.742844 0.335299 -0.424658 0.542752 0.642387
4438.521000 201.582245 -725.931885 -29.720974 0.337329 -0.426553 0.541753 0.640910
4438.590000 201.635757 -725.911316 -29.681143 0.341031 -0.429927 0.539877 0.638274
4438.626000 201.663956 -725.902954 -29.661467 0.342868 -0.431560 0.538919 0.636995
4438.662000 201.692383 -725.896057 -29.642565 0.344643 -0.433110 0.537978 0.635780
4438.698000 201.720932 -725.890686 -29.624430 0.346358 -0.434579 0.537054 0.634627
4438.734000 201.749680 -725.886719 -29.607052 0.348013 -0.435971 0.536147 0.633532
4438.770000 201.778549 -725.884033 -29.590427 0.349612 -0.437290 0.535258 0.632494
4438.803000 201.805267 -725.882629 -29.575834 0.351028 -0.438437 0.534459 0.631590
4438.839000 201.834579 -725.882385 -29.560617 0.352522 -0.439623 0.533605 0.630655
4438.875000 201.864044 -725.883362 -29.546110 0.353964 -0.440743 0.532771 0.629770
4438.980000 201.950760 -725.892151 -29.507685 0.357885 -0.443662 0.530451 0.627458
4439.013000 201.978271 -725.896790 -29.496750 0.359034 -0.444480 0.529756 0.626810
4439.052000 202.010910 -725.903198 -29.484482 0.360343 -0.445389 0.528957 0.626087
4439.085000 202.038605 -725.909668 -29.474649 0.361411 -0.446113 0.528299 0.625512
4439.124000 202.071518 -725.918030 -29.463650 0.362629 -0.446917 0.527542 0.624872
4439.157000 202.099487 -725.926025 -29.454845 0.363622 -0.447556 0.526919 0.624364
4439.193000 202.130096 -725.935242 -29.445744 0.364667 -0.448210 0.526258 0.623842
4439.229000 202.160736 -725.945557 -29.437151 0.365673 -0.448823 0.525617 0.623353
4439.265000 202.191437 -725.956482 -29.429035 0.366642 -0.449396 0.524994 0.622894
4439.301000 202.222183 -725.968079 -29.421383 0.367576 -0.449933 0.524390 0.622466
4439.337000 202.252991 -725.980530 -29.414175 0.368475 -0.450433 0.523805 0.622064
4439.373000 202.283783 -725.993591 -29.407385 0.369341 -0.450901 0.523237 0.621690
4439.412000 202.317215 -726.008423 -29.400473 0.370243 -0.451371 0.522642 0.621312
4439.448000 202.348236 -726.022766 -29.394493 0.371044 -0.451775 0.522110 0.620988
4439.484000 202.379150 -726.037720 -29.388874 0.371815 -0.452150 0.521596 0.620687
4439.517000 202.407516 -726.051941 -29.384024 0.372496 -0.452470 0.521138 0.620429
4439.556000 202.441025 -726.069458 -29.378639 0.373271 -0.452821 0.520615 0.620147
4439.589000 202.469437 -726.084656 -29.374372 0.373903 -0.453097 0.520186 0.619924
4439.625000 202.500412 -726.101868 -29.369995 0.374567 -0.453376 0.519733 0.619699
4439.664000 202.533981 -726.121094 -29.365561 0.375257 -0.453653 0.519261 0.619475
4439.700000 202.564972 -726.139282 -29.361740 0.375869 -0.453888 0.518839 0.619285
4439.733000 202.593277 -726.156372 -29.358452 0.376411 -0.454086 0.518465 0.619124
4439.769000 202.624100 -726.175598 -29.355087 0.376979 -0.454286 0.518070 0.618962
4439.805000 202.654938 -726.195129 -29.351940 0.377528 -0.454469 0.517688 0.618813
4439.841000 202.685699 -726.215210 -29.349001 0.378057 -0.454638 0.517318 0.618675
4439.877000 202.716339 -726.235840 -29.346256 0.378565 -0.454792 0.516961 0.618550
4439.910000 202.744431 -726.255066 -29.343903 0.379016 -0.454922 0.516643 0.618445
4439.946000 202.774902 -726.276245 -29.341501 0.379489 -0.455050 0.516308 0.618339
4439.985000 202.807861 -726.299988 -29.339079 0.379982 -0.455176 0.515958 0.618236
4440.018000 202.835648 -726.320374 -29.337175 0.380385 -0.455271 0.515671 0.618157
4440.054000 202.865875 -726.342773 -29.335236 0.380810 -0.455367 0.515368 0.618078
4440.090000 202.895935 -726.365906 -29.333426 0.381220 -0.455455 0.515073 0.618006
4440.129000 202.928391 -726.391235 -29.331614 0.381645 -0.455536 0.514768 0.617939
4440.168000 202.960724 -726.416809 -29.329931 0.382055 -0.455609 0.514472 0.617878
4440.207000 202.992844 -726.443115 -29.328381 0.382450 -0.455673 0.514186 0.617824
4440.243000 203.022354 -726.467651 -29.327055 0.382801 -0.455726 0.513931 0.617780
4440.279000 203.051758 -726.492554 -29.325825 0.383141 -0.455772 0.513683 0.617742
4440.315000 203.080994 -726.517700 -29.324686 0.383468 -0.455811 0.513444 0.617708
4440.354000 203.112473 -726.545349 -29.323547 0.383811 -0.455848 0.513194 0.617676
4440.387000 203.138947 -726.569214 -29.322653 0.384092 -0.455875 0.512987 0.617653
4440.423000 203.167648 -726.595398 -29.321747 0.384390 -0.455901 0.512768 0.617631
4440.459000 203.196213 -726.622009 -29.320908 0.384679 -0.455923 0.512555 0.617612
4440.492000 203.222198 -726.646545 -29.320196 0.384935 -0.455938 0.512366 0.617597
4440.528000 203.250381 -726.673828 -29.319475 0.385205 -0.455952 0.512166 0.617585
4440.564000 203.278397 -726.701233 -29.318810 0.385467 -0.455963 0.511971 0.617575
4440.597000 203.303909 -726.726807 -29.318247 0.385702 -0.455971 0.511796 0.617567
4440.672000 203.361191 -726.785583 -29.317112 0.386212 -0.455981 0.511415 0.617557
4440.705000 203.386124 -726.811829 -29.316668 0.386426 -0.455983 0.511255 0.617554
4440.741000 203.413101 -726.840698 -29.316223 0.386655 -0.455983 0.511084 0.617553
4440.774000 203.437637 -726.867737 -29.315847 0.386858 -0.455982 0.510931 0.617552
4440.810000 203.464188 -726.897034 -29.315466 0.387075 -0.455979 0.510768 0.617553
4440.843000 203.488358 -726.924377 -29.315145 0.387267 -0.455975 0.510623 0.617556
4440.879000 203.514465 -726.954407 -29.314825 0.387472 -0.455969 0.510469 0.617560
4440.912000 203.538162 -726.981995 -29.314554 0.387656 -0.455963 0.510329 0.617563
4440.951000 203.565933 -727.015320 -29.314257 0.387868 -0.455957 0.510168 0.617568
4441.020000 203.614395 -727.074585 -29.313799 0.388230 -0.455942 0.509892 0.617579
4441.056000 203.639267 -727.105896 -29.313589 0.388413 -0.455935 0.509753 0.617585
4441.092000 203.663940 -727.137390 -29.313400 0.388593 -0.455927 0.509615 0.617590
4441.125000 203.686310 -727.166687 -29.313236 0.388755 -0.455921 0.509492 0.617595
4441.164000 203.712418 -727.201538 -29.313061 0.388943 -0.455913 0.509349 0.617601
4441.200000 203.736282 -727.233643 -29.312920 0.389113 -0.455906 0.509219 0.617606
