2.382951797338318523e-01 -6.840254357861599854e-02 -9.687809346532354482e-01 2.220097199999999873e+02 -3.357076501806191549e-02 9.963403560284511684e-01 -7.860597105310393462e-02 -7.303493650000000343e+02 9.706123897064795614e-01 5.125414111147394425e-02 2.351267784987542964e-01 -2.885241299999999853e+01 0.000000000000000000e+00 0.000000000000000000e+00 0.000000000000000000e+00 1.000000000000000000e+00
2.384510901264348948e-01 -7.299031930553445680e-02 -9.684077090281710820e-01 2.222894740000000127e+02 -2.935557304817986227e-02 9.961742279430434444e-01 -8.231134741391539500e-02 -7.303376459999999497e+02 9.707107334054403402e-01 4.805539376342081448e-02 2.353961579586946740e-01 -2.885010899999999978e+01 0.000000000000000000e+00 0.000000000000000000e+00 0.000000000000000000e+00 1.000000000000000000e+00
2.385642869324193782e-01 -7.715079459045534604e-02 -9.680572482526472733e-01 2.225690920000000119e+02 -2.521865510602170832e-02 9.960109388327516022e-01 -8.559339437213733803e-02 -7.303253170000000409e+02 9.707992070634738901e-01 4.483262896108225481e-02 2.356670001195927400e-01 -2.884846900000000147e+01 0.000000000000000000e+00 0.000000000000000000e+00 0.000000000000000000e+00 1.000000000000000000e+00
2.386425481028928153e-01 -8.082596488576285210e-02 -9.677380315122705579e-01 2.228486629999999877e+02 -2.117120365755449651e-02 9.958604358938205614e-01 -8.839554489373589730e-02 -7.303121949999999742e+02 9.708766731004763173e-01 4.158311702669194310e-02 2.359434890131439366e-01 -2.884717200000000048e+01 0.000000000000000000e+00 0.000000000000000000e+00 0.000000000000000000e+00 1.000000000000000000e+00
2.387992655779836992e-01 -8.867832722409094148e-02 -9.670114089503561994e-01 2.237108920000000012e+02 -9.489239591207371260e-03 9.955609236360108971e-01 -9.363974402460732704e-02 -7.302681880000000092e+02 9.710225873229708649e-01 3.153730504894754205e-02 2.368977275088415269e-01 -2.884395200000000159e+01 0.000000000000000000e+00 0.000000000000000000e+00 0.000000000000000000e+00 1.000000000000000000e+00
2.388641826069990981e-01 -9.042665558061578623e-02 -9.668334511320937352e-01 2.241303409999999872e+02 -4.329753388538110093e-03 9.955456032178189307e-01 -9.418176654354948329e-02 -7.302453000000000429e+02 9.710433334836734431e-01 2.668280109309934672e-02 2.374086616422018126e-01 -2.884251400000000132e+01 0.000000000000000000e+00 0.000000000000000000e+00 0.000000000000000000e+00 1.000000000000000000e+00
2.389282973579642255e-01 -9.078987036407404343e-02 -9.667835684168920585e-01 2.245032960000000060e+02 -6.277079631595433584e-05 9.956180374533585287e-01 -9.351320525653254723e-02 -7.302241209999999683e+02 9.710372108119501577e-01 2.240363668688384602e-02 2.378756235551486298e-01 -2.884126499999999993e+01 0.000000000000000000e+00 0.000000000000000000e+00 0.000000000000000000e+00 1.000000000000000000e+00
2.389883001591441292e-01 -9.026360289955991101e-02 -9.668180151293381819e-01 2.248063050000000089e+02 3.169134310168603141e-03 9.957373009965699850e-01 -9.218017135908285198e-02 -7.302068480000000363e+02 9.710172753225179143e-01 1.896600631805034354e-02 2.382556224511327980e-01 -2.884026300000000020e+01 0.000000000000000000e+00 0.000000000000000000e+00 0.000000000000000000e+00 1.000000000000000000e+00
2.390398313074651448e-01 -8.936170447063362943e-02 -9.668890550743665102e-01 2.250393679999999961e+02 5.501604137682997164e-03 9.958649244687669544e-01 -9.067957082347169462e-02 -7.301930539999999610e+02 9.709941768107626103e-01 1.635658848659848202e-02 2.385430162731016490e-01 -2.883950799999999859e+01 0.000000000000000000e+00 0.000000000000000000e+00 0.000000000000000000e+00 1.000000000000000000e+00
2.391047640896450943e-01 -8.788887348373862485e-02 -9.670079925767908202e-01 2.252957150000000013e+02 7.912980742720565619e-03 9.960384526232423097e-01 -8.857079446218475705e-02 -7.301778560000000198e+02 9.709615319493355434e-01 1.352578329179611460e-02 2.388530022020717292e-01 -2.883870100000000036e+01 0.000000000000000000e+00 0.000000000000000000e+00 0.000000000000000000e+00 1.000000000000000000e+00
2.391762805829534266e-01 -8.592141065310168746e-02 -9.671671096547306279e-01 2.255522609999999872e+02 1.016839435462154467e-02 9.962441119522158495e-01 -8.598995962779543145e-02 -7.301627809999999954e+02 9.709229169005918481e-01 1.073222213346563397e-02 2.391516440364244711e-01 -2.883791000000000082e+01 0.000000000000000000e+00 0.000000000000000000e+00 0.000000000000000000e+00 1.000000000000000000e+00
2.392536975974036695e-01 -8.348589773728203045e-02 -9.673612422797238652e-01 2.258087769999999921e+02 1.225988701313694695e-02 9.964769239990307614e-01 -8.296646978060068234e-02 -7.301477660000000469e+02 9.708796853145066352e-01 7.990295140374754912e-03 2.394343163107044425e-01 -2.883715400000000173e+01 0.000000000000000000e+00 0.000000000000000000e+00 0.000000000000000000e+00 1.000000000000000000e+00
2.393397648633285857e-01 -8.060396495642210835e-02 -9.675843517691212758e-01 2.260652919999999995e+02 1.417492263134900732e-02 9.967320186446839703e-01 -7.952581075907874664e-02 -7.301325070000000323e+02 9.708323998114000153e-01 5.318255522012198255e-03 2.397001619412067464e-01 -2.883642199999999889e+01 0.000000000000000000e+00 0.000000000000000000e+00 0.000000000000000000e+00 1.000000000000000000e+00
2.394388276406563265e-01 -7.730889736812615598e-02 -9.678286946592318252e-01 2.263218380000000138e+02 1.591766979666891027e-02 9.970034777053220498e-01 -7.570134233775399624e-02 -7.301170650000000251e+02 9.707809617036751160e-01 2.720263078849045890e-03 2.399519213560698527e-01 -2.883572399999999902e+01 0.000000000000000000e+00 0.000000000000000000e+00 0.000000000000000000e+00 1.000000000000000000e+00
2.396317714557031353e-01 -6.959688942750377749e-02 -9.683660914607746806e-01 2.268349300000000142e+02 1.900537990280980888e-02 9.975724274174332384e-01 -6.699289209490717767e-02 -7.300864870000000337e+02 9.706778093908151606e-01 -2.350540045567714453e-03 2.403727632610288545e-01 -2.883443499999999915e+01 0.000000000000000000e+00 0.000000000000000000e+00 0.000000000000000000e+00 1.000000000000000000e+00
2.397334747723124937e-01 -6.524738006766551968e-02 -9.686437118300507132e-01 2.270916290000000117e+02 2.032983596335346740e-02 9.978576474553142450e-01 -6.218370513766955515e-02 -7.300712889999999788e+02 9.706258593522510969e-01 -4.784852061568332926e-03 2.405463496864019279e-01 -2.883384699999999867e+01 0.000000000000000000e+00 0.000000000000000000e+00 0.000000000000000000e+00 1.000000000000000000e+00
2.398347762697581320e-01 -6.062090168200657408e-02 -9.689191846438458544e-01 2.273483119999999928e+02 2.151751614928584105e-02 9.981352622651096240e-01 -5.712262880615438798e-02 -7.300563349999999900e+02 9.705752297428571485e-01 -7.148741303262345914e-03 2.406919585432357733e-01 -2.883329799999999921e+01 0.000000000000000000e+00 0.000000000000000000e+00 0.000000000000000000e+00 1.000000000000000000e+00
2.399198390676670067e-01 -5.613565321323046864e-02 -9.691683338100088863e-01 2.275816800000000057e+02 2.365522235101090096e-02 9.983683886713278222e-01 -5.197105884375188833e-02 -7.300404660000000376e+02 9.705044571135513776e-01 -1.045700435786531268e-02 2.408562844988491047e-01 -2.883286299999999969e+01 0.000000000000000000e+00 0.000000000000000000e+00 0.000000000000000000e+00 1.000000000000000000e+00
2.400879970902372040e-01 -5.012455665449397357e-02 -9.694561787277384823e-01 2.278618160000000046e+02 3.047569609819156256e-02 9.985629670821645210e-01 -4.408211337260026230e-02 -7.300128780000000006e+02 9.702726346757024611e-01 -1.896126557628828591e-02 2.412705634909002583e-01 -2.883258400000000066e+01 0.000000000000000000e+00 0.000000000000000000e+00 0.000000000000000000e+00 1.000000000000000000e+00
2.404669057836935075e-01 -4.375579741541474332e-02 -9.696706128450824913e-01 2.281190640000000087e+02 4.045825920597474756e-02 9.985671080243372355e-01 -3.502656183433323911e-02 -7.299796139999999696e+02 9.698137947486820121e-01 -3.080845605435940382e-02 2.418926260775804971e-01 -2.883283799999999886e+01 0.000000000000000000e+00 0.000000000000000000e+00 0.000000000000000000e+00 1.000000000000000000e+00
2.411663801697483400e-01 -3.636243191796828533e-02 -9.698023255389891517e-01 2.283771209999999883e+02 5.272499371478822638e-02 9.983128832423853183e-01 -2.431999568361051592e-02 -7.299411010000000033e+02 9.690504899712892861e-01 -4.526765619386996509e-02 2.426767133227200057e-01 -2.883388300000000015e+01 0.000000000000000000e+00 0.000000000000000000e+00 0.000000000000000000e+00 1.000000000000000000e+00
2.423278468562921062e-01 -2.772983202973305916e-02 -9.697980568415244251e-01 2.286361689999999953e+02 6.722439594552796771e-02 9.976689375898291079e-01 -1.172909025204649236e-02 -7.298977660000000469e+02 9.678626427483151273e-01 -6.235180337395671013e-02 2.436270867294175191e-01 -2.883616400000000013e+01 0.000000000000000000e+00 0.000000000000000000e+00 0.000000000000000000e+00 1.000000000000000000e+00
2.457490223504703031e-01 -8.351626190399967509e-03 -9.692975128172792720e-01 2.291099550000000136e+02 9.618541912481037848e-02 9.952378487699011789e-01 1.581105700589718194e-02 -7.298139039999999795e+02 9.645495234364963588e-01 -9.711783932849307743e-02 2.453820330068858246e-01 -2.884465199999999996e+01 0.000000000000000000e+00 0.000000000000000000e+00 0.000000000000000000e+00 1.000000000000000000e+00
2.481406518800918226e-01 3.314705523027212941e-03 -9.687183437985569245e-01 2.293483579999999904e+02 1.111160061701356172e-01 9.932965688854985542e-01 3.186156639424265330e-02 -7.297710570000000416e+02 9.623302188216484865e-01 -1.155462633216321755e-01 2.461089412741572779e-01 -2.885153599999999940e+01 0.000000000000000000e+00 0.000000000000000000e+00 0.000000000000000000e+00 1.000000000000000000e+00
2.513155866192029464e-01 1.778315225323214011e-02 -9.677418227079908064e-01 2.296117710000000045e+02 1.274445122197143121e-01 9.905182481559559049e-01 5.129811278336923741e-02 -7.297246699999999464e+02 9.594781770459008818e-01 -1.362253998562476254e-01 2.466663094276971835e-01 -2.886151900000000126e+01 0.000000000000000000e+00 0.000000000000000000e+00 0.000000000000000000e+00 1.000000000000000000e+00
2.546548143942878872e-01 3.246831100928067315e-02 -9.664867998508903657e-01 2.298521880000000124e+02 1.417908314916266899e-01 9.873808183590151444e-01 7.052999107893373476e-02 -7.296839599999999564e+02 9.565805170557906134e-01 -1.549997687639758370e-01 2.468375702205604649e-01 -2.887292899999999918e+01 0.000000000000000000e+00 0.000000000000000000e+00 0.000000000000000000e+00 1.000000000000000000e+00
2.588152171877592389e-01 5.033348999781443733e-02 -9.646145464052949814e-01 2.301177519999999959e+02 1.568573770478497442e-01 9.831959043890436956e-01 9.338938300620366895e-02 -7.296416020000000344e+02 9.531056849152258481e-01 -1.754775010571173188e-01 2.465708823138443861e-01 -2.888822700000000054e+01 0.000000000000000000e+00 0.000000000000000000e+00 0.000000000000000000e+00 1.000000000000000000e+00
2.680410577678274953e-01 8.935777331098135323e-02 -9.592544916233689545e-01 2.306276550000000043e+02 1.858207924237603448e-01 9.721975988536560864e-01 1.424867077526605907e-01 -7.295631710000000112e+02 9.453172083770138290e-01 -2.164417176333841564e-01 2.439843405102065654e-01 -2.892284799999999834e+01 0.000000000000000000e+00 0.000000000000000000e+00 0.000000000000000000e+00 1.000000000000000000e+00
2.735010941341028956e-01 1.122658514972524335e-01 -9.552976133619542898e-01 2.308962249999999869e+02 2.013905231701767495e-01 9.644689203302465597e-01 1.710016341859097733e-01 -7.295218509999999696e+02 9.405525018225678879e-01 -2.391570201867510848e-01 2.411740264014821666e-01 -2.893680399999999864e+01 0.000000000000000000e+00 0.000000000000000000e+00 0.000000000000000000e+00 1.000000000000000000e+00
2.786321243337072651e-01 1.344950624866873556e-01 -9.509338659738584276e-01 2.311408690000000092e+02 2.137351301846937557e-01 9.566306301144218427e-01 1.979270867057279781e-01 -7.294883419999999887e+02 9.363126792980098756e-01 -2.583968182729555196e-01 2.378017049816835704e-01 -2.894508599999999987e+01 0.000000000000000000e+00 0.000000000000000000e+00 0.000000000000000000e+00 1.000000000000000000e+00
2.842416198394764337e-01 1.603950741689898762e-01 -9.452407744767230557e-01 2.314100489999999866e+02 2.251027075507314457e-01 9.471828905155152967e-01 2.284148483965161014e-01 -7.294570310000000291e+02 9.319525055518445011e-01 -2.777012641256748071e-01 2.331234336111275840e-01 -2.895066800000000029e+01 0.000000000000000000e+00 0.000000000000000000e+00 0.000000000000000000e+00 1.000000000000000000e+00
2.897725374860288250e-01 1.876977574615223965e-01 -9.385102175058213092e-01 2.316791379999999947e+02 2.343495195660020292e-01 9.368178077085723698e-01 2.597165721306374797e-01 -7.294323120000000245e+02 9.279613026404132103e-01 -2.951981487137412818e-01 2.274771940170878803e-01 -2.895539300000000082e+01 0.000000000000000000e+00 0.000000000000000000e+00 0.000000000000000000e+00 1.000000000000000000e+00
2.951235264596942520e-01 2.162604477868074748e-01 -9.306629480392153431e-01 2.319478609999999890e+02 2.415268839712652604e-01 9.255271200295542844e-01 2.916578721874822921e-01 -7.294149169999999458e+02 9.244278600567622517e-01 -3.108552216271238677e-01 2.209121154170286538e-01 -2.896088599999999857e+01 0.000000000000000000e+00 0.000000000000000000e+00 0.000000000000000000e+00 1.000000000000000000e+00
2.997025566014321352e-01 2.431830870721998772e-01 -9.225184896405058677e-01 2.321914370000000076e+02 2.462342917274077392e-01 9.144879800264327230e-01 3.210613772546876410e-01 -7.294059449999999742e+02 9.217087669888288648e-01 -3.233786024912747026e-01 2.141943703898936957e-01 -2.896709600000000151e+01 0.000000000000000000e+00 0.000000000000000000e+00 0.000000000000000000e+00 1.000000000000000000e+00
3.034254102027842959e-01 2.709861949229832034e-01 -9.135094430844351576e-01 2.324330750000000023e+02 2.464468582891658766e-01 9.037675440335601884e-01 3.499545290333394565e-01 -7.294094239999999445e+02 9.204330320466947990e-01 -3.313166287899078633e-01 2.074423413978411790e-01 -2.897271900000000144e+01 0.000000000000000000e+00 0.000000000000000000e+00 0.000000000000000000e+00 1.000000000000000000e+00
3.064896079083958558e-01 3.023531800751887433e-01 -9.025777942884358751e-01 2.326964720000000000e+02 2.421080224473830533e-01 8.922654510299125041e-01 3.811116245471976027e-01 -7.294274289999999610e+02 9.205692943558214658e-01 -3.353280772568965062e-01 2.002679577276844647e-01 -2.897943499999999872e+01 0.000000000000000000e+00 0.000000000000000000e+00 0.000000000000000000e+00 1.000000000000000000e+00
3.097538975743333589e-01 3.309880251734388934e-01 -8.913469863803301640e-01 2.329365689999999915e+02 2.411331874698968980e-01 8.794603853710526442e-01 4.103708279880612930e-01 -7.294416499999999814e+02 9.197321940859289890e-01 -3.420473033876841318e-01 1.926040846064709378e-01 -2.899070000000000036e+01 0.000000000000000000e+00 0.000000000000000000e+00 0.000000000000000000e+00 1.000000000000000000e+00
3.136847801698513516e-01 3.624850229278917535e-01 -8.776140762560487030e-01 2.332011109999999974e+02 2.423166918568026018e-01 8.631011021337611222e-01 4.431016907472393185e-01 -7.294566039999999703e+02 9.180874029945991222e-01 -3.516547961402666789e-01 1.829055078836613335e-01 -2.900602900000000162e+01 0.000000000000000000e+00 0.000000000000000000e+00 0.000000000000000000e+00 1.000000000000000000e+00
3.170885448901590298e-01 3.969419457981099297e-01 -8.613314962112158524e-01 2.334874110000000087e+02 2.414428941975282905e-01 8.444881237257353401e-01 4.780639473205524070e-01 -7.294824830000000020e+02 9.171478526066353387e-01 -3.595509707290430179e-01 1.719386981073199872e-01 -2.902237900000000081e+01 0.000000000000000000e+00 0.000000000000000000e+00 0.000000000000000000e+00 1.000000000000000000e+00
3.193866515697662001e-01 4.254960598917023606e-01 -8.467262071151983038e-01 2.337244259999999940e+02 2.394599303393479817e-01 8.282878767725092573e-01 5.065551647684221059e-01 -7.295107420000000502e+02 9.168702790258430602e-01 -3.645439564830632584e-01 1.626548346368688058e-01 -2.903592300000000037e+01 0.000000000000000000e+00 0.000000000000000000e+00 0.000000000000000000e+00 1.000000000000000000e+00
3.211377891630362580e-01 4.565407331913335365e-01 -8.297234956951605733e-01 2.339829249999999945e+02 2.358761567722368890e-01 8.099604520328941293e-01 5.369604313252785976e-01 -7.295494380000000092e+02 9.171875266475425503e-01 -3.681502751320303579e-01 1.524218353201861054e-01 -2.905028700000000086e+01 0.000000000000000000e+00 0.000000000000000000e+00 0.000000000000000000e+00 1.000000000000000000e+00
3.221477292224462774e-01 4.869769937343165767e-01 -8.118338796393684831e-01 2.342391509999999926e+02 2.310867347215072309e-01 7.911591248033986723e-01 5.662739268905746526e-01 -7.295951539999999795e+02 9.180521562485286502e-01 -3.700279000478310376e-01 1.423361921424737275e-01 -2.906393399999999971e+01 0.000000000000000000e+00 0.000000000000000000e+00 0.000000000000000000e+00 1.000000000000000000e+00
3.224355148020436879e-01 5.165914972686972417e-01 -7.932014647893853576e-01 2.344930270000000121e+02 2.252460574189572851e-01 7.720143542573356665e-01 5.943551551369306019e-01 -7.296479490000000396e+02 9.194017361369059005e-01 -3.703067131045756910e-01 1.325646476936012674e-01 -2.907660100000000014e+01 0.000000000000000000e+00 0.000000000000000000e+00 0.000000000000000000e+00 1.000000000000000000e+00
3.221319559516397923e-01 5.451756441925402763e-01 -7.739602831760938884e-01 2.347447200000000009e+02 2.186144638308180621e-01 7.526047935111785936e-01 6.211229676867215943e-01 -7.297070310000000291e+02 9.211073331369883377e-01 -3.692824688003006894e-01 1.232547730435629152e-01 -2.908813699999999969e+01 0.000000000000000000e+00 0.000000000000000000e+00 0.000000000000000000e+00 1.000000000000000000e+00
3.211992635740870128e-01 5.701504815417431926e-01 -7.561477775390084144e-01 2.349712069999999926e+02 2.118133308968573880e-01 7.349766107822679473e-01 6.441618542395911584e-01 -7.297664790000000039e+02 9.230201221716902715e-01 -3.670664926150685181e-01 1.153084735196390764e-01 -2.909725800000000007e+01 0.000000000000000000e+00 0.000000000000000000e+00 0.000000000000000000e+00 1.000000000000000000e+00
3.197332688354415642e-01 5.940299689194746824e-01 -7.381727662446856408e-01 2.351956179999999961e+02 2.044401458125464366e-01 7.174659286655196144e-01 6.659180640170893062e-01 -7.298309940000000324e+02 9.251890961203271813e-01 -3.638283073506670684e-01 1.079541531873625115e-01 -2.910498600000000025e+01 0.000000000000000000e+00 0.000000000000000000e+00 0.000000000000000000e+00 1.000000000000000000e+00
3.173611422116737191e-01 6.211016570527450043e-01 -7.165993560005732288e-01 2.354621889999999951e+02 1.949744077770753647e-01 6.967827395084370545e-01 6.902744340007794799e-01 -7.299146729999999934e+02 9.280446571830909264e-01 -3.587848178636493524e-01 1.000328383305575941e-01 -2.911227799999999988e+01 0.000000000000000000e+00 0.000000000000000000e+00 0.000000000000000000e+00 1.000000000000000000e+00
3.146305688489212660e-01 6.442938397912670867e-01 -6.970602937715140168e-01 2.357038569999999993e+02 1.857796924097369906e-01 6.783547002717400520e-01 7.108592030123697114e-01 -7.299971920000000409e+02 9.308563321125058465e-01 -3.531576823831854561e-01 9.373441384992708958e-02 -2.911687500000000028e+01 0.000000000000000000e+00 0.000000000000000000e+00 0.000000000000000000e+00 1.000000000000000000e+00
3.114444011120575118e-01 6.658541069176522331e-01 -6.779680621657981909e-01 2.359430389999999989e+02 1.761839064168899127e-01 6.606212997150084920e-01 7.297525124879923331e-01 -7.300849610000000212e+02 9.337888498668402981e-01 -3.467243958301012841e-01 8.843402739112837807e-02 -2.911938500000000118e+01 0.000000000000000000e+00 0.000000000000000000e+00 0.000000000000000000e+00 1.000000000000000000e+00
3.075137303857489179e-01 6.874510500226718168e-01 -6.579106014094673327e-01 2.362010960000000068e+02 1.653341270014743181e-01 6.422948775633878782e-01 7.484129319463240781e-01 -7.301866459999999961e+02 9.370698650969955246e-01 -3.389223275007989811e-01 8.385537459542991012e-02 -2.911966299999999919e+01 0.000000000000000000e+00 0.000000000000000000e+00 0.000000000000000000e+00 1.000000000000000000e+00
3.035478848021160303e-01 7.054573904176402177e-01 -6.404596411463371330e-01 2.364349369999999908e+02 1.550910460326648255e-01 6.266292855460833255e-01 7.637293407592113947e-01 -7.302848510000000033e+02 9.401092750700078549e-01 -3.311579816358636297e-01 8.080186957122892366e-02 -2.911761100000000013e+01 0.000000000000000000e+00 0.000000000000000000e+00 0.000000000000000000e+00 1.000000000000000000e+00
2.998101176419434299e-01 7.203127485131194385e-01 -6.255105416289957754e-01 2.366456149999999923e+02 1.456996898091550419e-01 6.134078348731240027e-01 7.762102991495167803e-01 -7.303778690000000324e+02 9.428072410355364807e-01 -3.238523929906058640e-01 7.895653111185968465e-02 -2.911393500000000145e+01 0.000000000000000000e+00 0.000000000000000000e+00 0.000000000000000000e+00 1.000000000000000000e+00
2.953701282709648712e-01 7.350405296569508806e-01 -6.103047657415292537e-01 2.368747410000000002e+02 1.350871379684709384e-01 6.002565208436143607e-01 7.883169250626341773e-01 -7.304847409999999854e+02 9.457843054738650501e-01 -3.152895953664641704e-01 7.800332411487498341e-02 -2.910769300000000115e+01 0.000000000000000000e+00 0.000000000000000000e+00 0.000000000000000000e+00 1.000000000000000000e+00
2.907496265271726221e-01 7.480746730293739155e-01 -5.965307521379807909e-01 2.371013949999999966e+02 1.243319550841278653e-01 5.886390167386671424e-01 7.987776116779273794e-01 -7.305959470000000238e+02 9.486865760720282204e-01 -3.064121269547447346e-01 7.813698762942783427e-02 -2.909930400000000006e+01 0.000000000000000000e+00 0.000000000000000000e+00 0.000000000000000000e+00 1.000000000000000000e+00
2.860171336521936669e-01 7.594450811770077081e-01 -5.843264224159567810e-01 2.373256989999999860e+02 1.134862473605215416e-01 5.786622686393996240e-01 8.076328686433766890e-01 -7.307111820000000080e+02 9.514804627092505740e-01 -2.973098510462631183e-01 7.932075108973146715e-02 -2.908885400000000132e+01 0.000000000000000000e+00 0.000000000000000000e+00 0.000000000000000000e+00 1.000000000000000000e+00
2.812203175291924095e-01 7.691898729518131805e-01 -5.738136216204294815e-01 2.375476069999999993e+02 1.025874688433570103e-01 5.704217194438525596e-01 8.149201637111648244e-01 -7.308301999999999907e+02 9.541440898758914990e-01 -2.880381942296749154e-01 8.150493494147831308e-02 -2.907642900000000097e+01 0.000000000000000000e+00 0.000000000000000000e+00 0.000000000000000000e+00 1.000000000000000000e+00
2.763974757076685940e-01 7.773542447729782090e-01 -5.650883236768045048e-01 2.377672269999999912e+02 9.166929599646927995e-02 5.639884978655296255e-01 8.206788132070272912e-01 -7.309531250000000000e+02 9.566614738735641499e-01 -2.786348011444652606e-01 8.462548077998621743e-02 -2.906213400000000036e+01 0.000000000000000000e+00 0.000000000000000000e+00 0.000000000000000000e+00 1.000000000000000000e+00
2.721205916126858138e-01 7.834289096105319095e-01 -5.587392300589022476e-01 2.379651179999999897e+02 8.184709947968704657e-02 5.597027977493160833e-01 8.246416376210641275e-01 -7.310676270000000159e+02 9.587760092571799841e-01 -2.701331556437328030e-01 8.818527255066332948e-02 -2.904771600000000120e+01 0.000000000000000000e+00 0.000000000000000000e+00 0.000000000000000000e+00 1.000000000000000000e+00
2.693439618572178729e-01 7.884461039848968955e-01 -5.529978040843335219e-01 2.381846009999999865e+02 7.294537376246257310e-02 5.558663922730630036e-01 8.280649288479642323e-01 -7.311933589999999867e+02 9.602774612879927396e-01 -2.633729201196786107e-01 9.220576061136942503e-02 -2.903235400000000155e+01 0.000000000000000000e+00 0.000000000000000000e+00 0.000000000000000000e+00 1.000000000000000000e+00
2.696177647677875377e-01 7.920391818550875929e-01 -5.477044780974005267e-01 2.384282530000000122e+02 6.652451975103990112e-02 5.520887506656886323e-01 8.311272463710314140e-01 -7.313278199999999742e+02 9.606668252799801522e-01 -2.605224477750872625e-01 9.616290871100702242e-02 -2.901791199999999904e+01 0.000000000000000000e+00 0.000000000000000000e+00 0.000000000000000000e+00 1.000000000000000000e+00
2.721874648234884342e-01 7.937961699226401269e-01 -5.438764791835637435e-01 2.386341710000000091e+02 6.334335424530807002e-02 5.492095432375267983e-01 8.332805632497259918e-01 -7.314389039999999795e+02 9.601570722886521025e-01 -2.612594844842467956e-01 9.920624124070998029e-02 -2.900791200000000103e+01 0.000000000000000000e+00 0.000000000000000000e+00 0.000000000000000000e+00 1.000000000000000000e+00
2.762464733831259678e-01 7.946853529015611706e-01 -5.405211150612957427e-01 2.388413539999999955e+02 6.149468040358951892e-02 5.466385085195879512e-01 8.351076249715004840e-01 -7.315501100000000179e+02 9.591174538217129841e-01 -2.639347095158214307e-01 1.021380383958528371e-01 -2.899959399999999832e+01 0.000000000000000000e+00 0.000000000000000000e+00 0.000000000000000000e+00 1.000000000000000000e+00
2.815714338979625753e-01 7.948785293381341877e-01 -5.374808379932167757e-01 2.390494840000000067e+02 6.069765463821302776e-02 5.442674486617419261e-01 8.367130565783341689e-01 -7.316622310000000198e+02 9.576185682901443563e-01 -2.682183213810781508e-01 1.050029034905756720e-01 -2.899305199999999871e+01 0.000000000000000000e+00 0.000000000000000000e+00 0.000000000000000000e+00 1.000000000000000000e+00
2.878338653308199491e-01 7.945550501851940117e-01 -5.346343967553185417e-01 2.392578279999999893e+02 6.060354639498866103e-02 5.420288077784042313e-01 8.381718091791636738e-01 -7.317758179999999584e+02 9.557608885767768792e-01 -2.736549721154828418e-01 1.078613930162431456e-01 -2.898821399999999926e+01 0.000000000000000000e+00 0.000000000000000000e+00 0.000000000000000000e+00 1.000000000000000000e+00
2.954729782664829441e-01 7.937979107864794326e-01 -5.315831035175545560e-01 2.394866030000000023e+02 6.097084879338260377e-02 5.396242515579524612e-01 8.396953154138315778e-01 -7.319031370000000152e+02 9.534035214492072585e-01 -2.805183487074244808e-01 1.110458523615845405e-01 -2.898474500000000020e+01 0.000000000000000000e+00 0.000000000000000000e+00 0.000000000000000000e+00 1.000000000000000000e+00
3.037226786421681757e-01 7.927992033466163546e-01 -5.284145698704725280e-01 2.397145840000000021e+02 6.162672188631557191e-02 5.371057195983275356e-01 8.412607164989396313e-01 -7.320332029999999577e+02 9.507653136436839958e-01 -2.880744159895722856e-01 1.142735718540988099e-01 -2.898325499999999977e+01 0.000000000000000000e+00 0.000000000000000000e+00 0.000000000000000000e+00 1.000000000000000000e+00
3.122424004614087201e-01 7.917614623398759877e-01 -5.249937810179452491e-01 2.399410860000000127e+02 6.227275523574082872e-02 5.343767950069693295e-01 8.429493133714676123e-01 -7.321668700000000172e+02 9.479592751323480115e-01 -2.958973263000199139e-01 1.175499254744669098e-01 -2.898354900000000001e+01 0.000000000000000000e+00 0.000000000000000000e+00 0.000000000000000000e+00 1.000000000000000000e+00
3.200058875623632004e-01 7.909345848830721115e-01 -5.215541336824649488e-01 2.401452639999999974e+02 6.266926627141666817e-02 5.316248451753271542e-01 8.446582664351967029e-01 -7.322915649999999914e+02 9.453405709004698565e-01 -3.029810331161866266e-01 1.205557903272247433e-01 -2.898518599999999878e+01 0.000000000000000000e+00 0.000000000000000000e+00 0.000000000000000000e+00 1.000000000000000000e+00
3.276840278473772683e-01 7.903318411422711742e-01 -5.176859653983165721e-01 2.403475799999999936e+02 6.279626413486927294e-02 5.285082144995087994e-01 8.466024429549237063e-01 -7.324194949999999835e+02 9.426981527002282757e-01 -3.099268431149663772e-01 1.235538134270570132e-01 -2.898801599999999823e+01 0.000000000000000000e+00 0.000000000000000000e+00 0.000000000000000000e+00 1.000000000000000000e+00
3.365141894694631541e-01 7.900732613071181909e-01 -5.123889558267669120e-01 2.405872799999999927e+02 6.241113619238192189e-02 5.242144026804171908e-01 8.492962440171212268e-01 -7.325776369999999815e+02 9.396079237452643618e-01 -3.177790140804576668e-01 1.270962149128214702e-01 -2.899268299999999954e+01 0.000000000000000000e+00 0.000000000000000000e+00 0.000000000000000000e+00 1.000000000000000000e+00
3.435574134654005851e-01 7.903171759377811689e-01 -5.073135766670291424e-01 2.407844699999999989e+02 6.167261422856318287e-02 5.200419484038876217e-01 8.519112985249712722e-01 -7.327131960000000390e+02 9.371044724614103760e-01 -3.239677967298881800e-01 1.299233403773287221e-01 -2.899754300000000029e+01 0.000000000000000000e+00 0.000000000000000000e+00 0.000000000000000000e+00 1.000000000000000000e+00
3.512340857489362200e-01 7.913248393560617933e-01 -5.004394225340483837e-01 2.410171359999999936e+02 6.007248523464381318e-02 5.143457560693063257e-01 8.554763233025370894e-01 -7.328806759999999940e+02 9.343585572604568013e-01 -3.305350841160383246e-01 1.331189116638242798e-01 -2.900405500000000103e+01 0.000000000000000000e+00 0.000000000000000000e+00 0.000000000000000000e+00 1.000000000000000000e+00
3.570022471181693580e-01 7.927988220632204985e-01 -4.939832216662298769e-01 2.412077639999999974e+02 5.817493250434796481e-02 5.089344242387187078e-01 8.588372541133264537e-01 -7.330242309999999861e+02 9.322902299073458909e-01 -3.353442702059690750e-01 1.355697151259598332e-01 -2.900990900000000039e+01 0.000000000000000000e+00 0.000000000000000000e+00 0.000000000000000000e+00 1.000000000000000000e+00
3.625318837572788500e-01 7.951495050265018349e-01 -4.861151076807920801e-01 2.414136660000000063e+02 5.545502957717790560e-02 5.022697648718998931e-01 8.629309491437429092e-01 -7.331861569999999801e+02 9.303200379192062552e-01 -3.397975102198889652e-01 1.379937646938124152e-01 -2.901651000000000025e+01 0.000000000000000000e+00 0.000000000000000000e+00 0.000000000000000000e+00 1.000000000000000000e+00
3.675277857455824249e-01 7.986095194044029455e-01 -4.765985335915524090e-01 2.416335909999999956e+02 5.175268604701299680e-02 4.941083194991026661e-01 8.678586452232254222e-01 -7.333676150000000007e+02 9.285714760813348345e-01 -3.436274204984833824e-01 1.402683488520840571e-01 -2.902363400000000127e+01 0.000000000000000000e+00 0.000000000000000000e+00 0.000000000000000000e+00 1.000000000000000000e+00
3.710760248697111408e-01 8.026079890007240536e-01 -4.670364008930215083e-01 2.418306729999999902e+02 4.770243874981305865e-02 4.858055778915605361e-01 8.727642395439717538e-01 -7.335383299999999736e+02 9.273764398043622403e-01 -3.461406599659458960e-01 1.419844442681154062e-01 -2.902982099999999832e+01 0.000000000000000000e+00 0.000000000000000000e+00 0.000000000000000000e+00 1.000000000000000000e+00
3.737162771747059020e-01 8.078590486882404331e-01 -4.557410466780557057e-01 2.420404969999999878e+02 4.259090134680815209e-02 4.758778886990260859e-01 8.784795103870232102e-01 -7.337291870000000245e+02 9.265647086400091714e-01 -3.477125141548528253e-01 1.434358679095519284e-01 -2.903587299999999871e+01 0.000000000000000000e+00 0.000000000000000000e+00 0.000000000000000000e+00 1.000000000000000000e+00
3.750478488576585723e-01 8.134211646740610036e-01 -4.446179482741748901e-01 2.422281649999999900e+02 3.734594997874701727e-02 4.659807170332213588e-01 8.840063638760693454e-01 -7.339080810000000383e+02 9.262528764259939651e-01 -3.481493648041009137e-01 1.443870794048873751e-01 -2.904060199999999980e+01 0.000000000000000000e+00 0.000000000000000000e+00 0.000000000000000000e+00 1.000000000000000000e+00
3.753386487349220646e-01 8.196338506268545654e-01 -4.328062495764564144e-01 2.424112849999999924e+02 3.162101079399309844e-02 4.553508127762636581e-01 8.897503857714040842e-01 -7.340906979999999749e+02 9.263482123058310869e-01 -3.476434785963792296e-01 1.449931079299973113e-01 -2.904435000000000144e+01 0.000000000000000000e+00 0.000000000000000000e+00 0.000000000000000000e+00 1.000000000000000000e+00
3.746983818905463282e-01 8.257829541942798279e-01 -4.215253671735235130e-01 2.425738680000000045e+02 2.604326329059819534e-02 4.450940819747701838e-01 8.951050254736663270e-01 -7.342595830000000205e+02 9.267809185809678940e-01 -3.463723007880452620e-01 1.452699494080350040e-01 -2.904675699999999949e+01 0.000000000000000000e+00 0.000000000000000000e+00 0.000000000000000000e+00 1.000000000000000000e+00
3.703412067778602546e-01 8.406500455131569183e-01 -3.951643854664100286e-01 2.429184879999999964e+02 1.273985344773903572e-02 4.207763143655396942e-01 9.070749634969994535e-01 -7.346408689999999524e+02 9.288084230326771884e-01 -3.409615729780701709e-01 1.451210496650015003e-01 -2.904817800000000005e+01 0.000000000000000000e+00 0.000000000000000000e+00 0.000000000000000000e+00 1.000000000000000000e+00
3.663290750810955232e-01 8.493149642931721033e-01 -3.800882794534925502e-01 2.430989840000000015e+02 5.012542886233262163e-03 4.066766905355698736e-01 9.135583964853311034e-01 -7.348539429999999584e+02 9.304718604901720536e-01 -3.365682112183554509e-01 1.447202682184970945e-01 -2.904647800000000046e+01 0.000000000000000000e+00 0.000000000000000000e+00 0.000000000000000000e+00 1.000000000000000000e+00
3.621338873030561234e-01 8.567203929188793587e-01 -3.672726725795139591e-01 2.432453920000000096e+02 -1.623912583169240254e-03 3.945953448326185442e-01 9.188535665405830333e-01 -7.350340579999999591e+02 9.321246754456724570e-01 -3.321515951991625415e-01 1.442875851622446581e-01 -2.904363100000000131e+01 0.000000000000000000e+00 0.000000000000000000e+00 0.000000000000000000e+00 1.000000000000000000e+00
3.566976698091846032e-01 8.649561753579685375e-01 -3.530121627689523645e-01 2.434023589999999899e+02 -9.076148642342518613e-03 3.810590288113924196e-01 9.245061601131389084e-01 -7.352347409999999854e+02 9.341757842496882791e-01 -3.265652021747477152e-01 1.437733384534355396e-01 -2.903895999999999944e+01 0.000000000000000000e+00 0.000000000000000000e+00 0.000000000000000000e+00 1.000000000000000000e+00
3.504333767322844739e-01 8.732015491610802815e-01 -3.386967714854965394e-01 2.435551150000000007e+02 -1.665184376339429173e-02 3.673801051361761383e-01 9.299218109332698656e-01 -7.354380489999999782e+02 9.364396214232333371e-01 -3.202357145804042293e-01 1.432826665577159875e-01 -2.903265000000000029e+01 0.000000000000000000e+00 0.000000000000000000e+00 0.000000000000000000e+00 1.000000000000000000e+00
3.427383994850449200e-01 8.820976457912526048e-01 -3.231627033058728782e-01 2.437170409999999947e+02 -2.500026127993415503e-02 3.524408960508163546e-01 9.355000810939744227e-01 -7.356625370000000430e+02 9.390981718938467004e-01 -3.125526484937017901e-01 1.428477002447279820e-01 -2.902391599999999983e+01 0.000000000000000000e+00 0.000000000000000000e+00 0.000000000000000000e+00 1.000000000000000000e+00
3.349652642146522252e-01 8.900741135916131475e-01 -3.091380663776495119e-01 2.438612980000000050e+02 -3.269137848669301238e-02 3.388727820233577992e-01 9.402640647054365530e-01 -7.358706670000000258e+02 9.416631805174542347e-01 -3.048496513330032909e-01 1.426083606942394888e-01 -2.901423799999999886e+01 0.000000000000000000e+00 0.000000000000000000e+00 0.000000000000000000e+00 1.000000000000000000e+00
3.257748440963771919e-01 8.984978940461749719e-01 -2.942316865134848580e-01 2.440142060000000015e+02 -4.109257504610019929e-02 3.243710852654063670e-01 9.450369301354434315e-01 -7.361004030000000284e+02 9.445539429964080469e-01 -2.957785209211970523e-01 1.425935318715658706e-01 -2.900190500000000071e+01 0.000000000000000000e+00 0.000000000000000000e+00 0.000000000000000000e+00 1.000000000000000000e+00
3.167801471319319218e-01 9.058962702061147398e-01 -2.810734530504827577e-01 2.441504360000000133e+02 -4.876883412815780083e-02 3.114992907941784850e-01 9.489940951620849940e-01 -7.363129269999999451e+02 9.472443925412554755e-01 -2.869148644831323036e-01 1.428562961082710525e-01 -2.898904399999999981e+01 0.000000000000000000e+00 0.000000000000000000e+00 0.000000000000000000e+00 1.000000000000000000e+00
3.055449440427847052e-01 9.141708181697296709e-01 -2.663343807636907590e-01 2.443067169999999919e+02 -5.777840024997976665e-02 2.969958631853614750e-01 9.531291170221039000e-01 -7.365667720000000145e+02 9.504230340403397870e-01 -2.758354082739725155e-01 1.435649118269718971e-01 -2.897203999999999979e+01 0.000000000000000000e+00 0.000000000000000000e+00 0.000000000000000000e+00 1.000000000000000000e+00
2.956098618485961671e-01 9.207294144435475003e-01 -2.547001275152728783e-01 2.444351350000000025e+02 -6.532861775633880264e-02 2.854748617857196802e-01 9.561570346917240837e-01 -7.367836300000000165e+02 9.530723903670172970e-01 -2.660102416578478679e-01 1.445391644269238274e-01 -2.895622300000000138e+01 0.000000000000000000e+00 0.000000000000000000e+00 0.000000000000000000e+00 1.000000000000000000e+00
2.853558770705523773e-01 9.268515374187995537e-01 -2.439636263989021225e-01 2.445601650000000120e+02 -7.279717488380543777e-02 2.747722969881061239e-01 9.587495794715199526e-01 -7.370022579999999834e+02 9.556529677399804301e-01 -2.558249643648706217e-01 1.458800632625315563e-01 -2.893921999999999883e+01 0.000000000000000000e+00 0.000000000000000000e+00 0.000000000000000000e+00 1.000000000000000000e+00
2.744157685624472043e-01 9.326279498287421976e-01 -2.343098230175568730e-01 2.446810460000000091e+02 -8.050771511871573916e-02 2.650904324029319525e-01 9.608566857002089900e-01 -7.372232669999999644e+02 9.582350931638046188e-01 -2.448104774037744291e-01 1.478287400429662002e-01 -2.892110299999999867e+01 0.000000000000000000e+00 0.000000000000000000e+00 0.000000000000000000e+00 1.000000000000000000e+00
2.613521895959683983e-01 9.381960857060472891e-01 -2.268989593613058853e-01 2.447816160000000139e+02 -8.976805289289846446e-02 2.576751448635913322e-01 9.620526058378222611e-01 -7.374308469999999716e+02 9.610602112631706495e-01 -2.310662772569327394e-01 1.515639991601286374e-01 -2.890506600000000148e+01 0.000000000000000000e+00 0.000000000000000000e+00 0.000000000000000000e+00 1.000000000000000000e+00
2.458380682583845012e-01 9.442221346988817210e-01 -2.191077464163989630e-01 2.448986820000000080e+02 -1.006702551925556244e-01 2.496937356531541141e-01 9.630776386642141418e-01 -7.376824339999999438e+02 9.640690555735370593e-01 -2.147035135256521454e-01 1.564393088877871207e-01 -2.889084799999999831e+01 0.000000000000000000e+00 0.000000000000000000e+00 0.000000000000000000e+00 1.000000000000000000e+00
2.337035129450882043e-01 9.485737319448683813e-01 -2.135194208996221699e-01 2.449947200000000009e+02 -1.089889240537926796e-01 2.437737066929198393e-01 9.636886397373327640e-01 -7.378926390000000310e+02 9.661801501121421998e-01 -2.019461685434495446e-01 1.603548020481428416e-01 -2.888350099999999898e+01 0.000000000000000000e+00 0.000000000000000000e+00 0.000000000000000000e+00 1.000000000000000000e+00
2.210138267543872159e-01 9.527327658305866365e-01 -2.084542283000810348e-01 2.450985110000000020e+02 -1.174961833542563228e-01 2.381944700375384361e-01 9.640840426750767467e-01 -7.381248170000000073e+02 9.681671009079810819e-01 -1.885833273551423273e-01 1.645867350763680625e-01 -2.887977400000000117e+01 0.000000000000000000e+00 0.000000000000000000e+00 0.000000000000000000e+00 1.000000000000000000e+00
2.078155907546779813e-01 9.565572995653905952e-01 -2.044769250733507460e-01 2.452094419999999957e+02 -1.261855765833833076e-01 2.335103549516840959e-01 9.641317930618502619e-01 -7.383790279999999484e+02 9.699947837496880609e-01 -1.745595794521373478e-01 1.692308267423215939e-01 -2.888015000000000043e+01 0.000000000000000000e+00 0.000000000000000000e+00 0.000000000000000000e+00 1.000000000000000000e+00
1.960883999034300218e-01 9.594541637308287019e-01 -2.024772755715775197e-01 2.453088679999999897e+02 -1.337795381230313385e-01 2.307307542754856167e-01 9.637771289105452333e-01 -7.386132810000000291e+02 9.714177137580417565e-01 -1.618981986652152094e-01 1.735989592885210098e-01 -2.888296100000000166e+01 0.000000000000000000e+00 0.000000000000000000e+00 0.000000000000000000e+00 1.000000000000000000e+00
1.857865532126489194e-01 9.615895887945582476e-01 -2.020614247383109574e-01 2.453977810000000090e+02 -1.404238177470684690e-01 2.295144347130839702e-01 9.631221499205965264e-01 -7.388270260000000462e+02 9.725042457772108406e-01 -1.505609078753381569e-01 1.776707769022589645e-01 -2.888633499999999898e+01 0.000000000000000000e+00 0.000000000000000000e+00 0.000000000000000000e+00 1.000000000000000000e+00
1.739728395343906331e-01 9.635293794180790350e-01 -2.033336816726455942e-01 2.455030669999999873e+02 -1.480649161083396614e-01 2.297295537456757741e-01 9.619257314125884140e-01 -7.390841060000000198e+02 9.735554589863750774e-01 -1.372423663961835349e-01 1.826315995215620491e-01 -2.889058299999999946e+01 0.000000000000000000e+00 0.000000000000000000e+00 0.000000000000000000e+00 1.000000000000000000e+00
1.648110823009742987e-01 9.645405845246337595e-01 -2.061522931127844904e-01 2.456114650000000097e+02 -1.535400804778753181e-01 2.315517910882012864e-01 9.606295913257583141e-01 -7.393377689999999802e+02 9.743011602362120493e-01 -1.266697629615053944e-01 1.862579402700647868e-01 -2.889248999999999867e+01 0.000000000000000000e+00 0.000000000000000000e+00 0.000000000000000000e+00 1.000000000000000000e+00
1.585045050692327762e-01 9.647177614300828097e-01 -2.102283583489342189e-01 2.457239230000000134e+02 -1.576014497256626457e-01 2.349103492315446629e-01 9.591553111296854395e-01 -7.395895389999999452e+02 9.746989816949269692e-01 -1.188981438258985834e-01 1.892752664180636091e-01 -2.888904000000000138e+01 0.000000000000000000e+00 0.000000000000000000e+00 0.000000000000000000e+00 1.000000000000000000e+00
1.559577296003118729e-01 9.641839168019455952e-01 -2.145380179790395414e-01 2.458323210000000074e+02 -1.601883673736831382e-01 2.390088535082725840e-01 9.577131381070298488e-01 -7.398183589999999867e+02 9.746880903838262000e-01 -1.149962717879140506e-01 1.917263256279905237e-01 -2.888117199999999940e+01 0.000000000000000000e+00 0.000000000000000000e+00 0.000000000000000000e+00 1.000000000000000000e+00
1.558125632425049201e-01 9.618032957658679827e-01 -2.250708008376798852e-01 2.460651699999999948e+02 -1.651001747487235161e-01 2.500061287820401490e-01 9.540643939846821242e-01 -7.402985230000000456e+02 9.738913581266348540e-01 -1.114959901760242955e-01 1.977479879567085319e-01 -2.886044100000000157e+01 0.000000000000000000e+00 0.000000000000000000e+00 0.000000000000000000e+00 1.000000000000000000e+00
1.580448400967850719e-01 9.601917399216692850e-01 -2.303337819447661139e-01 2.461785739999999976e+02 -1.669230961418939896e-01 2.558883643210583259e-01 9.521858143133078434e-01 -7.405290529999999762e+02 9.732206884839560423e-01 -1.120400267372815284e-01 2.007200137393467809e-01 -2.885802299999999931e+01 0.000000000000000000e+00 0.000000000000000000e+00 0.000000000000000000e+00 1.000000000000000000e+00
1.614067659971097080e-01 9.585045080623806335e-01 -2.349829013235820163e-01 2.462830810000000099e+02 -1.679208156117170669e-01 2.613066504134232693e-01 9.505374448878977089e-01 -7.407382810000000291e+02 9.724970208564396312e-01 -1.139646544934479477e-01 2.031295201381105586e-01 -2.885897800000000046e+01 0.000000000000000000e+00 0.000000000000000000e+00 0.000000000000000000e+00 1.000000000000000000e+00
1.656507167675423942e-01 9.566831460008364818e-01 -2.394101046162038782e-01 2.463883510000000001e+02 -1.684956585353508118e-01 2.666501919285655942e-01 9.489504139833637719e-01 -7.409473880000000463e+02 9.716836177939494057e-01 -1.168547530158758896e-01 2.053677521142517615e-01 -2.886183000000000121e+01 0.000000000000000000e+00 0.000000000000000000e+00 0.000000000000000000e+00 1.000000000000000000e+00
1.717338631375261992e-01 9.543907644961503456e-01 -2.442247917315418237e-01 2.465155029999999954e+02 -1.687557194485697076e-01 2.727432864096764886e-01 9.471708435503305434e-01 -7.411983639999999696e+02 9.705817778040430888e-01 -1.214469775782943128e-01 2.078981583175768255e-01 -2.886695100000000025e+01 0.000000000000000000e+00 0.000000000000000000e+00 0.000000000000000000e+00 1.000000000000000000e+00
1.778189511671512679e-01 9.522851218027311715e-01 -2.480594029642326781e-01 2.466320039999999949e+02 -1.687616010570766045e-01 2.778524252885200552e-01 9.456836425411720981e-01 -7.414286499999999478e+02 9.694843694534049927e-01 -1.262975714510959357e-01 2.101165886623160006e-01 -2.887277200000000121e+01 0.000000000000000000e+00 0.000000000000000000e+00 0.000000000000000000e+00 1.000000000000000000e+00
1.900141434495803416e-01 9.485270778119164747e-01 -2.533594441632456840e-01 2.468529819999999972e+02 -1.685341893784738643e-01 2.857436180049787167e-01 9.433699230842402805e-01 -7.418699950000000172e+02 9.672077606696831698e-01 -1.365538993475150509e-01 2.141545709839640099e-01 -2.888605099999999837e+01 0.000000000000000000e+00 0.000000000000000000e+00 0.000000000000000000e+00 1.000000000000000000e+00
1.983640047875285528e-01 9.465288503612767634e-01 -2.544304561926756802e-01 2.469717709999999897e+02 -1.671010445584097948e-01 2.884479394842932587e-01 9.428016902375354613e-01 -7.420991209999999683e+02 9.657789408100291295e-01 -1.445023239986996666e-01 2.153836480488551808e-01 -2.889156300000000144e+01 0.000000000000000000e+00 0.000000000000000000e+00 0.000000000000000000e+00 1.000000000000000000e+00
2.068381744266256650e-01 9.447075907668855965e-01 -2.544514443804302140e-01 2.470906070000000057e+02 -1.654880139718259424e-01 2.901099968077697211e-01 9.425762075205679213e-01 -7.423278199999999742e+02 9.642778058378826955e-01 -1.528520778387466028e-01 2.163436051027537443e-01 -2.889203799999999944e+01 0.000000000000000000e+00 0.000000000000000000e+00 0.000000000000000000e+00 1.000000000000000000e+00
2.138593665692052892e-01 9.433589605898490271e-01 -2.536494486598734888e-01 2.471970520000000135e+02 -1.644215377329220074e-01 2.907135123245572772e-01 9.425768996116234977e-01 -7.425368650000000343e+02 9.629276864127229718e-01 -1.598734662999430345e-01 2.172803385331525949e-01 -2.888775599999999955e+01 0.000000000000000000e+00 0.000000000000000000e+00 0.000000000000000000e+00 1.000000000000000000e+00
2.211453048825566259e-01 9.422129764839080046e-01 -2.516534543250609768e-01 2.473221890000000087e+02 -1.637027568751235340e-01 2.902450319874123608e-01 9.428463442142149820e-01 -7.427888789999999517e+02 9.614032252493669439e-01 -1.673096779984961091e-01 2.184291879034353789e-01 -2.887684099999999887e+01 0.000000000000000000e+00 0.000000000000000000e+00 0.000000000000000000e+00 1.000000000000000000e+00
2.244765146384171683e-01 9.420158888736622771e-01 -2.494320738905725365e-01 2.474287569999999903e+02 -1.647978744009215291e-01 2.889750440040998458e-01 9.430456428698275051e-01 -7.430242919999999458e+02 9.604436240450170414e-01 -1.705857234717844673e-01 2.201103268337978314e-01 -2.886650699999999858e+01 0.000000000000000000e+00 0.000000000000000000e+00 0.000000000000000000e+00 1.000000000000000000e+00
2.267603195333804389e-01 9.422757687496678969e-01 -2.463658521636902243e-01 2.475314180000000022e+02 -1.663177310804093145e-01 2.867033008041383613e-01 9.434721138625540293e-01 -7.432614139999999452e+02 9.596448144044669171e-01 -1.729670284627501387e-01 2.217301000121145726e-01 -2.886011099999999985e+01 0.000000000000000000e+00 0.000000000000000000e+00 0.000000000000000000e+00 1.000000000000000000e+00
2.285630157026969922e-01 9.427949672681246174e-01 -2.426862121068773526e-01 2.476225279999999884e+02 -1.676666994706650371e-01 2.836817587726290224e-01 9.441464598399347263e-01 -7.434777219999999716e+02 9.589821821814532576e-01 -1.751065659350428683e-01 2.229144787243172998e-01 -2.885799000000000092e+01 0.000000000000000000e+00 0.000000000000000000e+00 0.000000000000000000e+00 1.000000000000000000e+00
2.301249404614450766e-01 9.437055773940167258e-01 -2.376179601230559157e-01 2.477202299999999866e+02 -1.691808621578699823e-01 2.792487419002287474e-01 9.451973212121684842e-01 -7.437166750000000093e+02 9.583425001830694345e-01 -1.773130659104546480e-01 2.239190233104337568e-01 -2.885950899999999919e+01 0.000000000000000000e+00 0.000000000000000000e+00 0.000000000000000000e+00 1.000000000000000000e+00
2.311189226528972129e-01 9.450021945264406309e-01 -2.314193076041302644e-01 2.478149870000000021e+02 -1.707879626179387156e-01 2.735721587482663475e-01 9.465673487832899635e-01 -7.439565430000000106e+02 9.578181014245750191e-01 -1.792459938130396835e-01 2.246227020703784882e-01 -2.886459899999999834e+01 0.000000000000000000e+00 0.000000000000000000e+00 0.000000000000000000e+00 1.000000000000000000e+00
2.314948186526463447e-01 9.466734009286426055e-01 -2.240973469525601169e-01 2.479069059999999922e+02 -1.725299098081919946e-01 2.666540512047526068e-01 9.482241545107731318e-01 -7.441976319999999987e+02 9.574150506225372892e-01 -1.808454836325500414e-01 2.250585077066707407e-01 -2.887203200000000081e+01 0.000000000000000000e+00 0.000000000000000000e+00 0.000000000000000000e+00 1.000000000000000000e+00
2.311867752028116951e-01 9.486908183879572132e-01 -2.157276201085813194e-01 2.479959719999999948e+02 -1.744111774718228869e-01 2.585551598180216848e-01 9.501210293980284494e-01 -7.444395749999999907e+02 9.571485862415598511e-01 -1.820301086025743476e-01 2.252368163021268854e-01 -2.888074500000000100e+01 0.000000000000000000e+00 0.000000000000000000e+00 0.000000000000000000e+00 1.000000000000000000e+00
2.300792189179518832e-01 9.512315175927296140e-01 -2.054802982291437652e-01 2.480898740000000089e+02 -1.766288950632116661e-01 2.484555553659268667e-01 9.524033129071727277e-01 -7.447044069999999465e+02 9.570087703103113963e-01 -1.828344522950791085e-01 2.251794320161241980e-01 -2.889098399999999955e+01 0.000000000000000000e+00 0.000000000000000000e+00 0.000000000000000000e+00 1.000000000000000000e+00
2.288277076514831920e-01 9.535189409764750490e-01 -1.960599638122706989e-01 2.481662289999999871e+02 -1.784699329317711025e-01 2.390824657057551428e-01 9.544569438331860223e-01 -7.449258419999999887e+02 9.569672738658814293e-01 -1.834153859172069079e-01 2.248831540123571726e-01 -2.889973099999999917e+01 0.000000000000000000e+00 0.000000000000000000e+00 0.000000000000000000e+00 1.000000000000000000e+00
2.297667953026456267e-01 9.556444726073651807e-01 -1.842575961835577480e-01 2.482542109999999980e+02 -1.793115706915818230e-01 2.276486339068448383e-01 9.570911451353341093e-01 -7.451671139999999696e+02 9.565848526881814973e-01 -1.868682462467559646e-01 2.236642084737559821e-01 -2.890688899999999961e+01 0.000000000000000000e+00 0.000000000000000000e+00 0.000000000000000000e+00 1.000000000000000000e+00
2.299804299369120619e-01 9.579104243325474721e-01 -1.718040185824305510e-01 2.483401639999999873e+02 -1.802486215580548778e-01 2.154080778657244399e-01 9.597446506319351478e-01 -7.454087520000000495e+02 9.563573789501780276e-01 -1.897550498543663089e-01 2.222016759214763271e-01 -2.890848700000000093e+01 0.000000000000000000e+00 0.000000000000000000e+00 0.000000000000000000e+00 1.000000000000000000e+00
2.289590515445029673e-01 9.603728293700661833e-01 -1.589395524203309207e-01 2.484229280000000131e+02 -1.814878019580554724e-01 2.025283439594028900e-01 9.623120323645003582e-01 -7.456515500000000429e+02 9.563680936000922284e-01 -1.914844602070761015e-01 2.206666514064357931e-01 -2.890426599999999979e+01 0.000000000000000000e+00 0.000000000000000000e+00 0.000000000000000000e+00 1.000000000000000000e+00
2.226768184054193078e-01 9.656570847508560984e-01 -1.338709423860074410e-01 2.485695039999999949e+02 -1.849338675866364912e-01 1.766662717454781650e-01 9.667411716933345112e-01 -7.461177979999999934e+02 9.571909418524020552e-01 -1.905135772012868656e-01 2.179221827572425940e-01 -2.888209000000000160e+01 0.000000000000000000e+00 0.000000000000000000e+00 0.000000000000000000e+00 1.000000000000000000e+00
2.078585846977620277e-01 9.721510107132711465e-01 -1.082461137251972683e-01 2.486964260000000024e+02 -1.907390833641945949e-01 1.488218606708575087e-01 9.702941079197845431e-01 -7.466144410000000562e+02 9.593817857583235575e-01 -1.810371955031034874e-01 2.163610940061566623e-01 -2.886962899999999976e+01 0.000000000000000000e+00 0.000000000000000000e+00 0.000000000000000000e+00 1.000000000000000000e+00
1.999011278676250669e-01 9.752937585784573482e-01 -9.402990776959124775e-02 2.487613069999999880e+02 -1.935544604865498397e-01 1.333823551272660946e-01 9.719803589406861288e-01 -7.468862920000000258e+02 9.605083080864071921e-01 -1.761000619494788588e-01 2.154357404851332536e-01 -2.887091399999999908e+01 0.000000000000000000e+00 0.000000000000000000e+00 0.000000000000000000e+00 1.000000000000000000e+00
1.930685795474734456e-01 9.777272081186225705e-01 -8.230449620819574319e-02 2.488129120000000114e+02 -1.957716785069612553e-01 1.205824410751119569e-01 9.732077500713476326e-01 -7.471134029999999484e+02 9.614561734609061716e-01 -1.717829485395193090e-01 2.146919772720465303e-01 -2.887383300000000119e+01 0.000000000000000000e+00 0.000000000000000000e+00 0.000000000000000000e+00 1.000000000000000000e+00
1.861380827258226067e-01 9.799711903893695286e-01 -7.077485546432921160e-02 2.488625340000000108e+02 -1.978932044622314645e-01 1.079507837752879396e-01 9.742612113339883528e-01 -7.473408200000000079e+02 9.623881201401147667e-01 -1.673412510086587091e-01 2.140233910675018447e-01 -2.887754800000000088e+01 0.000000000000000000e+00 0.000000000000000000e+00 0.000000000000000000e+00 1.000000000000000000e+00
1.777063116657531527e-01 9.824109737797698250e-01 -5.735107140444833940e-02 2.489195860000000096e+02 -2.003246602249343367e-01 9.317163697552349744e-02 9.752892271367840094e-01 -7.476142579999999498e+02 9.634783325534199694e-01 -1.618262174691887934e-01 2.133583324824601390e-01 -2.888238899999999987e+01 0.000000000000000000e+00 0.000000000000000000e+00 0.000000000000000000e+00 1.000000000000000000e+00
1.626121752429235401e-01 9.860939445540350956e-01 -3.429304560152834913e-02 2.490189210000000060e+02 -2.042913286417387120e-01 6.765056036252137250e-02 9.765697387920794226e-01 -7.481162110000000212e+02 9.653094496090660614e-01 -1.517963576522857183e-01 2.124512468754690409e-01 -2.889081200000000038e+01 0.000000000000000000e+00 0.000000000000000000e+00 0.000000000000000000e+00 1.000000000000000000e+00
1.577361572412769308e-01 9.872079750047292324e-01 -2.323184852344617468e-02 2.490717009999999902e+02 -2.051545067942038836e-01 5.577450005014172874e-02 9.771391065176866508e-01 -7.483653560000000198e+02 9.659352633798919952e-01 -1.493640493265294134e-01 2.113278205253628361e-01 -2.889123700000000028e+01 0.000000000000000000e+00 0.000000000000000000e+00 0.000000000000000000e+00 1.000000000000000000e+00
1.524114863213206494e-01 9.882298268854945444e-01 -1.313575620934853694e-02 2.491222840000000076e+02 -2.060529036570022399e-01 4.477221873921560791e-02 9.775160609031883219e-01 -7.486145629999999755e+02 9.665986445944583227e-01 -1.462780150365507459e-01 2.104514257141598677e-01 -2.888610299999999853e+01 0.000000000000000000e+00 0.000000000000000000e+00 0.000000000000000000e+00 1.000000000000000000e+00
1.470447391970498008e-01 9.891177379155259297e-01 -4.893384855595872551e-03 2.491660610000000133e+02 -2.069898103801049993e-01 3.560850097970419403e-02 9.776948670504448380e-01 -7.488421019999999544e+02 9.672295813679812060e-01 -1.427520059363502902e-01 2.099733357544915635e-01 -2.887669599999999903e+01 0.000000000000000000e+00 0.000000000000000000e+00 0.000000000000000000e+00 1.000000000000000000e+00
1.383891774372408567e-01 9.903744295138570131e-01 2.631526809064144157e-03 2.492064670000000035e+02 -2.088767569113261779e-01 2.658969445484060667e-02 9.775804256279916338e-01 -7.490943600000000515e+02 9.681006848414326349e-01 -1.358362157670080506e-01 2.105459249086720774e-01 -2.886639600000000172e+01 0.000000000000000000e+00 0.000000000000000000e+00 0.000000000000000000e+00 1.000000000000000000e+00
1.207310550587326059e-01 9.925823252367771410e-01 1.429475330175666858e-02 2.492789760000000001e+02 -2.127757833985455815e-01 1.180984820503083732e-02 9.770296789169248264e-01 -7.496010740000000396e+02 9.696135716580809305e-01 -1.209994012916053019e-01 2.126232972736821214e-01 -2.885670299999999955e+01 0.000000000000000000e+00 0.000000000000000000e+00 0.000000000000000000e+00 1.000000000000000000e+00
1.125172687447695830e-01 9.934783208144029043e-01 1.845779797298996439e-02 2.493131559999999922e+02 -2.145111392355132929e-01 6.148534581450315617e-03 9.767021893424744361e-01 -7.498546750000000429e+02 9.702189625945781826e-01 -1.138552659928170341e-01 2.138039827215698074e-01 -2.885464100000000087e+01 0.000000000000000000e+00 0.000000000000000000e+00 0.000000000000000000e+00 1.000000000000000000e+00
1.039516755446424912e-01 9.943466986163259635e-01 2.164929796262671235e-02 2.493490140000000110e+02 -2.162984165666103076e-01 1.355465437076486257e-03 9.763263581939318758e-01 -7.501315309999999954e+02 9.707775461671114270e-01 -1.061734696817529522e-01 2.152165193322747028e-01 -2.885313599999999923e+01 0.000000000000000000e+00 0.000000000000000000e+00 0.000000000000000000e+00 1.000000000000000000e+00
9.710624105389673022e-02 9.950034833629888276e-01 2.320444017641243306e-02 2.493777919999999995e+02 -2.177239844194731044e-01 -1.512949081186931721e-03 9.760092097893270369e-01 -7.503623049999999921e+02 9.711676706711830365e-01 -9.982874876805747366e-02 2.164892061108648624e-01 -2.885211200000000176e+01 0.000000000000000000e+00 0.000000000000000000e+00 0.000000000000000000e+00 1.000000000000000000e+00
8.992786180432257859e-02 9.956649406812283498e-01 2.375511670249319529e-02 2.494084320000000048e+02 -2.192408498936027628e-01 -3.476234706074721181e-03 9.756645763428122287e-01 -7.506165160000000469e+02 9.715175908902697888e-01 -9.294752116390569974e-02 2.179778174499688026e-01 -2.885103600000000057e+01 0.000000000000000000e+00 0.000000000000000000e+00 0.000000000000000000e+00 1.000000000000000000e+00
8.241923890025903976e-02 9.963337045809635972e-01 2.293944583191270814e-02 2.494405979999999943e+02 -2.208398267086931765e-01 -4.186766312901046838e-03 9.753011032122929080e-01 -7.508937379999999848e+02 9.718214033444501077e-01 -8.544951786765314639e-02 2.196850925707278246e-01 -2.884978900000000124e+01 0.000000000000000000e+00 0.000000000000000000e+00 0.000000000000000000e+00 1.000000000000000000e+00
7.643950008763827908e-02 9.968499327865305570e-01 2.114744263122886325e-02 2.494664919999999881e+02 -2.221328879597976313e-01 -3.650731987555666525e-03 9.750095652056931517e-01 -7.511253050000000258e+02 9.720154231867885741e-01 -7.922678624962770089e-02 2.211540943043195373e-01 -2.884865399999999980e+01 0.000000000000000000e+00 0.000000000000000000e+00 0.000000000000000000e+00 1.000000000000000000e+00
7.017165450378670677e-02 9.973719975344116362e-01 1.802879470232460202e-02 2.494941709999999944e+02 -2.235192526357686615e-01 -1.892883037954318226e-03 9.746976765617900718e-01 -7.513798829999999498e+02 9.721702950642694407e-01 -7.242593132312497017e-02 2.227990167541800126e-01 -2.884729400000000155e+01 0.000000000000000000e+00 0.000000000000000000e+00 0.000000000000000000e+00 1.000000000000000000e+00
6.422211034303637600e-02 9.978410159572512761e-01 1.374144884964234592e-02 2.495210419999999942e+02 -2.248699128456593255e-01 1.054390832413210077e-03 9.743882237366982002e-01 -7.516343379999999570e+02 9.722700462525173393e-01 -6.566730642696561038e-02 2.244521374965152138e-01 -2.884582699999999988e+01 0.000000000000000000e+00 0.000000000000000000e+00 0.000000000000000000e+00 1.000000000000000000e+00
5.860139643545747568e-02 9.982466913477214820e-01 8.331839481232006239e-03 2.495472560000000044e+02 -2.261870150579560756e-01 5.148103847340768091e-03 9.740702907110700970e-01 -7.518894649999999729e+02 9.723195516675504635e-01 -5.896643316416255720e-02 2.260921254818707982e-01 -2.884426099999999948e+01 0.000000000000000000e+00 0.000000000000000000e+00 0.000000000000000000e+00 1.000000000000000000e+00
5.328895958631391094e-02 9.985774311423600835e-01 1.844125628351955815e-03 2.495728609999999890e+02 -2.274706629001476688e-01 1.034070482736165753e-02 9.737300279561273975e-01 -7.521445310000000291e+02 9.723257603838209029e-01 -5.230854458688666275e-02 2.276981156207185109e-01 -2.884262500000000173e+01 0.000000000000000000e+00 0.000000000000000000e+00 0.000000000000000000e+00 1.000000000000000000e+00
4.793365132375976279e-02 9.988302532497326247e-01 -6.363196040267804499e-03 2.496003719999999930e+02 -2.288170619729916200e-01 1.718154731774096389e-02 9.733178034854885752e-01 -7.524227290000000039e+02 9.722885977017421411e-01 -4.519866839678887693e-02 2.293729782566742981e-01 -2.884079399999999893e+01 0.000000000000000000e+00 0.000000000000000000e+00 0.000000000000000000e+00 1.000000000000000000e+00
4.468580512619801937e-02 9.988965562198470760e-01 -1.445160172276438448e-02 2.496279600000000016e+02 -2.298441884261222534e-01 2.435793981288558729e-02 9.729225764750291106e-01 -7.526774289999999610e+02 9.722010223544103047e-01 -4.015421198581531348e-02 2.306790224377534559e-01 -2.883923499999999862e+01 0.000000000000000000e+00 0.000000000000000000e+00 0.000000000000000000e+00 1.000000000000000000e+00
4.401768459800453615e-02 9.987756326281201913e-01 -2.257607385992727034e-02 2.496600799999999936e+02 -2.305236565927618608e-01 3.214250981772354132e-02 9.725357077319680688e-01 -7.529320069999999987e+02 9.720706184191214572e-01 -3.760445094554420997e-02 2.316562498085280586e-01 -2.883792499999999848e+01 0.000000000000000000e+00 0.000000000000000000e+00 0.000000000000000000e+00 1.000000000000000000e+00
4.557511953995030396e-02 9.984684293090022589e-01 -3.136405828544452934e-02 2.496990509999999972e+02 -2.309462860487083158e-01 4.107728711697378188e-02 9.720990018734807503e-01 -7.532091060000000198e+02 9.718985139608081747e-01 -3.706011543861159607e-02 2.324646777565343436e-01 -2.883673999999999893e+01 0.000000000000000000e+00 0.000000000000000000e+00 0.000000000000000000e+00 1.000000000000000000e+00
5.370074832365367978e-02 9.973983648009766556e-01 -4.809086734315992651e-02 2.497856749999999977e+02 -2.311357961144456796e-01 5.926810184469510911e-02 9.711145843093225150e-01 -7.537622679999999491e+02 9.714383528479926255e-01 -4.103405897622908194e-02 2.337172065123026554e-01 -2.883509300000000053e+01 0.000000000000000000e+00 0.000000000000000000e+00 0.000000000000000000e+00 1.000000000000000000e+00
6.514190723855006748e-02 9.959437245517914761e-01 -6.206955330296454187e-02 2.498747860000000003e+02 -2.309005993494377407e-01 7.555768483536506874e-02 9.700391484277273157e-01 -7.542924189999999953e+02 9.707942341924959972e-01 -4.885830316563471998e-02 2.348859746140249949e-01 -2.883449399999999940e+01 0.000000000000000000e+00 0.000000000000000000e+00 0.000000000000000000e+00 1.000000000000000000e+00
7.116802274484385071e-02 9.951625855297652201e-01 -6.772400534745254275e-02 2.499182130000000086e+02 -2.307491023861638069e-01 8.248012659828157789e-02 9.695111554099369311e-01 -7.545461430000000291e+02 9.704071126525035673e-01 -5.337093851567376035e-02 2.355028208650313259e-01 -2.883458699999999908e+01 0.000000000000000000e+00 0.000000000000000000e+00 0.000000000000000000e+00 1.000000000000000000e+00
7.792059865480088776e-02 9.942878630310217902e-01 -7.293850652763295139e-02 2.499657899999999984e+02 -2.306034145446459460e-01 8.915214230296747422e-02 9.689550870515835079e-01 -7.548230589999999438e+02 9.699229069908741341e-01 -5.868169179561499860e-02 2.362329645548581492e-01 -2.883500099999999833e+01 0.000000000000000000e+00 0.000000000000000000e+00 0.000000000000000000e+00 1.000000000000000000e+00
8.463224537106828205e-02 9.934284280454162008e-01 -7.705414586292336221e-02 2.500131069999999909e+02 -2.304862967434469501e-01 9.475243787112053173e-02 9.684513630177671306e-01 -7.550999759999999696e+02 9.693881833697700623e-01 -6.420228865619054259e-02 2.369907510312674326e-01 -2.883574899999999985e+01 0.000000000000000000e+00 0.000000000000000000e+00 0.000000000000000000e+00 1.000000000000000000e+00
9.112005437395498397e-02 9.926237740257189968e-01 -7.996986263478061963e-02 2.500597840000000076e+02 -2.304390018517173955e-01 9.914158318347754406e-02 9.680231468872311229e-01 -7.553772579999999834e+02 9.688111281960336552e-01 -6.977814645583363395e-02 2.377730181511698571e-01 -2.883684500000000028e+01 0.000000000000000000e+00 0.000000000000000000e+00 0.000000000000000000e+00 1.000000000000000000e+00
9.674414083737808978e-02 9.919645136639269056e-01 -8.152898162694383055e-02 2.501017459999999915e+02 -2.304674553477780163e-01 1.020131618123372719e-01 9.677179686471517606e-01 -7.556319580000000542e+02 9.682589133280197213e-01 -7.483126651700405807e-02 2.384847129530602849e-01 -2.883815600000000146e+01 0.000000000000000000e+00 0.000000000000000000e+00 0.000000000000000000e+00 1.000000000000000000e+00
1.024549696800622911e-01 9.913565371190014019e-01 -8.194629643418538389e-02 2.501464540000000056e+02 -2.305893447753294967e-01 1.038051663519085066e-01 9.674983418666600610e-01 -7.559099119999999630e+02 9.676422547945814356e-01 -8.022907047993549368e-02 2.392316095042287816e-01 -2.883992399999999989e+01 0.000000000000000000e+00 0.000000000000000000e+00 0.000000000000000000e+00 1.000000000000000000e+00
1.076191479394540407e-01 9.908874296613885413e-01 -8.099518958452528450e-02 2.501898040000000094e+02 -2.308094534027476663e-01 1.041440472073746903e-01 9.674094343405967855e-01 -7.561879269999999451e+02 9.670290146715925239e-01 -8.541732359606807323e-02 2.399140796472225001e-01 -2.884202799999999911e+01 0.000000000000000000e+00 0.000000000000000000e+00 0.000000000000000000e+00 1.000000000000000000e+00
1.121543774402758431e-01 9.905721337928101722e-01 -7.866538866708328026e-02 2.502315370000000030e+02 -2.311310382258773832e-01 1.029986609220854832e-01 9.674552801121534262e-01 -7.564660639999999603e+02 9.664366708634416492e-01 -9.032233168722120231e-02 2.405037164140533812e-01 -2.884445799999999949e+01 0.000000000000000000e+00 0.000000000000000000e+00 0.000000000000000000e+00 1.000000000000000000e+00
1.160304010401609354e-01 9.904132503134128740e-01 -7.495691854712593916e-02 2.502715149999999937e+02 -2.315501903636700831e-01 1.003597269750921006e-01 9.676323860557960455e-01 -7.567448120000000245e+02 9.658785924623278785e-01 -9.491848505484073995e-02 2.409751560179729801e-01 -2.884719099999999870e+01 0.000000000000000000e+00 0.000000000000000000e+00 0.000000000000000000e+00 1.000000000000000000e+00
1.194434858231323282e-01 9.904111989753354717e-01 -6.941837392692162823e-02 2.503127440000000092e+02 -2.321056810402564730e-01 9.583652588474406153e-02 9.679578054518604979e-01 -7.570472409999999854e+02 9.653290664448357372e-01 -9.950385545586426517e-02 2.413271145689198649e-01 -2.885047099999999887e+01 0.000000000000000000e+00 0.000000000000000000e+00 0.000000000000000000e+00 1.000000000000000000e+00
1.216725293603348468e-01 9.905344375303181126e-01 -6.353993756335013510e-02 2.503458100000000002e+02 -2.326540192018679010e-01 9.069316326699478070e-02 9.683216704617545467e-01 -7.573032839999999624e+02 9.649185991306599153e-01 -1.030353250255571229e-01 2.414866846196751515e-01 -2.885346799999999945e+01 0.000000000000000000e+00 0.000000000000000000e+00 0.000000000000000000e+00 1.000000000000000000e+00
1.234109828285883115e-01 9.907774321366031867e-01 -5.594469846267824398e-02 2.503798830000000066e+02 -2.333151895811586551e-01 8.376465711546543513e-02 9.687866145488572833e-01 -7.575825810000000047e+02 9.645381027351845882e-01 -1.065061603247747790e-01 2.415009030726045225e-01 -2.885695300000000074e+01 0.000000000000000000e+00 0.000000000000000000e+00 0.000000000000000000e+00 1.000000000000000000e+00
1.243820235161819387e-01 9.910744260424853014e-01 -4.796451053204536796e-02 2.504092100000000016e+02 -2.339660267514179215e-01 7.627146201799878122e-02 9.692484523628561721e-01 -7.578387450000000172e+02 9.642556769613415124e-01 -1.093350178405604889e-01 2.413645444584385236e-01 -2.886032099999999900e+01 0.000000000000000000e+00 0.000000000000000000e+00 0.000000000000000000e+00 1.000000000000000000e+00
1.247573625285114396e-01 9.914499536994132445e-01 -3.824382047286561948e-02 2.504390410000000031e+02 -2.347078404126987095e-01 6.694114239584658677e-02 9.697582756045683983e-01 -7.581181639999999788e+02 9.640268824798075009e-01 -1.120083602423060376e-01 2.410524778800107737e-01 -2.886414500000000061e+01 0.000000000000000000e+00 0.000000000000000000e+00 0.000000000000000000e+00 1.000000000000000000e+00
1.244496319735390599e-01 9.918428396708667272e-01 -2.756937604084686022e-02 2.504666139999999928e+02 -2.354659793480370911e-01 5.651350357607526353e-02 9.702381132913850958e-01 -7.583983150000000251e+02 9.638817674753061837e-01 -1.142541259963414935e-01 2.405783303240167093e-01 -2.886808999999999870e+01 0.000000000000000000e+00 0.000000000000000000e+00 0.000000000000000000e+00 1.000000000000000000e+00
1.233837976885031329e-01 9.922446099585369161e-01 -1.506892418833843950e-02 2.504939270000000135e+02 -2.362885197333053910e-01 4.412348230863655241e-02 9.706806136681638275e-01 -7.587019649999999729e+02 9.638175003133147012e-01 -1.162056466665488674e-01 2.399001329149346717e-01 -2.887246299999999977e+01 0.000000000000000000e+00 0.000000000000000000e+00 0.000000000000000000e+00 1.000000000000000000e+00
1.145831908087749373e-01 9.921467511069359535e-01 5.015492649811792436e-02 2.505957339999999931e+02 -2.385567912856035311e-01 -2.152938745226168349e-02 9.708898716164708897e-01 -7.600782470000000330e+02 9.643450366521294503e-01 -1.232124577462933579e-01 2.342164395180684200e-01 -2.886100800000000177e+01 0.000000000000000000e+00 0.000000000000000000e+00 0.000000000000000000e+00 1.000000000000000000e+00
1.075303471079548656e-01 9.918062119612350847e-01 6.897581000574332100e-02 2.506089169999999910e+02 -2.392254446913854027e-01 -4.152802487413631560e-02 9.700755690987490354e-01 -7.604752809999999954e+02 9.649914046576018034e-01 -1.208133314877077868e-01 2.327997591746812645e-01 -2.885899500000000018e+01 0.000000000000000000e+00 0.000000000000000000e+00 0.000000000000000000e+00 1.000000000000000000e+00
1.019553365518049148e-01 9.913079594565792352e-01 8.314829443014254418e-02 2.506161500000000046e+02 -2.395994191575148702e-01 -5.665277166349264037e-02 9.692175100575854962e-01 -7.607788090000000238e+02 9.655036135033312483e-01 -1.187391804792236605e-01 2.317407588904737414e-01 -2.885959400000000130e+01 0.000000000000000000e+00 0.000000000000000000e+00 0.000000000000000000e+00 1.000000000000000000e+00
9.666184768588409471e-02 9.906885317052012141e-01 9.587867515638520688e-02 2.506206209999999999e+02 -2.398517908101546747e-01 -7.030565751167400235e-02 9.682604158835643737e-01 -7.610588989999999967e+02 9.659853030181737576e-01 -1.165905127771719729e-01 2.308225437067257801e-01 -2.886083400000000054e+01 0.000000000000000000e+00 0.000000000000000000e+00 0.000000000000000000e+00 1.000000000000000000e+00
9.170559897578078878e-02 9.900069091488061801e-01 1.071279746570447666e-01 2.506229710000000068e+02 -2.400167587118222090e-01 -8.243375374604744454e-02 9.672624420398048262e-01 -7.613154299999999921e+02 9.664274616617452018e-01 -1.144158908585828360e-01 2.300586126731026249e-01 -2.886221300000000056e+01 0.000000000000000000e+00 0.000000000000000000e+00 0.000000000000000000e+00 1.000000000000000000e+00
8.713087141745223807e-02 9.893118603304167369e-01 1.169198625367197653e-01 2.506236110000000110e+02 -2.401162738900661786e-01 -9.304964064978249461e-02 9.662742568174405022e-01 -7.615486449999999650e+02 9.668259337953166721e-01 -1.122666797608104505e-01 2.294423813428928538e-01 -2.886352199999999968e+01 0.000000000000000000e+00 0.000000000000000000e+00 0.000000000000000000e+00 1.000000000000000000e+00
8.204237096477839941e-02 9.884873528742005311e-01 1.271290783976403715e-01 2.506227719999999977e+02 -2.401745710817132506e-01 -1.041900911585785794e-01 9.651220649793901263e-01 -7.618051150000000007e+02 9.672565454791157702e-01 -1.097140743574989141e-01 2.288615238865731039e-01 -2.886493700000000118e+01 0.000000000000000000e+00 0.000000000000000000e+00 0.000000000000000000e+00 1.000000000000000000e+00
7.692225520828660512e-02 9.876253119290343552e-01 1.366719060039353062e-01 2.506202849999999955e+02 -2.401881529480711652e-01 -1.146852395091179644e-01 9.639278743879803324e-01 -7.620620730000000549e+02 9.676738178937492885e-01 -1.069744786190310881e-01 2.283940522148536489e-01 -2.886626199999999898e+01 0.000000000000000000e+00 0.000000000000000000e+00 0.000000000000000000e+00 1.000000000000000000e+00
7.225876045159462802e-02 9.868330391881761088e-01 1.447039194515018501e-01 2.506166530000000137e+02 -2.401673644407971708e-01 -1.235986028898766742e-01 9.628307340447914697e-01 -7.622957760000000462e+02 9.680383817780988664e-01 -1.043261143256962176e-01 2.280740083265548890e-01 -2.886736300000000099e+01 0.000000000000000000e+00 0.000000000000000000e+00 0.000000000000000000e+00 1.000000000000000000e+00
6.715309683456660572e-02 9.859764100501137163e-01 1.527775520494322192e-01 2.506112520000000075e+02 -2.401135785945153200e-01 -1.326526827827974042e-01 9.616385678232033385e-01 -7.625527339999999867e+02 9.684192950164006719e-01 -1.012609726163844481e-01 2.278382857746278911e-01 -2.886844599999999872e+01 0.000000000000000000e+00 0.000000000000000000e+00 0.000000000000000000e+00 1.000000000000000000e+00
6.165265386130189262e-02 9.850890675981854860e-01 1.606190498365483998e-01 2.506036990000000060e+02 -2.400394927840364678e-01 -1.415679817646488536e-01 9.603851042384332626e-01 -7.628330079999999498e+02 9.688033815877402644e-01 -9.776520565938146001e-02 2.277322383557889851e-01 -2.886946700000000021e+01 0.000000000000000000e+00 0.000000000000000000e+00 0.000000000000000000e+00 1.000000000000000000e+00
5.708059694000125472e-02 9.844181063618731020e-01 1.663213675986252582e-01 2.505960239999999999e+02 -2.399491705903273875e-01 -1.481827978154229286e-01 9.594093255564111189e-01 -7.630665279999999484e+02 9.691058770774156894e-01 -9.467233121930301865e-02 2.277519455800883774e-01 -2.887017099999999914e+01 0.000000000000000000e+00 0.000000000000000000e+00 0.000000000000000000e+00 1.000000000000000000e+00
4.978256510259304601e-02 9.830035432157524511e-01 1.767080367076780956e-01 2.505810850000000016e+02 -2.393173192280833583e-01 -1.600327530398373277e-01 9.576621213517707565e-01 -7.635781250000000000e+02 9.696643320908990837e-01 -8.996417053342120607e-02 2.272829318073483762e-01 -2.886425200000000046e+01 0.000000000000000000e+00 0.000000000000000000e+00 0.000000000000000000e+00 1.000000000000000000e+00
4.456005292736989198e-02 9.826511393652030968e-01 1.800309417499612041e-01 2.505681460000000129e+02 -2.392487639382356868e-01 -1.644689471413828818e-01 9.569273715283888038e-01 -7.638342290000000503e+02 9.699352713646081092e-01 -8.571291460726865319e-02 2.277693254860949645e-01 -2.886038999999999888e+01 0.000000000000000000e+00 0.000000000000000000e+00 0.000000000000000000e+00 1.000000000000000000e+00
3.439031830258790223e-02 9.823479375037014183e-01 1.838745107111657839e-01 2.505374909999999886e+02 -2.391061050983681047e-01 -1.705528561814520505e-01 9.558974807755469261e-01 -7.643692630000000463e+02 9.703842416855988917e-01 -7.683913671152797775e-02 2.290200221764295274e-01 -2.885585400000000078e+01 0.000000000000000000e+00 0.000000000000000000e+00 0.000000000000000000e+00 1.000000000000000000e+00
2.986296646671693367e-02 9.824296835135470918e-01 1.842284456463761932e-01 2.505213009999999940e+02 -2.390393111905391721e-01 -1.719433630742828178e-01 9.556650498999417209e-01 -7.646257930000000442e+02 9.705505710365435190e-01 -7.257683408758869303e-02 2.297045759545557897e-01 -2.885438299999999856e+01 0.000000000000000000e+00 0.000000000000000000e+00 0.000000000000000000e+00 1.000000000000000000e+00
2.592351690326519242e-02 9.826348040362500313e-01 1.837302728676100116e-01 2.505057979999999986e+02 -2.389915649921199314e-01 -1.723704038451694398e-01 9.556000605592646080e-01 -7.648588869999999815e+02 9.706755395774548933e-01 -6.868249977172868892e-02 2.303729825546455556e-01 -2.885317200000000071e+01 0.000000000000000000e+00 0.000000000000000000e+00 0.000000000000000000e+00 1.000000000000000000e+00
2.141773566896335024e-02 9.830423458100721046e-01 1.821236583836514100e-01 2.504862060000000099e+02 -2.389521923573030837e-01 -1.718525588898901502e-01 9.557031692793716005e-01 -7.651384890000000496e+02 9.707951021541325609e-01 -6.398784530852213992e-02 2.312194310310441980e-01 -2.885178200000000004e+01 0.000000000000000000e+00 0.000000000000000000e+00 0.000000000000000000e+00 1.000000000000000000e+00
1.749508237498598184e-02 9.835621822932225644e-01 1.797202149322255083e-01 2.504674530000000061e+02 -2.389341663695707663e-01 -1.704271341474563606e-01 9.559628947232012841e-01 -7.653948360000000548e+02 9.708781521045626306e-01 -5.966594932520380423e-02 2.320249733480245213e-01 -2.885050400000000081e+01 0.000000000000000000e+00 0.000000000000000000e+00 0.000000000000000000e+00 1.000000000000000000e+00
1.346420149667559851e-02 9.842755132163700793e-01 1.761261745474190232e-01 2.504461819999999932e+02 -2.389416619034798184e-01 -1.678719110431244887e-01 9.564130403175878925e-01 -7.656743770000000495e+02 9.709405736114131713e-01 -5.496121873994680440e-02 2.329241656629034152e-01 -2.884909100000000137e+01 0.000000000000000000e+00 0.000000000000000000e+00 0.000000000000000000e+00 1.000000000000000000e+00
9.966724969298956793e-03 9.850488711069576020e-01 1.719865864661965782e-01 2.504259639999999933e+02 -2.389685957144484507e-01 -1.646651052170223783e-01 9.569636426668106655e-01 -7.659306639999999788e+02 9.709761452557167383e-01 -5.063718648162723879e-02 2.337545736227936710e-01 -2.884776499999999899e+01 0.000000000000000000e+00 0.000000000000000000e+00 0.000000000000000000e+00 1.000000000000000000e+00
6.039428962659076916e-03 9.860894882607542655e-01 1.661055280219439489e-01 2.504012299999999982e+02 -2.390101328516804347e-01 -1.598706100087681214e-01 9.577659131800664305e-01 -7.662333370000000059e+02 9.709982912920225306e-01 -4.548526351543058510e-02 2.347198524004835418e-01 -2.884616099999999861e+01 0.000000000000000000e+00 0.000000000000000000e+00 0.000000000000000000e+00 1.000000000000000000e+00
2.644082192291896671e-03 9.871445044676641078e-01 1.598084357243086950e-01 2.503777310000000114e+02 -2.390656605012995151e-01 -1.545510570337826350e-01 9.586248383694311315e-01 -7.665128780000000006e+02 9.709998037066939203e-01 -4.073939210433258351e-02 2.355837072730871951e-01 -2.884465199999999996e+01 0.000000000000000000e+00 0.000000000000000000e+00 0.000000000000000000e+00 1.000000000000000000e+00
-5.390710708717549871e-04 9.882642068288565174e-01 1.527532877005000622e-01 2.503536829999999895e+02 -2.391358967984089090e-01 -1.484487390309857102e-01 9.595712556879406607e-01 -7.667922360000000026e+02 9.709859588401892339e-01 -3.601151733878305006e-02 2.364094717945058322e-01 -2.884312999999999860e+01 0.000000000000000000e+00 0.000000000000000000e+00 0.000000000000000000e+00 1.000000000000000000e+00
-3.513481437585563860e-03 9.894223871911487223e-01 1.450206715373931754e-01 2.503292079999999942e+02 -2.392185446332246168e-01 -1.416425312982610984e-01 9.605789302451845924e-01 -7.670717160000000376e+02 9.709593932558404639e-01 -3.131665774615588482e-02 2.371858418958864845e-01 -2.884160999999999930e+01 0.000000000000000000e+00 0.000000000000000000e+00 0.000000000000000000e+00 1.000000000000000000e+00
-6.295826471589494044e-03 9.905933247764217020e-01 1.366939189482628825e-01 2.503043670000000134e+02 -2.393050826491941452e-01 -1.342171793885207909e-01 9.616230166625858722e-01 -7.673510740000000396e+02 9.709240134981221848e-01 -2.665733792756225240e-02 2.378990255282978916e-01 -2.884010100000000065e+01 0.000000000000000000e+00 0.000000000000000000e+00 0.000000000000000000e+00 1.000000000000000000e+00
-8.686136304281222298e-03 9.916576459895578566e-01 1.286066257490310338e-01 2.502813419999999951e+02 -2.393882738548795408e-01 -1.269338413834701362e-01 9.625908031206285020e-01 -7.676072390000000496e+02 9.708850629074916583e-01 -2.242572322320779410e-02 2.384937767763163352e-01 -2.883873600000000081e+01 0.000000000000000000e+00 0.000000000000000000e+00 0.000000000000000000e+00 1.000000000000000000e+00
-1.092023554774357308e-02 9.926944178716067269e-01 1.201604809499938198e-01 2.502581790000000126e+02 -2.394687762956920762e-01 -1.192670936364622625e-01 9.635507592000305266e-01 -7.678633419999999887e+02 9.708426513266841251e-01 -1.825248207952534507e-02 2.390217422388830060e-01 -2.883741200000000049e+01 0.000000000000000000e+00 0.000000000000000000e+00 0.000000000000000000e+00 1.000000000000000000e+00
-1.320269649925792654e-02 9.937764767585447467e-01 1.106074276281769353e-01 2.502327730000000088e+02 -2.395553110038589617e-01 -1.105392710777298171e-01 9.645695011348062176e-01 -7.681428220000000238e+02 9.707929448522960580e-01 -1.376167834888131214e-02 2.395238494055008660e-01 -2.883601200000000020e+01 0.000000000000000000e+00 0.000000000000000000e+00 0.000000000000000000e+00 1.000000000000000000e+00
-1.533022753927659743e-02 9.947897829247025481e-01 1.007882528483212692e-01 2.502073359999999980e+02 -2.396349545585638174e-01 -1.015177684421624260e-01 9.655409008655400083e-01 -7.684222409999999854e+02 9.707420216912983069e-01 -9.350426682597667849e-03 2.399426949159826350e-01 -2.883465999999999951e+01 0.000000000000000000e+00 0.000000000000000000e+00 0.000000000000000000e+00 1.000000000000000000e+00
-1.730452330444698372e-02 9.957198394709942946e-01 9.078851665856640940e-02 2.501819610000000011e+02 -2.397077537629851984e-01 -9.228549209400793707e-02 9.664489540244072252e-01 -7.687017210000000205e+02 9.706908602944139819e-01 -5.038772948224579107e-03 2.402787225454354747e-01 -2.883337799999999973e+01 0.000000000000000000e+00 0.000000000000000000e+00 0.000000000000000000e+00 1.000000000000000000e+00
-1.899681863712610053e-02 9.964896056542454916e-01 8.153273394603244295e-02 2.501587829999999997e+02 -2.397674890843216611e-01 -8.370833557819401527e-02 9.672147981358267810e-01 -7.689578860000000304e+02 9.706444622310826942e-01 -1.174894793089409362e-03 2.405160027157389191e-01 -2.883227199999999968e+01 0.000000000000000000e+00 0.000000000000000000e+00 0.000000000000000000e+00 1.000000000000000000e+00
-2.072688147625401101e-02 9.972315565468056198e-01 7.141161678259583256e-02 2.501337430000000097e+02 -2.398222559420278843e-01 -7.430072204998328100e-02 9.679693632846688711e-01 -7.692374270000000251e+02 9.705955295276944561e-01 2.936891228176696789e-03 2.406983438471649861e-01 -2.883114600000000038e+01 0.000000000000000000e+00 0.000000000000000000e+00 0.000000000000000000e+00 1.000000000000000000e+00
-2.233194804601829064e-02 9.978668985198146935e-01 6.134278225607525670e-02 2.501089320000000100e+02 -2.398701845045921321e-01 -6.491383516744891891e-02 9.686322772804891734e-01 -7.695169069999999465e+02 9.705480815921503357e-01 6.917141194134501792e-03 2.408081694534002226e-01 -2.883010900000000021e+01 0.000000000000000000e+00 0.000000000000000000e+00 0.000000000000000000e+00 1.000000000000000000e+00
-2.382904832354765245e-02 9.983943093842578831e-01 5.139046064324520602e-02 2.500844730000000027e+02 -2.399090486322018601e-01 -5.561379337041211235e-02 9.692010907811365872e-01 -7.697964480000000549e+02 9.705028721443260675e-01 1.076610310576725515e-02 2.408490526938608656e-01 -2.882916600000000074e+01 0.000000000000000000e+00 0.000000000000000000e+00 0.000000000000000000e+00 1.000000000000000000e+00
-2.459872654604350339e-02 9.987897367757355704e-01 4.259066052281967885e-02 2.500634919999999966e+02 -2.399555121488078369e-01 -4.725710269852595458e-02 9.696329813047535051e-01 -7.700527949999999464e+02 9.704721813847714262e-01 1.363187279863137258e-02 2.408275673636338654e-01 -2.882837699999999970e+01 0.000000000000000000e+00 0.000000000000000000e+00 0.000000000000000000e+00 1.000000000000000000e+00
-2.221125448795335799e-02 9.991659096495215664e-01 3.426580173167814714e-02 2.500476679999999874e+02 -2.400908030782104574e-01 -3.860214769989855910e-02 9.699826186433520014e-01 -7.703326419999999644e+02 9.704962990405119339e-01 1.331762693570154310e-02 2.407479477824684411e-01 -2.882747300000000124e+01 0.000000000000000000e+00 0.000000000000000000e+00 0.000000000000000000e+00 1.000000000000000000e+00
-1.679541266597839311e-02 9.994806049323403663e-01 2.750335393115244109e-02 2.500387120000000039e+02 -2.403503258591825897e-01 -3.073648637743742196e-02 9.701994584952901013e-01 -7.706128539999999703e+02 9.705408981453403916e-01 9.684460194164357105e-03 2.407417210580322098e-01 -2.882649599999999879e+01 0.000000000000000000e+00 0.000000000000000000e+00 0.000000000000000000e+00 1.000000000000000000e+00
-8.141230852390046735e-03 9.997219987334752256e-01 2.212793728645262581e-02 2.500355219999999861e+02 -2.408293403847600045e-01 -2.343755633875643785e-02 9.702844478619188084e-01 -7.709168089999999438e+02 9.705333323333358297e-01 2.570253141755962645e-03 2.409532000798864648e-01 -2.882543400000000133e+01 0.000000000000000000e+00 0.000000000000000000e+00 0.000000000000000000e+00 1.000000000000000000e+00
6.937530669198777034e-04 9.998150357466679683e-01 1.922011970752657284e-02 2.500366520000000037e+02 -2.414106444566764265e-01 -1.848420296801045470e-02 9.702469968949400947e-01 -7.711744380000000092e+02 9.704228044773549611e-01 -5.313053314894067292e-03 2.413531686445794522e-01 -2.882463999999999871e+01 0.000000000000000000e+00 0.000000000000000000e+00 0.000000000000000000e+00 1.000000000000000000e+00
1.044469695824173927e-02 9.997852886309646081e-01 1.789650643419199438e-02 2.500403589999999951e+02 -2.421699124139233272e-01 -1.483556045001815926e-02 9.701204253429398516e-01 -7.714324950000000172e+02 9.701776341613339572e-01 -1.446660925139114928e-02 2.419629628473836114e-01 -2.882405299999999926e+01 0.000000000000000000e+00 0.000000000000000000e+00 0.000000000000000000e+00 1.000000000000000000e+00
2.069164250297894636e-02 9.996201019035582114e-01 1.820735567974895996e-02 2.500457150000000013e+02 -2.431136535319302627e-01 -1.263397583952052816e-02 9.699155293739981643e-01 -7.716908570000000509e+02 9.697770916024390786e-01 -2.449560215235346838e-02 2.427598774062718068e-01 -2.882378800000000041e+01 0.000000000000000000e+00 0.000000000000000000e+00 0.000000000000000000e+00 1.000000000000000000e+00
3.224213446477153244e-02 9.992694287972295752e-01 2.051958665309872032e-02 2.500530239999999935e+02 -2.443815849652594130e-01 -1.202528651725831565e-02 9.696045758009010918e-01 -7.719732669999999644e+02 9.691429645284658223e-01 -3.627673021974658907e-02 2.438153259119295035e-01 -2.882400499999999965e+01 0.000000000000000000e+00 0.000000000000000000e+00 0.000000000000000000e+00 1.000000000000000000e+00
4.286664718258992313e-02 9.987804773600905683e-01 2.449507304893394632e-02 2.500603490000000022e+02 -2.457467557700802607e-01 -1.322348616053969916e-02 9.692438658264710405e-01 -7.722325439999999617e+02 9.683857612479664922e-01 -4.756781956439953829e-02 2.448802155219666488e-01 -2.882479100000000116e+01 0.000000000000000000e+00 0.000000000000000000e+00 0.000000000000000000e+00 1.000000000000000000e+00
5.419174444103430632e-02 9.980531756965320689e-01 3.087253336713502438e-02 2.500683139999999867e+02 -2.474468070677997011e-01 -1.653069761719799802e-02 9.687604521801247426e-01 -7.725158689999999524e+02 9.673847903013509386e-01 -6.013812865691781084e-02 2.460692442692813398e-01 -2.882640100000000061e+01 0.000000000000000000e+00 0.000000000000000000e+00 0.000000000000000000e+00 1.000000000000000000e+00
6.499554406046537114e-02 9.971082095223492425e-01 3.938016957073059432e-02 2.500756529999999884e+02 -2.493475013446752042e-01 -2.198357852694987624e-02 9.681645241632834686e-01 -7.727996219999999994e+02 9.662305122616714481e-01 -7.274572687302538476e-02 2.471976059679055204e-01 -2.882889199999999974e+01 0.000000000000000000e+00 0.000000000000000000e+00 0.000000000000000000e+00 1.000000000000000000e+00
7.432120554783297472e-02 9.960278845061545372e-01 4.903887939289336417e-02 2.500814059999999870e+02 -2.512522132868272862e-01 -2.888602257779548932e-02 9.674905286451673803e-01 -7.730601199999999835e+02 9.650640827035203984e-01 -8.422618942958931543e-02 2.481073664561040948e-01 -2.883202599999999904e+01 0.000000000000000000e+00 0.000000000000000000e+00 0.000000000000000000e+00 1.000000000000000000e+00
8.370846202052081853e-02 9.945873505100724099e-01 6.155400548716288833e-02 2.500861050000000034e+02 -2.534733703924148540e-01 -3.848710202099303590e-02 9.665764291973685252e-01 -7.733446659999999611e+02 9.637137250698823987e-01 -9.651292754538298713e-02 2.488797117656458835e-01 -2.883643000000000001e+01 0.000000000000000000e+00 0.000000000000000000e+00 0.000000000000000000e+00 1.000000000000000000e+00
9.147417782449077106e-02 9.929967767134667556e-01 7.476547483965323426e-02 2.500885930000000030e+02 -2.555995896733570527e-01 -4.915195278185796601e-02 9.655324620625354015e-01 -7.736057739999999967e+02 9.624454917293471246e-01 -1.074313128207758372e-01 2.493134342057396480e-01 -2.884137700000000137e+01 0.000000000000000000e+00 0.000000000000000000e+00 0.000000000000000000e+00 1.000000000000000000e+00
9.899633042797437166e-02 9.909191374709710454e-01 9.098895293156339381e-02 2.500890200000000050e+02 -2.579918194625322458e-01 -6.275269223392559992e-02 9.641070068762110923e-01 -7.738903810000000476e+02 9.610618854434961333e-01 -1.189174613384474943e-01 2.494367449607443055e-01 -2.884779899999999841e+01 0.000000000000000000e+00 0.000000000000000000e+00 0.000000000000000000e+00 1.000000000000000000e+00
1.049380950931972922e-01 9.886623397190643647e-01 1.074000661984753635e-01 2.500870060000000024e+02 -2.602036161253807323e-01 -7.693782373026691879e-02 9.624835839820469197e-01 -7.741512450000000172e+02 9.598343994426783432e-01 -1.289470794584978708e-01 2.491798072590097335e-01 -2.885460700000000145e+01 0.000000000000000000e+00 0.000000000000000000e+00 0.000000000000000000e+00 1.000000000000000000e+00
1.136477336069984800e-01 9.832693419699753967e-01 1.423572751492677702e-01 2.500757600000000025e+02 -2.643446383818262024e-01 -1.081946901103696956e-01 9.583401385680883067e-01 -7.746495360000000119e+02 9.577087787029908705e-01 -1.465445671932354976e-01 2.476258973156342802e-01 -2.886991099999999832e+01 0.000000000000000000e+00 0.000000000000000000e+00 0.000000000000000000e+00 1.000000000000000000e+00
1.170773251988937447e-01 9.794613315399248732e-01 1.641596781865455323e-01 2.500646059999999977e+02 -2.665814152586717389e-01 -1.282356008526630009e-01 9.552434138546259668e-01 -7.749337160000000040e+02 9.566751010468268479e-01 -1.555992631473368526e-01 2.460927068099534321e-01 -2.887992900000000063e+01 0.000000000000000000e+00 0.000000000000000000e+00 0.000000000000000000e+00 1.000000000000000000e+00
1.196069750831109668e-01 9.746655603417950786e-01 1.890005740601935491e-01 2.500484470000000101e+02 -2.688394508270184891e-01 -1.514598030637719916e-01 9.512020173101560783e-01 -7.752414549999999736e+02 9.557298369259458193e-01 -1.645812065197544971e-01 2.439129050911549856e-01 -2.889170800000000128e+01 0.000000000000000000e+00 0.000000000000000000e+00 0.000000000000000000e+00 1.000000000000000000e+00
1.235370341337564126e-01 9.695384078266098271e-01 2.115038461741952092e-01 2.500375520000000051e+02 -2.708607363010221980e-01 -1.720983834042804084e-01 9.471096071522564497e-01 -7.755019529999999577e+02 9.546586105660512800e-01 -1.742911993724176045e-01 2.413493631510573167e-01 -2.890013899999999936e+01 0.000000000000000000e+00 0.000000000000000000e+00 0.000000000000000000e+00 1.000000000000000000e+00
1.271849342689046480e-01 9.637206867321299608e-01 2.346623754664691752e-01 2.500255740000000060e+02 -2.727717778759938816e-01 -1.934780954391190910e-01 9.424233569790281262e-01 -7.757625729999999749e+02 9.536349142567002168e-01 -1.838713260674509353e-01 2.382683062448995859e-01 -2.890339499999999973e+01 0.000000000000000000e+00 0.000000000000000000e+00 0.000000000000000000e+00 1.000000000000000000e+00
1.295044636409652394e-01 9.574203961124208018e-01 2.580208886989598382e-01 2.500101469999999892e+02 -2.744068556612640486e-01 -2.154456244724682890e-01 9.371681068313018059e-01 -7.760223999999999478e+02 9.528533315590410613e-01 -1.921701537794131553e-01 2.348215504020715327e-01 -2.890098800000000168e+01 0.000000000000000000e+00 0.000000000000000000e+00 0.000000000000000000e+00 1.000000000000000000e+00
1.304262219916586529e-01 9.513170063084097627e-01 2.792578631397649169e-01 2.499929199999999980e+02 -2.755926723125620703e-01 -2.357772540951956763e-01 9.319108140905708604e-01 -7.762581179999999677e+02 9.523852579626606030e-01 -1.985070274819876746e-01 2.314244595017173056e-01 -2.889393799999999857e+01 0.000000000000000000e+00 0.000000000000000000e+00 0.000000000000000000e+00 1.000000000000000000e+00
1.271467271234298368e-01 9.448794315577142555e-01 3.017226700149839291e-01 2.499628910000000133e+02 -2.760881420165497424e-01 -2.584562262769075636e-01 9.257298293436100334e-01 -7.765155029999999670e+02 9.526851776004754413e-01 -2.010055693702806345e-01 2.280081434126415840e-01 -2.888603799999999922e+01 0.000000000000000000e+00 0.000000000000000000e+00 0.000000000000000000e+00 1.000000000000000000e+00
1.229982666593418816e-01 9.387554110770455207e-01 3.218846137552471842e-01 2.499301910000000078e+02 -2.761717559079712170e-01 -2.791571591556584742e-01 9.196740953896931359e-01 -7.767486569999999801e+02 9.532054278262926950e-01 -2.020137586049761680e-01 2.249218835435650155e-01 -2.888377200000000045e+01 0.000000000000000000e+00 0.000000000000000000e+00 0.000000000000000000e+00 1.000000000000000000e+00
1.131130875044904505e-01 9.230854809906765546e-01 3.675848530875720499e-01 2.498437040000000025e+02 -2.757360586375940947e-01 -3.262638861222360576e-01 9.041689568766563267e-01 -7.772821659999999611e+02 9.545548991033494524e-01 -2.036297409432793470e-01 2.176232368134574102e-01 -2.889502299999999835e+01 0.000000000000000000e+00 0.000000000000000000e+00 0.000000000000000000e+00 1.000000000000000000e+00
1.084525847610767479e-01 9.157619376313771431e-01 3.868050031272447509e-01 2.498012999999999977e+02 -2.752517555144647909e-01 -3.462249750285329442e-01 8.968638345661494871e-01 -7.775130000000000337e+02 9.552353154824455572e-01 -2.037359571899817201e-01 2.145160875156806313e-01 -2.890354699999999966e+01 0.000000000000000000e+00 0.000000000000000000e+00 0.000000000000000000e+00 1.000000000000000000e+00
1.038565327631375268e-01 9.081651554983176666e-01 4.055241927938893487e-01 2.497567139999999881e+02 -2.746517031134571574e-01 -3.656876260427718295e-01 8.892912920613127437e-01 -7.777434080000000449e+02 9.559185439038708765e-01 -2.037366204144903103e-01 2.114500577507255341e-01 -2.891291000000000011e+01 0.000000000000000000e+00 0.000000000000000000e+00 0.000000000000000000e+00 1.000000000000000000e+00
1.021777510236037412e-01 8.988676677917473157e-01 4.261415527666642666e-01 2.497128449999999873e+02 -2.745245859138762956e-01 -3.862685035207578665e-01 8.805866765495882209e-01 -7.779974979999999505e+02 9.561359521138055317e-01 -2.069626995051511709e-01 2.072932273108970547e-01 -2.892123399999999833e+01 0.000000000000000000e+00 0.000000000000000000e+00 0.000000000000000000e+00 1.000000000000000000e+00
1.001886909601883979e-01 8.895241352913892952e-01 4.457679204897876946e-01 2.496667789999999911e+02 -2.741608849189735020e-01 -4.059970793177937187e-01 8.717810394622413916e-01 -7.782509159999999611e+02 9.564507490634992504e-01 -2.095547286976051637e-01 2.031964081777624664e-01 -2.892394099999999924e+01 0.000000000000000000e+00 0.000000000000000000e+00 0.000000000000000000e+00 1.000000000000000000e+00
9.727615036179057539e-02 8.803906193688022519e-01 4.641656039585507765e-01 2.496171569999999917e+02 -2.734536065615355560e-01 -4.247857700541889381e-01 8.630064742619014684e-01 -7.785031739999999445e+02 9.569537479049227136e-01 -2.108777059977787194e-01 1.994244656100029045e-01 -2.892068499999999887e+01 0.000000000000000000e+00 0.000000000000000000e+00 0.000000000000000000e+00 1.000000000000000000e+00
9.362308685334480574e-02 8.715441641967430764e-01 4.812956341612203426e-01 2.495643770000000075e+02 -2.724423583957532591e-01 -4.425403508189935664e-01 8.543612814546089895e-01 -7.787544560000000047e+02 9.576063277567722354e-01 -2.111132581142224351e-01 1.960135538389800591e-01 -2.891153500000000065e+01 0.000000000000000000e+00 0.000000000000000000e+00 0.000000000000000000e+00 1.000000000000000000e+00
8.930586238633275720e-02 8.630744333296853643e-01 4.971186834912527108e-01 2.495083919999999864e+02 -2.711615811294112444e-01 -4.591913587842095801e-01 8.459401237305802512e-01 -7.790047610000000304e+02 9.583818966689801044e-01 -2.103469005014199089e-01 1.930241476774723353e-01 -2.889688500000000104e+01 0.000000000000000000e+00 0.000000000000000000e+00 0.000000000000000000e+00 1.000000000000000000e+00
8.109111843335248260e-02 8.557474878037960586e-01 5.109994790885014071e-01 2.494414370000000076e+02 -2.688153423146713572e-01 -4.749119269547225075e-01 8.379719406832177864e-01 -7.792519529999999577e+02 9.597721303765148759e-01 -2.053165817795633008e-01 1.915269145548004204e-01 -2.888107899999999972e+01 0.000000000000000000e+00 0.000000000000000000e+00 0.000000000000000000e+00 1.000000000000000000e+00
7.284227596189690734e-02 8.495163465484484311e-01 5.225093107109834989e-01 2.493757019999999898e+02 -2.664344482732282637e-01 -4.882856163752141154e-01 8.310173533774234400e-01 -7.794754030000000284e+02 9.610966068018507169e-01 -1.997476753007491612e-01 1.907725834754961380e-01 -2.886990399999999823e+01 0.000000000000000000e+00 0.000000000000000000e+00 0.000000000000000000e+00 1.000000000000000000e+00
6.435421169007393694e-02 8.428953339885122409e-01 5.342153043278932145e-01 2.493010859999999980e+02 -2.638856389303735339e-01 -5.018957535815093962e-01 8.236898822391576225e-01 -7.797203980000000456e+02 9.624047511333564398e-01 -1.939796599575407954e-01 1.901288681886554865e-01 -2.886173199999999994e+01 0.000000000000000000e+00 0.000000000000000000e+00 0.000000000000000000e+00 1.000000000000000000e+00
5.635632742431836983e-02 8.366307756321620381e-01 5.448604496789705154e-01 2.492239230000000134e+02 -2.613975823060168957e-01 -5.143279094657393635e-01 8.167852260595629410e-01 -7.799644170000000258e+02 9.635845932370504796e-01 -1.884562198754107243e-01 1.897076299637384389e-01 -2.885768900000000059e+01 0.000000000000000000e+00 0.000000000000000000e+00 0.000000000000000000e+00 1.000000000000000000e+00
4.861014689727713445e-02 8.308998154471729514e-01 5.542946421430390291e-01 2.491437679999999943e+02 -2.589033234389526705e-01 -5.255011428365836679e-01 8.104428530067435688e-01 -7.802073970000000145e+02 9.646792849081453625e-01 -1.829044711517438526e-01 1.895780359161120809e-01 -2.885735299999999981e+01 0.000000000000000000e+00 0.000000000000000000e+00 0.000000000000000000e+00 1.000000000000000000e+00
4.178039235952218933e-02 8.262781977738324901e-01 5.617105470773280373e-01 2.490684359999999913e+02 -2.566836287978264131e-01 -5.344548659326466833e-01 8.052772882604449789e-01 -7.804275509999999940e+02 9.655920015832066827e-01 -1.778267026195543554e-01 1.897623522039936783e-01 -2.885974500000000020e+01 0.000000000000000000e+00 0.000000000000000000e+00 0.000000000000000000e+00 1.000000000000000000e+00
3.383889074845869427e-02 8.215664119981849201e-01 5.691076876561613762e-01 2.489751740000000098e+02 -2.541257159668639520e-01 -5.436451545840312871e-01 7.999187873663388126e-01 -7.806906129999999848e+02 9.665790448572961768e-01 -1.716932630411973637e-01 1.903848036714682612e-01 -2.886459400000000031e+01 0.000000000000000000e+00 0.000000000000000000e+00 0.000000000000000000e+00 1.000000000000000000e+00
2.735600948377225894e-02 8.183951023982924955e-01 5.740044469475931166e-01 2.488952329999999904e+02 -2.520605944573667823e-01 -5.500171557579228709e-01 7.962076268749024299e-01 -7.809089969999999994e+02 9.673247156291018278e-01 -1.664649655106239523e-01 1.912388814823600125e-01 -2.886930800000000019e+01 0.000000000000000000e+00 0.000000000000000000e+00 0.000000000000000000e+00 1.000000000000000000e+00
2.031146079847320762e-02 8.157495648099524210e-01 5.780485205176162378e-01 2.488049929999999961e+02 -2.498354113106011631e-01 -5.556841839129603722e-01 7.929674362823796452e-01 -7.811483150000000251e+02 9.680752614417407198e-01 -1.605233168775185293e-01 1.925163705328587216e-01 -2.887460099999999841e+01 0.000000000000000000e+00 0.000000000000000000e+00 0.000000000000000000e+00 1.000000000000000000e+00
1.403560175113760522e-02 8.141159037470693249e-01 5.805327700910395405e-01 2.487209929999999929e+02 -2.478929695040232306e-01 -5.596314912943755049e-01 7.907981219136210882e-01 -7.813651119999999537e+02 9.686857475744962143e-01 -1.550093197769913389e-01 1.939588441611095337e-01 -2.887924999999999898e+01 0.000000000000000000e+00 0.000000000000000000e+00 0.000000000000000000e+00 1.000000000000000000e+00
6.729017303421291896e-03 8.131221140448732232e-01 5.820542483113806398e-01 2.486181029999999907e+02 -2.457078077186286014e-01 -5.628782571234787202e-01 7.891740878182329499e-01 -7.816245730000000549e+02 9.693205834770226570e-01 -1.483256394182442262e-01 1.960028345175989783e-01 -2.888445499999999910e+01 0.000000000000000000e+00 0.000000000000000000e+00 0.000000000000000000e+00 1.000000000000000000e+00
1.326311567890536836e-03 8.130231124882896232e-01 5.822299025792811999e-01 2.485317379999999901e+02 -2.440975432895339803e-01 -5.643550952861764447e-01 7.886188659831473435e-01 -7.818402710000000297e+02 9.697497771371950126e-01 -1.431668431739173686e-01 1.977084337047259055e-01 -2.888814199999999843e+01 0.000000000000000000e+00 0.000000000000000000e+00 0.000000000000000000e+00 1.000000000000000000e+00
-2.020593019409933078e-03 8.134046457222758875e-01 5.816947649079098337e-01 2.484405209999999897e+02 -2.429285466827482698e-01 -5.646699731216819895e-01 7.887544248125435420e-01 -7.820780029999999670e+02 9.700420807420973013e-01 -1.397165121672365173e-01 1.987401766562683081e-01 -2.888862999999999914e+01 0.000000000000000000e+00 0.000000000000000000e+00 0.000000000000000000e+00 1.000000000000000000e+00
-5.669987499612144655e-03 8.147291286645088615e-01 5.798140203093786749e-01 2.483472439999999892e+02 -2.416812175544293395e-01 -5.637508071804701038e-01 7.897944140627847220e-01 -7.823147579999999834e+02 9.703391367574345505e-01 -1.356520339284997823e-01 2.001011878223073193e-01 -2.888358300000000156e+01 0.000000000000000000e+00 0.000000000000000000e+00 0.000000000000000000e+00 1.000000000000000000e+00
-9.425013873058274427e-03 8.167282480697746205e-01 5.769455242207612855e-01 2.482603909999999985e+02 -2.404827578202175520e-01 -5.618888112665276768e-01 7.914853169608838668e-01 -7.825292970000000423e+02 9.706076510643601996e-01 -1.312856906839615645e-01 2.017048713267973747e-01 -2.887428699999999893e+01 0.000000000000000000e+00 0.000000000000000000e+00 0.000000000000000000e+00 1.000000000000000000e+00
-1.606229201411771279e-02 8.199526715664418042e-01 5.722059237427621348e-01 2.481576839999999891e+02 -2.386494329934608083e-01 -5.588837479435971867e-01 7.941633361068849428e-01 -7.827633670000000166e+02 9.709729403578415408e-01 -1.238005358452550220e-01 2.046581941122193882e-01 -2.886390499999999903e+01 0.000000000000000000e+00 0.000000000000000000e+00 0.000000000000000000e+00 1.000000000000000000e+00
-2.307404803286677852e-02 8.238814626010895203e-01 5.662922601357596175e-01 2.480517879999999877e+02 -2.368292589210600485e-01 -5.548243730013131536e-01 7.975473761743571144e-01 -7.829964599999999564e+02 9.712772469415098531e-01 -1.157119298343500802e-01 2.079212804590525043e-01 -2.885730699999999871e+01 0.000000000000000000e+00 0.000000000000000000e+00 0.000000000000000000e+00 1.000000000000000000e+00
-2.897773557821847756e-02 8.279374741592324671e-01 5.600712720034736192e-01 2.479545439999999985e+02 -2.352992188586595090e-01 -5.502114023469288906e-01 8.011876748502377854e-01 -7.832079469999999901e+02 9.714908998262740125e-01 -1.085677282172553548e-01 2.107569214628091103e-01 -2.885369299999999981e+01 0.000000000000000000e+00 0.000000000000000000e+00 0.000000000000000000e+00 1.000000000000000000e+00
-3.498884506063301703e-02 8.328710238806604771e-01 5.523600621888800077e-01 2.478468169999999873e+02 -2.337687955384316063e-01 -5.441860404954267372e-01 8.057379869178444842e-01 -7.834403079999999591e+02 9.716624573141816601e-01 -1.009327048576928454e-01 2.137396971464961271e-01 -2.885113000000000127e+01 0.000000000000000000e+00 0.000000000000000000e+00 0.000000000000000000e+00 1.000000000000000000e+00
-3.879123029085271290e-02 8.379780123379723111e-01 5.443235171206761702e-01 2.477419280000000015e+02 -2.332571690571321743e-01 -5.372778524058781091e-01 8.105082370942197079e-01 -7.836739499999999907e+02 9.716410517963793847e-01 -9.552675097703544616e-02 2.163060477929292236e-01 -2.884982700000000122e+01 0.000000000000000000e+00 0.000000000000000000e+00 0.000000000000000000e+00 1.000000000000000000e+00
-3.558967883809271981e-02 8.470092892406939633e-01 5.303853681052825841e-01 2.475596160000000054e+02 -2.373832706258356406e-01 -5.226969002335901671e-01 8.188022553175937635e-01 -7.841295169999999644e+02 9.707639041431150861e-01 -9.676370407426060360e-02 2.196684501394003952e-01 -2.885118100000000041e+01 0.000000000000000000e+00 0.000000000000000000e+00 0.000000000000000000e+00 1.000000000000000000e+00
-3.052181632000788847e-02 8.507764612606798504e-01 5.246406691186672466e-01 2.474787289999999871e+02 -2.411949560202785725e-01 -5.156431989565648522e-01 8.221539299670206358e-01 -7.843499759999999696e+02 9.699966040759647745e-01 -1.014470518773004093e-01 2.209413581620714440e-01 -2.885334399999999988e+01 0.000000000000000000e+00 0.000000000000000000e+00 0.000000000000000000e+00 1.000000000000000000e+00
-2.382360603123195864e-02 8.540440126046120461e-01 5.196549435249144810e-01 2.474004209999999944e+02 -2.459712956730109590e-01 -5.088309039308307469e-01 8.249783226908897760e-01 -7.845720830000000205e+02 9.689842916686570717e-01 -1.081662412176142563e-01 2.221924993338974530e-01 -2.885649300000000039e+01 0.000000000000000000e+00 0.000000000000000000e+00 0.000000000000000000e+00 1.000000000000000000e+00
-1.531930345839208063e-02 8.569796328242418326e-01 5.151225367482741291e-01 2.473158109999999965e+02 -2.519772116202844692e-01 -5.018645187888172154e-01 8.274294469046501455e-01 -7.848179320000000416e+02 9.676119076187601475e-01 -1.171234976650558091e-01 2.236275531527534832e-01 -2.886108400000000174e+01 0.000000000000000000e+00 0.000000000000000000e+00 0.000000000000000000e+00 1.000000000000000000e+00
-5.964343638636654399e-03 8.590937183604225869e-01 5.117835574523895703e-01 2.472322080000000142e+02 -2.586720821229608336e-01 -4.956987304133930738e-01 8.290787191797428513e-01 -7.850650630000000092e+02 9.659467793492210186e-01 -1.274392080178368136e-01 2.251800784364683394e-01 -2.886698200000000014e+01 0.000000000000000000e+00 0.000000000000000000e+00 0.000000000000000000e+00 1.000000000000000000e+00
3.786906723104971340e-03 8.602946884877666900e-01 5.097830011850212895e-01 2.471486510000000010e+02 -2.658680188255082011e-01 -4.905727081682532686e-01 8.298509592488674258e-01 -7.853129269999999451e+02 9.640019999477542623e-01 -1.386775647327379013e-01 2.268670913476160400e-01 -2.887427100000000024e+01 0.000000000000000000e+00 0.000000000000000000e+00 0.000000000000000000e+00 1.000000000000000000e+00
1.268318409117488721e-02 8.605338075228126105e-01 5.092354101509443121e-01 2.470720980000000111e+02 -2.726979638374855131e-01 -4.869946878926847411e-01 8.297421252914645162e-01 -7.855387570000000323e+02 9.620160899694968348e-01 -1.493912315853835882e-01 2.284891738468224631e-01 -2.888216800000000006e+01 0.000000000000000000e+00 0.000000000000000000e+00 0.000000000000000000e+00 1.000000000000000000e+00
2.159020192463620424e-02 8.598785346501346405e-01 5.100419285007757875e-01 2.469949489999999912e+02 -2.797729364932982632e-01 -4.845820907245812492e-01 8.287987097932227876e-01 -7.857648319999999558e+02 9.598234041670219430e-01 -1.605898595706805598e-01 2.301085174788164156e-01 -2.889121199999999945e+01 0.000000000000000000e+00 0.000000000000000000e+00 0.000000000000000000e+00 1.000000000000000000e+00
3.261279070690989434e-02 8.578725049094579891e-01 5.128266482961660877e-01 2.469220579999999927e+02 -2.878593337912240813e-01 -4.832956382383643001e-01 8.267782834648265133e-01 -7.859929809999999861e+02 9.571172393346492058e-01 -1.745854844485772439e-01 2.311849882416149027e-01 -2.889872899999999944e+01 0.000000000000000000e+00 0.000000000000000000e+00 0.000000000000000000e+00 1.000000000000000000e+00
4.420123631985820034e-02 8.545074486285025861e-01 5.175550897693914632e-01 2.468409580000000005e+02 -2.967756223005822980e-01 -4.834433081725137971e-01 8.235331188187380302e-01 -7.862441410000000133e+02 9.539237289825104327e-01 -1.899989158432818237e-01 2.322281879154194650e-01 -2.890237199999999973e+01 0.000000000000000000e+00 0.000000000000000000e+00 0.000000000000000000e+00 1.000000000000000000e+00
5.358013033211872500e-02 8.504780242829945713e-01 5.232745931585894850e-01 2.467649539999999888e+02 -3.046348969793621908e-01 -4.851245970006641262e-01 8.196656055534577989e-01 -7.864718629999999848e+02 9.509609609105763584e-01 -2.033254917530938899e-01 2.330922461760494002e-01 -2.890117800000000159e+01 0.000000000000000000e+00 0.000000000000000000e+00 0.000000000000000000e+00 1.000000000000000000e+00
6.014757232253759023e-02 8.459930032128857302e-01 5.297906266239027495e-01 2.466827240000000074e+02 -3.113626829755085645e-01 -4.883691627072063723e-01 8.151986509845039475e-01 -7.866970209999999497e+02 9.483857596959150982e-01 -2.139892507382197273e-01 2.340364317248432857e-01 -2.889705100000000115e+01 0.000000000000000000e+00 0.000000000000000000e+00 0.000000000000000000e+00 1.000000000000000000e+00
6.389472431952367137e-02 8.412382843213721539e-01 5.368757893555697880e-01 2.465932770000000005e+02 -3.169012208685119680e-01 -4.930267967224504222e-01 8.102457614363967053e-01 -7.869191280000000006e+02 9.463039048932317954e-01 -2.219070226595672435e-01 2.350876280840564492e-01 -2.889386899999999869e+01 0.000000000000000000e+00 0.000000000000000000e+00 0.000000000000000000e+00 1.000000000000000000e+00
6.713861310759755563e-02 8.351626839882757558e-01 5.458898221285021224e-01 2.464912569999999903e+02 -3.226045454332497342e-01 -4.995645887778191740e-01 8.039661242272928554e-01 -7.871616209999999683e+02 9.441497306549394564e-01 -2.300837084905139052e-01 2.358872043826403808e-01 -2.889279900000000012e+01 0.000000000000000000e+00 0.000000000000000000e+00 0.000000000000000000e+00 1.000000000000000000e+00
6.965482596759331457e-02 8.281271849468569979e-01 5.561956227546366316e-01 2.463858339999999885e+02 -3.279300863910212804e-01 -5.075554604040315443e-01 7.967743175163394254e-01 -7.874024660000000040e+02 9.421305979846962275e-01 -2.378924550422844009e-01 2.362141320390316324e-01 -2.889430600000000027e+01 0.000000000000000000e+00 0.000000000000000000e+00 0.000000000000000000e+00 1.000000000000000000e+00
7.143307002485643764e-02 8.200925340988847179e-01 5.677548344330439756e-01 2.462767939999999953e+02 -3.328746446361909306e-01 -5.169756335066847397e-01 7.886258081743782178e-01 -7.876412960000000112e+02 9.402615526890129027e-01 -2.453251513311082710e-01 2.360588542275321444e-01 -2.889835400000000121e+01 0.000000000000000000e+00 0.000000000000000000e+00 0.000000000000000000e+00 1.000000000000000000e+00
7.227625594558265143e-02 8.119406530232080588e-01 5.792482359012716131e-01 2.461742399999999975e+02 -3.368934146543560715e-01 -5.267591885349282022e-01 7.804021940362237952e-01 -7.878564450000000079e+02 9.387645977501584138e-01 -2.515494648419477897e-01 2.354652771614384188e-01 -2.890414799999999929e+01 0.000000000000000000e+00 0.000000000000000000e+00 0.000000000000000000e+00 1.000000000000000000e+00
7.232314431507586017e-02 8.020321232602725114e-01 5.928860228197313509e-01 2.460573730000000126e+02 -3.407399478936545822e-01 -5.388080859598864958e-01 7.704428170952550836e-01 -7.880906979999999749e+02 9.373716715934025112e-01 -2.577407995697651999e-01 2.343160889297358218e-01 -2.891285500000000042e+01 0.000000000000000000e+00 0.000000000000000000e+00 0.000000000000000000e+00 1.000000000000000000e+00
7.158429271681945871e-02 7.921501486510069689e-01 6.061137113021125566e-01 2.459474490000000060e+02 -3.437028173844203782e-01 -5.508651853804080734e-01 7.605366006036926585e-01 -7.883013919999999644e+02 9.363461231607917989e-01 -2.627654648693327211e-01 2.328309432050622851e-01 -2.892295800000000128e+01 0.000000000000000000e+00 0.000000000000000000e+00 0.000000000000000000e+00 1.000000000000000000e+00
6.989421212847804488e-02 7.803239853781037683e-01 6.214573814466863855e-01 2.458223419999999919e+02 -3.462908679066566409e-01 -5.652603925058661272e-01 7.487077690718647593e-01 -7.885303959999999961e+02 9.355198736079282096e-01 -2.675353556219196571e-01 2.307106403633329139e-01 -2.893654400000000138e+01 0.000000000000000000e+00 0.000000000000000000e+00 0.000000000000000000e+00 1.000000000000000000e+00
6.878918710048606555e-02 7.683176534669929891e-01 6.363615569069427380e-01 2.457073969999999861e+02 -3.487901653309130046e-01 -5.790959299119883275e-01 7.368808075447507155e-01 -7.887376100000000179e+02 9.346729204949124625e-01 -2.726460843847627880e-01 2.281461031075658619e-01 -2.895100800000000163e+01 0.000000000000000000e+00 0.000000000000000000e+00 0.000000000000000000e+00 1.000000000000000000e+00
6.997953059682029964e-02 7.530035258022660383e-01 6.542847663111260870e-01 2.455850680000000068e+02 -3.529188903242762021e-01 -5.947852099825630123e-01 7.222733629577378078e-01 -7.889682010000000218e+02 9.330332910189916840e-01 -2.814538045849703796e-01 2.241263789358922953e-01 -2.896461299999999994e+01 0.000000000000000000e+00 0.000000000000000000e+00 0.000000000000000000e+00 1.000000000000000000e+00
6.954911400644550601e-02 7.351913524194613192e-01 6.742822821849628889e-01 2.454471890000000087e+02 -3.560091071595370416e-01 -6.131197297920188971e-01 7.052245830650198943e-01 -7.892163699999999835e+02 9.318907856398129796e-01 -2.890983781819007059e-01 2.190928829793587218e-01 -2.897234699999999918e+01 0.000000000000000000e+00 0.000000000000000000e+00 0.000000000000000000e+00 1.000000000000000000e+00
6.768692008274457272e-02 7.179263486204786604e-01 6.928204953710440650e-01 2.453163759999999911e+02 -3.575940889474110707e-01 -6.308206196671529709e-01 6.886158677758014157e-01 -7.894406739999999445e+02 9.314209297624694850e-01 -2.943588010561529744e-01 2.140279136963234574e-01 -2.897428299999999979e+01 0.000000000000000000e+00 0.000000000000000000e+00 0.000000000000000000e+00 1.000000000000000000e+00
6.458090993166787364e-02 6.998852206223644679e-01 7.113297294692401129e-01 2.451810759999999902e+02 -3.578610788741616311e-01 -6.491637460649791747e-01 6.712092661919265568e-01 -7.896612549999999828e+02 9.315389172221518743e-01 -2.979045295883694378e-01 2.085380947244734884e-01 -2.897319999999999851e+01 0.000000000000000000e+00 0.000000000000000000e+00 0.000000000000000000e+00 1.000000000000000000e+00
6.000547763857161376e-02 6.794034011460780009e-01 7.313072959874720169e-01 2.450283359999999959e+02 -3.568236157903684758e-01 -6.696199222484444658e-01 6.513724487129266549e-01 -7.898974610000000212e+02 9.322425917472629830e-01 -3.000336285137522596e-01 2.022463149063967180e-01 -2.896996499999999841e+01 0.000000000000000000e+00 0.000000000000000000e+00 0.000000000000000000e+00 1.000000000000000000e+00
5.489632446426309653e-02 6.600059068144294994e-01 7.492520247088939600e-01 2.448836520000000121e+02 -3.547442070144026793e-01 -6.885365879378977372e-01 6.325139640044007416e-01 -7.901101680000000442e+02 9.333503849841372491e-01 -3.005155071554550528e-01 1.963351441007510634e-01 -2.896576900000000165e+01 0.000000000000000000e+00 0.000000000000000000e+00 0.000000000000000000e+00 1.000000000000000000e+00
4.849671041704220475e-02 6.383244759603436957e-01 7.682382003445797913e-01 2.447209469999999953e+02 -3.513349337680605755e-01 -7.090888881420550627e-01 6.113564533295263725e-01 -7.903377689999999802e+02 9.349929590071353047e-01 -2.995576941148688777e-01 1.898772090158915848e-01 -2.896019000000000077e+01 0.000000000000000000e+00 0.000000000000000000e+00 0.000000000000000000e+00 1.000000000000000000e+00
4.139988243378192601e-02 6.162763453010963177e-01 7.864410441710129041e-01 2.445533140000000003e+02 -3.468466116232510332e-01 -7.293019572964782871e-01 5.897593433672716490e-01 -7.905609739999999874e+02 9.370077255497623048e-01 -2.971903788917967804e-01 1.835603469004446764e-01 -2.895371199999999945e+01 0.000000000000000000e+00 0.000000000000000000e+00 0.000000000000000000e+00 1.000000000000000000e+00
3.117791379000485474e-02 5.969576097577268259e-01 8.016667324044602916e-01 2.443883969999999977e+02 -3.392810003896519211e-01 -7.481141617470162819e-01 5.702750246750738494e-01 -7.907561040000000503e+02 9.401682511477932325e-01 -2.897702765052009855e-01 1.792117361887867744e-01 -2.894684000000000168e+01 0.000000000000000000e+00 0.000000000000000000e+00 0.000000000000000000e+00 1.000000000000000000e+00
1.845102664369306644e-02 5.762021772512212481e-01 8.170988988774526840e-01 2.442003630000000101e+02 -3.293281149555249976e-01 -7.681304064773797347e-01 5.491071583441027304e-01 -7.909620360000000119e+02 9.440352495090603702e-01 -2.792252309083963491e-01 1.755867822716690729e-01 -2.894410099999999986e+01 0.000000000000000000e+00 0.000000000000000000e+00 0.000000000000000000e+00 1.000000000000000000e+00
8.053853258003132454e-03 5.548144742310627819e-01 8.319351144358601013e-01 2.440124969999999962e+02 -3.208374440435539654e-01 -7.865431637555958533e-01 5.276487335803403678e-01 -7.911676639999999452e+02 9.471000316478178638e-01 -2.711655411977102470e-01 1.716705546086892964e-01 -2.894734000000000052e+01 0.000000000000000000e+00 0.000000000000000000e+00 0.000000000000000000e+00 1.000000000000000000e+00
1.441473015844629835e-03 5.328022655055486556e-01 8.462385408545867183e-01 2.438300480000000050e+02 -3.149557226499780094e-01 -8.029292354591837100e-01 5.060706824297976913e-01 -7.913767090000000053e+02 9.491052707290035251e-01 -2.672571584019517998e-01 1.666517217352982971e-01 -2.894815099999999930e+01 0.000000000000000000e+00 0.000000000000000000e+00 0.000000000000000000e+00 1.000000000000000000e+00
-1.255613911915111347e-02 4.935284341090903082e-01 8.696390217189255978e-01 2.434712370000000021e+02 -3.013303463036488550e-01 -8.311444580831767182e-01 4.673316939756447796e-01 -7.917673340000000053e+02 9.534371325719088741e-01 -2.561807458093834367e-01 1.591510594045935090e-01 -2.893323900000000037e+01 0.000000000000000000e+00 0.000000000000000000e+00 0.000000000000000000e+00 1.000000000000000000e+00
-3.531275960256496926e-02 4.591981288258515925e-01 8.876317296559922410e-01 2.430671230000000094e+02 -2.789242975282538173e-01 -8.574199772017156995e-01 4.324722175397858193e-01 -7.921467900000000100e+02 9.596636104685963842e-01 -2.323102692053158336e-01 1.583593810424001047e-01 -2.891169199999999861e+01 0.000000000000000000e+00 0.000000000000000000e+00 0.000000000000000000e+00 1.000000000000000000e+00
-4.653836283222667625e-02 4.438453954002352653e-01 8.948940975148429455e-01 2.428595430000000022e+02 -2.676143215021332677e-01 -8.686566235306010242e-01 4.169151536264527058e-01 -7.923309329999999591e+02 9.624015563743906210e-01 -2.200839280329771608e-01 1.592052414643639890e-01 -2.890684500000000057e+01 0.000000000000000000e+00 0.000000000000000000e+00 0.000000000000000000e+00 1.000000000000000000e+00
-5.706832636495185601e-02 4.297901427154456888e-01 9.011235427789798802e-01 2.426497339999999951e+02 -2.567537821396601583e-01 -8.785542036659852450e-01 4.027654485898788383e-01 -7.925125120000000152e+02 9.647904961611526442e-01 -2.083817277149395408e-01 1.604878626926458107e-01 -2.890606700000000018e+01 0.000000000000000000e+00 0.000000000000000000e+00 0.000000000000000000e+00 1.000000000000000000e+00
-6.706748638897376547e-02 4.173205969609423693e-01 9.062811217396216090e-01 2.424376070000000141e+02 -2.462817450120444451e-01 -8.871440625830016025e-01 3.902828644682584391e-01 -7.926915279999999484e+02 9.668749941658882907e-01 -1.970252054329325875e-01 1.622769671913534273e-01 -2.890879100000000079e+01 0.000000000000000000e+00 0.000000000000000000e+00 0.000000000000000000e+00 1.000000000000000000e+00
-7.492489041527716775e-02 4.064863296567157724e-01 9.105795542392058906e-01 2.422269740000000127e+02 -2.376852597261543409e-01 -8.941073739247414887e-01 3.795757120816786179e-01 -7.928711550000000443e+02 9.684482320212937090e-01 -1.879916692186508476e-01 1.636067058503901661e-01 -2.891334700000000169e+01 0.000000000000000000e+00 0.000000000000000000e+00 0.000000000000000000e+00 1.000000000000000000e+00
-8.060751276201005844e-02 3.976915643724235339e-01 9.139714702950727521e-01 2.420190120000000036e+02 -2.309071456144034529e-01 -8.994615801875938121e-01 3.710131478406738514e-01 -7.930521850000000086e+02 9.696310220854793549e-01 -1.811360963293940918e-01 1.643331847680723490e-01 -2.891348599999999891e+01 0.000000000000000000e+00 0.000000000000000000e+00 0.000000000000000000e+00 1.000000000000000000e+00
-8.623604998763131912e-02 3.919600712053986635e-01 9.159315729153515440e-01 2.418261720000000139e+02 -2.244116143150791665e-01 -9.033719130715396339e-01 3.654567197822025104e-01 -7.932153929999999491e+02 9.706712991754887776e-01 -1.740301389246298180e-01 1.658636177793162692e-01 -2.890795900000000174e+01 0.000000000000000000e+00 0.000000000000000000e+00 0.000000000000000000e+00 1.000000000000000000e+00
-9.268988588189747135e-02 3.882268401009656977e-01 9.168906726979068056e-01 2.416136930000000120e+02 -2.172280905414804564e-01 -9.065574373580850276e-01 3.618916542978632411e-01 -7.933910519999999451e+02 9.717101119855154900e-01 -1.656307139269797557e-01 1.683624805861917983e-01 -2.889591400000000121e+01 0.000000000000000000e+00 0.000000000000000000e+00 0.000000000000000000e+00 1.000000000000000000e+00
-9.862739995529397341e-02 3.871237218834598370e-01 9.167376178237454099e-01 2.414342959999999891e+02 -2.109050717031626943e-01 -9.084332644676453850e-01 3.609266611633727972e-01 -7.935349119999999630e+02 9.725182192164534278e-01 -1.577473548550147875e-01 1.712427672291701453e-01 -2.888160900000000098e+01 0.000000000000000000e+00 0.000000000000000000e+00 0.000000000000000000e+00 1.000000000000000000e+00
-1.078605726246094354e-01 3.879115076843000498e-01 9.153637304805037900e-01 2.412126159999999970e+02 -2.019574068878362549e-01 -9.100866168307591986e-01 3.618778187022296811e-01 -7.937022709999999961e+02 9.734368508928723518e-01 -1.458321366216517312e-01 1.765040658232314430e-01 -2.886525500000000122e+01 0.000000000000000000e+00 0.000000000000000000e+00 0.000000000000000000e+00 1.000000000000000000e+00
-1.147309026226367851e-01 3.898171708954682457e-01 9.137173486688584534e-01 2.409931949999999858e+02 -1.967256888933069381e-01 -9.104906159643059160e-01 3.637386995775844789e-01 -7.938744510000000218e+02 9.737226624213121129e-01 -1.380196055493267404e-01 1.811484616858763386e-01 -2.885407800000000123e+01 0.000000000000000000e+00 0.000000000000000000e+00 0.000000000000000000e+00 1.000000000000000000e+00
-1.181866396863037183e-01 3.924641665963030657e-01 9.121424209724755539e-01 2.407784120000000030e+02 -1.963180475316558815e-01 -9.096843055814848311e-01 3.659695183920240180e-01 -7.940539549999999736e+02 9.733915668491370798e-01 -1.358173115497459116e-01 1.845603301643691241e-01 -2.884902800000000056e+01 0.000000000000000000e+00 0.000000000000000000e+00 0.000000000000000000e+00 1.000000000000000000e+00
-1.190475470932026714e-01 3.952116215504442032e-01 9.108432662772231181e-01 2.406017300000000034e+02 -1.989100925569246003e-01 -9.082628067870497368e-01 3.680943478054320428e-01 -7.942077030000000377e+02 9.727602256517725587e-01 -1.373551891949450487e-01 1.867380394861568316e-01 -2.884962700000000169e+01 0.000000000000000000e+00 0.000000000000000000e+00 0.000000000000000000e+00 1.000000000000000000e+00
-1.182846632751784477e-01 3.990408864129171285e-01 9.092717467317845692e-01 2.403914029999999968e+02 -2.048483033807517728e-01 -9.058091807580990196e-01 3.708731597950553627e-01 -7.943957520000000159e+02 9.716202504249820127e-01 -1.423941678058991411e-01 1.888861824987743687e-01 -2.885583099999999845e+01 0.000000000000000000e+00 0.000000000000000000e+00 0.000000000000000000e+00 1.000000000000000000e+00
-1.163013689489594826e-01 4.032078900357772833e-01 9.076879359083135368e-01 2.401815949999999873e+02 -2.129123737543644757e-01 -9.027657145263775496e-01 3.737410678236483541e-01 -7.945862429999999677e+02 9.701248954041329364e-01 -1.497913952421022488e-01 1.908408374236093552e-01 -2.886621999999999844e+01 0.000000000000000000e+00 0.000000000000000000e+00 0.000000000000000000e+00 1.000000000000000000e+00
-1.104999538208927823e-01 4.112868162749416245e-01 9.047833525015825940e-01 2.397606350000000077e+02 -2.329878826254305202e-01 -8.957102818483164697e-01 3.787079845222812158e-01 -7.949696040000000039e+02 9.661813529329260630e-01 -1.689563427327667733e-01 1.948007892567909516e-01 -2.889494900000000044e+01 0.000000000000000000e+00 0.000000000000000000e+00 0.000000000000000000e+00 1.000000000000000000e+00
-1.045806273317699403e-01 4.151671955762597510e-01 9.037140543912314250e-01 2.394810640000000035e+02 -2.497680612699959002e-01 -8.905371653347320393e-01 3.802097746336989825e-01 -7.952287599999999657e+02 9.626415781360793122e-01 -1.859563305588823601e-01 1.968284409549459490e-01 -2.891712400000000116e+01 0.000000000000000000e+00 0.000000000000000000e+00 0.000000000000000000e+00 1.000000000000000000e+00
-9.639283367892488574e-02 4.169198993035455603e-01 9.038175806987094330e-01 2.391868130000000008e+02 -2.703087956677245884e-01 -8.848846602134347039e-01 3.793577376350956154e-01 -7.955084839999999531e+02 9.579361025663513107e-01 -2.077424744333116191e-01 1.979936557476359993e-01 -2.893185199999999924e+01 0.000000000000000000e+00 0.000000000000000000e+00 0.000000000000000000e+00 1.000000000000000000e+00
-9.176106841379930157e-02 4.167470585877331435e-01 9.043792321156156611e-01 2.389762570000000039e+02 -2.839049644559013541e-01 -8.814650873845928380e-01 3.773821284578344759e-01 -7.957034909999999854e+02 9.544516108639826690e-01 -2.221287664408746199e-01 1.992007370433250546e-01 -2.893457199999999929e+01 0.000000000000000000e+00 0.000000000000000000e+00 0.000000000000000000e+00 1.000000000000000000e+00
-8.840436577400795359e-02 4.154119811274141760e-01 9.053273187349933915e-01 2.387810519999999883e+02 -2.954288057691690783e-01 -8.789253421022745760e-01 3.744490135281465237e-01 -7.958798829999999498e+02 9.512657298746224344e-01 -2.343568410484243303e-01 2.004255029179310976e-01 -2.893163300000000149e+01 0.000000000000000000e+00 0.000000000000000000e+00 0.000000000000000000e+00 1.000000000000000000e+00
-8.565486459522850260e-02 4.125046474098624794e-01 9.069195995436628577e-01 2.385653690000000040e+02 -3.069946575767231733e-01 -8.769034162832000101e-01 3.698576465752778097e-01 -7.960692749999999478e+02 9.478488932264063083e-01 -2.467393652746104338e-01 2.017477663652284259e-01 -2.892523399999999967e+01 0.000000000000000000e+00 0.000000000000000000e+00 0.000000000000000000e+00 1.000000000000000000e+00
-8.423835064808532502e-02 4.089199150109229519e-01 9.086739808025480203e-01 2.383828579999999988e+02 -3.153873670596530898e-01 -8.759739338691072685e-01 3.649664037703475583e-01 -7.962232669999999644e+02 9.452167523797224691e-01 -2.558401264253521989e-01 2.027587747334007040e-01 -2.891907700000000148e+01 0.000000000000000000e+00 0.000000000000000000e+00 0.000000000000000000e+00 1.000000000000000000e+00
-8.587803752037911909e-02 4.040237574327667502e-01 9.107083869722274461e-01 2.381553040000000010e+02 -3.206938020691872948e-01 -8.766469374038852180e-01 3.586720402467927227e-01 -7.963958129999999755e+02 9.432817436938216726e-01 -2.612564842645954122e-01 2.048526334798893844e-01 -2.891106800000000021e+01 0.000000000000000000e+00 0.000000000000000000e+00 0.000000000000000000e+00 1.000000000000000000e+00
-8.850091083516770096e-02 3.984607226773680400e-01 9.129056036988576484e-01 2.379425960000000089e+02 -3.238240744004234339e-01 -8.782267692345275822e-01 3.519314004725825895e-01 -7.965478520000000344e+02 9.419689791177070504e-01 -2.644745626394225391e-01 2.067550437030047372e-01 -2.890618299999999863e+01 0.000000000000000000e+00 0.000000000000000000e+00 0.000000000000000000e+00 1.000000000000000000e+00
-9.091303013667653699e-02 3.922412954058488443e-01 9.153587204641188135e-01 2.377476350000000025e+02 -3.263886488723835022e-01 -8.801318534915643088e-01 3.447294161465817020e-01 -7.966832889999999452e+02 9.408534800055888825e-01 -2.674223002067044330e-01 2.080385601601960344e-01 -2.890460399999999908e+01 0.000000000000000000e+00 0.000000000000000000e+00 0.000000000000000000e+00 1.000000000000000000e+00
-9.394366829371708638e-02 3.833334877706147115e-01 9.188199085463572002e-01 2.375114749999999901e+02 -3.288798725405684964e-01 -8.830403285882651998e-01 3.347802376551342607e-01 -7.968415529999999762e+02 9.396875100932328140e-01 -2.707308908128969738e-01 2.090267163174022724e-01 -2.890613199999999949e+01 0.000000000000000000e+00 0.000000000000000000e+00 0.000000000000000000e+00 1.000000000000000000e+00
-9.663932899240133823e-02 3.747233208858194442e-01 9.220863695317271791e-01 2.373127139999999997e+02 -3.303655746155678696e-01 -8.859779460022704223e-01 3.254253621132240926e-01 -7.969698489999999538e+02 9.388926601059481847e-01 -2.731767046838007862e-01 2.094159994300229810e-01 -2.891019599999999912e+01 0.000000000000000000e+00 0.000000000000000000e+00 0.000000000000000000e+00 1.000000000000000000e+00
-9.982124661350329220e-02 3.640250439234975488e-01 9.260245602148042821e-01 2.370919800000000066e+02 -3.313057978717622865e-01 -8.897266611212388820e-01 3.140428900430755066e-01 -7.971068729999999505e+02 9.382282169179740894e-01 -2.754491529966064389e-01 2.094172320807697329e-01 -2.891758499999999898e+01 0.000000000000000000e+00 0.000000000000000000e+00 0.000000000000000000e+00 1.000000000000000000e+00
-1.035767855232961332e-01 3.509395660751323254e-01 9.306520673504456997e-01 2.368486330000000066e+02 -3.313666863127218143e-01 -8.944053024840373789e-01 3.003918675506432878e-01 -7.972509770000000344e+02 9.377995354566917019e-01 -2.772734676297659018e-01 2.089293072926290962e-01 -2.892914599999999936e+01 0.000000000000000000e+00 0.000000000000000000e+00 0.000000000000000000e+00 1.000000000000000000e+00
-1.072778580698618700e-01 3.376966875206540708e-01 9.351216008656414447e-01 2.366230930000000114e+02 -3.304930171057459676e-01 -8.991769225238168683e-01 2.868017218304985128e-01 -7.973780520000000251e+02 9.376917546892921118e-01 -2.782836848221167947e-01 2.080681713995225224e-01 -2.894304699999999997e+01 0.000000000000000000e+00 0.000000000000000000e+00 0.000000000000000000e+00 1.000000000000000000e+00
-1.108935257211692282e-01 3.232160870951819587e-01 9.398052920663984011e-01 2.363960270000000037e+02 -3.292848224995743034e-01 -9.041732060413136818e-01 2.721071831988200462e-01 -7.975014650000000529e+02 9.376961830062828795e-01 -2.792886938632713201e-01 2.066971065486783998e-01 -2.896015500000000031e+01 0.000000000000000000e+00 0.000000000000000000e+00 0.000000000000000000e+00 1.000000000000000000e+00
-1.124752478518445120e-01 3.068526161169733979e-01 9.450877158247460441e-01 2.361722870000000114e+02 -3.313930305905302132e-01 -9.082522320500454605e-01 2.554536009770359550e-01 -7.976303100000000086e+02 9.367646331372093682e-01 -2.844632752365060524e-01 2.038447133114562326e-01 -2.897667699999999869e+01 0.000000000000000000e+00 0.000000000000000000e+00 0.000000000000000000e+00 1.000000000000000000e+00
-1.146476815279507955e-01 2.878117536334831028e-01 9.507998230914247451e-01 2.359266360000000020e+02 -3.321923919052746088e-01 -9.131193584679994091e-01 2.363498507535835569e-01 -7.977667239999999538e+02 9.362179895091302662e-01 -2.887515050374768744e-01 2.002958922646043138e-01 -2.898771899999999846e+01 0.000000000000000000e+00 0.000000000000000000e+00 0.000000000000000000e+00 1.000000000000000000e+00
-1.172354149653136446e-01 2.695278487635738296e-01 9.558297945862486156e-01 2.356995389999999873e+02 -3.310226482274322146e-01 -9.180320408714108815e-01 2.182685920923332912e-01 -7.978867800000000443e+02 9.363118411290161092e-01 -2.908125008907831432e-01 1.968456895317747257e-01 -2.899144599999999983e+01 0.000000000000000000e+00 0.000000000000000000e+00 0.000000000000000000e+00 1.000000000000000000e+00
-1.202311648025588542e-01 2.505713487616728630e-01 9.606031783155702941e-01 2.354706730000000050e+02 -3.283425451286552388e-01 -9.232027455264522064e-01 1.997194625239539223e-01 -7.980021970000000238e+02 9.368754666809545606e-01 -2.913943888138139093e-01 1.932709758322933014e-01 -2.899091699999999960e+01 0.000000000000000000e+00 0.000000000000000000e+00 0.000000000000000000e+00 1.000000000000000000e+00
-1.232224657608428642e-01 2.328846858964352950e-01 9.646662360665149150e-01 2.352610170000000096e+02 -3.246997821997368305e-01 -9.280303227790686060e-01 1.825644309333610549e-01 -7.981026610000000119e+02 9.377559785846539819e-01 -2.907308774064034096e-01 1.899717914618943293e-01 -2.898790699999999987e+01 0.000000000000000000e+00 0.000000000000000000e+00 0.000000000000000000e+00 1.000000000000000000e+00
-1.267218260980758626e-01 2.130765481901518987e-01 9.687827224934076886e-01 2.350287629999999979e+02 -3.195068038232018459e-01 -9.333727604496924180e-01 1.634952365092121884e-01 -7.982084959999999683e+02 9.390724046105557443e-01 -2.888142563342244173e-01 1.863581075163028289e-01 -2.898259499999999989e+01 0.000000000000000000e+00 0.000000000000000000e+00 0.000000000000000000e+00 1.000000000000000000e+00
-1.303664453501350851e-01 1.930615650713647380e-01 9.724874405456171989e-01 2.347948460000000068e+02 -3.131958359285396121e-01 -9.386526440800083693e-01 1.443592121017299723e-01 -7.983095090000000482e+02 9.406981228235726800e-01 -2.857594195364417944e-01 1.828348868854144937e-01 -2.897565499999999972e+01 0.000000000000000000e+00 0.000000000000000000e+00 0.000000000000000000e+00 1.000000000000000000e+00
-1.344399178626990987e-01 1.711981048850424458e-01 9.760210639985394954e-01 2.345379030000000000e+02 -3.051836323813468255e-01 -9.442400502378548444e-01 1.235867228036280352e-01 -7.984141849999999749e+02 9.427559912361195282e-01 -2.812506647291412865e-01 1.791904143022680640e-01 -2.896655499999999961e+01 0.000000000000000000e+00 0.000000000000000000e+00 0.000000000000000000e+00 1.000000000000000000e+00
-1.378653314492075121e-01 1.531145739892604274e-01 9.785443667082690533e-01 2.343224789999999871e+02 -2.977258043046913105e-01 -9.486925812858222340e-01 1.064975664715782505e-01 -7.984972530000000006e+02 9.446441106763566742e-01 -2.766555863259060888e-01 1.763779768540968684e-01 -2.895790900000000079e+01 0.000000000000000000e+00 0.000000000000000000e+00 0.000000000000000000e+00 1.000000000000000000e+00
-1.416301928461592419e-01 1.335409292649990254e-01 9.808708929749117011e-01 2.340842289999999934e+02 -2.888040512514246094e-01 -9.533270124104061827e-01 8.808988244636349607e-02 -7.985843509999999696e+02 9.468543227208314761e-01 -2.708033006070829640e-01 1.735870499927502641e-01 -2.894735500000000172e+01 0.000000000000000000e+00 0.000000000000000000e+00 0.000000000000000000e+00 1.000000000000000000e+00
-1.453614938478992036e-01 1.144715607689789638e-01 9.827340931714036998e-01 2.338447419999999966e+02 -2.792441147105862442e-01 -9.576473154762121798e-01 7.024488280796789552e-02 -7.986671750000000429e+02 9.491537075236065046e-01 -2.642118107434225927e-01 1.711705540035252104e-01 -2.893578099999999864e+01 0.000000000000000000e+00 0.000000000000000000e+00 0.000000000000000000e+00 1.000000000000000000e+00
-1.497110533847542391e-01 9.799074607456040309e-02 9.838619893959613671e-01 2.336237639999999942e+02 -2.676482317155527424e-01 -9.619410499672831349e-01 5.508030907120269049e-02 -7.987333979999999656e+02 9.518145956823552689e-01 -2.550827906221672658e-01 1.702402577959822583e-01 -2.892447699999999955e+01 0.000000000000000000e+00 0.000000000000000000e+00 0.000000000000000000e+00 1.000000000000000000e+00
-1.553539442624654876e-01 8.079164576920028207e-02 9.845495731429669828e-01 2.333772580000000119e+02 -2.523722640782065652e-01 -9.668230589555247834e-01 3.951471872506938376e-02 -7.987973019999999451e+02 9.550776891573451444e-01 -2.423342374609609995e-01 1.705893461740205785e-01 -2.891506199999999893e+01 0.000000000000000000e+00 0.000000000000000000e+00 0.000000000000000000e+00 1.000000000000000000e+00
-1.609549418647323038e-01 6.284204282712811673e-02 9.849590774964377404e-01 2.331075289999999995e+02 -2.365662081620067969e-01 -9.713355985644384072e-01 2.331489046326155889e-02 -7.988637079999999742e+02 9.581909704464816047e-01 -2.292553873189836500e-01 1.712075685828522986e-01 -2.891070900000000066e+01 0.000000000000000000e+00 0.000000000000000000e+00 0.000000000000000000e+00 1.000000000000000000e+00
-1.656334331882499955e-01 4.732270073348780748e-02 9.850513325738725623e-01 2.328595579999999927e+02 -2.227080657293130095e-01 -9.748400123301973474e-01 9.384445597283352924e-03 -7.989218750000000000e+02 9.607115505027412627e-01 -2.178244989787630204e-01 1.720052451969687757e-01 -2.891172600000000159e+01 0.000000000000000000e+00 0.000000000000000000e+00 0.000000000000000000e+00 1.000000000000000000e+00
-1.699862437365236567e-01 3.295371537874779155e-02 9.848952886388903094e-01 2.326108399999999961e+02 -2.093017802536851768e-01 -9.778451627401030244e-01 -3.406242566054734633e-03 -7.989771120000000337e+02 9.629628454530240189e-01 -2.067193516546460275e-01 1.731174974648649889e-01 -2.891689300000000173e+01 0.000000000000000000e+00 0.000000000000000000e+00 0.000000000000000000e+00 1.000000000000000000e+00
-1.729982958484444222e-01 2.094518270002697358e-02 9.846993901466564170e-01 2.323857120000000123e+02 -1.992375390072315677e-01 -9.798488965862071076e-01 -1.416131735167848460e-02 -7.990287479999999505e+02 9.645599995251080694e-01 -1.986389669235509303e-01 1.736852559536025964e-01 -2.892331499999999878e+01 0.000000000000000000e+00 0.000000000000000000e+00 0.000000000000000000e+00 1.000000000000000000e+00
-1.751716535916535700e-01 9.040378191365841531e-03 9.844964008771807107e-01 2.321399989999999889e+02 -1.905629721334293203e-01 -9.813592490623398445e-01 -2.489533955329541193e-02 -7.990884399999999914e+02 9.659195853846423985e-01 -1.919695180020961067e-01 1.736290837630703743e-01 -2.892665900000000079e+01 0.000000000000000000e+00 0.000000000000000000e+00 0.000000000000000000e+00 1.000000000000000000e+00
-1.774892691348514684e-01 -1.108595215270749557e-03 9.841221115078273574e-01 2.318935850000000016e+02 -1.813371972180772840e-01 -9.828395497167931039e-01 -3.381183842359911096e-02 -7.991449579999999742e+02 9.672716165829886581e-01 -1.844591839110758524e-01 1.742424438068735371e-01 -2.892425700000000077e+01 0.000000000000000000e+00 0.000000000000000000e+00 0.000000000000000000e+00 1.000000000000000000e+00
-1.799487301964299013e-01 -9.443142178561333977e-03 9.836306631894350394e-01 2.316465609999999913e+02 -1.717451511459838209e-01 -9.842933079633638949e-01 -4.086914430693808220e-02 -7.991989750000000186e+02 9.685670124253330515e-01 -1.762881475435420231e-01 1.755005170281008497e-01 -2.891622200000000120e+01 0.000000000000000000e+00 0.000000000000000000e+00 0.000000000000000000e+00 1.000000000000000000e+00
-1.825038036988818335e-01 -1.592187048409150762e-02 9.830762206847074580e-01 2.313990780000000029e+02 -1.619582017373638050e-01 -9.857234068709869179e-01 -4.603157651714826631e-02 -7.992505489999999782e+02 9.697741502666685776e-01 -1.676181946774947529e-01 1.773195936370769721e-01 -2.890266799999999847e+01 0.000000000000000000e+00 0.000000000000000000e+00 0.000000000000000000e+00 1.000000000000000000e+00
-1.848810307231420202e-01 -2.018207643268338236e-02 9.825536566873148692e-01 2.311737210000000005e+02 -1.529950560810935389e-01 -9.870083391453344790e-01 -4.906170881972035658e-02 -7.992955319999999801e+02 9.707788199654395767e-01 -1.593964311031878522e-01 1.793913611578746570e-01 -2.888568899999999928e+01 0.000000000000000000e+00 0.000000000000000000e+00 0.000000000000000000e+00 1.000000000000000000e+00
-1.882593542582002843e-01 -2.308909768396549128e-02 9.818479052798483320e-01 2.309237980000000050e+02 -1.414776004204741366e-01 -9.886588549922175062e-01 -5.037615531918180484e-02 -7.993393549999999550e+02 9.718757657815890738e-01 -1.483932680872618870e-01 1.828576874862851698e-01 -2.886481099999999955e+01 0.000000000000000000e+00 0.000000000000000000e+00 0.000000000000000000e+00 1.000000000000000000e+00
-1.919141109918671984e-01 -2.435891426240446855e-02 9.811093809041672165e-01 2.306946869999999876e+02 -1.299308218076502264e-01 -9.902614804916642921e-01 -5.000181795541089325e-02 -7.993744510000000218e+02 9.727728180549609638e-01 -1.370724025849632266e-01 1.868801779295916343e-01 -2.884835800000000106e+01 0.000000000000000000e+00 0.000000000000000000e+00 0.000000000000000000e+00 1.000000000000000000e+00
-1.956694331360082917e-01 -2.439095077337476852e-02 9.803665408695892980e-01 2.304423979999999972e+02 -1.180918655544059004e-01 -9.918299484354808904e-01 -4.824587729901395894e-02 -7.994121089999999867e+02 9.735336584967740903e-01 -1.252135572006569664e-01 1.911904308982133871e-01 -2.883402799999999999e+01 0.000000000000000000e+00 0.000000000000000000e+00 0.000000000000000000e+00 1.000000000000000000e+00
-1.991157813711489921e-01 -2.298515156667183673e-02 9.797063786749651282e-01 2.301900180000000091e+02 -1.071305378386853135e-01 -9.932226574317811751e-01 -4.507549918242845233e-02 -7.994487920000000258e+02 9.741026401110670641e-01 -1.139317145118435293e-01 1.953038938604168551e-01 -2.882362600000000086e+01 0.000000000000000000e+00 0.000000000000000000e+00 0.000000000000000000e+00 1.000000000000000000e+00
-2.082618144370334268e-01 -9.287135092457696195e-03 9.780290209238011734e-01 2.294312899999999900e+02 -7.880286538082291459e-02 -9.965447303212122687e-01 -2.624326345548911102e-02 -7.995534059999999954e+02 9.748933916358069052e-01 -8.253695893838559894e-02 2.068103608478953637e-01 -2.881342300000000023e+01 0.000000000000000000e+00 0.000000000000000000e+00 0.000000000000000000e+00 1.000000000000000000e+00
-2.106045832861236644e-01 -1.643809144831885616e-03 9.775699501265233682e-01 2.291787410000000023e+02 -7.364971612391457700e-02 -9.971298525018192915e-01 -1.754356191219464192e-02 -7.995928959999999961e+02 9.747930184473752036e-01 -7.569250386395984243e-02 2.098790509914208735e-01 -2.881531499999999824e+01 0.000000000000000000e+00 0.000000000000000000e+00 0.000000000000000000e+00 1.000000000000000000e+00
-2.123665890869326778e-01 7.089335597654060350e-03 9.771643531977443065e-01 2.289269099999999924e+02 -7.197978996711126842e-02 -9.973706560438068136e-01 -8.407395496650683919e-03 -7.996379389999999603e+02 9.745354491632782779e-01 -7.212153481125030408e-02 2.123184931667450592e-01 -2.881864900000000063e+01 0.000000000000000000e+00 0.000000000000000000e+00 0.000000000000000000e+00 1.000000000000000000e+00
-2.145033613954764606e-01 2.489493630617713518e-02 9.764059350988981700e-01 2.284702149999999961e+02 -7.554008308714864339e-02 -9.971036911730094543e-01 8.827507935258702143e-03 -7.997299799999999550e+02 9.737977222181354309e-01 -7.186425533929756415e-02 2.157626589734654432e-01 -2.882675000000000054e+01 0.000000000000000000e+00 0.000000000000000000e+00 0.000000000000000000e+00 1.000000000000000000e+00
-2.152650992155617227e-01 3.525060227079838265e-02 9.759192241672776102e-01 2.282193300000000136e+02 -8.017942986596376942e-02 -9.966122204006828689e-01 1.831232302003985013e-02 -7.997847289999999703e+02 9.732585453444957402e-01 -7.430664295718969470e-02 2.173622016964986414e-01 -2.883191899999999919e+01 0.000000000000000000e+00 0.000000000000000000e+00 0.000000000000000000e+00 1.000000000000000000e+00
-2.158300837724508869e-01 4.566543895211930271e-02 9.753625185663468145e-01 2.279684450000000027e+02 -8.611104834687596798e-02 -9.959039376002033483e-01 2.757234892083683386e-02 -7.998413090000000238e+02 9.726264762442871081e-01 -7.803854661460993269e-02 2.188783291029528510e-01 -2.883745800000000159e+01 0.000000000000000000e+00 0.000000000000000000e+00 0.000000000000000000e+00 1.000000000000000000e+00
-2.162690243973314219e-01 5.588655749118037752e-02 9.747329899916241658e-01 2.277174990000000037e+02 -9.297470775864638548e-02 -9.950021574161004301e-01 3.641991837579952596e-02 -7.998989870000000337e+02 9.718968118084454488e-01 -8.274901467141823619e-02 2.203841822079992685e-01 -2.884334199999999981e+01 0.000000000000000000e+00 0.000000000000000000e+00 0.000000000000000000e+00 1.000000000000000000e+00
-2.166045442178256564e-01 6.480382065487533261e-02 9.741062243167932788e-01 2.274891969999999901e+02 -9.978942916632535520e-02 -9.940378824890568898e-01 4.394039147903439080e-02 -7.999519649999999729e+02 9.711459937881878890e-01 -8.768781560286820209e-02 2.217798587427415868e-01 -2.884900100000000123e+01 0.000000000000000000e+00 0.000000000000000000e+00 0.000000000000000000e+00 1.000000000000000000e+00
-2.172747589258860745e-01 8.163019902445885212e-02 9.726912098610355217e-01 2.270089570000000094e+02 -1.149017741908724272e-01 -9.917078375113224098e-01 5.755994533011697667e-02 -8.000634159999999611e+02 9.693241260906940715e-01 -9.925762250751087035e-02 2.248525360156487241e-01 -2.886184499999999886e+01 0.000000000000000000e+00 0.000000000000000000e+00 0.000000000000000000e+00 1.000000000000000000e+00
-2.176748162152672139e-01 8.905883267130804137e-02 9.719496893918293523e-01 2.267569119999999998e+02 -1.228363536994905580e-01 -9.904099639392848209e-01 6.324028415178128970e-02 -8.001210939999999709e+02 9.682607627057202571e-01 -1.056249385941044616e-01 2.265269691483297876e-01 -2.886911600000000178e+01 0.000000000000000000e+00 0.000000000000000000e+00 0.000000000000000000e+00 1.000000000000000000e+00
-2.181000541553237693e-01 9.480698020078716370e-02 9.713104564878584091e-01 2.265274200000000064e+02 -1.298818399994887685e-01 -9.892365356984162972e-01 6.739275983177031581e-02 -8.001726680000000442e+02 9.672450951107437467e-01 -1.114572247304005947e-01 2.280662470415228682e-01 -2.887606399999999951e+01 0.000000000000000000e+00 0.000000000000000000e+00 0.000000000000000000e+00 1.000000000000000000e+00
-2.181160289969223953e-01 1.002181190055692617e-01 9.707634760937390306e-01 2.262528839999999946e+02 -1.395934993773423061e-01 -9.876888041166831389e-01 7.060085802697196877e-02 -8.002368770000000495e+02 9.658877019748216552e-01 -1.201130918990193919e-01 2.294205577716523781e-01 -2.888273399999999924e+01 0.000000000000000000e+00 0.000000000000000000e+00 0.000000000000000000e+00 1.000000000000000000e+00
-2.179520967245668905e-01 1.036730636899451663e-01 9.704374165284980203e-01 2.260016019999999912e+02 -1.487765493784761195e-01 -9.862499530861797981e-01 7.194837310559699939e-02 -8.002963260000000218e+02 9.645529647916691873e-01 -1.286970314445866070e-01 2.303793658489236562e-01 -2.888369799999999898e+01 0.000000000000000000e+00 0.000000000000000000e+00 0.000000000000000000e+00 1.000000000000000000e+00
-2.180593032169669543e-01 1.056472026149905263e-01 9.702003962378896729e-01 2.257498319999999978e+02 -1.570034108058242783e-01 -9.849723426416544525e-01 7.196814035633418427e-02 -8.003541259999999511e+02 9.632237898203451776e-01 -1.366314488345877765e-01 2.313693538770702773e-01 -2.887929499999999905e+01 0.000000000000000000e+00 0.000000000000000000e+00 0.000000000000000000e+00 1.000000000000000000e+00
-2.186370005725016552e-01 1.062244499806295484e-01 9.700073340995789550e-01 2.255199130000000025e+02 -1.625832476204599197e-01 -9.841280029962659048e-01 7.112496967848438989e-02 -8.004024050000000443e+02 9.621665913831365380e-01 -1.421563925572601472e-01 2.324371108090574067e-01 -2.887233499999999964e+01 0.000000000000000000e+00 0.000000000000000000e+00 0.000000000000000000e+00 1.000000000000000000e+00
-2.200186933080794105e-01 1.055695643706249104e-01 9.697663851018974990e-01 2.252422180000000083e+02 -1.665248271404685121e-01 -9.835993793295350063e-01 6.929460966331124627e-02 -8.004532470000000330e+02 9.611770162362615055e-01 -1.462440701743153437e-01 2.339902036368351201e-01 -2.886696099999999987e+01 0.000000000000000000e+00 0.000000000000000000e+00 0.000000000000000000e+00 1.000000000000000000e+00
-2.211976170168239164e-01 1.037763450655898173e-01 9.696917471191071058e-01 2.250104680000000030e+02 -1.692531554928151105e-01 -9.833180235196745667e-01 6.662607580434237731e-02 -8.004932860000000119e+02 9.604295828335378538e-01 -1.493858588561469414e-01 2.350720774401075241e-01 -2.886582200000000142e+01 0.000000000000000000e+00 0.000000000000000000e+00 0.000000000000000000e+00 1.000000000000000000e+00
-2.223765087765486037e-01 1.007507870719166615e-01 9.697411857030424631e-01 2.247784729999999911e+02 -1.715526951479228179e-01 -9.831709052180487296e-01 6.280640031243900356e-02 -8.005313720000000330e+02 9.597491136395164268e-01 -1.523950459729967177e-01 2.359181824935304428e-01 -2.886752299999999849e+01 0.000000000000000000e+00 0.000000000000000000e+00 0.000000000000000000e+00 1.000000000000000000e+00
-2.235778532079963354e-01 9.641283651695657653e-02 9.699059276598208656e-01 2.245462039999999888e+02 -1.732965209202495527e-01 -9.831730782042157335e-01 5.778420313012972570e-02 -8.005672610000000304e+02 9.591565353954695228e-01 -1.551620547982050791e-01 2.365237352972374141e-01 -2.887175600000000131e+01 0.000000000000000000e+00 0.000000000000000000e+00 0.000000000000000000e+00 1.000000000000000000e+00
-2.249382864058025178e-01 9.012224901066256955e-02 9.701962417686854634e-01 2.242904509999999902e+02 -1.745515735183833517e-01 -9.833329449759569130e-01 5.087305285874052507e-02 -8.006041870000000245e+02 9.586107215606748388e-01 -1.579059832880689851e-01 2.369202079830897423e-01 -2.887847899999999868e+01 0.000000000000000000e+00 0.000000000000000000e+00 0.000000000000000000e+00 1.000000000000000000e+00
-2.263368817685768863e-01 8.230614564929820964e-02 9.705654611305893908e-01 2.240344240000000013e+02 -1.750515028845556764e-01 -9.836375606220073564e-01 4.259249548271307195e-02 -8.006384890000000496e+02 9.581902667472339541e-01 -1.602586900044520313e-01 2.370412727541795495e-01 -2.888644400000000090e+01 0.000000000000000000e+00 0.000000000000000000e+00 0.000000000000000000e+00 1.000000000000000000e+00
-2.275187566085168089e-01 7.392293603082406017e-02 9.709637557189747525e-01 2.238016509999999926e+02 -1.754852895442177985e-01 -9.839020770841548913e-01 3.378780642580044014e-02 -8.006688229999999749e+02 9.578309498783676990e-01 -1.627024961027581096e-01 2.368285650360519023e-01 -2.889400499999999994e+01 0.000000000000000000e+00 0.000000000000000000e+00 0.000000000000000000e+00 1.000000000000000000e+00
-2.283420283443647614e-01 6.332817906289789356e-02 9.715191505205437172e-01 2.235466000000000122e+02 -1.778805331553512115e-01 -9.837989227589168939e-01 2.232029351873726641e-02 -8.007058719999999994e+02 9.571929972664600106e-01 -1.677176833699181580e-01 2.359074917612379585e-01 -2.889897300000000158e+01 0.000000000000000000e+00 0.000000000000000000e+00 0.000000000000000000e+00 1.000000000000000000e+00
-2.292295296287338302e-01 5.151029655830741127e-02 9.720084938387446583e-01 2.232913360000000011e+02 -1.791694454019741589e-01 -9.837686204849778182e-01 9.879837216932502164e-03 -8.007402339999999867e+02 9.567403684284147003e-01 -1.718894723290501636e-01 2.347378894041229347e-01 -2.889833799999999897e+01 0.000000000000000000e+00 0.000000000000000000e+00 0.000000000000000000e+00 1.000000000000000000e+00
-2.301716952828753160e-01 3.859923169435769408e-02 9.723842296146174569e-01 2.230359339999999975e+02 -1.792023857691938671e-01 -9.838064719763232047e-01 -3.366100433679075632e-03 -8.007717290000000503e+02 9.565079694520255416e-01 -1.750283548745913409e-01 2.333614778935416412e-01 -2.889201200000000114e+01 0.000000000000000000e+00 0.000000000000000000e+00 0.000000000000000000e+00 1.000000000000000000e+00
-2.312687562116997608e-01 2.478036335261507572e-02 9.725742624562946359e-01 2.227801059999999893e+02 -1.770282054527869131e-01 -9.840585576103628718e-01 -1.702262224152180370e-02 -8.007978520000000344e+02 9.566481991173448884e-01 -1.761098770254640455e-01 2.319688219128094031e-01 -2.888133200000000045e+01 0.000000000000000000e+00 0.000000000000000000e+00 0.000000000000000000e+00 1.000000000000000000e+00
-2.325380647796019828e-01 1.163640355817460725e-02 9.725176823794977610e-01 2.225467380000000048e+02 -1.720111519603615691e-01 -9.846577423482685276e-01 -2.934781141551472128e-02 -8.008134770000000344e+02 9.572555625483863961e-01 -1.741083701199988565e-01 2.309719970566354585e-01 -2.887392799999999937e+01 0.000000000000000000e+00 0.000000000000000000e+00 0.000000000000000000e+00 1.000000000000000000e+00
-2.336792947512051355e-01 -2.052290963756600584e-03 9.723115628780619746e-01 2.223132929999999874e+02 -1.667299458691707814e-01 -9.851012599738824260e-01 -4.215012156960618039e-02 -8.008264769999999544e+02 9.579118499919722085e-01 -1.719630649286912616e-01 2.298555893279255469e-01 -2.887093399999999832e+01 0.000000000000000000e+00 0.000000000000000000e+00 0.000000000000000000e+00 1.000000000000000000e+00
-2.348679417803519465e-01 -1.909385123825103892e-02 9.718397371834271992e-01 2.220331569999999886e+02 -1.602825118689930606e-01 -9.853600489728139289e-01 -5.809552717085657986e-02 -8.008391719999999623e+02 9.587213183781965187e-01 -1.694136911031253467e-01 2.283690761771119127e-01 -2.887230900000000133e+01 0.000000000000000000e+00 0.000000000000000000e+00 0.000000000000000000e+00 1.000000000000000000e+00
-2.357126009989972959e-01 -3.365987330020386165e-02 9.712397143134652300e-01 2.217997279999999876e+02 -1.546263717379642855e-01 -9.853695771011342641e-01 -7.167622818399810303e-02 -8.008473510000000033e+02 9.594426793161956457e-01 -1.670742632871559386e-01 2.270593218822203052e-01 -2.887578800000000001e+01 0.000000000000000000e+00 0.000000000000000000e+00 0.000000000000000000e+00 1.000000000000000000e+00
-2.364438179006189689e-01 -4.841707245738365029e-02 9.704381011024016956e-01 2.215662989999999866e+02 -1.487548692689136809e-01 -9.851799241910105254e-01 -8.539616993626321373e-02 -8.008533939999999802e+02 9.601907674235194978e-01 -1.645487893168807170e-01 2.257374273109832297e-01 -2.888034599999999941e+01 0.000000000000000000e+00 0.000000000000000000e+00 0.000000000000000000e+00 1.000000000000000000e+00
-2.371322627779773595e-01 -6.472584765457950473e-02 9.693187579920198305e-01 2.213095859999999959e+02 -1.420671837359375744e-01 -9.847408371258900006e-01 -1.005106909832988588e-01 -8.008577880000000278e+02 9.610334048591314682e-01 -1.615427136765908156e-01 2.243184040663345480e-01 -2.888595600000000019e+01 0.000000000000000000e+00 0.000000000000000000e+00 0.000000000000000000e+00 1.000000000000000000e+00
-2.376788864902562026e-01 -8.242759526612544740e-02 9.678400892995676630e-01 2.210296629999999993e+02 -1.351430222716692164e-01 -9.838960027826978427e-01 -1.169829869660883037e-01 -8.008613279999999577e+02 9.618966214973573292e-01 -1.586012208240298593e-01 2.227117920207555835e-01 -2.889203600000000094e+01 0.000000000000000000e+00 0.000000000000000000e+00 0.000000000000000000e+00 1.000000000000000000e+00
-2.377315632952335389e-01 -9.700047610579698443e-02 9.664753548065533328e-01 2.207971949999999879e+02 -1.316331442696820064e-01 -9.826048031157060825e-01 -1.309981535122601015e-01 -8.008677370000000337e+02 9.623702089855449282e-01 -1.583625856356017103e-01 2.208276982806396949e-01 -2.889413800000000165e+01 0.000000000000000000e+00 0.000000000000000000e+00 0.000000000000000000e+00 1.000000000000000000e+00
-2.376891517158144507e-01 -1.126285308253713729e-01 9.647894491549620088e-01 2.205416409999999985e+02 -1.272110448633204383e-01 -9.810906157555259188e-01 -1.458717030174988272e-01 -8.008726199999999835e+02 9.629751903457319795e-01 -1.574039952496806005e-01 2.188670031275608552e-01 -2.889110600000000062e+01 0.000000000000000000e+00 0.000000000000000000e+00 0.000000000000000000e+00 1.000000000000000000e+00
-2.375737424086823979e-01 -1.290372399670651760e-01 9.627606699588505679e-01 2.202628780000000006e+02 -1.216204765938520144e-01 -9.793866344659731826e-01 -1.612770284401912335e-01 -8.008752439999999524e+02 9.637256749672166167e-01 -1.554065987372994229e-01 2.169829773919757510e-01 -2.888137400000000099e+01 0.000000000000000000e+00 0.000000000000000000e+00 0.000000000000000000e+00 1.000000000000000000e+00
-2.374677170481239996e-01 -1.433471742584402076e-01 9.607604649401806363e-01 2.200074009999999873e+02 -1.148568569636100184e-01 -9.779704123024657303e-01 -1.743036863333237430e-01 -8.008724979999999505e+02 9.645812489201688322e-01 -1.517414257645724740e-01 2.157719952601397650e-01 -2.886808600000000169e+01 0.000000000000000000e+00 0.000000000000000000e+00 0.000000000000000000e+00 1.000000000000000000e+00
-2.374873816687680106e-01 -1.568716324594151834e-01 9.586402007414622783e-01 2.197514799999999866e+02 -1.055567050089545045e-01 -9.768625737301144252e-01 -1.860034786584095490e-01 -8.008619380000000092e+02 9.656384031177329685e-01 -1.453643800072597081e-01 2.154336822535870832e-01 -2.885809300000000022e+01 0.000000000000000000e+00 0.000000000000000000e+00 0.000000000000000000e+00 1.000000000000000000e+00
-2.373948213655535933e-01 -1.706217708247083908e-01 9.563116176798530654e-01 2.194723050000000057e+02 -9.578459490295124223e-02 -9.755450997956486292e-01 -1.978309117503510295e-01 -8.008478999999999814e+02 9.666793729919421763e-01 -1.385639548560098910e-01 2.152464174999602908e-01 -2.885267400000000038e+01 0.000000000000000000e+00 0.000000000000000000e+00 0.000000000000000000e+00 1.000000000000000000e+00
-2.372104320389400722e-01 -1.821706641221556844e-01 9.542248477508807891e-01 2.192166139999999928e+02 -8.721658067414436721e-02 -9.742999958657148074e-01 -2.076843424805490113e-01 -8.008331910000000562e+02 9.675352598161006679e-01 -1.324891210226720739e-01 2.152258205309713068e-01 -2.885084900000000019e+01 0.000000000000000000e+00 0.000000000000000000e+00 0.000000000000000000e+00 1.000000000000000000e+00
-2.369696036783673909e-01 -1.926200428052073643e-01 9.522305004788691463e-01 2.189609529999999893e+02 -7.894346628832418777e-02 -9.730889802203922523e-01 -2.164850242026487015e-01 -8.008168329999999742e+02 9.683043612743369444e-01 -1.264727468008710609e-01 2.153864161309645420e-01 -2.885052900000000164e+01 0.000000000000000000e+00 0.000000000000000000e+00 0.000000000000000000e+00 1.000000000000000000e+00
-2.366978315412843759e-01 -2.019025654590058116e-01 9.503733427473256556e-01 2.187053989999999999e+02 -7.093906611408858087e-02 -9.719674937240375678e-01 -2.241580693231321475e-01 -8.007988890000000310e+02 9.689900853169318706e-01 -1.204763263254861605e-01 2.157398186533960316e-01 -2.885089899999999830e+01 0.000000000000000000e+00 0.000000000000000000e+00 0.000000000000000000e+00 1.000000000000000000e+00
-2.364190333693934332e-01 -2.099604179512257751e-01 9.486952427172954394e-01 2.184499360000000081e+02 -6.320210735820221137e-02 -9.709835807543902853e-01 -2.306434033976791920e-01 -8.007795409999999947e+02 9.695934891933648547e-01 -1.144880290647405929e-01 2.162890587031789102e-01 -2.885152400000000128e+01 0.000000000000000000e+00 0.000000000000000000e+00 0.000000000000000000e+00 1.000000000000000000e+00
-2.361276697953311743e-01 -2.173015727186548007e-01 9.471133776116912317e-01 2.181713560000000030e+02 -5.509575364442198531e-02 -9.701133115225419878e-01 -2.363146646679387675e-01 -8.007567749999999478e+02 9.701588434310023379e-01 -1.079823564327356267e-01 2.170982017701975630e-01 -2.885222600000000170e+01 0.000000000000000000e+00 0.000000000000000000e+00 0.000000000000000000e+00 1.000000000000000000e+00
-2.358383774935485788e-01 -2.230892574267769046e-01 9.458390153308222636e-01 2.178929440000000000e+02 -4.723918408368318889e-02 -9.695110056681272015e-01 -2.404513867198197763e-01 -8.007322390000000496e+02 9.706434562641002017e-01 -1.013883282688184673e-01 2.181093480402340190e-01 -2.885276599999999902e+01 0.000000000000000000e+00 0.000000000000000000e+00 0.000000000000000000e+00 1.000000000000000000e+00
-2.352383562941911255e-01 -2.309439169542920611e-01 9.441015956716818369e-01 2.171046299999999860e+02 -2.686229282662029594e-02 -9.694442957893489865e-01 -2.438363684637503970e-01 -8.006550899999999729e+02 9.715664325984629812e-01 -8.272040004316956463e-02 2.218467995365132894e-01 -2.885309600000000074e+01 0.000000000000000000e+00 0.000000000000000000e+00 0.000000000000000000e+00 1.000000000000000000e+00
-2.351294183120889447e-01 -2.308699915448411688e-01 9.441468125499887787e-01 2.168729250000000093e+02 -2.137146503844629397e-02 -9.699174903203695575e-01 -2.424939637449682883e-01 -8.006303709999999683e+02 9.717290862819374375e-01 -7.719526523511978378e-02 2.231221053570227597e-01 -2.885283499999999890e+01 0.000000000000000000e+00 0.000000000000000000e+00 0.000000000000000000e+00 1.000000000000000000e+00
-2.350540887537499735e-01 -2.295743742286518452e-01 9.444814355283366325e-01 2.166181180000000097e+02 -1.561171001082690968e-02 -9.706893618842515892e-01 -2.398300173774809418e-01 -8.006022339999999531e+02 9.718569081252046438e-01 -7.111799647253769230e-02 2.245804548642869325e-01 -2.885237499999999855e+01 0.000000000000000000e+00 0.000000000000000000e+00 0.000000000000000000e+00 1.000000000000000000e+00
-2.350252842969444145e-01 -2.267508889368758385e-01 9.451704344230604793e-01 2.163402100000000132e+02 -9.682967893590882502e-03 -9.718138640794575789e-01 -2.355505332528995410e-01 -8.005706179999999677e+02 9.719410248949840181e-01 -6.451238601454940824e-02 2.262052081115676905e-01 -2.885170400000000157e+01 0.000000000000000000e+00 0.000000000000000000e+00 0.000000000000000000e+00 1.000000000000000000e+00
-2.350428830024016702e-01 -2.233173775407998329e-01 9.459831880314889530e-01 2.161086730000000102e+02 -5.016421442409491060e-03 -9.729570836552334789e-01 -2.309314809224056741e-01 -8.005435790000000225e+02 9.719720565252026878e-01 -5.902425140061638709e-02 2.275663838987766474e-01 -2.885103200000000001e+01 0.000000000000000000e+00 0.000000000000000000e+00 0.000000000000000000e+00 1.000000000000000000e+00
-2.351003627491261572e-01 -2.184593608809006215e-01 9.471025958568257685e-01 2.158540040000000033e+02 -1.714952579493916884e-04 -9.744050199045730665e-01 -2.247995279669083579e-01 -8.005132449999999835e+02 9.719710849735221370e-01 -5.301287417483349640e-02 2.290455088996888877e-01 -2.885018699999999825e+01 0.000000000000000000e+00 0.000000000000000000e+00 0.000000000000000000e+00 1.000000000000000000e+00
-2.352095930129897705e-01 -2.119398787361410630e-01 9.485557100961301558e-01 2.155762330000000020e+02 4.771075858704343364e-03 -9.761759211958100924e-01 -2.169281164641004289e-01 -8.004794309999999768e+02 9.719329628064963256e-01 -4.649794273751971241e-02 2.306171223724816088e-01 -2.884917400000000143e+01 0.000000000000000000e+00 0.000000000000000000e+00 0.000000000000000000e+00 1.000000000000000000e+00
-2.353490964370022753e-01 -2.049206061554056935e-01 9.500622863682083308e-01 2.153216089999999951e+02 8.961325061817279614e-03 -9.779359144130730375e-01 -2.087128217292914534e-01 -8.004480589999999438e+02 9.718695887100402553e-01 -4.060655703168704334e-02 2.319926939940335775e-01 -2.884818999999999889e+01 0.000000000000000000e+00 0.000000000000000000e+00 0.000000000000000000e+00 1.000000000000000000e+00
-2.357131989766404201e-01 -1.873640188576594645e-01 9.535900651043430765e-01 2.147890319999999917e+02 1.688278101166262868e-02 -9.818801603034447156e-01 -1.887493642579849973e-01 -8.003811040000000503e+02 9.716760054326291085e-01 -2.839146421000306175e-02 2.346053392966604145e-01 -2.884603699999999904e+01 0.000000000000000000e+00 0.000000000000000000e+00 0.000000000000000000e+00 1.000000000000000000e+00
-2.358934225686469544e-01 -1.786654173150511449e-01 9.552135687083223026e-01 2.145574799999999982e+02 1.996873482542889378e-02 -9.836372149452797808e-01 -1.790504928900376047e-01 -8.003518679999999677e+02 9.715737454348598590e-01 -2.316242712524606284e-02 2.356012715401726576e-01 -2.884510399999999919e+01 0.000000000000000000e+00 0.000000000000000000e+00 0.000000000000000000e+00 1.000000000000000000e+00
-2.361241650147067606e-01 -1.675052549259259393e-01 9.571767696033517403e-01 2.142795260000000042e+02 2.338219119866126461e-02 -9.857247942525780848e-01 -1.667330295126366324e-01 -8.003162839999999960e+02 9.714415328936973903e-01 -1.698880713626127470e-02 2.366700838746420843e-01 -2.884401499999999885e+01 0.000000000000000000e+00 0.000000000000000000e+00 0.000000000000000000e+00 1.000000000000000000e+00
-2.363158089201456702e-01 -1.576840334525970722e-01 9.587964247161842035e-01 2.140479129999999941e+02 2.601154395428535715e-02 -9.874176628964940194e-01 -1.559799941695722281e-01 -8.002866820000000416e+02 9.713280795053396144e-01 -1.192076315282539212e-02 2.374440089164659151e-01 -2.884314300000000131e+01 0.000000000000000000e+00 0.000000000000000000e+00 0.000000000000000000e+00 1.000000000000000000e+00
-2.365245897998786706e-01 -1.464226194977963080e-01 9.605292993549977565e-01 2.137931059999999945e+02 2.866879599603420342e-02 -9.892010377851869762e-01 -1.437338059777415467e-01 -8.002543329999999742e+02 9.712024601266912027e-01 -6.459360967838570500e-03 2.381681298993428841e-01 -2.884225800000000106e+01 0.000000000000000000e+00 0.000000000000000000e+00 0.000000000000000000e+00 1.000000000000000000e+00
-2.367267838089059107e-01 -1.347699318660807166e-01 9.621837118203068195e-01 2.135381160000000023e+02 3.110891011635798231e-02 -9.908762949142164711e-01 -1.311350597225883485e-01 -8.002224119999999630e+02 9.710780944593816466e-01 -1.110694326275529775e-03 2.387595041443370814e-01 -2.884143999999999863e+01 0.000000000000000000e+00 0.000000000000000000e+00 0.000000000000000000e+00 1.000000000000000000e+00
-2.369384301539561311e-01 -1.217277971203421655e-01 9.638685199364112055e-01 2.132599030000000084e+02 3.349011750247725405e-02 -9.925531821268821497e-01 -1.171178580724163976e-01 -8.001878050000000258e+02 9.709472654814210735e-01 4.530348554937072003e-03 2.392506710463351005e-01 -2.884065100000000115e+01 0.000000000000000000e+00 0.000000000000000000e+00 0.000000000000000000e+00 1.000000000000000000e+00
-2.371554009557711729e-01 -1.107354986167991412e-01 9.651398681764191689e-01 2.130278930000000059e+02 3.433588388330847951e-02 -9.938169206520440779e-01 -1.055887082203418870e-01 -8.001613160000000562e+02 9.708647500426921262e-01 8.097998010460065454e-03 2.394912515161320143e-01 -2.884006700000000123e+01 0.000000000000000000e+00 0.000000000000000000e+00 0.000000000000000000e+00 1.000000000000000000e+00
-2.375427473355573860e-01 -9.883700036447032322e-02 9.663357028213485078e-01 2.127722469999999930e+02 3.189360756744389486e-02 -9.950672800982878208e-01 -9.393564751536034874e-02 -8.001392210000000205e+02 9.708533570960188319e-01 8.506199900650955603e-03 2.395232840010355913e-01 -2.883943000000000012e+01 0.000000000000000000e+00 0.000000000000000000e+00 0.000000000000000000e+00 1.000000000000000000e+00
-2.380296510788112441e-01 -8.844212783993272986e-02 9.672227640158415074e-01 2.125393829999999866e+02 2.709614901355486896e-02 -9.960625423297188030e-01 -8.441096182541898973e-02 -8.001245119999999815e+02 9.708798504016522557e-01 6.115700352544321816e-03 2.394888604784433106e-01 -2.883882499999999993e+01 0.000000000000000000e+00 0.000000000000000000e+00 0.000000000000000000e+00 1.000000000000000000e+00
-2.387316224178720747e-01 -7.773247269843662488e-02 9.679694598208754552e-01 2.122827910000000031e+02 1.964158528777850896e-02 -9.969736948540371957e-01 -7.521741750732906240e-02 -8.001134029999999484e+02 9.708869247163200988e-01 1.055678585429487004e-03 2.395359366725810790e-01 -2.883817099999999911e+01 0.000000000000000000e+00 0.000000000000000000e+00 0.000000000000000000e+00 1.000000000000000000e+00
-2.396188050999629449e-01 -6.803494097008869201e-02 9.684802915132877388e-01 2.120256960000000106e+02 1.048214263129779861e-02 -9.976647734128202272e-01 -6.749166301850588467e-02 -8.001063229999999749e+02 9.708104618968231847e-01 -6.020523095460583729e-03 2.397723928506656221e-01 -2.883759299999999826e+01 0.000000000000000000e+00 0.000000000000000000e+00 0.000000000000000000e+00 1.000000000000000000e+00
-2.405979342690121869e-01 -6.029973389027050434e-02 9.687500070287724530e-01 2.117915649999999914e+02 1.065874887773866214e-03 -9.980842102273366212e-01 -6.186091824082091961e-02 -8.001026610000000119e+02 9.706242825811683961e-01 -1.385104283570303893e-02 2.402012711793087008e-01 -2.883722900000000067e+01 0.000000000000000000e+00 0.000000000000000000e+00 0.000000000000000000e+00 1.000000000000000000e+00
-2.418677929093272505e-01 -5.317327054941294040e-02 9.688511619708416456e-01 2.115334320000000048e+02 -1.003933783364540158e-02 -9.983067487340639978e-01 -5.729613536604992452e-02 -8.001008910000000469e+02 9.702572764215854351e-01 -2.358471392876571385e-02 2.409244255360288856e-01 -2.883711399999999969e+01 0.000000000000000000e+00 0.000000000000000000e+00 0.000000000000000000e+00 1.000000000000000000e+00
-2.433459855954445417e-01 -4.767058009984181943e-02 9.687673854375604687e-01 2.112747339999999951e+02 -2.155442428686043729e-02 -9.982790771351890413e-01 -5.453706031477761895e-02 -8.001004030000000284e+02 9.697000247954230545e-01 -3.415259795477139371e-02 2.418996940153006203e-01 -2.883741200000000049e+01 0.000000000000000000e+00 0.000000000000000000e+00 0.000000000000000000e+00 1.000000000000000000e+00
-2.448825466235518278e-01 -4.422348140093051994e-02 9.685436603746604423e-01 2.110391239999999868e+02 -3.226284843283561132e-02 -9.980343151439448057e-01 -5.372722220771303236e-02 -8.001011349999999993e+02 9.690158135810602591e-01 -4.440483631248569318e-02 2.429744092325310800e-01 -2.883814599999999828e+01 0.000000000000000000e+00 0.000000000000000000e+00 0.000000000000000000e+00 1.000000000000000000e+00
-2.467711262588212495e-01 -4.225785216585571658e-02 9.681519948723347202e-01 2.107795409999999947e+02 -4.396789664674026488e-02 -9.975317410189480372e-01 -5.474714352519020888e-02 -8.001021729999999934e+02 9.680758417135582050e-01 -5.607762111604674971e-02 2.443040423336271250e-01 -2.883957499999999996e+01 0.000000000000000000e+00 0.000000000000000000e+00 0.000000000000000000e+00 1.000000000000000000e+00
-2.486503490596354560e-01 -4.221585601410351302e-02 9.676728917426167254e-01 2.105432739999999967e+02 -5.429318538635522634e-02 -9.968715145557259794e-01 -5.744069539948094827e-02 -8.001029660000000376e+02 9.670704493123158940e-01 -6.682069266604147295e-02 2.455804167650713632e-01 -2.884150500000000150e+01 0.000000000000000000e+00 0.000000000000000000e+00 0.000000000000000000e+00 1.000000000000000000e+00
-2.508914892844556488e-01 -4.416529703499334769e-02 9.670071805020055145e-01 2.102829900000000123e+02 -6.515259341785158143e-02 -9.959230099886091647e-01 -6.238988496668754213e-02 -8.001032709999999497e+02 9.658201696876886899e-01 -7.865611681896830798e-02 2.469911235478004508e-01 -2.884440400000000082e+01 0.000000000000000000e+00 0.000000000000000000e+00 0.000000000000000000e+00 1.000000000000000000e+00
-2.535275450478272075e-01 -4.871913614756047395e-02 9.661005277273463365e-01 2.099986419999999896e+02 -7.633536556520702232e-02 -9.946086775969441574e-01 -7.018896218696948908e-02 -8.001025389999999788e+02 9.643115139134489366e-01 -9.154247222952355267e-02 2.484417032465740249e-01 -2.884858499999999992e+01 0.000000000000000000e+00 0.000000000000000000e+00 0.000000000000000000e+00 1.000000000000000000e+00
-2.560779273713620352e-01 -5.513439636318537979e-02 9.650825319374783939e-01 2.097377620000000036e+02 -8.576325425524880530e-02 -9.931391539768734678e-01 -7.949393094852624797e-02 -8.001004030000000284e+02 9.628440991836303420e-01 -1.031252596397540244e-01 2.495925108882401933e-01 -2.885338600000000042e+01 0.000000000000000000e+00 0.000000000000000000e+00 0.000000000000000000e+00 1.000000000000000000e+00
-2.589694086824615993e-01 -6.456050483886388580e-02 9.637254726225757961e-01 2.094530029999999954e+02 -9.494516446811523958e-02 -9.912299364551591108e-01 -9.191642301147143201e-02 -8.000957640000000310e+02 9.612077096604970672e-01 -1.153046152157503335e-01 2.505685227620761402e-01 -2.885969000000000051e+01 0.000000000000000000e+00 0.000000000000000000e+00 0.000000000000000000e+00 1.000000000000000000e+00
-2.619402527773984080e-01 -7.646649843063564600e-02 9.620499875747985374e-01 2.091681210000000135e+02 -1.030626246649448269e-01 -9.889391763189403495e-01 -1.066649002192786161e-01 -8.000886839999999438e+02 9.595652137150894045e-01 -1.270912277042501315e-01 2.511621397992561677e-01 -2.886715699999999885e+01 0.000000000000000000e+00 0.000000000000000000e+00 0.000000000000000000e+00 1.000000000000000000e+00
-2.648806345519157390e-01 -9.074841821861667768e-02 9.600015489728095375e-01 2.088833620000000053e+02 -1.099303724103943003e-01 -9.862293831298072355e-01 -1.235593665940068059e-01 -8.000786739999999782e+02 9.579945525216135849e-01 -1.382618112213896411e-01 2.512570574067409246e-01 -2.887572899999999976e+01 0.000000000000000000e+00 0.000000000000000000e+00 0.000000000000000000e+00 1.000000000000000000e+00
-2.680101967887377756e-01 -1.087435598456965580e-01 9.572593027019101752e-01 2.085750730000000033e+02 -1.159304650275257698e-01 -9.827492960522069554e-01 -1.440970103346806974e-01 -8.000639650000000529e+02 9.564155277366440666e-01 -1.495949842106240602e-01 2.507801407672853311e-01 -2.888621699999999848e+01 0.000000000000000000e+00 0.000000000000000000e+00 0.000000000000000000e+00 1.000000000000000000e+00
-2.710283024573348909e-01 -1.274680406154386492e-01 9.540941032669452149e-01 2.082902530000000070e+02 -1.227033204137540495e-01 -9.785316273985947833e-01 -1.655890978902217758e-01 -8.000526119999999537e+02 9.547185734165513082e-01 -1.619498465646655727e-01 2.495690140445049054e-01 -2.889446600000000132e+01 0.000000000000000000e+00 0.000000000000000000e+00 0.000000000000000000e+00 1.000000000000000000e+00
-2.739940655613162801e-01 -1.480232056007654839e-01 9.502717414723298450e-01 2.080054470000000038e+02 -1.289985159345072852e-01 -9.734990707977948521e-01 -1.888357541423882902e-01 -8.000402219999999716e+02 9.530407309889099565e-01 -1.743235203852404602e-01 2.476381943816843012e-01 -2.889674600000000027e+01 0.000000000000000000e+00 0.000000000000000000e+00 0.000000000000000000e+00 1.000000000000000000e+00
-2.771067009137745951e-01 -1.740532842006118908e-01 9.449430303291646016e-01 2.076738430000000051e+02 -1.341110318677499746e-01 -9.668228104726548366e-01 -2.174117850557417408e-01 -8.000209350000000086e+02 9.514337115322595295e-01 -1.869735473502541490e-01 2.445706138341461888e-01 -2.889106200000000158e+01 0.000000000000000000e+00 0.000000000000000000e+00 0.000000000000000000e+00 1.000000000000000000e+00
-2.792952525191275681e-01 -1.998852656632719438e-01 9.391698688155407648e-01 2.073673400000000129e+02 -1.351052237551626789e-01 -9.601817225131544786e-01 -2.445355562402717620e-01 -7.999939580000000205e+02 9.506527969949618573e-01 -1.951843752004624177e-01 2.411686531107658238e-01 -2.887971900000000147e+01 0.000000000000000000e+00 0.000000000000000000e+00 0.000000000000000000e+00 1.000000000000000000e+00
-2.805754151980675015e-01 -2.269114952744641922e-01 9.326245813288105424e-01 2.070630040000000065e+02 -1.318788601763947188e-01 -9.533251518412532155e-01 -2.716231232892859504e-01 -7.999548949999999650e+02 9.507288796628654559e-01 -1.992042373524181287e-01 2.375547709389025652e-01 -2.887226700000000079e+01 0.000000000000000000e+00 0.000000000000000000e+00 0.000000000000000000e+00 1.000000000000000000e+00
-2.820120866703964557e-01 -2.853714799654830658e-01 9.159870639884161170e-01 2.064346309999999960e+02 -1.233262551390252038e-01 -9.360358164802976555e-01 -3.295869916417312750e-01 -7.998568729999999505e+02 9.514514269079598074e-01 -2.059127696097851623e-01 2.287796178562127025e-01 -2.887932400000000044e+01 0.000000000000000000e+00 0.000000000000000000e+00 0.000000000000000000e+00 1.000000000000000000e+00
-2.821018813173857831e-01 -3.140270909825326751e-01 9.065348943566593487e-01 2.061339570000000094e+02 -1.182236608136870148e-01 -9.263325275499917355e-01 -3.576747327204619076e-01 -7.998013919999999644e+02 9.520723158358306293e-01 -2.080745888663287635e-01 2.241947164567140716e-01 -2.889105199999999840e+01 0.000000000000000000e+00 0.000000000000000000e+00 0.000000000000000000e+00 1.000000000000000000e+00
-2.817815828888758367e-01 -3.425505496286169183e-01 8.962467631705968163e-01 2.058345490000000098e+02 -1.124559006029302727e-01 -9.158687114913482974e-01 -3.854065045257554223e-01 -7.997408450000000357e+02 9.528655781190877860e-01 -2.093886918157467081e-01 2.195531046819123866e-01 -2.890500499999999917e+01 0.000000000000000000e+00 0.000000000000000000e+00 0.000000000000000000e+00 1.000000000000000000e+00
-2.811613900210775951e-01 -3.726992542140104003e-01 8.843322558121105015e-01 2.055132140000000049e+02 -1.063710647513780583e-01 -9.037237392273967940e-01 -4.146909689642522268e-01 -7.996719359999999597e+02 9.537470678041812810e-01 -2.106624529078989227e-01 2.144478062134319296e-01 -2.892096700000000098e+01 0.000000000000000000e+00 0.000000000000000000e+00 0.000000000000000000e+00 1.000000000000000000e+00
-2.812019537218517495e-01 -3.996604701000283644e-01 8.724660279130859175e-01 2.052138980000000004e+02 -1.045464688336091852e-01 -8.909819898775559466e-01 -4.418383523057430318e-01 -7.996131589999999960e+02 9.539368412413037346e-01 -2.154590502932170470e-01 2.087627854032136632e-01 -2.893186400000000091e+01 0.000000000000000000e+00 0.000000000000000000e+00 0.000000000000000000e+00 1.000000000000000000e+00
-2.805630310661077487e-01 -4.275194831324209410e-01 8.593669048440171210e-01 2.048933560000000114e+02 -1.011625328690242964e-01 -8.771697288255044800e-01 -4.694032475129614745e-01 -7.995446170000000166e+02 9.544896686410606623e-01 -2.186329306723454602e-01 2.028524441141874857e-01 -2.893433999999999884e+01 0.000000000000000000e+00 0.000000000000000000e+00 0.000000000000000000e+00 1.000000000000000000e+00
-2.771610844137099017e-01 -4.801759492973779464e-01 8.322336156410520269e-01 2.042356259999999963e+02 -8.998747997776004870e-02 -8.493872360160662494e-01 -5.200418990237610783e-01 -7.993851319999999987e+02 9.566002230471560841e-01 -2.190259824983086523e-01 1.922072637981769028e-01 -2.890918399999999977e+01 0.000000000000000000e+00 0.000000000000000000e+00 0.000000000000000000e+00 1.000000000000000000e+00
-2.741018056815199833e-01 -5.013960547933975498e-01 8.206522993081456496e-01 2.039453890000000058e+02 -8.082852712647253801e-02 -8.383041588466396687e-01 -5.391779729022623258e-01 -7.992998049999999921e+02 9.582979439217716999e-01 -2.141217725922422710e-01 1.892535790342172453e-01 -2.888939900000000094e+01 0.000000000000000000e+00 0.000000000000000000e+00 0.000000000000000000e+00 1.000000000000000000e+00
-2.702037369275241963e-01 -5.211349568953591582e-01 8.095729103991025077e-01 2.036584009999999978e+02 -6.920846044536316244e-02 -8.281617105401551937e-01 -5.561999372509732753e-01 -7.992042239999999538e+02 9.603125166075801022e-01 -2.063165962710613310e-01 1.877054409172520255e-01 -2.887370100000000050e+01 0.000000000000000000e+00 0.000000000000000000e+00 0.000000000000000000e+00 1.000000000000000000e+00
-2.661167636958283733e-01 -5.404583955634700843e-01 7.981770422312447488e-01 2.033508300000000020e+02 -5.766113481271306629e-02 -8.176273843238516248e-01 -5.728530823307549369e-01 -7.990972289999999703e+02 9.622146650369493015e-01 -1.984696023795488318e-01 1.864209090181008222e-01 -2.886328900000000175e+01 0.000000000000000000e+00 0.000000000000000000e+00 0.000000000000000000e+00 1.000000000000000000e+00
-2.623806979725027411e-01 -5.565624224994404345e-01 7.882858867143420767e-01 2.030668640000000096e+02 -4.758763036732460705e-02 -8.084496371051195229e-01 -5.866383909195025392e-01 -7.989941410000000133e+02 9.637903230306295033e-01 -1.914352478676658309e-01 1.856360932210117387e-01 -2.885924500000000137e+01 0.000000000000000000e+00 0.000000000000000000e+00 0.000000000000000000e+00 1.000000000000000000e+00
-2.587151578113670025e-01 -5.707738195989875418e-01 7.792841035072010092e-01 2.027843929999999943e+02 -3.794341759442343420e-02 -8.001234298047718019e-01 -5.986341070626561844e-01 -7.988869630000000370e+02 9.652081455208999516e-01 -1.844444196440515327e-01 1.853469500215052523e-01 -2.886001200000000111e+01 0.000000000000000000e+00 0.000000000000000000e+00 0.000000000000000000e+00 1.000000000000000000e+00
-2.517786502959107331e-01 -5.928310432928751705e-01 7.649567735260930368e-01 2.022239529999999945e+02 -1.965616217197468929e-02 -7.871247375467169682e-01 -6.164805616000239574e-01 -7.986608280000000377e+02 9.675852140994293249e-01 -1.702527581282984870e-01 1.865284209064896614e-01 -2.887128999999999834e+01 0.000000000000000000e+00 0.000000000000000000e+00 0.000000000000000000e+00 1.000000000000000000e+00
-2.460858203867530847e-01 -6.051915116966494201e-01 7.570898250372294358e-01 2.017330780000000061e+02 -4.199635590341643798e-03 -7.804374039673647179e-01 -6.252198185835031730e-01 -7.984492800000000443e+02 9.692389447734169883e-01 -1.570372333524902297e-01 1.895129950043229483e-01 -2.888384999999999891e+01 0.000000000000000000e+00 0.000000000000000000e+00 0.000000000000000000e+00 1.000000000000000000e+00
-2.427125833251425058e-01 -6.097243732948669503e-01 7.545374679270854257e-01 2.014150539999999978e+02 5.374843659414096919e-03 -7.786281650290475254e-01 -6.274625818956338641e-01 -7.983067019999999729e+02 9.700833536100249566e-01 -1.482375432664748138e-01 1.922600265657096741e-01 -2.889130400000000165e+01 0.000000000000000000e+00 0.000000000000000000e+00 0.000000000000000000e+00 1.000000000000000000e+00
-2.411428622886042650e-01 -6.112381414496275145e-01 7.538156634114634436e-01 2.011812439999999924e+02 9.435986149317676652e-03 -7.781774526173241835e-01 -6.279735777908194150e-01 -7.982056270000000495e+02 9.704437552649043397e-01 -1.443183518310043600e-01 1.934195729292496058e-01 -2.889414400000000072e+01 0.000000000000000000e+00 0.000000000000000000e+00 0.000000000000000000e+00 1.000000000000000000e+00
-2.376727711801478460e-01 -6.096018788247552500e-01 7.562388532552908327e-01 2.006531369999999868e+02 1.861011588484623447e-02 -7.812627928919864129e-01 -6.239247647187643464e-01 -7.979707640000000310e+02 9.711669874055137708e-01 -1.342162351429262712e-01 1.970296546151290018e-01 -2.888038399999999939e+01 0.000000000000000000e+00 0.000000000000000000e+00 0.000000000000000000e+00 1.000000000000000000e+00
-2.356781294992386644e-01 -6.065500279150470853e-01 7.593107946763270055e-01 2.004019930000000045e+02 2.464550016206179528e-02 -7.847986582795529742e-01 -6.192605794690754228e-01 -7.978518679999999677e+02 9.715186146428186342e-01 -1.272325807286356636e-01 1.999086086281161578e-01 -2.886547499999999999e+01 0.000000000000000000e+00 0.000000000000000000e+00 0.000000000000000000e+00 1.000000000000000000e+00
-2.327930761966383044e-01 -5.977758636962438032e-01 7.671188959067011259e-01 1.999430079999999919e+02 3.660570919517103228e-02 -7.936167752677532050e-01 -6.073157630655828809e-01 -7.976245119999999815e+02 9.718371292193074273e-01 -1.132979734850644293e-01 2.066304998661933623e-01 -2.884859799999999908e+01 0.000000000000000000e+00 0.000000000000000000e+00 0.000000000000000000e+00 1.000000000000000000e+00
-2.347384505665901511e-01 -5.908361958820307347e-01 7.718875886171815415e-01 1.996658779999999922e+02 3.683728806965974600e-02 -7.989117601435802296e-01 -6.003190932428847937e-01 -7.975003659999999854e+02 9.713603214221123716e-01 -1.124837283340890115e-01 2.093001118652195736e-01 -2.884691000000000116e+01 0.000000000000000000e+00 0.000000000000000000e+00 0.000000000000000000e+00 1.000000000000000000e+00
-2.386839493096176712e-01 -5.837995949011300922e-01 7.760206217203511336e-01 1.994063869999999952e+02 3.327187968549000230e-02 -8.035643935109517688e-01 -5.942871759541599186e-01 -7.973914180000000442e+02 9.705271528216807830e-01 -1.160271454214598652e-01 2.112220328497699251e-01 -2.884878199999999993e+01 0.000000000000000000e+00 0.000000000000000000e+00 0.000000000000000000e+00 1.000000000000000000e+00
-2.442138135567638313e-01 -5.765610178812540232e-01 7.797031524418730486e-01 1.991441800000000057e+02 2.714319492185179872e-02 -8.077978402978517325e-01 -5.888343537698536023e-01 -7.972859499999999571e+02 9.693414569889687860e-01 -1.226378484394564372e-01 2.129250992547481458e-01 -2.885302000000000078e+01 0.000000000000000000e+00 0.000000000000000000e+00 0.000000000000000000e+00 1.000000000000000000e+00
-2.579443811025856070e-01 -5.634312905342389044e-01 7.848629670869468056e-01 1.986365509999999972e+02 1.107616480780415635e-02 -8.140242855197795668e-01 -5.807252200112911211e-01 -7.970887450000000172e+02 9.660962761706278767e-01 -1.411015358914782247e-01 2.162136483627050132e-01 -2.886655599999999922e+01 0.000000000000000000e+00 0.000000000000000000e+00 0.000000000000000000e+00 1.000000000000000000e+00
-2.662779043399546852e-01 -5.575905098030938811e-01 7.862498973213589704e-01 1.983699190000000101e+02 1.493964116018542398e-03 -8.159374363126953300e-01 -5.781382776591482697e-01 -7.969864499999999907e+02 9.638951424981567762e-01 -1.527708198609675216e-01 2.180991308269380757e-01 -2.887632800000000088e+01 0.000000000000000000e+00 0.000000000000000000e+00 0.000000000000000000e+00 1.000000000000000000e+00
-2.835878192003038478e-01 -5.496018452556989953e-01 7.858217103724907115e-01 1.978573759999999879e+02 -1.770326302438335331e-02 -8.163235519241827109e-01 -5.773235254622626211e-01 -7.967882690000000139e+02 9.587828446939929972e-01 -1.776335279878691331e-01 2.217696698267768995e-01 -2.889975400000000150e+01 0.000000000000000000e+00 0.000000000000000000e+00 0.000000000000000000e+00 1.000000000000000000e+00
-2.932852762959029524e-01 -5.474325421390323632e-01 7.837737929500017131e-01 1.976095889999999997e+02 -2.935349362009309626e-02 -8.142827785496116189e-01 -5.797257359905794161e-01 -7.966978759999999511e+02 9.555742352744398538e-01 -1.930315216867968808e-01 2.227480920568089828e-01 -2.890860899999999845e+01 0.000000000000000000e+00 0.000000000000000000e+00 0.000000000000000000e+00 1.000000000000000000e+00
-3.035812263278277467e-01 -5.467100447530707230e-01 7.803502841592278028e-01 1.973398740000000089e+02 -4.081090962403299827e-02 -8.107899883999568624e-01 -5.839127198186873091e-01 -7.965966190000000324e+02 9.519311470253251084e-01 -2.091117444728851638e-01 2.238288847458155817e-01 -2.891238799999999998e+01 0.000000000000000000e+00 0.000000000000000000e+00 0.000000000000000000e+00 1.000000000000000000e+00
-3.133640474820656441e-01 -5.478729001523832132e-01 7.756534400260689521e-01 1.970712589999999977e+02 -5.066635401205005218e-02 -8.059836377368077009e-01 -5.897654586966485368e-01 -7.964920650000000251e+02 9.482804934811132069e-01 -2.241108229853239764e-01 2.248075726127957696e-01 -2.890981899999999882e+01 0.000000000000000000e+00 0.000000000000000000e+00 0.000000000000000000e+00 1.000000000000000000e+00
-3.216586319513000114e-01 -5.515474845657781788e-01 7.696304936528832741e-01 1.967856600000000071e+02 -5.663332454158739870e-02 -8.001655842829376031e-01 -5.970994090438477286e-01 -7.963679809999999861e+02 9.451605107295719677e-01 -2.356489125761195846e-01 2.261441994814524237e-01 -2.890268299999999968e+01 0.000000000000000000e+00 0.000000000000000000e+00 0.000000000000000000e+00 1.000000000000000000e+00
-3.272545019141266942e-01 -5.563745963730657440e-01 7.637747046660061656e-01 1.965481259999999963e+02 -5.881883813413846251e-02 -7.947203230509083394e-01 -6.041191541495848361e-01 -7.962547610000000304e+02 9.431038305814936074e-01 -2.426250536127051438e-01 2.273504961550448511e-01 -2.889829299999999890e+01 0.000000000000000000e+00 0.000000000000000000e+00 0.000000000000000000e+00 1.000000000000000000e+00
-3.337726102815752327e-01 -5.644640115416592607e-01 7.549676975209742569e-01 1.962488859999999988e+02 -6.068549931517036589e-02 -7.863681283441388281e-01 -6.147702309785375574e-01 -7.961057130000000370e+02 9.406982060143902480e-01 -2.510090564079983100e-01 2.282133624538102978e-01 -2.889658199999999866e+01 0.000000000000000000e+00 0.000000000000000000e+00 0.000000000000000000e+00 1.000000000000000000e+00
-3.383223559305748585e-01 -5.723356521491522741e-01 7.469738179860053728e-01 1.960164179999999874e+02 -6.138673465906457904e-02 -7.786692648297600661e-01 -6.244244108115717395e-01 -7.959844359999999597e+02 9.390259060779330147e-01 -2.571110213283073764e-01 2.283074033535304470e-01 -2.889819500000000119e+01 0.000000000000000000e+00 0.000000000000000000e+00 0.000000000000000000e+00 1.000000000000000000e+00
-3.423236078085364342e-01 -5.815064936792929684e-01 7.380140549784688364e-01 1.957865449999999896e+02 -6.135288221384627150e-02 -7.699598856657291490e-01 -6.351358896406908983e-01 -7.958594359999999597e+02 9.375768615857591470e-01 -2.627012985777427700e-01 2.278983465156481369e-01 -2.890236300000000114e+01 0.000000000000000000e+00 0.000000000000000000e+00 0.000000000000000000e+00 1.000000000000000000e+00
-3.487158106024698112e-01 -6.046486226167757660e-01 7.160986849614359162e-01 1.953148649999999975e+02 -5.877736487302237522e-02 -7.484469149806897148e-01 -6.605849202293915257e-01 -7.955847780000000284e+02 9.353836137192299560e-01 -2.724467996206300091e-01 2.254556199388924043e-01 -2.891938999999999993e+01 0.000000000000000000e+00 0.000000000000000000e+00 0.000000000000000000e+00 1.000000000000000000e+00
-3.508154866002398675e-01 -6.186747940839187887e-01 7.029722565838978365e-01 1.950741879999999924e+02 -5.603760393239626270e-02 -7.354675222621719355e-01 -6.752387064165216168e-01 -7.954341429999999491e+02 9.347664314185404333e-01 -2.762770762527397839e-01 2.233443436272450899e-01 -2.893286499999999961e+01 0.000000000000000000e+00 0.000000000000000000e+00 0.000000000000000000e+00 1.000000000000000000e+00
-3.520250840910609802e-01 -6.338590023987652478e-01 6.886952194176488851e-01 1.948374939999999924e+02 -5.240729424405565773e-02 -7.212906727342887070e-01 -6.906469727266848491e-01 -7.952782590000000482e+02 9.345222392649082943e-01 -2.792177116598432152e-01 2.206935744754302819e-01 -2.894972599999999829e+01 0.000000000000000000e+00 0.000000000000000000e+00 0.000000000000000000e+00 1.000000000000000000e+00
-3.552257818287369306e-01 -6.492759914056842607e-01 6.724993166601201944e-01 1.945980219999999861e+02 -5.189592782385804570e-02 -7.046122489835320302e-01 -7.076922998434207468e-01 -7.951267090000000053e+02 9.333388755427814987e-01 -2.862905265050434966e-01 2.166016570435265742e-01 -2.896760000000000090e+01 0.000000000000000000e+00 0.000000000000000000e+00 0.000000000000000000e+00 1.000000000000000000e+00
-3.576342061837831654e-01 -6.641427575891021284e-01 6.565151727943830950e-01 1.943799899999999923e+02 -5.113568622154629484e-02 -6.880293057885289443e-01 -7.238790064443136885e-01 -7.949863279999999577e+02 9.324606780781413695e-01 -2.924552477185156096e-01 2.121014189484711487e-01 -2.897825399999999973e+01 0.000000000000000000e+00 0.000000000000000000e+00 0.000000000000000000e+00 1.000000000000000000e+00
-3.586545495603034039e-01 -6.812417174622136251e-01 6.381822909395323817e-01 1.941461940000000084e+02 -4.869298820103235004e-02 -6.690821323659436048e-01 -7.415915945105476803e-01 -7.948285519999999451e+02 9.321994995599122147e-01 -2.970502020497139961e-01 2.067976558921161834e-01 -2.898318300000000036e+01 0.000000000000000000e+00 0.000000000000000000e+00 0.000000000000000000e+00 1.000000000000000000e+00
-3.582499083587541988e-01 -6.974779120719996062e-01 6.206299745682836155e-01 1.939357760000000042e+02 -4.525657313842879059e-02 -6.509976153922811815e-01 -7.577294684393168778e-01 -7.946795650000000251e+02 9.325282010474055250e-01 -2.995440984650635796e-01 2.016543759159271088e-01 -2.898365599999999986e+01 0.000000000000000000e+00 0.000000000000000000e+00 0.000000000000000000e+00 1.000000000000000000e+00
-3.564257000608691550e-01 -7.155501829743595721e-01 6.007900265329643164e-01 1.937106630000000109e+02 -4.040243309617957967e-02 -6.306160269742137059e-01 -7.750426245847170659e-01 -7.945123290000000225e+02 9.334497114124725714e-01 -3.005184888964711476e-01 1.958577904893074040e-01 -2.898136300000000176e+01 0.000000000000000000e+00 0.000000000000000000e+00 0.000000000000000000e+00 1.000000000000000000e+00
-3.532885056840427973e-01 -7.337341324908219775e-01 5.803632091798005543e-01 1.934902500000000032e+02 -3.460670203924193222e-02 -6.096933063906375683e-01 -7.918815873073569156e-01 -7.943403929999999491e+02 9.348741134107325657e-01 -2.998471193131476698e-01 1.900055186411800656e-01 -2.897707400000000177e+01 0.000000000000000000e+00 0.000000000000000000e+00 0.000000000000000000e+00 1.000000000000000000e+00
-3.489613877659998309e-01 -7.517767947012773400e-01 5.595155054125856564e-01 1.932744899999999859e+02 -2.804194149176619799e-02 -5.884036903757210446e-01 -8.080809035422165110e-01 -7.941635740000000396e+02 9.367174597314816831e-01 -2.976789345938106734e-01 1.842488874682666200e-01 -2.897127199999999903e+01 0.000000000000000000e+00 0.000000000000000000e+00 0.000000000000000000e+00 1.000000000000000000e+00
-3.435516407944270156e-01 -7.694500717742251972e-01 5.384411362016245928e-01 1.930632929999999874e+02 -2.085856715949313545e-02 -5.669448640146765861e-01 -8.234916158306850864e-01 -7.939822390000000496e+02 9.389021196501314837e-01 -2.941430063999812550e-01 1.787252122742359617e-01 -2.896416699999999977e+01 0.000000000000000000e+00 0.000000000000000000e+00 0.000000000000000000e+00 1.000000000000000000e+00
-3.371851559933199960e-01 -7.865466874911912765e-01 5.173494747019606876e-01 1.928565979999999911e+02 -1.319610386326436346e-02 -5.455282162488490627e-01 -8.379885608522223972e-01 -7.937966310000000476e+02 9.413458628052657762e-01 -2.893843010133466120e-01 1.735646649131855346e-01 -2.895586600000000033e+01 0.000000000000000000e+00 0.000000000000000000e+00 0.000000000000000000e+00 1.000000000000000000e+00
-3.299833119510863222e-01 -8.028926706702790295e-01 4.964618547458992670e-01 1.926541899999999998e+02 -5.169910570151203810e-03 -5.243753725844678693e-01 -8.514715148797384892e-01 -7.936069949999999835e+02 9.439726086378186221e-01 -2.835380539025525448e-01 1.688842388462123978e-01 -2.894639000000000095e+01 0.000000000000000000e+00 0.000000000000000000e+00 0.000000000000000000e+00 1.000000000000000000e+00
-3.201687529418887901e-01 -8.178413896046203835e-01 4.781500089817202204e-01 1.924779660000000092e+02 5.265059572741204175e-03 -5.062464133353842266e-01 -8.623728011322914222e-01 -7.934236449999999650e+02 9.473458971185398925e-01 -2.735873360275337118e-01 1.663902664762157424e-01 -2.893658599999999836e+01 0.000000000000000000e+00 0.000000000000000000e+00 0.000000000000000000e+00 1.000000000000000000e+00
-3.068313687384163768e-01 -8.347121417532352705e-01 4.572856345522310351e-01 1.922774349999999970e+02 1.908540405300634957e-02 -4.857606961152573510e-01 -8.738834553084031675e-01 -7.931989750000000186e+02 9.515725187867939416e-01 -2.594073756070693904e-01 1.649774377616811671e-01 -2.892946600000000146e+01 0.000000000000000000e+00 0.000000000000000000e+00 0.000000000000000000e+00 1.000000000000000000e+00
-2.950414280816792134e-01 -8.488625542502035159e-01 4.386147736993638024e-01 1.920952299999999866e+02 3.088019370480604708e-02 -4.672811708767184991e-01 -8.835693074008609260e-01 -7.929891969999999901e+02 9.549853241554435712e-01 -2.471450410910641660e-01 1.640803440751488207e-01 -2.892885599999999968e+01 0.000000000000000000e+00 0.000000000000000000e+00 0.000000000000000000e+00 1.000000000000000000e+00
-2.844858475139379617e-01 -8.614630870422411713e-01 4.206532446421021310e-01 1.919140319999999917e+02 4.099511867642235963e-02 -4.493138741476050968e-01 -8.924328785646435946e-01 -7.927788699999999835e+02 9.578033215691947877e-01 -2.366397941220408363e-01 1.631392197753062101e-01 -2.893290500000000165e+01 0.000000000000000000e+00 0.000000000000000000e+00 0.000000000000000000e+00 1.000000000000000000e+00
-2.770233307100122278e-01 -8.720295652175169554e-01 4.035127155727309400e-01 1.917288360000000011e+02 4.743031313401729898e-02 -4.318464523123807797e-01 -9.006991767628189649e-01 -7.925740359999999782e+02 9.596918461872749884e-01 -2.303759514614299175e-01 1.609921779152659882e-01 -2.893465399999999832e+01 0.000000000000000000e+00 0.000000000000000000e+00 0.000000000000000000e+00 1.000000000000000000e+00
-2.682996049807005456e-01 -8.822069484681038798e-01 3.869447273730399761e-01 1.915318300000000136e+02 5.474859158075934262e-02 -4.149865598956676838e-01 -9.081788077388077696e-01 -7.923494259999999940e+02 9.617785159209593093e-01 -2.224793365248908805e-01 1.596403180036957137e-01 -2.892862900000000081e+01 0.000000000000000000e+00 0.000000000000000000e+00 0.000000000000000000e+00 1.000000000000000000e+00
-2.605177154535202044e-01 -8.897922006131603334e-01 3.747003598381886125e-01 1.913678889999999910e+02 6.124371510450588030e-02 -4.025506296510104054e-01 -9.133467019307470736e-01 -7.921571659999999611e+02 9.635246376170547578e-01 -2.149949541165196432e-01 1.593657504276210779e-01 -2.891727600000000109e+01 0.000000000000000000e+00 0.000000000000000000e+00 0.000000000000000000e+00 1.000000000000000000e+00
-2.522139387387137832e-01 -8.965093996000457199e-01 3.642238673325376430e-01 1.912070469999999887e+02 6.822637630356009897e-02 -3.919301669559363543e-01 -9.174616644887005901e-01 -7.919624019999999973e+02 9.652633271198017839e-01 -2.065469454111037995e-01 1.600158387752698141e-01 -2.890163400000000138e+01 0.000000000000000000e+00 0.000000000000000000e+00 0.000000000000000000e+00 1.000000000000000000e+00
-2.414452213219105692e-01 -9.028832150659111822e-01 3.556769672793800852e-01 1.910540009999999995e+02 7.784851202026471517e-02 -3.833606924335887234e-01 -9.203120061550159603e-01 -7.917597660000000133e+02 9.672868314399014622e-01 -1.945160133487292553e-01 1.628487220517025602e-01 -2.888564900000000080e+01 0.000000000000000000e+00 0.000000000000000000e+00 0.000000000000000000e+00 1.000000000000000000e+00
-2.297251683338566441e-01 -9.088985137495404487e-01 3.480371226433434106e-01 1.908902129999999886e+02 8.841728908197005188e-02 -3.756120403331719704e-01 -9.225497158138128428e-01 -7.915357060000000047e+02 9.692309993109879951e-01 -1.811603898776662502e-01 1.666498818301273555e-01 -2.887172100000000086e+01 0.000000000000000000e+00 0.000000000000000000e+00 0.000000000000000000e+00 1.000000000000000000e+00
-2.084397939676930211e-01 -9.177627751188093264e-01 3.380300887449630420e-01 1.905681460000000129e+02 1.073379394787071228e-01 -3.650000398539168800e-01 -9.247991877456989140e-01 -7.910836789999999610e+02 9.721272648368479707e-01 -1.564814989475144524e-01 1.745912983168632082e-01 -2.885586400000000040e+01 0.000000000000000000e+00 0.000000000000000000e+00 0.000000000000000000e+00 1.000000000000000000e+00
-1.995098619703271348e-01 -9.204844776206216883e-01 3.360121150138369317e-01 1.904229579999999942e+02 1.152556401027428068e-01 -3.625693606267145208e-01 -9.248024633181090026e-01 -7.908744510000000218e+02 9.730940100530307557e-01 -1.457799204082182998e-01 1.784271907661091616e-01 -2.885343900000000161e+01 0.000000000000000000e+00 0.000000000000000000e+00 0.000000000000000000e+00 1.000000000000000000e+00
-1.903190712648206440e-01 -9.224648223741189756e-01 3.359126413149415846e-01 1.902663420000000087e+02 1.234910989980161911e-01 -3.619440189261856622e-01 -9.239840234721716783e-01 -7.906449579999999742e+02 9.739243294944210927e-01 -1.343695599674474828e-01 1.828010442338781349e-01 -2.885363800000000012e+01 0.000000000000000000e+00 0.000000000000000000e+00 0.000000000000000000e+00 1.000000000000000000e+00
-1.817192441849625473e-01 -9.233661401460294682e-01 3.381909039650085602e-01 1.901114039999999932e+02 1.313635751968177390e-01 -3.636290967368620564e-01 -9.222350519893746101e-01 -7.904140619999999444e+02 9.745366731962201712e-01 -1.231618903645016472e-01 1.873750820079513879e-01 -2.885625500000000088e+01 0.000000000000000000e+00 0.000000000000000000e+00 0.000000000000000000e+00 1.000000000000000000e+00
-1.748061190680859911e-01 -9.230908861701500046e-01 3.425580777123219955e-01 1.899557039999999972e+02 1.382224983547907238e-01 -3.674764870249240811e-01 -9.197040678568191296e-01 -7.901832889999999452e+02 9.748524820119779388e-01 -1.134206654601705444e-01 1.918290670405767007e-01 -2.886069499999999977e+01 0.000000000000000000e+00 0.000000000000000000e+00 0.000000000000000000e+00 1.000000000000000000e+00
-1.724220145422000472e-01 -9.217071401872319880e-01 3.474573306595849509e-01 1.898068539999999871e+02 1.420398417317937367e-01 -3.723186390938270085e-01 -9.171714748857642263e-01 -7.899754030000000284e+02 9.747283376726136872e-01 -1.087877691250053735e-01 1.951150661194265556e-01 -2.886648200000000131e+01 0.000000000000000000e+00 0.000000000000000000e+00 0.000000000000000000e+00 1.000000000000000000e+00
-1.738655652625158976e-01 -9.187121541780438605e-01 3.545965918920884752e-01 1.896106719999999939e+02 1.440795849137793128e-01 -3.799376104033755919e-01 -9.137223240197462903e-01 -7.897145389999999452e+02 9.741723864014105727e-01 -1.077747185870199242e-01 1.984257332264889873e-01 -2.887548400000000015e+01 0.000000000000000000e+00 0.000000000000000000e+00 0.000000000000000000e+00 1.000000000000000000e+00
-1.790535986912074051e-01 -9.151961844587925832e-01 3.610481307911664883e-01 1.894361419999999896e+02 1.429103241799015156e-01 -3.872807913349624043e-01 -9.108184384968061043e-01 -7.894956049999999550e+02 9.734045654498045819e-01 -1.114878137512462786e-01 2.001350028017185312e-01 -2.888300500000000071e+01 0.000000000000000000e+00 0.000000000000000000e+00 0.000000000000000000e+00 1.000000000000000000e+00
-1.872307842709678427e-01 -9.109761107667575519e-01 3.675148419228133623e-01 1.892564999999999884e+02 1.393446899467903344e-01 -3.949781131490615049e-01 -9.080613126418501935e-01 -7.892808230000000549e+02 9.723824817451778291e-01 -1.188057900334800743e-01 2.008917455984926548e-01 -2.888552500000000123e+01 0.000000000000000000e+00 0.000000000000000000e+00 0.000000000000000000e+00 1.000000000000000000e+00
-1.976916168985250466e-01 -9.059403259178522294e-01 3.744197517277934040e-01 1.890594940000000008e+02 1.348720542719613058e-01 -4.034629907381955261e-01 -9.050011845743914929e-01 -7.890488890000000310e+02 9.709415809329147162e-01 -1.284123863980667912e-01 2.019472838020994199e-01 -2.888159599999999827e+01 0.000000000000000000e+00 0.000000000000000000e+00 0.000000000000000000e+00 1.000000000000000000e+00
-2.079353095017925646e-01 -9.011038711871625084e-01 3.804927336939614158e-01 1.888771820000000048e+02 1.307695099871227784e-01 -4.111128910159833061e-01 -9.021560430979822520e-01 -7.888340449999999464e+02 9.693617706099832976e-01 -1.378332477016712687e-01 2.033217979162297850e-01 -2.887222300000000175e+01 0.000000000000000000e+00 0.000000000000000000e+00 0.000000000000000000e+00 1.000000000000000000e+00
-2.166205394238351623e-01 -8.965347022715349778e-01 3.863949657055805731e-01 1.886994929999999897e+02 1.286906799884298680e-01 -4.185621132371732944e-01 -8.990241744505802490e-01 -7.886136470000000145e+02 9.677366639658964154e-01 -1.450216707437955166e-01 2.060448112203652482e-01 -2.886557000000000173e+01 0.000000000000000000e+00 0.000000000000000000e+00 0.000000000000000000e+00 1.000000000000000000e+00
-2.255573314034574339e-01 -8.921180062749927142e-01 3.914707564174907950e-01 1.885231479999999920e+02 1.265982361320485694e-01 -4.252588384578740444e-01 -8.961739825065853093e-01 -7.883914180000000442e+02 9.659693457136226957e-01 -1.525791047076610063e-01 2.088608147743460652e-01 -2.886568300000000065e+01 0.000000000000000000e+00 0.000000000000000000e+00 0.000000000000000000e+00 1.000000000000000000e+00
-2.348837183411197349e-01 -8.879709275571074922e-01 3.953950817494064629e-01 1.883477629999999863e+02 1.242856401266123623e-01 -4.308722663837627476e-01 -8.938132745264182333e-01 -7.881680300000000443e+02 9.640449774344388434e-01 -1.608002545852779686e-01 2.115669152035405121e-01 -2.887181899999999857e+01 0.000000000000000000e+00 0.000000000000000000e+00 0.000000000000000000e+00 1.000000000000000000e+00
-2.448206351670399461e-01 -8.840366282090141858e-01 3.981734503721262586e-01 1.881598050000000057e+02 1.219360486900362139e-01 -4.354835195936787584e-01 -8.919000528042158038e-01 -7.879240720000000238e+02 9.618702909572932613e-01 -1.698038402013892778e-01 2.144112852127723068e-01 -2.888322600000000051e+01 0.000000000000000000e+00 0.000000000000000000e+00 0.000000000000000000e+00 1.000000000000000000e+00
-2.528986945599442926e-01 -8.812950573161153489e-01 3.992007918830587920e-01 1.880027310000000114e+02 1.202249347472804097e-01 -4.380420299145072471e-01 -8.908788610655156148e-01 -7.877160030000000006e+02 9.599938621443827591e-01 -1.773082118193154422e-01 2.167338982866976183e-01 -2.889532700000000176e+01 0.000000000000000000e+00 0.000000000000000000e+00 0.000000000000000000e+00 1.000000000000000000e+00
-2.611081580223496568e-01 -8.790835479850638290e-01 3.987914811980918239e-01 1.878463900000000137e+02 1.184165778525130830e-01 -4.391722479540538515e-01 -8.905645685275621615e-01 -7.875073240000000396e+02 9.580188118736895353e-01 -1.853101516079874722e-01 2.187695221166543191e-01 -2.890866899999999973e+01 0.000000000000000000e+00 0.000000000000000000e+00 0.000000000000000000e+00 1.000000000000000000e+00
-2.721385969498593127e-01 -8.769182850255590189e-01 3.961753468326800198e-01 1.876718750000000000e+02 1.147718303296010878e-01 -4.383554172825900874e-01 -8.914437475813039580e-01 -7.872827760000000126e+02 9.553889318036685729e-01 -1.971264810390494504e-01 2.199389448465324526e-01 -2.891994100000000145e+01 0.000000000000000000e+00 0.000000000000000000e+00 0.000000000000000000e+00 1.000000000000000000e+00
-2.826722827717765840e-01 -8.756471216527332846e-01 3.915845999191955862e-01 1.874859470000000101e+02 1.118267887953886541e-01 -4.355333549593750631e-01 -8.931995667405705497e-01 -7.870374150000000100e+02 9.526757842310806801e-01 -2.086931121506281905e-01 2.210340134019672387e-01 -2.892472599999999971e+01 0.000000000000000000e+00 0.000000000000000000e+00 0.000000000000000000e+00 1.000000000000000000e+00
-2.914327461520704321e-01 -8.756110216904080534e-01 3.851912423258641582e-01 1.873039090000000044e+02 1.100591476594198204e-01 -4.306884625078161721e-01 -8.957647192645707968e-01 -7.867894290000000410e+02 9.502388849582745767e-01 -2.186613522251545927e-01 2.218857240931059738e-01 -2.892153499999999866e+01 0.000000000000000000e+00 0.000000000000000000e+00 0.000000000000000000e+00 1.000000000000000000e+00
-2.974577061503633213e-01 -8.765587524256023277e-01 3.783697485236310887e-01 1.871530759999999987e+02 1.093925367150047068e-01 -4.249902657902261960e-01 -8.985636020308243044e-01 -7.865776369999999815e+02 9.484472499632337072e-01 -2.258938412830784892e-01 2.223056151057703489e-01 -2.891310700000000011e+01 0.000000000000000000e+00 0.000000000000000000e+00 0.000000000000000000e+00 1.000000000000000000e+00
-3.023391740581246601e-01 -8.786532397584649878e-01 3.695395893430155065e-01 1.869930420000000026e+02 1.095957405011394603e-01 -4.171552533813979724e-01 -9.022030083303362868e-01 -7.863441159999999854e+02 9.468789772161265716e-01 -2.322713474328144678e-01 2.224190272163937276e-01 -2.890051700000000068e+01 0.000000000000000000e+00 0.000000000000000000e+00 0.000000000000000000e+00 1.000000000000000000e+00
-3.024389613929100440e-01 -8.824691159140087837e-01 3.602484338474292724e-01 1.868450320000000033e+02 1.126244067182410880e-01 -4.083855510981939663e-01 -9.058349654686491670e-01 -7.861033330000000205e+02 9.464916363301592028e-01 -2.333870200164785969e-01 2.228992625489949753e-01 -2.888742600000000138e+01 0.000000000000000000e+00 0.000000000000000000e+00 0.000000000000000000e+00 1.000000000000000000e+00
-3.011145265670059357e-01 -8.871071317757756036e-01 3.498156352178732331e-01 1.867027280000000076e+02 1.162912135947605785e-01 -3.982646205736441458e-01 -9.098690266406417315e-01 -7.858596189999999524e+02 9.464704937455712397e-01 -2.332942964409708275e-01 2.230860276151933053e-01 -2.887796600000000069e+01 0.000000000000000000e+00 0.000000000000000000e+00 0.000000000000000000e+00 1.000000000000000000e+00
-2.994051791345542224e-01 -8.922386097993229015e-01 3.380337289247584698e-01 1.865641170000000102e+02 1.198938173420476816e-01 -3.866604260315914532e-01 -9.143955312140472635e-01 -7.856141360000000304e+02 9.465632632162296334e-01 -2.332466036718214286e-01 2.227420270290342841e-01 -2.887295299999999898e+01 0.000000000000000000e+00 0.000000000000000000e+00 0.000000000000000000e+00 1.000000000000000000e+00
-2.973611630140928774e-01 -8.973378681263854961e-01 3.261304787309831643e-01 1.864405820000000062e+02 1.232079296005684221e-01 -3.747908378799323370e-01 -9.188860832142360380e-01 -7.853876340000000482e+02 9.467819943442354891e-01 -2.330591733179630531e-01 2.220073803230428466e-01 -2.887234300000000076e+01 0.000000000000000000e+00 0.000000000000000000e+00 0.000000000000000000e+00 1.000000000000000000e+00
-2.947701837896834487e-01 -9.027651899200488383e-01 3.132499810330624523e-01 1.863208009999999888e+02 1.265865540425170077e-01 -3.618174567146280607e-01 -9.236146232884140383e-01 -7.851594239999999445e+02 9.471464422591877597e-01 -2.326008166047058845e-01 2.209309327156042391e-01 -2.887566800000000100e+01 0.000000000000000000e+00 0.000000000000000000e+00 0.000000000000000000e+00 1.000000000000000000e+00
-2.912080398165033390e-01 -9.090010559839440951e-01 2.981861126315313304e-01 1.861946869999999876e+02 1.303898668472563416e-01 -3.464997999355613478e-01 -9.289436857356695443e-01 -7.849085079999999834e+02 9.477322196537292243e-01 -2.316354223012758728e-01 2.194280541898073200e-01 -2.888396499999999989e+01 0.000000000000000000e+00 0.000000000000000000e+00 0.000000000000000000e+00 1.000000000000000000e+00
-2.867960483086609558e-01 -9.155097338768860560e-01 2.821169152163862104e-01 1.860734710000000121e+02 1.343421786193755296e-01 -3.300127201757563911e-01 -9.343681199430969864e-01 -7.846554569999999558e+02 9.485252794303038471e-01 -2.300728834497262065e-01 2.176379162342644280e-01 -2.889690600000000131e+01 0.000000000000000000e+00 0.000000000000000000e+00 0.000000000000000000e+00 1.000000000000000000e+00
-2.810415508776621385e-01 -9.227452485360149170e-01 2.637363323178784080e-01 1.859473419999999919e+02 1.387892196081045304e-01 -3.110023237142242047e-01 -9.402207757569103208e-01 -7.843791499999999814e+02 9.496068656032620181e-01 -2.276373452414187093e-01 2.154716683246022668e-01 -2.891403800000000146e+01 0.000000000000000000e+00 0.000000000000000000e+00 0.000000000000000000e+00 1.000000000000000000e+00
-2.756721057861538648e-01 -9.288368897445173911e-01 2.475215593461689290e-01 1.858439639999999997e+02 1.424856768266087315e-01 -2.941393532283930190e-01 -9.450819397182690373e-01 -7.841441039999999703e+02 9.506328008177978850e-01 -2.252644515499817035e-01 2.134319677958180783e-01 -2.892932499999999862e+01 0.000000000000000000e+00 0.000000000000000000e+00 0.000000000000000000e+00 1.000000000000000000e+00
-2.733938023260784611e-01 -9.339853652060778888e-01 2.300590498775449966e-01 1.857354579999999942e+02 1.444179847978812603e-01 -2.763154439077620816e-01 -9.501543143747628317e-01 -7.839119869999999537e+02 9.509990928053551063e-01 -2.265416364356141465e-01 2.104272141251362360e-01 -2.894249200000000144e+01 0.000000000000000000e+00 0.000000000000000000e+00 0.000000000000000000e+00 1.000000000000000000e+00
-2.703287528560459618e-01 -9.390340826892014103e-01 2.124555410605846739e-01 1.856295619999999928e+02 1.464553268702060707e-01 -2.582118397892322337e-01 -9.549227628578144111e-01 -7.836791990000000396e+02 9.515635567898954594e-01 -2.270278338457881739e-01 2.073286281453993185e-01 -2.894987700000000075e+01 0.000000000000000000e+00 0.000000000000000000e+00 0.000000000000000000e+00 1.000000000000000000e+00
-2.655593154241408516e-01 -9.444943532552638743e-01 1.934132018771803629e-01 1.855182340000000067e+02 1.490616013269324136e-01 -2.384282422237808396e-01 -9.596523392978986156e-01 -7.834238279999999577e+02 9.525013853015189547e-01 -2.260141366795435647e-01 2.041046815232034350e-01 -2.895101899999999873e+01 0.000000000000000000e+00 0.000000000000000000e+00 0.000000000000000000e+00 1.000000000000000000e+00
-2.595702222420834260e-01 -9.497913560006243650e-01 1.746988259596812809e-01 1.854108579999999904e+02 1.519322861037668559e-01 -2.188096046142923856e-01 -9.638666595374179025e-01 -7.831669920000000502e+02 9.536980026006549593e-01 -2.236486910201636591e-01 2.011004297372058214e-01 -2.894507600000000025e+01 0.000000000000000000e+00 0.000000000000000000e+00 0.000000000000000000e+00 1.000000000000000000e+00
-2.525447230170450030e-01 -9.548458565985489255e-01 1.564945782218277737e-01 1.853071290000000033e+02 1.549680484000779401e-01 -1.995643320029167889e-01 -9.675530896892949873e-01 -7.829093020000000251e+02 9.550947946938647126e-01 -2.200987676676390836e-01 1.983695178697360006e-01 -2.893215199999999854e+01 0.000000000000000000e+00 0.000000000000000000e+00 0.000000000000000000e+00 1.000000000000000000e+00
-2.243956763656337616e-01 -9.684309267585178294e-01 1.085731114321042412e-01 1.850337220000000116e+02 1.656119554736232846e-01 -1.476913832471188626e-01 -9.750691952465502244e-01 -7.821478879999999663e+02 9.603224774171499334e-01 -2.008203062745174683e-01 1.935250473587246389e-01 -2.887237700000000018e+01 0.000000000000000000e+00 0.000000000000000000e+00 0.000000000000000000e+00 1.000000000000000000e+00
-2.112562675986243976e-01 -9.728473932836747551e-01 9.454490351921418512e-02 1.849542690000000107e+02 1.704366008695292756e-01 -1.319105518876453609e-01 -9.764993453068658846e-01 -7.818814700000000357e+02 9.624563130263831257e-01 -1.901776950166763624e-01 1.936757337247102251e-01 -2.885654399999999953e+01 0.000000000000000000e+00 0.000000000000000000e+00 0.000000000000000000e+00 1.000000000000000000e+00
-1.999065666042405542e-01 -9.763366388533437634e-01 8.248716422001545201e-02 1.848835449999999980e+02 1.744109856724042062e-01 -1.182998391306575581e-01 -9.775407695530867747e-01 -7.816365359999999782e+02 9.641670875451436862e-01 -1.810301513400903728e-01 1.939327502009375870e-01 -2.884730000000000061e+01 0.000000000000000000e+00 0.000000000000000000e+00 0.000000000000000000e+00 1.000000000000000000e+00
-1.880862538798916961e-01 -9.796270071240718025e-01 7.038812410174566381e-02 1.848089600000000132e+02 1.783924631606372824e-01 -1.045501488607326057e-01 -9.783891840472682677e-01 -7.813685910000000376e+02 9.658155570236532927e-01 -1.714648456282875100e-01 1.944225206213465729e-01 -2.884256399999999942e+01 0.000000000000000000e+00 0.000000000000000000e+00 0.000000000000000000e+00 1.000000000000000000e+00
-1.767271509442888133e-01 -9.824496413964145525e-01 5.966754762155590530e-02 1.847371669999999995e+02 1.821114622374091496e-01 -9.221363144099370412e-02 -9.789443607775760725e-01 -7.810998540000000503e+02 9.672656974383341266e-01 -1.621399034677171724e-01 1.952119931321129043e-01 -2.884270499999999871e+01 0.000000000000000000e+00 0.000000000000000000e+00 0.000000000000000000e+00 1.000000000000000000e+00
-1.665670910755799594e-01 -9.846952901383715373e-01 5.128927519401799140e-02 1.846739039999999932e+02 1.853700863963653189e-01 -8.236009057733115202e-02 -9.792112880014700593e-01 -7.808525389999999788e+02 9.684489326960010747e-01 -1.535968784168547097e-01 1.962515317152313254e-01 -2.884557699999999869e+01 0.000000000000000000e+00 0.000000000000000000e+00 0.000000000000000000e+00 1.000000000000000000e+00
-1.557995962465666684e-01 -9.868158230669357156e-01 4.382940969410098475e-02 1.846071780000000047e+02 1.888040156657846969e-01 -7.330307930819676687e-02 -9.792750901725267854e-01 -7.805822749999999814e+02 9.695769848123876322e-01 -1.442954951086926618e-01 1.977353802774209635e-01 -2.885000199999999992e+01 0.000000000000000000e+00 0.000000000000000000e+00 0.000000000000000000e+00 1.000000000000000000e+00
-1.453697194714017593e-01 -9.886392734734738008e-01 3.821035993873711512e-02 1.845426940000000116e+02 1.921434407945959988e-01 -6.609597121722787794e-02 -9.791385094808930933e-01 -7.803112180000000535e+02 9.705403354938009208e-01 -1.349952204142549905e-01 1.995689045039010789e-01 -2.885478200000000015e+01 0.000000000000000000e+00 0.000000000000000000e+00 0.000000000000000000e+00 1.000000000000000000e+00
-1.361233096320109137e-01 -9.900828215418159273e-01 3.473400441389334903e-02 1.844853209999999990e+02 1.951377724804782554e-01 -6.116937919871234808e-02 -9.788664652544805111e-01 -7.800622560000000476e+02 9.712835293189032715e-01 -1.264686266875734155e-01 2.015291347115210630e-01 -2.885903499999999866e+01 0.000000000000000000e+00 0.000000000000000000e+00 0.000000000000000000e+00 1.000000000000000000e+00
-1.170755236789638998e-01 -9.925803144482390206e-01 3.282744469389936581e-02 1.843654630000000054e+02 2.014732778395127988e-01 -5.610536685280387292e-02 -9.778858349147483420e-01 -7.795174560000000383e+02 9.724720253415510829e-01 -1.078726433353097147e-01 2.065469746763535230e-01 -2.886707699999999832e+01 0.000000000000000000e+00 0.000000000000000000e+00 0.000000000000000000e+00 1.000000000000000000e+00
-1.089153853126481608e-01 -9.934501596433426007e-01 3.455747599022179761e-02 1.843126369999999952e+02 2.042895071043474564e-01 -5.639212839222101925e-02 -9.772848740988770988e-01 -7.792673949999999650e+02 9.728325838135050141e-01 -9.938162888588925048e-02 2.090934138387127161e-01 -2.887009199999999964e+01 0.000000000000000000e+00 0.000000000000000000e+00 0.000000000000000000e+00 1.000000000000000000e+00
-1.004330194982048785e-01 -9.942069742059319593e-01 3.828447511405602688e-02 1.842563020000000051e+02 2.072992237882894662e-01 -5.854455458650159594e-02 -9.765242275258924076e-01 -7.789938349999999900e+02 9.731085450304328699e-01 -9.013893480929147106e-02 2.119781404300933869e-01 -2.887291499999999900e+01 0.000000000000000000e+00 0.000000000000000000e+00 0.000000000000000000e+00 1.000000000000000000e+00
-8.733961542022899982e-02 -9.948589275794479381e-01 5.125920203940848019e-02 1.841354680000000030e+02 2.114164476146833671e-01 -6.879499626571555781e-02 -9.749719658363453778e-01 -7.784280400000000100e+02 9.734859409648575213e-01 -7.431663813891603576e-02 2.163380688632842164e-01 -2.886720700000000051e+01 0.000000000000000000e+00 0.000000000000000000e+00 0.000000000000000000e+00 1.000000000000000000e+00
-8.083681479741167131e-02 -9.948995358895594832e-01 6.033508813408666738e-02 1.840803070000000048e+02 2.137437985930520368e-01 -7.642825409127074199e-02 -9.738954310086749278e-01 -7.781549069999999801e+02 9.735394177620244616e-01 -6.583035366226747120e-02 2.188318226407645617e-01 -2.885691299999999870e+01 0.000000000000000000e+00 0.000000000000000000e+00 0.000000000000000000e+00 1.000000000000000000e+00
-6.656820784566602756e-02 -9.941875774951433042e-01 8.461521410806982502e-02 1.839728849999999909e+02 2.198305883165393437e-01 -9.733294284524912632e-02 -9.706702893761030015e-01 -7.775818480000000363e+02 9.732641913399568967e-01 -4.601476927489428492e-02 2.250321196273053492e-01 -2.884580199999999905e+01 0.000000000000000000e+00 0.000000000000000000e+00 0.000000000000000000e+00 1.000000000000000000e+00
-6.194342315477713301e-02 -9.932651974414463680e-01 9.791455397167742047e-02 1.839190220000000124e+02 2.221154132306987772e-01 -1.093613757497892691e-01 -9.688678097137242151e-01 -7.773070679999999584e+02 9.730507466382336546e-01 -3.826665710142057586e-02 2.273937277522362632e-01 -2.884363199999999949e+01 0.000000000000000000e+00 0.000000000000000000e+00 0.000000000000000000e+00 1.000000000000000000e+00
-6.107851688017634784e-02 -9.920435943997741868e-01 1.100859736119660370e-01 1.838635710000000074e+02 2.233119346543285255e-01 -1.210778377185147137e-01 -9.671979823460914449e-01 -7.770567630000000463e+02 9.728315345509001011e-01 -3.449150654560467766e-02 2.289304290817531506e-01 -2.884265100000000004e+01 0.000000000000000000e+00 0.000000000000000000e+00 0.000000000000000000e+00 1.000000000000000000e+00
-6.306235000704729643e-02 -9.903827553948676421e-01 1.231468141206200073e-01 1.837977909999999895e+02 2.238309689479967557e-01 -1.342844105185837522e-01 -9.653327894728725989e-01 -7.767852779999999484e+02 9.725856452525862839e-01 -3.331208351554038050e-02 2.301466222660329963e-01 -2.884225100000000097e+01 0.000000000000000000e+00 0.000000000000000000e+00 0.000000000000000000e+00 1.000000000000000000e+00
-6.738337452773496272e-02 -9.884452741265347120e-01 1.357771000359596081e-01 1.837276919999999905e+02 2.237294138416935363e-01 -1.475902659273315431e-01 -9.634117825652497302e-01 -7.765142210000000205e+02 9.723192018155908389e-01 -3.454060596485675205e-02 2.310894119605510499e-01 -2.884230799999999917e+01 0.000000000000000000e+00 0.000000000000000000e+00 0.000000000000000000e+00 1.000000000000000000e+00
-7.291231892883254240e-02 -9.864774919404626363e-01 1.467853931536615697e-01 1.836604609999999980e+02 2.232330670877240575e-01 -1.595851752655732536e-01 -9.616130040687178582e-01 -7.762664790000000039e+02 9.720343571638958569e-01 -3.734608052140181433e-02 2.318501213341520595e-01 -2.884267399999999881e+01 0.000000000000000000e+00 0.000000000000000000e+00 0.000000000000000000e+00 1.000000000000000000e+00
-8.017453225600915112e-02 -9.841834410255505539e-01 1.579715125857714120e-01 1.835847929999999906e+02 2.223870106811567382e-01 -1.721483541324182742e-01 -9.596400166988652281e-01 -7.759968870000000152e+02 9.716563496719552440e-01 -4.180787701624993913e-02 2.326715271827752007e-01 -2.884338400000000036e+01 0.000000000000000000e+00 0.000000000000000000e+00 0.000000000000000000e+00 1.000000000000000000e+00
-8.829115985444477288e-02 -9.818070259158571123e-01 1.681060229552053809e-01 1.835074309999999969e+02 2.213465179099660118e-01 -1.838837517083500017e-01 -9.577016679878942451e-01 -7.757269900000000007e+02 9.711901925476233988e-01 -4.734690824036008605e-02 2.335548761627317116e-01 -2.884441400000000044e+01 0.000000000000000000e+00 0.000000000000000000e+00 0.000000000000000000e+00 1.000000000000000000e+00
-9.620184754289320961e-02 -9.796244723265086218e-01 1.762983203219573580e-01 1.834355620000000044e+02 2.203074397383506522e-01 -1.936830019809231695e-01 -9.560081206452122338e-01 -7.754797360000000026e+02 9.706749386510743483e-01 -5.312991589177656904e-02 2.344512220315045081e-01 -2.884567300000000145e+01 0.000000000000000000e+00 0.000000000000000000e+00 0.000000000000000000e+00 1.000000000000000000e+00
-1.050514062282863759e-01 -9.773183231392712500e-01 1.838833796342190796e-01 1.833566439999999886e+02 2.191710702214009765e-01 -2.031130711628887087e-01 -9.543108101141812849e-01 -7.752099610000000212e+02 9.700145586677887399e-01 -5.994977547098995219e-02 2.355372165784265504e-01 -2.884740800000000149e+01 0.000000000000000000e+00 0.000000000000000000e+00 0.000000000000000000e+00 1.000000000000000000e+00
-1.153267173851651728e-01 -9.748385978133258245e-01 1.907602067269555390e-01 1.832645870000000059e+02 2.179267288513713763e-01 -2.121935467146704724e-01 -9.526184123691865402e-01 -7.748947749999999814e+02 9.691272822025509548e-01 -6.829060657218910535e-02 2.369149719724344128e-01 -2.884996999999999900e+01 0.000000000000000000e+00 0.000000000000000000e+00 0.000000000000000000e+00 1.000000000000000000e+00
-1.245472879472608874e-01 -9.728456079680483093e-01 1.950881752497079513e-01 1.831796569999999917e+02 2.169282300297599719e-01 -2.185607636235895601e-01 -9.514059783396513481e-01 -7.746016849999999749e+02 9.682097479787825645e-01 -7.617490178235919451e-02 2.382588261897348736e-01 -2.885288999999999859e+01 0.000000000000000000e+00 0.000000000000000000e+00 0.000000000000000000e+00 1.000000000000000000e+00
-1.332394885092203773e-01 -9.712430929188969886e-01 1.973172398933645821e-01 1.830958100000000002e+02 2.161406652447587229e-01 -2.227760110132961102e-01 -9.506072068654627394e-01 -7.743081670000000258e+02 9.672282313546033405e-01 -8.401013852112143576e-02 2.396076899774035318e-01 -2.885635800000000017e+01 0.000000000000000000e+00 0.000000000000000000e+00 0.000000000000000000e+00 1.000000000000000000e+00
-1.406467974794510523e-01 -9.701712791542403957e-01 1.974491515884513881e-01 1.830196840000000122e+02 2.156319891611987449e-01 -2.246610904098927664e-01 -9.502790325510832581e-01 -7.740364379999999755e+02 9.662925662599082255e-01 -9.107734932497207891e-02 2.407978256354863233e-01 -2.886005000000000109e+01 0.000000000000000000e+00 0.000000000000000000e+00 0.000000000000000000e+00 1.000000000000000000e+00
-1.483802803874113840e-01 -9.694670510818708120e-01 1.952355737532868729e-01 1.829328460000000121e+02 2.153269137309473114e-01 -2.243563608581241875e-01 -9.504201931596386599e-01 -7.737192989999999782e+02 9.652034047884718859e-01 -9.898414120009879635e-02 2.420424078041295834e-01 -2.886494799999999827e+01 0.000000000000000000e+00 0.000000000000000000e+00 0.000000000000000000e+00 1.000000000000000000e+00
-1.541509030549826353e-01 -9.693497456058275397e-01 1.913075267239920940e-01 1.828604129999999941e+02 2.153322459761086716e-01 -2.219271658368826006e-01 -9.509891465766018293e-01 -7.734464110000000119e+02 9.642974245170512493e-01 -1.054011563386587080e-01 2.429425308838607522e-01 -2.886963700000000088e+01 0.000000000000000000e+00 0.000000000000000000e+00 0.000000000000000000e+00 1.000000000000000000e+00
-1.603684657541274150e-01 -9.697063754019219495e-01 1.842593300121696531e-01 1.827772219999999948e+02 2.154270809515430041e-01 -2.165606084013774468e-01 -9.522041145056674427e-01 -7.731281129999999848e+02 9.632617131311532743e-01 -1.130090633254325905e-01 2.436305063450465991e-01 -2.887507099999999838e+01 0.000000000000000000e+00 0.000000000000000000e+00 0.000000000000000000e+00 1.000000000000000000e+00
-1.671379428505379849e-01 -9.702743827599463744e-01 1.750215135904593655e-01 1.826977229999999963e+02 2.150531902763036518e-01 -2.091215602747378555e-01 -9.539498405997262065e-01 -7.728338009999999940e+02 9.621938647755317042e-01 -1.218022790758210849e-01 2.436127488459123025e-01 -2.887463400000000036e+01 0.000000000000000000e+00 0.000000000000000000e+00 0.000000000000000000e+00 1.000000000000000000e+00
-1.706568277040038661e-01 -9.713753824797174419e-01 1.652456155859765574e-01 1.826301880000000040e+02 2.155150551423706817e-01 -2.004431102721167535e-01 -9.557069742088422082e-01 -7.725602420000000166e+02 9.614725727575315073e-01 -1.274850024780266877e-01 2.435530044532210336e-01 -2.887034600000000140e+01 0.000000000000000000e+00 0.000000000000000000e+00 0.000000000000000000e+00 1.000000000000000000e+00
-1.719075669596556166e-01 -9.732577735136034303e-01 1.523715679428260805e-01 1.825587010000000134e+02 2.168254073196456688e-01 -1.882629484719613722e-01 -9.578850687704206779e-01 -7.722391969999999901e+02 9.609550099576364968e-01 -1.316296643161690705e-01 2.433908385895643678e-01 -2.886956400000000045e+01 0.000000000000000000e+00 0.000000000000000000e+00 0.000000000000000000e+00 1.000000000000000000e+00
-1.721190365998896965e-01 -9.751145951339330598e-01 1.397374810017413815e-01 1.825004879999999901e+02 2.180059609486527106e-01 -1.760432896924165602e-01 -9.599386236344106260e-01 -7.719634399999999914e+02 9.606500081875712915e-01 -1.347601072686500645e-01 2.428811957689635537e-01 -2.887207400000000135e+01 0.000000000000000000e+00 0.000000000000000000e+00 0.000000000000000000e+00 1.000000000000000000e+00
-1.715273306770445927e-01 -9.772761065552082460e-01 1.245382928544488954e-01 1.824403690000000040e+02 2.193552272524805224e-01 -1.611235765949454446e-01 -9.622486567110732913e-01 -7.716643679999999677e+02 9.604486759363146664e-01 -1.377338180024986758e-01 2.420077194443064628e-01 -2.887660400000000038e+01 0.000000000000000000e+00 0.000000000000000000e+00 0.000000000000000000e+00 1.000000000000000000e+00
-1.702151182669452423e-01 -9.793273667926534198e-01 1.092919126209149772e-01 1.823876649999999984e+02 2.206502695027505179e-01 -1.459732654300670562e-01 -9.643678055327475906e-01 -7.713876340000000482e+02 9.603854809823676453e-01 -1.400346900973151176e-01 2.409357040532090211e-01 -2.888170399999999916e+01 0.000000000000000000e+00 0.000000000000000000e+00 0.000000000000000000e+00 1.000000000000000000e+00
-1.698865078981696974e-01 -9.809633660242647046e-01 9.407150978117584383e-02 1.823384700000000009e+02 2.214852906968476365e-01 -1.310249339760377330e-01 -9.663212367952533910e-01 -7.711345830000000205e+02 9.602514464655068638e-01 -1.433294847368107860e-01 2.395283247676197325e-01 -2.888557799999999887e+01 0.000000000000000000e+00 0.000000000000000000e+00 0.000000000000000000e+00 1.000000000000000000e+00
-1.702689664820026538e-01 -9.826647725869883665e-01 7.333773769154305899e-02 1.822747190000000046e+02 2.221528210780599477e-01 -1.107883258689277561e-01 -9.686970996850461368e-01 -7.708131710000000112e+02 9.600294803495413865e-01 -1.486468686778271153e-01 2.371655651482032778e-01 -2.888346699999999956e+01 0.000000000000000000e+00 0.000000000000000000e+00 0.000000000000000000e+00 1.000000000000000000e+00
-1.682383378843541333e-01 -9.841907033007437633e-01 5.535811776331794887e-02 1.822258759999999995e+02 2.230643453195101933e-01 -9.271236963988879753e-02 -9.703848279744150540e-01 -7.705369259999999940e+02 9.601761085931519446e-01 -1.509075082696155201e-01 2.351356298708634773e-01 -2.887597999999999843e+01 0.000000000000000000e+00 0.000000000000000000e+00 0.000000000000000000e+00 1.000000000000000000e+00
-1.628519170969145724e-01 -9.859303392267357857e-01 3.769110359372956909e-02 1.821862639999999942e+02 2.245116458762421163e-01 -7.422871506149594789e-02 -9.716401693663452299e-01 -7.702587280000000192e+02 9.607672839786960406e-01 -1.497713726069599960e-01 2.334411317305213618e-01 -2.887213900000000066e+01 0.000000000000000000e+00 0.000000000000000000e+00 0.000000000000000000e+00 1.000000000000000000e+00
-1.562747264847225148e-01 -9.875714628249656624e-01 1.675755578485887964e-02 1.821436160000000086e+02 2.260095340444670531e-01 -5.226965217035217659e-02 -9.727217351241789212e-01 -7.699342040000000225e+02 9.615081384903239048e-01 -1.482244557276156671e-01 2.313689917450565958e-01 -2.887247100000000088e+01 0.000000000000000000e+00 0.000000000000000000e+00 0.000000000000000000e+00 1.000000000000000000e+00
-1.498901773985919506e-01 -9.886989401132708633e-01 -2.709342782656887216e-03 1.821071619999999882e+02 2.272330176530254486e-01 -3.178210680506127206e-02 -9.733216597689235972e-01 -7.696321410000000469e+02 9.622359847811341460e-01 -1.465070083850155136e-01 2.294288693393980449e-01 -2.887505700000000175e+01 0.000000000000000000e+00 0.000000000000000000e+00 0.000000000000000000e+00 1.000000000000000000e+00
-1.427104999674483343e-01 -9.894880405174881766e-01 -2.339082879897708134e-02 1.820713810000000024e+02 2.283929705397911292e-01 -9.927024910412640679e-03 -9.735184154315923433e-01 -7.693070679999999584e+02 9.630526279529334488e-01 -1.442736006665465975e-01 2.274088035755405524e-01 -2.887891000000000119e+01 0.000000000000000000e+00 0.000000000000000000e+00 0.000000000000000000e+00 1.000000000000000000e+00
-1.357931791212234063e-01 -9.898439437388434348e-01 -4.206161608503244942e-02 1.820412900000000036e+02 2.293308549828928511e-01 9.897448689900667507e-03 -9.732982068524764774e-01 -7.690050049999999828e+02 9.638296381918158851e-01 -1.418132841202265904e-01 2.256577518944766214e-01 -2.888283500000000004e+01 0.000000000000000000e+00 0.000000000000000000e+00 0.000000000000000000e+00 1.000000000000000000e+00
-1.302384195261938604e-01 -9.896446543050754219e-01 -6.034411557647895163e-02 1.820107120000000123e+02 2.298523242620121310e-01 2.906763472680484739e-02 -9.727913350985093466e-01 -7.687030029999999670e+02 9.644718052440259815e-01 -1.405650412327950072e-01 2.236864011793131546e-01 -2.888568499999999872e+01 0.000000000000000000e+00 0.000000000000000000e+00 0.000000000000000000e+00 1.000000000000000000e+00
-1.172506485945914445e-01 -9.880718421356545766e-01 -9.983145888346905972e-02 1.819447780000000137e+02 2.303669604403107973e-01 7.072238571154798592e-02 -9.705304774692855574e-01 -7.679837039999999888e+02 9.660141556631767212e-01 -1.367931977033988722e-01 2.193268613746134910e-01 -2.886885600000000096e+01 0.000000000000000000e+00 0.000000000000000000e+00 0.000000000000000000e+00 1.000000000000000000e+00
-1.059198908564250585e-01 -9.874239455485951389e-01 -1.173666412495826261e-01 1.819246369999999899e+02 2.311457475619247970e-01 9.034812303160999480e-02 -9.687150561691009187e-01 -7.675879519999999729e+02 9.671362986182465704e-01 -1.297349930508738258e-01 2.186691827237844388e-01 -2.886313200000000023e+01 0.000000000000000000e+00 0.000000000000000000e+00 0.000000000000000000e+00 1.000000000000000000e+00
-9.588067175465625480e-02 -9.866562476016339511e-01 -1.315915873167396999e-01 1.819094240000000013e+02 2.316871909360141979e-01 1.064484115401773401e-01 -9.669486962795659224e-01 -7.672149050000000443e+02 9.680536877364058768e-01 -1.231997757678005567e-01 2.183892692206027553e-01 -2.886152799999999985e+01 0.000000000000000000e+00 0.000000000000000000e+00 0.000000000000000000e+00 1.000000000000000000e+00
-8.747720312974366363e-02 -9.859889064532224578e-01 -1.420338525978086519e-01 1.818989259999999888e+02 2.320760053602567430e-01 1.184859370828058034e-01 -9.654541990429350573e-01 -7.668886720000000423e+02 9.687561440675478419e-01 -1.174178822189697047e-01 2.184595483529810922e-01 -2.886120599999999925e+01 0.000000000000000000e+00 0.000000000000000000e+00 0.000000000000000000e+00 1.000000000000000000e+00
-8.111603939043676714e-02 -9.855269167124041108e-01 -1.488518880933383248e-01 1.818925020000000075e+02 2.323514197440039730e-01 1.265316361672035039e-01 -9.643664048440283576e-01 -7.666325070000000323e+02 9.692435224939888183e-01 -1.128115308122047966e-01 2.187248331105824950e-01 -2.886116200000000021e+01 0.000000000000000000e+00 0.000000000000000000e+00 0.000000000000000000e+00 1.000000000000000000e+00
-7.441635779905353409e-02 -9.851306789827274368e-01 -1.548539667524022057e-01 1.818871770000000083e+02 2.326402792556408472e-01 1.338501107759548503e-01 -9.633081793035510598e-01 -7.663530269999999973e+02 9.697116613508269811e-01 -1.077111562109304144e-01 2.192204385268943234e-01 -2.886110499999999845e+01 0.000000000000000000e+00 0.000000000000000000e+00 0.000000000000000000e+00 1.000000000000000000e+00
-6.850629721150908180e-02 -9.848956186814308289e-01 -1.590204626596526949e-01 1.818838499999999954e+02 2.329026628490553641e-01 1.392022161891003640e-01 -9.624858921801722200e-01 -7.660969239999999445e+02 9.700841390725793989e-01 -1.029726337925011559e-01 2.198485838245218815e-01 -2.886095399999999955e+01 0.000000000000000000e+00 0.000000000000000000e+00 0.000000000000000000e+00 1.000000000000000000e+00
-6.180604470718331633e-02 -9.848060850308859582e-01 -1.622867453731000054e-01 1.818816989999999976e+02 2.332203658718023376e-01 1.438465072651248233e-01 -9.617257630375966038e-01 -7.657937620000000152e+02 9.704577650677419509e-01 -9.728903963841006863e-02 2.207862518046799227e-01 -2.886059799999999953e+01 0.000000000000000000e+00 0.000000000000000000e+00 0.000000000000000000e+00 1.000000000000000000e+00
-5.640379276704798883e-02 -9.849029589020215081e-01 -1.636605441379648807e-01 1.818812709999999981e+02 2.335074038907618554e-01 1.463619609106212305e-01 -9.612764788168878249e-01 -7.655371699999999464e+02 9.707177264734010436e-01 -9.243558808403096183e-02 2.217267633053593423e-01 -2.886013000000000162e+01 0.000000000000000000e+00 0.000000000000000000e+00 0.000000000000000000e+00 1.000000000000000000e+00
-5.033028507810249907e-02 -9.852308782961642919e-01 -1.636672809565953846e-01 1.818822940000000017e+02 2.338685865156795995e-01 1.476924388931919185e-01 -9.609851339822786942e-01 -7.652340699999999742e+02 9.709646474744146882e-01 -8.664329140533022500e-02 2.229811503453509869e-01 -2.885937099999999944e+01 0.000000000000000000e+00 0.000000000000000000e+00 0.000000000000000000e+00 1.000000000000000000e+00
-4.496309579229412767e-02 -9.857429315032896211e-01 -1.621394245952358371e-01 1.818848270000000014e+02 2.342165712121605514e-01 1.473777412958592881e-01 -9.609486974548381299e-01 -7.649542850000000271e+02 9.711441282252557539e-01 -8.118296842215089182e-02 2.242507700137863491e-01 -2.885847300000000004e+01 0.000000000000000000e+00 0.000000000000000000e+00 0.000000000000000000e+00 1.000000000000000000e+00
-3.946764075398268012e-02 -9.865056907196994018e-01 -1.588987964427779342e-01 1.818889770000000112e+02 2.346157328150017540e-01 1.454280369132612272e-01 -9.611483465080896682e-01 -7.646513059999999768e+02 9.712866534906130500e-01 -7.521441522210986497e-02 2.257100540379222142e-01 -2.885731099999999927e+01 0.000000000000000000e+00 0.000000000000000000e+00 0.000000000000000000e+00 1.000000000000000000e+00
-3.507188406430489236e-02 -9.873035646410235344e-01 -1.549246081011921850e-01 1.818935850000000016e+02 2.349720445665380297e-01 1.425280235728900446e-01 -9.614956582162117460e-01 -7.643949579999999742e+02 9.713691889392006562e-01 -7.012441617249831616e-02 2.269900108728695187e-01 -2.885618799999999951e+01 0.000000000000000000e+00 0.000000000000000000e+00 0.000000000000000000e+00 1.000000000000000000e+00
-3.054574549020711016e-02 -9.883082311782508400e-01 -1.493780359281935977e-01 1.818996119999999905e+02 2.353782119039650178e-01 1.381325102658406412e-01 -9.620376847964686728e-01 -7.641154790000000503e+02 9.714237256693598610e-01 -6.454649326628542072e-02 2.284068637622033715e-01 -2.885484100000000041e+01 0.000000000000000000e+00 0.000000000000000000e+00 0.000000000000000000e+00 1.000000000000000000e+00
-2.594956600017311876e-02 -9.895216959804719048e-01 -1.420332116384521171e-01 1.819071959999999990e+02 2.358335419814910905e-01 1.320109694390169952e-01 -9.627853574002023240e-01 -7.638127439999999524e+02 9.714469416807420821e-01 -5.848005755555973906e-02 2.299367790664023081e-01 -2.885324900000000170e+01 0.000000000000000000e+00 0.000000000000000000e+00 0.000000000000000000e+00 1.000000000000000000e+00
-1.796435956945607870e-02 -9.920645488349857377e-01 -1.244395947039983463e-01 1.819244840000000067e+02 2.367223634197168636e-01 1.167008633272339779e-01 -9.645431204231678102e-01 -7.632304689999999709e+02 9.714112437285470358e-01 -4.678503439684916776e-02 2.327474083942565608e-01 -2.884992799999999846e+01 0.000000000000000000e+00 0.000000000000000000e+00 0.000000000000000000e+00 1.000000000000000000e+00
-1.451519249497784658e-02 -9.933059805864721259e-01 -1.145972866955456415e-01 1.819338070000000016e+02 2.371432955971599643e-01 1.079195342506995281e-01 -9.654617711128858915e-01 -7.629505000000000337e+02 9.713662370806142032e-01 -4.118984168772010790e-02 2.339893809590272711e-01 -2.884826699999999988e+01 0.000000000000000000e+00 0.000000000000000000e+00 0.000000000000000000e+00 1.000000000000000000e+00
-1.155703083087522565e-02 -9.944149064562337603e-01 -1.049067626800760933e-01 1.819428100000000086e+02 2.375190968385349488e-01 9.918098229618477202e-02 -9.663062720420325657e-01 -7.626937870000000430e+02 9.713141168928725033e-01 -3.608499090208400206e-02 2.350462927940274449e-01 -2.884672399999999826e+01 0.000000000000000000e+00 0.000000000000000000e+00 0.000000000000000000e+00 1.000000000000000000e+00
-8.801551108429228609e-03 -9.954697255070430462e-01 -9.467078903768938458e-02 1.819520870000000059e+02 2.378843736663758257e-01 8.987204070343682294e-02 -9.671266933888011952e-01 -7.624370730000000549e+02 9.712536010041055157e-01 -3.103291637492006094e-02 2.360156787966117831e-01 -2.884517699999999962e+01 0.000000000000000000e+00 0.000000000000000000e+00 0.000000000000000000e+00 1.000000000000000000e+00
-5.978499757827271388e-03 -9.965331740699283625e-01 -8.298126607107908503e-02 1.819625399999999900e+02 2.382688977747715597e-01 7.917309198496361167e-02 -9.679667111315015671e-01 -7.621570430000000442e+02 9.711808224495790398e-01 -2.555884355079568460e-02 2.369695246703779623e-01 -2.884351300000000151e+01 0.000000000000000000e+00 0.000000000000000000e+00 0.000000000000000000e+00 1.000000000000000000e+00
-2.455756195977043532e-04 -9.984727771290351495e-01 -5.524538917273830174e-02 1.819868769999999927e+02 2.390205818332026833e-01 5.358546754177329063e-02 -9.695348158413121809e-01 -7.615267939999999953e+02 9.710144701047109805e-01 -1.344287917679137800e-02 2.386423848496027067e-01 -2.883993900000000110e+01 0.000000000000000000e+00 0.000000000000000000e+00 0.000000000000000000e+00 1.000000000000000000e+00
2.217606591711274167e-03 -9.991366524795302073e-01 -4.148532141616784186e-02 1.819986110000000110e+02 2.393327407166376264e-01 4.081004203436028321e-02 -9.700795738959853143e-01 -7.612233280000000377e+02 9.709350758120065539e-01 -7.777540816485906117e-03 2.392166140065960511e-01 -2.883833900000000128e+01 0.000000000000000000e+00 0.000000000000000000e+00 0.000000000000000000e+00 1.000000000000000000e+00
6.492633436272765568e-03 -9.998676816832333669e-01 -1.491525515901653831e-02 1.820206149999999923e+02 2.398382728129536678e-01 1.603724962902147722e-02 -9.706803848427327797e-01 -7.606398319999999558e+02 9.707911457183575621e-01 2.725022886660988242e-03 2.399106617995661050e-01 -2.883558499999999825e+01 0.000000000000000000e+00 0.000000000000000000e+00 0.000000000000000000e+00 1.000000000000000000e+00
8.347262881452266470e-03 -9.999624587360989025e-01 -2.324719519346152286e-03 1.820307160000000124e+02 2.400371857773156425e-01 4.260545010203231620e-03 -9.707543444148589717e-01 -7.603596800000000258e+02 9.707278056419803569e-01 7.545122574997231713e-03 2.400637383671967995e-01 -2.883443799999999868e+01 0.000000000000000000e+00 0.000000000000000000e+00 0.000000000000000000e+00 1.000000000000000000e+00
1.010090435846544565e-02 -9.998985450441788547e-01 1.004347298872054761e-02 1.820404819999999972e+02 2.402061315504396277e-01 -7.323585604605886701e-03 -9.706942770303452761e-01 -7.600795900000000529e+02 9.706693495195538590e-01 1.221739384754511049e-02 2.401077866102220848e-01 -2.883341199999999915e+01 0.000000000000000000e+00 0.000000000000000000e+00 0.000000000000000000e+00 1.000000000000000000e+00
1.329243558602605235e-02 -9.996118277217594938e-01 2.448479191161162527e-02 1.820538789999999949e+02 2.404441884441411714e-01 -2.057303891878020652e-02 -9.704449197729281273e-01 -7.597525020000000495e+02 9.705719465344286867e-01 1.878680250627901005e-02 2.400773888810864287e-01 -2.883243600000000129e+01 0.000000000000000000e+00 0.000000000000000000e+00 0.000000000000000000e+00 1.000000000000000000e+00
1.804202975098817552e-02 -9.991089621053306224e-01 3.815451484782944602e-02 1.820696259999999995e+02 2.407790397873287858e-01 -3.269597990693989820e-02 -9.700290855933222378e-01 -7.594485469999999623e+02 9.704122521699507509e-01 2.668810107021030165e-02 2.399745946964174648e-01 -2.883186900000000108e+01 0.000000000000000000e+00 0.000000000000000000e+00 0.000000000000000000e+00 1.000000000000000000e+00
2.351644930877078155e-02 -9.984245489810666951e-01 5.094503512474218843e-02 1.820859989999999868e+02 2.411992668225034775e-01 -4.378739787541935380e-02 -9.694872755593990643e-01 -7.591677250000000186e+02 9.701906463660605606e-01 3.508680349152543121e-02 2.397895450693218189e-01 -2.883174500000000151e+01 0.000000000000000000e+00 0.000000000000000000e+00 0.000000000000000000e+00 1.000000000000000000e+00
3.022578132823405817e-02 -9.974307619551658899e-01 6.494826594016589461e-02 1.821047969999999907e+02 2.417744597545685159e-01 -5.575271792018987593e-02 -9.687294488426052563e-01 -7.588630980000000363e+02 9.698615946378554842e-01 4.498343639661700477e-02 2.394681141539874991e-01 -2.883214600000000161e+01 0.000000000000000000e+00 0.000000000000000000e+00 0.000000000000000000e+00 1.000000000000000000e+00
3.800036674155299332e-02 -9.960562912981572037e-01 8.017379056068596466e-02 1.821254270000000020e+02 2.425375661069549271e-01 -6.863921938639000464e-02 -9.677107969785920805e-01 -7.585346680000000106e+02 9.693974938870134617e-01 5.621852121310449979e-02 2.389727530874383166e-01 -2.883331700000000097e+01 0.000000000000000000e+00 0.000000000000000000e+00 0.000000000000000000e+00 1.000000000000000000e+00
4.542324102671096986e-02 -9.944949207189548446e-01 9.442765399409841498e-02 1.821441499999999962e+02 2.433731323024441728e-01 -8.066046872816229341e-02 -9.665730222067292488e-01 -7.582293700000000172e+02 9.688685399206262705e-01 6.688603328612785504e-02 2.383694840018760752e-01 -2.883518799999999871e+01 0.000000000000000000e+00 0.000000000000000000e+00 0.000000000000000000e+00 1.000000000000000000e+00
5.282092806447147293e-02 -9.926609951237572727e-01 1.087846419230202866e-01 1.821618499999999869e+02 2.443321983294117206e-01 -9.277865514319427742e-02 -9.652429217608058387e-01 -7.579237060000000383e+02 9.682518920290963393e-01 7.756461764059724429e-02 2.376383884652120138e-01 -2.883787699999999887e+01 0.000000000000000000e+00 0.000000000000000000e+00 0.000000000000000000e+00 1.000000000000000000e+00
5.947702026033452327e-02 -9.907314548238377316e-01 1.221215316133625883e-01 1.821768340000000137e+02 2.453135307404452070e-01 -1.040798384040017011e-01 -9.638405775196712266e-01 -7.576412960000000112e+02 9.676175668602799984e-01 8.728442965637484008e-02 2.368494725410063562e-01 -2.884112899999999868e+01 0.000000000000000000e+00 0.000000000000000000e+00 0.000000000000000000e+00 1.000000000000000000e+00
6.681068419527858016e-02 -9.882087038841091964e-01 1.377675217351592707e-01 1.821920470000000023e+02 2.465702863815321666e-01 -1.174412227877122961e-01 -9.619826677564705664e-01 -7.573115229999999656e+02 9.668192314756094419e-01 9.824009750512130434e-02 2.358165746742503788e-01 -2.884587700000000154e+01 0.000000000000000000e+00 0.000000000000000000e+00 0.000000000000000000e+00 1.000000000000000000e+00
7.365105835994709138e-02 -9.853981483633984517e-01 1.535122496885688581e-01 1.822045439999999985e+02 2.479078294360343437e-01 -1.310083409199324644e-01 -9.598846403155543161e-01 -7.569814450000000079e+02 9.659799323519997483e-01 1.087534082748333741e-01 2.346390131283236369e-01 -2.885165800000000047e+01 0.000000000000000000e+00 0.000000000000000000e+00 0.000000000000000000e+00 1.000000000000000000e+00
7.898878743119258639e-02 -9.827780453502885649e-01 1.670571310588571667e-01 1.822127079999999921e+02 2.491059077240604380e-01 -1.428051380106599155e-01 -9.578898367217019150e-01 -7.566983639999999696e+02 9.652497180507861874e-01 1.172774749695043028e-01 2.335358123878553127e-01 -2.885740699999999848e+01 0.000000000000000000e+00 0.000000000000000000e+00 0.000000000000000000e+00 1.000000000000000000e+00
8.414557929897495403e-02 -9.797362750117215580e-01 1.817590517982425879e-01 1.822185519999999883e+02 2.504412907996160786e-01 -1.557571398414137054e-01 -9.555202108019715812e-01 -7.563914180000000442e+02 9.644680820779203412e-01 1.259227732166767200e-01 2.322601425952359744e-01 -2.886443099999999973e+01 0.000000000000000000e+00 0.000000000000000000e+00 0.000000000000000000e+00 1.000000000000000000e+00
8.893083126946896289e-02 -9.762409064508595913e-01 1.975980764626146802e-01 1.822211299999999881e+02 2.518946927947930403e-01 -1.698919907807263097e-01 -9.527254458711484908e-01 -7.560607909999999947e+02 9.636598834607250641e-01 1.345005726402890844e-01 2.308012672579946578e-01 -2.887285599999999874e+01 0.000000000000000000e+00 0.000000000000000000e+00 0.000000000000000000e+00 1.000000000000000000e+00
9.261669240049347218e-02 -9.728119880286631993e-01 2.122710160066899054e-01 1.822198329999999942e+02 2.532315561384326230e-01 -1.831642747069028299e-01 -9.499076941718085365e-01 -7.557540279999999484e+02 9.629620590991632145e-01 1.417310284264325926e-01 2.293826242693319251e-01 -2.888140299999999883e+01 0.000000000000000000e+00 0.000000000000000000e+00 0.000000000000000000e+00 1.000000000000000000e+00
9.669071628187031475e-02 -9.693003787172833619e-01 2.260700802924387465e-01 1.822182310000000030e+02 2.544643713143517338e-01 -1.955117075308298036e-01 -9.471130111818604203e-01 -7.554711300000000165e+02 9.622363478462505615e-01 1.491038163056535581e-01 2.277482444424091534e-01 -2.888891200000000126e+01 0.000000000000000000e+00 0.000000000000000000e+00 0.000000000000000000e+00 1.000000000000000000e+00
1.075990964837031383e-01 -9.599459156282971195e-01 2.587011277602807580e-01 1.822134859999999890e+02 2.571702497497808659e-01 -2.244814940954615867e-01 -9.399316578625835916e-01 -7.548115229999999656e+02 9.603571716187296881e-01 1.676660307791045246e-01 2.227155249264278769e-01 -2.888405399999999901e+01 0.000000000000000000e+00 0.000000000000000000e+00 0.000000000000000000e+00 1.000000000000000000e+00
1.070952986281301089e-01 -9.561830641402178088e-01 2.724785218382831942e-01 1.821963499999999954e+02 2.580460142580979777e-01 -2.379323633120539738e-01 -9.363762304833727068e-01 -7.545064089999999624e+02 9.601785519044159223e-01 1.705934885632067188e-01 2.212577911002772679e-01 -2.887694000000000116e+01 0.000000000000000000e+00 0.000000000000000000e+00 0.000000000000000000e+00 1.000000000000000000e+00
1.051992491994305778e-01 -9.524873299791885017e-01 2.858338751740117090e-01 1.821722870000000114e+02 2.587569901968058694e-01 -2.513103034438213812e-01 -9.326778390244213623e-01 -7.542018430000000535e+02 9.601968225276347191e-01 1.720785216466332868e-01 2.200250994676355987e-01 -2.887738200000000077e+01 0.000000000000000000e+00 0.000000000000000000e+00 0.000000000000000000e+00 1.000000000000000000e+00
1.032395733554768991e-01 -9.489764815014796184e-01 2.979685017756929510e-01 1.821464540000000056e+02 2.593032819085174800e-01 -2.635322670155300084e-01 -9.291461414832047350e-01 -7.539213869999999815e+02 9.602621509175768288e-01 1.731888616474147047e-01 2.188657572952462105e-01 -2.888188699999999898e+01 0.000000000000000000e+00 0.000000000000000000e+00 0.000000000000000000e+00 1.000000000000000000e+00
1.007491632392896741e-01 -9.451191725281395950e-01 3.108043690592318664e-01 1.821146239999999921e+02 2.597793363636287101e-01 -2.765669760858859849e-01 -9.252164093536070499e-01 -7.536180419999999458e+02 9.603979917227312146e-01 1.739553317907596153e-01 2.176585400036284423e-01 -2.888900800000000046e+01 0.000000000000000000e+00 0.000000000000000000e+00 0.000000000000000000e+00 1.000000000000000000e+00
9.796198547524681555e-02 -9.412248121324149341e-01 3.232635185542098166e-01 1.820791780000000131e+02 2.601507044736628971e-01 -2.893117361824378841e-01 -9.212059108955830133e-01 -7.533153079999999591e+02 9.605857902153271954e-01 1.743403921453772765e-01 2.165187458466163450e-01 -2.889722400000000135e+01 0.000000000000000000e+00 0.000000000000000000e+00 0.000000000000000000e+00 1.000000000000000000e+00
9.854727424160064642e-02 -9.366554998564309287e-01 3.361025280003868132e-01 1.820485079999999982e+02 2.607353149630715072e-01 -3.016442129820871010e-01 -9.170757135076283983e-01 -7.530123290000000225e+02 9.603673933816470054e-01 1.780091103374132344e-01 2.144929517868220947e-01 -2.890258800000000150e+01 0.000000000000000000e+00 0.000000000000000000e+00 0.000000000000000000e+00 1.000000000000000000e+00
9.860465497935444468e-02 -9.325158566718874109e-01 3.474065328572537026e-01 1.820177459999999883e+02 2.610897656156501156e-01 -3.126348046625623822e-01 -9.132861617282755917e-01 -7.527335819999999558e+02 9.602652010289485229e-01 1.807585571116815393e-01 2.126430994030503729e-01 -2.890067499999999967e+01 0.000000000000000000e+00 0.000000000000000000e+00 0.000000000000000000e+00 1.000000000000000000e+00
9.742806430165043552e-02 -9.282979781765848815e-01 3.588462567725883012e-01 1.819803620000000137e+02 2.612318822815303809e-01 -3.240665055779921033e-01 -9.092517823145126465e-01 -7.524320679999999584e+02 9.603466436480538881e-01 1.823287242201131475e-01 2.109278558137445414e-01 -2.889084199999999925e+01 0.000000000000000000e+00 0.000000000000000000e+00 0.000000000000000000e+00 1.000000000000000000e+00
9.266854187375175855e-02 -9.248365852885278571e-01 3.689035536001904481e-01 1.819329989999999952e+02 2.608460408133975172e-01 -3.350092152869629247e-01 -9.053884076266873748e-01 -7.521325679999999920e+02 9.609224132774550897e-01 1.801280549627656824e-01 2.101951461769817897e-01 -2.887699299999999880e+01 0.000000000000000000e+00 0.000000000000000000e+00 0.000000000000000000e+00 1.000000000000000000e+00
8.598157077835591466e-02 -9.221622062253094221e-01 3.771260199139754299e-01 1.818805690000000084e+02 2.601142108294930977e-01 -3.446214950765672524e-01 -9.019848238500143278e-01 -7.518572390000000496e+02 9.617420479583058679e-01 1.756499090260543738e-01 2.102363970584119335e-01 -2.887008499999999955e+01 0.000000000000000000e+00 0.000000000000000000e+00 0.000000000000000000e+00 1.000000000000000000e+00
8.014797134345669205e-02 -9.197624780903368436e-01 3.842047456586794585e-01 1.818298650000000123e+02 2.593867966896442057e-01 -3.529206353031288379e-01 -8.989802638992252515e-01 -7.516055300000000443e+02 9.624420982025947424e-01 1.717090826786926705e-01 2.102883699423919173e-01 -2.886881999999999948e+01 0.000000000000000000e+00 0.000000000000000000e+00 0.000000000000000000e+00 1.000000000000000000e+00
7.388706967132552261e-02 -9.172782176226800255e-01 3.913328154018576588e-01 1.817717590000000030e+02 2.585217058865768580e-01 -3.613737565715996469e-01 -8.958658022532307585e-01 -7.513316039999999703e+02 9.631755958914653970e-01 1.673609259543274996e-01 2.104354816632194314e-01 -2.887039800000000156e+01 0.000000000000000000e+00 0.000000000000000000e+00 0.000000000000000000e+00 1.000000000000000000e+00
6.765266698522770517e-02 -9.149818289249640468e-01 3.977830682506656723e-01 1.817108920000000012e+02 2.575876779051554100e-01 -3.691612819726002859e-01 -8.929549462788008984e-01 -7.510585939999999709e+02 9.638836573161803090e-01 1.628748004740885325e-01 2.107132993650615016e-01 -2.887343600000000166e+01 0.000000000000000000e+00 0.000000000000000000e+00 0.000000000000000000e+00 1.000000000000000000e+00
6.088213127513436573e-02 -9.127550368800478875e-01 4.039450565875269406e-01 1.816419530000000009e+02 2.565053093978606480e-01 -3.767974013483688100e-01 -8.900723254813760477e-01 -7.507633670000000166e+02 9.646234458803630840e-01 1.578035518840411044e-01 2.111862842863514167e-01 -2.887733700000000070e+01 0.000000000000000000e+00 0.000000000000000000e+00 0.000000000000000000e+00 1.000000000000000000e+00
5.407699592768408503e-02 -9.108420768688721969e-01 4.091972501332783452e-01 1.815700530000000015e+02 2.553513586479708719e-01 -3.835565212154680159e-01 -8.875134245011302436e-01 -7.504690550000000258e+02 9.653348445736704697e-01 1.524831336190587971e-01 2.118431774064005457e-01 -2.888129400000000047e+01 0.000000000000000000e+00 0.000000000000000000e+00 0.000000000000000000e+00 1.000000000000000000e+00
4.776401605760666191e-02 -9.093846822062294777e-01 4.132046690669453626e-01 1.815011440000000107e+02 2.542271710519048988e-01 -3.889858393950575421e-01 -8.854708138888982560e-01 -7.501980589999999438e+02 9.659643597302098872e-01 1.473414962554595031e-01 2.126107692761781132e-01 -2.888472200000000001e+01 0.000000000000000000e+00 0.000000000000000000e+00 0.000000000000000000e+00 1.000000000000000000e+00
4.290877987451888198e-02 -9.077106320450281096e-01 4.173969873898173977e-01 1.814233549999999866e+02 2.531769331475920981e-01 -3.942657873667320123e-01 -8.834341681382209543e-01 -7.498820799999999736e+02 9.664679390086665656e-01 1.435823714266697970e-01 2.128939301244496540e-01 -2.888636199999999832e+01 0.000000000000000000e+00 0.000000000000000000e+00 0.000000000000000000e+00 1.000000000000000000e+00
3.936104547942870235e-02 -9.064562259038329017e-01 4.204614353528111637e-01 1.813513949999999966e+02 2.521901871313816934e-01 -3.981533684036440146e-01 -8.819716575624587662e-01 -7.495892939999999953e+02 9.668768368377667066e-01 1.407515745880378311e-01 2.129276323955699157e-01 -2.888054500000000147e+01 0.000000000000000000e+00 0.000000000000000000e+00 0.000000000000000000e+00 1.000000000000000000e+00
3.381773129949464107e-02 -9.060118068652409651e-01 4.218992378169656443e-01 1.812785189999999886e+02 2.509480328387368453e-01 -4.009190408950391582e-01 -8.810726459618243300e-01 -7.493201289999999517e+02 9.674096577273370023e-01 1.356706617828016270e-01 2.138037082636622677e-01 -2.887081099999999978e+01 0.000000000000000000e+00 0.000000000000000000e+00 0.000000000000000000e+00 1.000000000000000000e+00
2.618758496991538398e-02 -9.062083380860727067e-01 4.220197369516278663e-01 1.811985469999999907e+02 2.494411254400455968e-01 -4.028869257628143741e-01 -8.806027765051569478e-01 -7.490524900000000343e+02 9.680358130423927232e-01 1.283299381775982462e-01 2.154949921336616891e-01 -2.886455300000000079e+01 0.000000000000000000e+00 0.000000000000000000e+00 0.000000000000000000e+00 1.000000000000000000e+00
1.837594523052396567e-02 -9.067420310702676289e-01 4.212851928651779043e-01 1.811100619999999992e+02 2.478249363359959490e-01 -4.040768321653781525e-01 -8.805138923590314359e-01 -7.487626950000000079e+02 9.686305413143567744e-01 1.205852511618155654e-01 2.172879923863661744e-01 -2.886072499999999863e+01 0.000000000000000000e+00 0.000000000000000000e+00 0.000000000000000000e+00 1.000000000000000000e+00
1.147264127775882159e-02 -9.075486727060451120e-01 4.197901680263699253e-01 1.810267179999999883e+02 2.463456060203716991e-01 -4.043128593039930219e-01 -8.808206140843239940e-01 -7.484962160000000040e+02 9.691141423467969362e-01 1.135188022792945062e-01 2.189320913719748907e-01 -2.885845199999999977e+01 0.000000000000000000e+00 0.000000000000000000e+00 0.000000000000000000e+00 1.000000000000000000e+00
4.259371459452293562e-03 -9.087654878182491736e-01 4.172854489497921371e-01 1.809347840000000076e+02 2.447610806918615878e-01 -4.036490590862453764e-01 -8.815664753592552527e-01 -7.482077030000000377e+02 9.695740668630334902e-01 1.058901565266949785e-01 2.207111316119548527e-01 -2.885653299999999888e+01 0.000000000000000000e+00 0.000000000000000000e+00 0.000000000000000000e+00 1.000000000000000000e+00
-2.181311292345722297e-03 -9.101974300491029179e-01 4.141689030010025641e-01 1.808484500000000139e+02 2.433251095240173689e-01 -4.022049700386332027e-01 -8.826233925924165113e-01 -7.479420169999999644e+02 9.699423348612898899e-01 9.885241731101074292e-02 2.223512235981600360e-01 -2.885489700000000113e+01 0.000000000000000000e+00 0.000000000000000000e+00 0.000000000000000000e+00 1.000000000000000000e+00
-8.432007052226853094e-03 -9.119124065218027209e-01 4.102982623515311067e-01 1.807608030000000099e+02 2.419146366990939101e-01 -3.999849413892638816e-01 -8.840188658691467971e-01 -7.476766969999999901e+02 9.702608978042023269e-01 9.180310176372991071e-02 2.239776343716970708e-01 -2.885322000000000031e+01 0.000000000000000000e+00 0.000000000000000000e+00 0.000000000000000000e+00 1.000000000000000000e+00
-1.988427368933146089e-02 -9.159213540484929528e-01 4.008649259511523066e-01 1.805895230000000140e+02 2.392969850574750423e-01 -3.936505605793568785e-01 -8.875675687506616729e-01 -7.471692500000000337e+02 9.707427921969085105e-01 7.827713174058603673e-02 2.270046740580831945e-01 -2.884968800000000044e+01 0.000000000000000000e+00 0.000000000000000000e+00 0.000000000000000000e+00 1.000000000000000000e+00
-2.513036587686970358e-02 -9.181361107836829571e-01 3.954675040833408595e-01 1.805062709999999981e+02 2.380875619750697503e-01 -3.897062553231812609e-01 -8.896310175543288290e-01 -7.469269410000000562e+02 9.709185226081855635e-01 7.179914092101635781e-02 2.283902489585359630e-01 -2.884782600000000130e+01 0.000000000000000000e+00 0.000000000000000000e+00 0.000000000000000000e+00 1.000000000000000000e+00
-3.084438701786074155e-02 -9.209369020290596453e-01 3.884891842389068262e-01 1.804074549999999988e+02 2.367943819220899027e-01 -3.843421843477229927e-01 -8.923057245254883973e-01 -7.466404420000000073e+02 9.710700512731449408e-01 6.446943315975200983e-02 2.299274835865264821e-01 -2.884556399999999954e+01 0.000000000000000000e+00 0.000000000000000000e+00 0.000000000000000000e+00 1.000000000000000000e+00
-3.352033265723325384e-02 -9.234674238164518600e-01 3.822097649829925836e-01 1.803204800000000034e+02 2.364633489427711011e-01 -3.788948301090069304e-01 -8.947199518974841004e-01 -7.463746949999999742e+02 9.710620329851837873e-01 6.038729060384051550e-02 2.310668804225513573e-01 -2.884380300000000119e+01 0.000000000000000000e+00 0.000000000000000000e+00 0.000000000000000000e+00 1.000000000000000000e+00
-3.353223613501754574e-02 -9.258488629416382620e-01 3.764033370328437877e-01 1.802380829999999889e+02 2.370271379016143376e-01 -3.732374592088474330e-01 -8.969458929843497907e-01 -7.461074220000000423e+02 9.709241602916028890e-01 5.914120418962631742e-02 2.319667927291456655e-01 -2.884246100000000013e+01 0.000000000000000000e+00 0.000000000000000000e+00 0.000000000000000000e+00 1.000000000000000000e+00
-2.818935371720684979e-02 -9.299840757434716387e-01 3.665173654829565475e-01 1.800822300000000098e+02 2.400352135429435485e-01 -3.622324118164685913e-01 -9.006501962965520747e-01 -7.455687870000000430e+02 9.703548096425347325e-01 6.258832713202322484e-02 2.334400237971524794e-01 -2.884094999999999942e+01 0.000000000000000000e+00 0.000000000000000000e+00 0.000000000000000000e+00 1.000000000000000000e+00
-2.417643695822008221e-02 -9.314998314745600583e-01 3.629374103876187307e-01 1.800132140000000049e+02 2.420032883548547398e-01 -3.576989898570668291e-01 -9.019344993294526880e-01 -7.453207400000000007e+02 9.699741792034680676e-01 6.602648421731693862e-02 2.340739093971350715e-01 -2.884079600000000099e+01 0.000000000000000000e+00 0.000000000000000000e+00 0.000000000000000000e+00 1.000000000000000000e+00
-1.916150232266783382e-02 -9.328155563191129485e-01 3.598443756928851878e-01 1.799387820000000033e+02 2.444257029334862552e-01 -3.533600925157702743e-01 -9.029909859808775696e-01 -7.450500489999999445e+02 9.694786808250140941e-01 7.065255060017427979e-02 2.347750082940691929e-01 -2.884104299999999910e+01 0.000000000000000000e+00 0.000000000000000000e+00 0.000000000000000000e+00 1.000000000000000000e+00
-1.379537272450934160e-02 -9.337395145995041057e-01 3.576873027755863577e-01 1.798645779999999945e+02 2.470350581833499204e-01 -3.498149130886532010e-01 -9.036610020406583565e-01 -7.447787479999999505e+02 9.689083381413025053e-01 7.589496331285799924e-02 2.354922224278313547e-01 -2.884174000000000149e+01 0.000000000000000000e+00 0.000000000000000000e+00 0.000000000000000000e+00 1.000000000000000000e+00
-7.851582391503519887e-03 -9.342563368988527905e-01 3.565157073934991927e-01 1.797840119999999899e+02 2.499856701828307437e-01 -3.470399553636683843e-01 -9.039194842929454410e-01 -7.444844970000000330e+02 9.682177014273136706e-01 8.202661973725844380e-02 2.362755093048977129e-01 -2.884303500000000042e+01 0.000000000000000000e+00 0.000000000000000000e+00 0.000000000000000000e+00 1.000000000000000000e+00
-2.458054455078184652e-03 -9.342590151559785339e-01 3.565866662791494779e-01 1.797089389999999867e+02 2.527543958588932549e-01 -3.455898806410901969e-01 -9.037050679134667197e-01 -7.442131960000000390e+02 9.675273501779173557e-01 8.790749113846174634e-02 2.369875516972136109e-01 -2.884472999999999843e+01 0.000000000000000000e+00 0.000000000000000000e+00 0.000000000000000000e+00 1.000000000000000000e+00
3.074413411459142598e-03 -9.337278835559885692e-01 3.579703723106558155e-01 1.796264649999999961e+02 2.557265709109592944e-01 -3.453349622064300628e-01 -9.029660485356054700e-01 -7.439189450000000079e+02 9.667442624149871211e-01 9.431862672843355222e-02 2.377173273864672809e-01 -2.884712000000000032e+01 0.000000000000000000e+00 0.000000000000000000e+00 0.000000000000000000e+00 1.000000000000000000e+00
1.158323094830751576e-02 -9.313842319632970046e-01 3.638533237596404124e-01 1.794763790000000085e+02 2.607135226839482622e-01 -3.484786762506969504e-01 -9.003283130549035729e-01 -7.433999019999999973e+02 9.653467189826279160e-01 1.052901925570539077e-01 2.387879550998624201e-01 -2.885271600000000092e+01 0.000000000000000000e+00 0.000000000000000000e+00 0.000000000000000000e+00 1.000000000000000000e+00
1.495587902544301406e-02 -9.296131768176323362e-01 3.682331641359942176e-01 1.794023740000000089e+02 2.629145850447308086e-01 -3.516590168116893178e-01 -8.984496963468756592e-01 -7.431523439999999709e+02 9.647031888893773388e-01 1.102509745175329625e-01 2.391494929214798837e-01 -2.885598600000000147e+01 0.000000000000000000e+00 0.000000000000000000e+00 0.000000000000000000e+00 1.000000000000000000e+00
1.801119428018030377e-02 -9.272027245325855649e-01 3.741265888706008513e-01 1.793197020000000066e+02 2.651156754483854905e-01 -3.563642976208268864e-01 -8.959454034776677123e-01 -7.428826289999999517e+02 9.640483782010877967e-01 1.153238700381005732e-01 2.393974299930710370e-01 -2.885994499999999974e+01 0.000000000000000000e+00 0.000000000000000000e+00 0.000000000000000000e+00 1.000000000000000000e+00
2.057049260169971361e-02 -9.240249256062990080e-01 3.817784589161584141e-01 1.792276919999999905e+02 2.672459444277967000e-01 -3.628825510789428499e-01 -8.926902370415692456e-01 -7.425912479999999505e+02 9.634087709902885432e-01 1.203918227319107359e-01 2.394772410862246736e-01 -2.886466800000000177e+01 0.000000000000000000e+00 0.000000000000000000e+00 0.000000000000000000e+00 1.000000000000000000e+00
2.221900689983977162e-02 -9.205715117823695115e-01 3.899415436025084336e-01 1.791404420000000073e+02 2.689534504237628409e-01 -3.701550028834822426e-01 -8.891846351267442827e-01 -7.423231809999999768e+02 9.628968570088578538e-01 1.246329231585754926e-01 2.393664078926097394e-01 -2.886937700000000007e+01 0.000000000000000000e+00 0.000000000000000000e+00 0.000000000000000000e+00 1.000000000000000000e+00
2.318034753681177951e-02 -9.166259057145345057e-01 3.990734524634302338e-01 1.790508419999999887e+02 2.703915259558813400e-01 -3.785549718697496235e-01 -8.852031156542224943e-01 -7.420559690000000046e+02 9.624713471991372948e-01 1.284253956416022691e-01 2.390728415671159734e-01 -2.887438200000000066e+01 0.000000000000000000e+00 0.000000000000000000e+00 0.000000000000000000e+00 1.000000000000000000e+00
2.361465144068994326e-02 -9.117861677236192008e-01 4.099857711984775110e-01 1.789513849999999877e+02 2.716491831021994319e-01 -3.888178149571457354e-01 -8.803564210544829738e-01 -7.417675779999999577e+02 9.621065791050604776e-01 1.321616098563665465e-01 2.385041704518625072e-01 -2.887982600000000133e+01 0.000000000000000000e+00 0.000000000000000000e+00 0.000000000000000000e+00 1.000000000000000000e+00
2.596385885338775568e-02 -9.064537756670947299e-01 4.215061454027800303e-01 1.788630220000000008e+02 2.732709949722207932e-01 -3.991523067603359731e-01 -8.752144876056353606e-01 -7.415003659999999854e+02 9.615866270598472099e-01 1.379093491637561342e-01 2.373439910191437741e-01 -2.888096000000000174e+01 0.000000000000000000e+00 0.000000000000000000e+00 0.000000000000000000e+00 1.000000000000000000e+00
2.753731875156717468e-02 -9.001937795764720640e-01 4.346180567898678682e-01 1.787648770000000127e+02 2.745825230878420897e-01 -4.112467129952459000e-01 -8.691838580331094910e-01 -7.412122190000000046e+02 9.611691495728986734e-01 1.432735155652715697e-01 2.358528474428041033e-01 -2.887489700000000070e+01 0.000000000000000000e+00 0.000000000000000000e+00 0.000000000000000000e+00 1.000000000000000000e+00
2.541154176063911696e-02 -8.944331263866958093e-01 4.464791551320936303e-01 1.786654819999999972e+02 2.745412288096180098e-01 -4.232066549874579087e-01 -8.634368771705500656e-01 -7.409492800000000443e+02 9.612394952503002798e-01 1.445181981497403179e-01 2.348044360196376856e-01 -2.886827699999999908e+01 0.000000000000000000e+00 0.000000000000000000e+00 0.000000000000000000e+00 1.000000000000000000e+00
2.171584150286876014e-02 -8.878910953194487643e-01 4.595408851019158192e-01 1.785524139999999989e+02 2.738760237337858339e-01 -4.367829554559041205e-01 -8.568620504182554720e-01 -7.406665649999999914e+02 9.615198104311701854e-01 1.444647108315232353e-01 2.336869732628914509e-01 -2.886646299999999954e+01 0.000000000000000000e+00 0.000000000000000000e+00 0.000000000000000000e+00 1.000000000000000000e+00
1.808235557267739990e-02 -8.814622479776257347e-01 4.719081836620069303e-01 1.784456020000000080e+02 2.730176364464293459e-01 -4.496951619643098086e-01 -8.504326143176184072e-01 -7.404066769999999451e+02 9.618390710540662969e-01 1.442170818458213266e-01 2.325231917416562821e-01 -2.886775400000000147e+01 0.000000000000000000e+00 0.000000000000000000e+00 0.000000000000000000e+00 1.000000000000000000e+00
1.383069026675895485e-02 -8.741567703450258131e-01 4.854468589523455169e-01 1.783271479999999940e+02 2.718141275329549744e-01 -4.639238822649470739e-01 -8.431439447316915192e-01 -7.401264039999999795e+02 9.622503791011167706e-01 1.436125771796226136e-01 2.311917723354000864e-01 -2.887074900000000000e+01 0.000000000000000000e+00 0.000000000000000000e+00 0.000000000000000000e+00 1.000000000000000000e+00
9.611556678068761128e-03 -8.671707880481862585e-01 4.979181080600623144e-01 1.782153319999999894e+02 2.704523338121611609e-01 -4.771283816608467010e-01 -8.361842156781343904e-01 -7.398689580000000205e+02 9.626853863613904494e-01 1.427001463544765869e-01 2.299424169583144939e-01 -2.887422400000000167e+01 0.000000000000000000e+00 0.000000000000000000e+00 0.000000000000000000e+00 1.000000000000000000e+00
4.743602844500316440e-03 -8.594285448872316380e-01 5.112338745281551633e-01 1.780915830000000142e+02 2.687176392653760626e-01 -4.913397580506631002e-01 -8.284781665839837661e-01 -7.395912479999999505e+02 9.632073133960813438e-01 1.413075312633114700e-01 2.286128890254688906e-01 -2.887828800000000129e+01 0.000000000000000000e+00 0.000000000000000000e+00 0.000000000000000000e+00 1.000000000000000000e+00
4.055044100390869932e-04 -8.528079027538528756e-01 5.222245844143575955e-01 1.779847410000000139e+02 2.670444238664206882e-01 -5.031672808281915099e-01 -8.218941313732659459e-01 -7.393574220000000423e+02 9.636841345835391870e-01 1.397904449686702133e-01 2.275335585082699785e-01 -2.888177900000000164e+01 0.000000000000000000e+00 0.000000000000000000e+00 0.000000000000000000e+00 1.000000000000000000e+00
-3.310099341929967354e-03 -8.454157961165517099e-01 5.340984693096989533e-01 1.778686519999999973e+02 2.654634965764982590e-01 -5.156809941353025506e-01 -8.146178516783224577e-01 -7.391024780000000192e+02 9.641152292271529811e-01 1.390871811643434319e-01 2.261339886174369151e-01 -2.888467400000000040e+01 0.000000000000000000e+00 0.000000000000000000e+00 0.000000000000000000e+00 1.000000000000000000e+00
-5.189011650938685216e-03 -8.384767097822453108e-01 5.449127281600485428e-01 1.777644040000000132e+02 2.644383067571457469e-01 -5.266723634198379189e-01 -8.078914552891223178e-01 -7.388684080000000449e+02 9.643886436896176306e-01 1.399036409908710477e-01 2.244582704201326384e-01 -2.888266799999999890e+01 0.000000000000000000e+00 0.000000000000000000e+00 0.000000000000000000e+00 1.000000000000000000e+00
-7.774903577213915229e-03 -8.317710975078160818e-01 5.550643135934867356e-01 1.776577760000000126e+02 2.630474525022104548e-01 -5.372327544307469172e-01 -8.013657125799995562e-01 -7.386355589999999438e+02 9.647515683358398597e-01 1.397777125202598891e-01 2.229722011286186800e-01 -2.887518499999999833e+01 0.000000000000000000e+00 0.000000000000000000e+00 0.000000000000000000e+00 1.000000000000000000e+00
-1.494207391004195862e-02 -8.240973760396306247e-01 5.662510478858848728e-01 1.775113980000000140e+02 2.596766916159249927e-01 -5.500810921356579231e-01 -7.937120434428658333e-01 -7.383436279999999670e+02 9.655800071763473991e-01 1.351824947226435425e-01 2.222182325145436732e-01 -2.886644199999999927e+01 0.000000000000000000e+00 0.000000000000000000e+00 0.000000000000000000e+00 1.000000000000000000e+00
-2.083968394580557049e-02 -8.184061156043291874e-01 5.742622549972022927e-01 1.773934020000000089e+02 2.568565760126158559e-01 -5.594901998848715863e-01 -7.880326234312010625e-01 -7.381156620000000430e+02 9.662248221465403741e-01 1.310806857405748538e-01 2.218725915782894520e-01 -2.886331900000000061e+01 0.000000000000000000e+00 0.000000000000000000e+00 0.000000000000000000e+00 1.000000000000000000e+00
-2.653390398927210625e-02 -8.130225716415597770e-01 5.816272431209125182e-01 1.772738950000000102e+02 2.540460618925737823e-01 -5.682140550302832160e-01 -7.826834520436195541e-01 -7.378885500000000093e+02 9.668280872916149571e-01 1.269924630337849747e-01 2.216221197368396789e-01 -2.886195599999999928e+01 0.000000000000000000e+00 0.000000000000000000e+00 0.000000000000000000e+00 1.000000000000000000e+00
-3.805018944569391048e-02 -8.025845630752443949e-01 5.953236113211587410e-01 1.770090329999999881e+02 2.482546984561728176e-01 -5.846696438396838946e-01 -7.723542013006805540e-01 -7.373955079999999498e+02 9.679472029907322250e-01 1.184036599337055518e-01 2.214921794030703384e-01 -2.886158599999999907e+01 0.000000000000000000e+00 0.000000000000000000e+00 0.000000000000000000e+00 1.000000000000000000e+00
-4.006581916392748521e-02 -7.971149664423290426e-01 6.024968551024708630e-01 1.768711549999999875e+02 2.479690070812977654e-01 -5.920500659938194854e-01 -7.668038151208096398e-01 -7.371240229999999656e+02 9.679391001823608454e-01 1.186779239385242213e-01 2.213807776384461024e-01 -2.886335199999999901e+01 0.000000000000000000e+00 0.000000000000000000e+00 0.000000000000000000e+00 1.000000000000000000e+00
-3.774774265323962985e-02 -7.916967131124469370e-01 6.097470150575015069e-01 1.767506559999999922e+02 2.507753966758786701e-01 -5.981604867001639736e-01 -7.611279344319712425e-01 -7.368681030000000192e+02 9.673090552386247598e-01 1.241786881778479956e-01 2.211172653950575218e-01 -2.886698900000000023e+01 0.000000000000000000e+00 0.000000000000000000e+00 0.000000000000000000e+00 1.000000000000000000e+00
-3.260159987882471633e-02 -7.858183147850037464e-01 6.175975322439342108e-01 1.766344149999999900e+02 2.558610854670604340e-01 -6.038970483776101572e-01 -7.548797651973642164e-01 -7.366082760000000462e+02 9.661636717601000957e-01 1.334088869201253136e-01 2.207483369399974027e-01 -2.887263899999999950e+01 0.000000000000000000e+00 0.000000000000000000e+00 0.000000000000000000e+00 1.000000000000000000e+00
-2.553739845548319565e-02 -7.793417164039881939e-01 6.260785336941455670e-01 1.765204769999999996e+02 2.627345264533508806e-01 -6.094981485435702062e-01 -7.479856786939796942e-01 -7.363455199999999650e+02 9.645301498084232206e-01 1.453908387569364802e-01 2.203249738819800241e-01 -2.888047800000000009e+01 0.000000000000000000e+00 0.000000000000000000e+00 0.000000000000000000e+00 1.000000000000000000e+00
-1.605807893530827868e-02 -7.713949193416026473e-01 6.361540823690985391e-01 1.763990330000000029e+02 2.719439955653354390e-01 -6.156215044951417470e-01 -7.396327646062599293e-01 -7.360581049999999550e+02 9.621790900746431952e-01 1.611212016374645728e-01 2.196619152380112905e-01 -2.889128900000000044e+01 0.000000000000000000e+00 0.000000000000000000e+00 0.000000000000000000e+00 1.000000000000000000e+00
-3.892312306822631740e-03 -7.625938216632763833e-01 6.468659158325665848e-01 1.762931210000000135e+02 2.828628953570424542e-01 -6.212920527235192836e-01 -7.307426138202333110e-01 -7.357883299999999736e+02 9.591524552098779077e-01 1.801300873912924927e-01 2.181277590800132504e-01 -2.889872199999999935e+01 0.000000000000000000e+00 0.000000000000000000e+00 0.000000000000000000e+00 1.000000000000000000e+00
7.976590824628176923e-03 -7.527330312788118594e-01 6.582775688268798220e-01 1.761860499999999945e+02 2.943075960798731128e-01 -6.273738596406834844e-01 -7.209612188802099197e-01 -7.355178220000000238e+02 9.556774627919728538e-01 1.994869014781748273e-01 2.165307443531616360e-01 -2.890065399999999940e+01 0.000000000000000000e+00 0.000000000000000000e+00 0.000000000000000000e+00 1.000000000000000000e+00
1.809775161192203607e-02 -7.419932258109931400e-01 6.701630579472356297e-01 1.760745850000000132e+02 3.053488491806408689e-01 -6.341485331498715183e-01 -7.103644967253956999e-01 -7.352485960000000205e+02 9.520685645953507192e-01 2.174895187232316895e-01 2.150901149632070408e-01 -2.889752199999999860e+01 0.000000000000000000e+00 0.000000000000000000e+00 0.000000000000000000e+00 1.000000000000000000e+00
2.334615271337797671e-02 -7.320150834003805729e-01 6.808882983484275675e-01 1.759619899999999859e+02 3.134843020715142314e-01 -6.413637932754077120e-01 -7.002714309681035143e-01 -7.350070799999999736e+02 9.493063517686052277e-01 2.297964367646148642e-01 2.145018604629505554e-01 -2.889583599999999919e+01 0.000000000000000000e+00 0.000000000000000000e+00 0.000000000000000000e+00 1.000000000000000000e+00
2.802262009988701341e-02 -7.211353154262487575e-01 6.922272673102541907e-01 1.758456569999999886e+02 3.215930932015922394e-01 -6.491786371432325398e-01 -6.893076087509024674e-01 -7.347671510000000126e+02 9.464632138481502421e-01 2.419317133447781987e-01 2.137204503792060895e-01 -2.889856100000000083e+01 0.000000000000000000e+00 0.000000000000000000e+00 0.000000000000000000e+00 1.000000000000000000e+00
3.285816443904715500e-02 -7.070378110352888434e-01 7.064119724326048955e-01 1.757033999999999878e+02 3.310007281564059656e-01 -6.592095613367450202e-01 -6.751898045750877042e-01 -7.344861449999999650e+02 9.430582479304369103e-01 2.560083748798915870e-01 2.123696141205971277e-01 -2.890721900000000133e+01 0.000000000000000000e+00 0.000000000000000000e+00 0.000000000000000000e+00 1.000000000000000000e+00
3.659489576863411697e-02 -6.916123206617005303e-01 7.213412587067372650e-01 1.755550540000000126e+02 3.399178864090658392e-01 -6.701696347896128891e-01 -6.597942793819530083e-01 -7.342086789999999610e+02 9.397428606288406039e-01 2.693418989219729109e-01 2.105666103213648666e-01 -2.892126800000000131e+01 0.000000000000000000e+00 0.000000000000000000e+00 0.000000000000000000e+00 1.000000000000000000e+00
4.556475819648844738e-02 -6.369976169205044947e-01 7.695179587560603274e-01 1.750957029999999861e+02 3.656552157941350689e-01 -7.062235773979338438e-01 -6.062545025728131032e-01 -7.334127809999999954e+02 9.296343990908684241e-01 3.090020950816722012e-01 2.007425945386210053e-01 -2.898717299999999852e+01 0.000000000000000000e+00 0.000000000000000000e+00 0.000000000000000000e+00 1.000000000000000000e+00
4.891959945196311388e-02 -6.161403931217279695e-01 7.861156967986722144e-01 1.749475710000000106e+02 3.742035859404954090e-01 -7.184269518924237818e-01 -5.863739345024088223e-01 -7.331633299999999736e+02 9.260553704065075387e-01 3.228524907111038900e-01 1.954167858268650582e-01 -2.900393499999999847e+01 0.000000000000000000e+00 0.000000000000000000e+00 0.000000000000000000e+00 1.000000000000000000e+00
5.034560253973335842e-02 -5.924727960668528803e-01 8.040157375484864311e-01 1.747799219999999991e+02 3.814699916614933128e-01 -7.325921620867203998e-01 -5.637280989190488478e-01 -7.328991089999999531e+02 9.230091905104149674e-01 3.350891075069884484e-01 1.891277987591420406e-01 -2.901786799999999999e+01 0.000000000000000000e+00 0.000000000000000000e+00 0.000000000000000000e+00 1.000000000000000000e+00
4.778973413140269466e-02 -5.441084476624902244e-01 8.376527553192704145e-01 1.744360049999999944e+02 3.899272623590606113e-01 -7.619103370128887942e-01 -5.171550719291797549e-01 -7.324105220000000145e+02 9.196047364932494750e-01 3.513383490813690169e-01 1.757512249856595932e-01 -2.903970100000000087e+01 0.000000000000000000e+00 0.000000000000000000e+00 0.000000000000000000e+00 1.000000000000000000e+00
4.422380139927876985e-02 -5.177016375957445016e-01 8.544175032268952474e-01 1.742463840000000062e+02 3.916101437677466657e-01 -7.778230883371547444e-01 -4.915615307851660676e-01 -7.321669309999999768e+02 9.190678705558159578e-01 3.563372807893322447e-01 1.683389189452713652e-01 -2.904975699999999961e+01 0.000000000000000000e+00 0.000000000000000000e+00 0.000000000000000000e+00 1.000000000000000000e+00
3.944748721625820909e-02 -4.906392775647809845e-01 8.704694107566520733e-01 1.740498200000000111e+02 3.915516626556613256e-01 -7.938884750022685566e-01 -4.652186418558049708e-01 -7.319306639999999788e+02 9.193101713915224904e-01 3.591854515000327819e-01 1.607937194258758085e-01 -2.905893700000000024e+01 0.000000000000000000e+00 0.000000000000000000e+00 0.000000000000000000e+00 1.000000000000000000e+00
3.367392041568138816e-02 -4.631135733413017097e-01 8.856590118498706143e-01 1.738466950000000111e+02 3.898472941333399056e-01 -8.098785178869465362e-01 -4.383102480231965137e-01 -7.317017819999999801e+02 9.202636330643256812e-01 3.600313937037903367e-01 1.532717886858334655e-01 -2.906698599999999999e+01 0.000000000000000000e+00 0.000000000000000000e+00 0.000000000000000000e+00 1.000000000000000000e+00
2.045910227209749022e-02 -4.097311783974012522e-01 9.119768563857839627e-01 1.734394230000000050e+02 3.823108193088797790e-01 -8.396374872742121687e-01 -3.858073708513360400e-01 -7.312814939999999524e+02 9.238072648413158117e-01 3.565518916131621974e-01 1.394664332858731870e-01 -2.907813099999999906e+01 0.000000000000000000e+00 0.000000000000000000e+00 0.000000000000000000e+00 1.000000000000000000e+00
1.339941218968873637e-02 -3.843302891326788040e-01 9.230984154510082362e-01 1.732368160000000046e+02 3.769132574135987679e-01 -8.531412560229055808e-01 -3.606749140951300281e-01 -7.310887450000000172e+02 9.261516356077124090e-01 3.527608625214121996e-01 1.334275898542285066e-01 -2.908095900000000000e+01 0.000000000000000000e+00 0.000000000000000000e+00 0.000000000000000000e+00 1.000000000000000000e+00
4.767541881142089988e-03 -3.552659235949800487e-01 9.347531193190091736e-01 1.729951780000000099e+02 3.693426518546809034e-01 -8.680425211192555057e-01 -3.317953993802194024e-01 -7.308709720000000516e+02 9.292810533231395942e-01 3.468260443812332117e-01 1.270764292601241352e-01 -2.908185800000000043e+01 0.000000000000000000e+00 0.000000000000000000e+00 0.000000000000000000e+00 1.000000000000000000e+00
-8.003123796856533023e-03 -3.044476602760905481e-01 9.524954446935197661e-01 1.725738980000000140e+02 3.633697860526836076e-01 -8.882971300897170019e-01 -2.808747180833457979e-01 -7.304953610000000026e+02 9.316106206959636760e-01 3.438601908142118746e-01 1.177362330792635081e-01 -2.908679599999999965e+01 0.000000000000000000e+00 0.000000000000000000e+00 0.000000000000000000e+00 1.000000000000000000e+00
-1.266183934124351373e-02 -2.798012570956970313e-01 9.599744446349416371e-01 1.723783420000000035e+02 3.660502563884122651e-01 -8.947050863977020763e-01 -2.559492492117501627e-01 -7.303172610000000304e+02 9.305089401088388890e-01 3.481581033119129365e-01 1.137499339594410241e-01 -2.909419400000000167e+01 0.000000000000000000e+00 0.000000000000000000e+00 0.000000000000000000e+00 1.000000000000000000e+00
-1.746805268473727857e-02 -2.520260847451181729e-01 9.675627730248048675e-01 1.721618349999999964e+02 3.716959242266824615e-01 -8.999932362696350108e-01 -2.277154245592104553e-01 -7.301217649999999821e+02 9.281901782763464226e-01 3.556613941334589857e-01 1.093981977656340865e-01 -2.910616900000000129e+01 0.000000000000000000e+00 0.000000000000000000e+00 0.000000000000000000e+00 1.000000000000000000e+00
-2.236329059652032020e-02 -2.234150084908754497e-01 9.744668374114725529e-01 1.719411320000000103e+02 3.792084667574309176e-01 -9.037683890974583800e-01 -1.985034952026360489e-01 -7.299270629999999755e+02 9.250409839424270642e-01 3.650868839731257753e-01 1.049320979377588170e-01 -2.912208899999999900e+01 0.000000000000000000e+00 0.000000000000000000e+00 0.000000000000000000e+00 1.000000000000000000e+00
-2.805158184862059645e-02 -1.915116352749804962e-01 9.810893956771181701e-01 1.716967160000000092e+02 3.886417833992502624e-01 -9.063469344532840699e-01 -1.658095250683281618e-01 -7.297191159999999854e+02 9.209618194865846208e-01 3.766411129463128615e-01 9.985388869003782031e-02 -2.914368599999999887e+01 0.000000000000000000e+00 0.000000000000000000e+00 0.000000000000000000e+00 1.000000000000000000e+00
-3.384631934524927332e-02 -1.612585816024822427e-01 9.863316361783874830e-01 1.714657899999999984e+02 3.978869246862717923e-01 -9.074898911953420688e-01 -1.347148564263324633e-01 -7.295316769999999451e+02 9.168099158661410231e-01 3.878888593886422043e-01 9.487787377306490522e-02 -2.916737699999999833e+01 0.000000000000000000e+00 0.000000000000000000e+00 0.000000000000000000e+00 1.000000000000000000e+00
-4.025925637339204666e-02 -1.302668613012691046e-01 9.906612625529359617e-01 1.712295680000000004e+02 4.071507663063681504e-01 -9.075581672740934414e-01 -1.027931248198328540e-01 -7.293496089999999867e+02 9.124732575656112621e-01 3.992101174329183433e-01 8.957586933319068578e-02 -2.919435299999999955e+01 0.000000000000000000e+00 0.000000000000000000e+00 0.000000000000000000e+00 1.000000000000000000e+00
-4.731542160324869045e-02 -9.860249314515448504e-02 9.940014080593982948e-01 1.709880829999999889e+02 4.159337280345315468e-01 -9.066858394440532321e-01 -7.014215875583520998e-02 -7.291744999999999663e+02 9.081631928028149892e-01 4.101199055120248183e-01 8.391232532235431973e-02 -2.922410400000000053e+01 0.000000000000000000e+00 0.000000000000000000e+00 0.000000000000000000e+00 1.000000000000000000e+00
-5.633049703946246822e-02 -6.086653024071900231e-02 9.965551367584950526e-01 1.706998140000000035e+02 4.252102501407466484e-01 -9.045562603237959909e-01 -3.121241875076052885e-02 -7.289797969999999623e+02 9.033399793425125335e-01 4.219872479180915015e-01 7.683517629305225416e-02 -2.926171899999999937e+01 0.000000000000000000e+00 0.000000000000000000e+00 0.000000000000000000e+00 1.000000000000000000e+00
-6.464731939002681116e-02 -2.793327379739971028e-02 9.975171458730137664e-01 1.704474950000000035e+02 4.320003432273310517e-01 -9.018692716676803833e-01 2.742311630011734502e-03 -7.288221439999999802e+02 8.995534600829192540e-01 4.311050324881019469e-01 7.037061472149104546e-02 -2.929577799999999854e+01 0.000000000000000000e+00 0.000000000000000000e+00 0.000000000000000000e+00 1.000000000000000000e+00
-7.341329627481427145e-02 5.454060260638021740e-03 9.972866895515752894e-01 1.701906429999999943e+02 4.375601975678115041e-01 -8.984224608677946478e-01 3.712351428238030993e-02 -7.286735840000000053e+02 8.961872357016051893e-01 4.390983204647105898e-01 6.356967461444365530e-02 -2.933093500000000020e+01 0.000000000000000000e+00 0.000000000000000000e+00 0.000000000000000000e+00 1.000000000000000000e+00
-8.326905710475726585e-02 4.199357103893602838e-02 9.956419055665959306e-01 1.699077760000000126e+02 4.419822479003754911e-01 -8.939107775186282412e-01 7.466735817592792812e-02 -7.285234380000000556e+02 8.931505789450149280e-01 4.462735280379501734e-01 5.587469465460362383e-02 -2.936949200000000104e+01 0.000000000000000000e+00 0.000000000000000000e+00 0.000000000000000000e+00 1.000000000000000000e+00
-1.018806058237073098e-01 1.098570655397670681e-01 9.887121761705907064e-01 1.693750149999999906e+02 4.453566953710532683e-01 -8.836847755515868652e-01 1.440785596350678821e-01 -7.282766719999999623e+02 8.895379452531345654e-01 4.550083983942848631e-01 4.110476061843058165e-02 -2.943932200000000066e+01 0.000000000000000000e+00 0.000000000000000000e+00 0.000000000000000000e+00 1.000000000000000000e+00
-1.111154287772479765e-01 1.436593351251548856e-01 9.833693898627549057e-01 1.691045230000000004e+02 4.446436249314855149e-01 -8.777471151211380107e-01 1.784714226544631410e-01 -7.281683960000000297e+02 8.887887309678474956e-01 4.570798588079746372e-01 3.365403952938175736e-02 -2.947238199999999964e+01 0.000000000000000000e+00 0.000000000000000000e+00 0.000000000000000000e+00 1.000000000000000000e+00
-1.200971625427335876e-01 1.771093469946866672e-01 9.768361944340001601e-01 1.688319850000000031e+02 4.422289471367731317e-01 -8.713987369665381344e-01 2.123624249424156119e-01 -7.280705570000000080e+02 8.888251964607468691e-01 4.574893664559184225e-01 2.632963570346139037e-02 -2.950334399999999846e+01 0.000000000000000000e+00 0.000000000000000000e+00 0.000000000000000000e+00 1.000000000000000000e+00
-1.376883981112672906e-01 2.448964587722308461e-01 9.597226836468824018e-01 1.682594300000000089e+02 4.323360681203205491e-01 -8.569129426237120928e-01 2.806879637003197314e-01 -7.278981929999999920e+02 8.911382772767728611e-01 4.535702076247860037e-01 1.210939830849469545e-02 -2.955942699999999945e+01 0.000000000000000000e+00 0.000000000000000000e+00 0.000000000000000000e+00 1.000000000000000000e+00
-1.526407053785552859e-01 3.061767845275880640e-01 9.396576992064100686e-01 1.677063449999999989e+02 4.171696575268628027e-01 -8.419778479623952760e-01 3.421151566059794091e-01 -7.277712400000000343e+02 8.959186859868797370e-01 4.442173793954495298e-01 7.924282820480107840e-04 -2.959976199999999835e+01 0.000000000000000000e+00 0.000000000000000000e+00 0.000000000000000000e+00 1.000000000000000000e+00
-1.593228729116408504e-01 3.349513742281564621e-01 9.286677549424500189e-01 1.674293519999999944e+02 4.077959465510013759e-01 -8.343498465807861475e-01 3.708945934995430682e-01 -7.277210690000000568e+02 8.990654526472217078e-01 4.377989383418922631e-01 -3.660798131292093780e-03 -2.961422699999999963e+01 0.000000000000000000e+00 0.000000000000000000e+00 0.000000000000000000e+00 1.000000000000000000e+00
-1.654634153489211723e-01 3.622563704010052232e-01 9.172743211738569880e-01 1.671523439999999994e+02 3.973836391994975958e-01 -8.267585128741085088e-01 3.981916682789283235e-01 -7.276792599999999993e+02 9.026118221459509261e-01 4.303959612892322428e-01 -7.156467584207565694e-03 -2.962464699999999951e+01 0.000000000000000000e+00 0.000000000000000000e+00 0.000000000000000000e+00 1.000000000000000000e+00
-1.710653330430802199e-01 3.879378267618475151e-01 9.056715157264000338e-01 1.668755950000000041e+02 3.860406406518706035e-01 -8.193324634013142704e-01 4.238713698539066654e-01 -7.276457520000000159e+02 9.064818120602052831e-01 4.221357092026553626e-01 -9.600386451484883149e-03 -2.963089899999999943e+01 0.000000000000000000e+00 0.000000000000000000e+00 0.000000000000000000e+00 1.000000000000000000e+00
-1.761384700256343749e-01 4.118580399771984424e-01 8.940627462785646351e-01 1.665992889999999989e+02 3.738564493957091117e-01 -8.122183454270991421e-01 4.478087924515318785e-01 -7.276199950000000172e+02 9.106078160340280725e-01 4.131274794271206363e-01 -1.091288779067006200e-02 -2.963289599999999879e+01 0.000000000000000000e+00 0.000000000000000000e+00 0.000000000000000000e+00 1.000000000000000000e+00
-1.810687614306370485e-01 4.356527879960072624e-01 8.817146658331600495e-01 1.663006440000000055e+02 3.598382030332309967e-01 -8.050206388432422644e-01 4.716547876087268110e-01 -7.276005249999999478e+02 9.152762267598728574e-01 4.026765691565924454e-01 -1.100042637745435141e-02 -2.963026800000000094e+01 0.000000000000000000e+00 0.000000000000000000e+00 0.000000000000000000e+00 1.000000000000000000e+00
-1.887612803156651642e-01 4.734249650205943905e-01 8.603708395505046402e-01 1.657516329999999982e+02 3.321380187949434237e-01 -7.937111450711547000e-01 5.096145157477428578e-01 -7.275866089999999531e+02 9.241501585373238514e-01 3.819573545372383916e-01 -7.420497985561748389e-03 -2.961253400000000013e+01 0.000000000000000000e+00 0.000000000000000000e+00 0.000000000000000000e+00 1.000000000000000000e+00
-1.914751830752435546e-01 4.867048431098538464e-01 8.523236767564977834e-01 1.655239559999999983e+02 3.200359833104763352e-01 -7.899701891500136020e-01 5.229952864422284797e-01 -7.275888670000000502e+02 9.278546349794233317e-01 3.729148642085814425e-01 -4.503376455149506533e-03 -2.960037000000000162e+01 0.000000000000000000e+00 0.000000000000000000e+00 0.000000000000000000e+00 1.000000000000000000e+00
-1.973800781177234842e-01 5.142674801713142951e-01 8.346077303742684972e-01 1.649353940000000023e+02 2.875036612970281458e-01 -7.835547249346759280e-01 5.508027212835351349e-01 -7.276155400000000100e+02 9.372207581477507432e-01 3.486702623838040527e-01 6.804309381867951895e-03 -2.955651100000000042e+01 0.000000000000000000e+00 0.000000000000000000e+00 0.000000000000000000e+00 1.000000000000000000e+00
-1.994333177263866719e-01 5.228767522479197405e-01 8.287498137190218994e-01 1.646878660000000139e+02 2.734119671212037472e-01 -7.824598651862194609e-01 5.594662238309626723e-01 -7.276353759999999511e+02 9.409953496248320004e-01 3.381663219947111387e-01 1.308780550777894486e-02 -2.953301400000000143e+01 0.000000000000000000e+00 0.000000000000000000e+00 0.000000000000000000e+00 1.000000000000000000e+00
-2.013025181223064286e-01 5.296820491791423002e-01 8.239625130884313808e-01 1.644412690000000055e+02 2.592990615417973266e-01 -7.823579893905903138e-01 5.662861230157917314e-01 -7.276599730000000363e+02 9.445852491337993762e-01 3.276475289302481775e-01 2.014457506974272338e-02 -2.950691000000000130e+01 0.000000000000000000e+00 0.000000000000000000e+00 0.000000000000000000e+00 1.000000000000000000e+00
-2.029302018175705991e-01 5.346928974322796568e-01 8.203187420909956451e-01 1.641957240000000127e+02 2.450708189341121723e-01 -7.833537733199432695e-01 5.712242637811967283e-01 -7.276891480000000456e+02 9.480293386268399125e-01 3.169548410434525065e-01 2.792851306238951226e-02 -2.947830000000000084e+01 0.000000000000000000e+00 0.000000000000000000e+00 0.000000000000000000e+00 1.000000000000000000e+00
-2.043171537605475985e-01 5.379243760363845439e-01 8.178580967044681849e-01 1.639512479999999925e+02 2.307328394245060643e-01 -7.854788340088753040e-01 5.742694125018004137e-01 -7.277232060000000047e+02 9.513237395809557295e-01 3.060398127530539192e-01 3.636998102531629334e-02 -2.944737800000000050e+01 0.000000000000000000e+00 0.000000000000000000e+00 0.000000000000000000e+00 1.000000000000000000e+00
-2.067387400800080322e-01 5.389346168593138753e-01 8.165834752802896279e-01 1.634213100000000054e+02 1.995930650540389817e-01 -7.938317679014270656e-01 5.744508096023789312e-01 -7.278121949999999742e+02 9.578213307984244640e-01 2.817456353188084739e-01 5.654816748875180626e-02 -2.937325900000000090e+01 0.000000000000000000e+00 0.000000000000000000e+00 0.000000000000000000e+00 1.000000000000000000e+00
-2.076647484788216314e-01 5.364203904586259952e-01 8.180027609607702921e-01 1.631580510000000004e+02 1.841934912910712374e-01 -7.998308727800360618e-01 5.712646783356485347e-01 -7.278638919999999644e+02 9.607018840437620000e-01 2.693023201685073031e-01 6.729153250316856349e-02 -2.933337799999999973e+01 0.000000000000000000e+00 0.000000000000000000e+00 0.000000000000000000e+00 1.000000000000000000e+00
-2.084136455714681313e-01 5.319591009606358112e-01 8.207211872766307925e-01 1.628958440000000110e+02 1.689569216062573320e-01 -8.069497497633751903e-01 5.659378587779433367e-01 -7.279202269999999544e+02 9.633365512534793895e-01 2.566156976141139578e-01 7.830116702242771731e-02 -2.929204400000000064e+01 0.000000000000000000e+00 0.000000000000000000e+00 0.000000000000000000e+00 1.000000000000000000e+00
-2.089506224400395906e-01 5.262141857818023460e-01 8.242804547385040870e-01 1.626564639999999997e+02 1.551585675373419460e-01 -8.143704756767861097e-01 5.592195876985402991e-01 -7.279757690000000139e+02 9.655389460304957261e-01 2.447434555365274045e-01 8.851657850572236530e-02 -2.925314900000000051e+01 0.000000000000000000e+00 0.000000000000000000e+00 0.000000000000000000e+00 1.000000000000000000e+00
-2.093591363407660555e-01 5.189357707736654834e-01 8.287788714984176686e-01 1.624178159999999878e+02 1.415692362547566197e-01 -8.225464146977670143e-01 5.507953767181551497e-01 -7.280347289999999703e+02 9.675365126840917984e-01 2.326436362323098528e-01 9.874226624761675564e-02 -2.921355399999999847e+01 0.000000000000000000e+00 0.000000000000000000e+00 0.000000000000000000e+00 1.000000000000000000e+00
-2.096709204157115036e-01 5.084331110378226271e-01 8.351849356474465580e-01 1.621367490000000089e+02 1.257785967340698530e-01 -8.330496484140692548e-01 5.387095951259860405e-01 -7.281085819999999558e+02 9.696483123976633589e-01 2.180001258660110575e-01 1.107162832954879522e-01 -2.916619299999999981e+01 0.000000000000000000e+00 0.000000000000000000e+00 0.000000000000000000e+00 1.000000000000000000e+00
-2.097944456838627125e-01 4.990171665885363428e-01 8.408139853797330643e-01 1.619212339999999983e+02 1.138517656207274353e-01 -8.416338038617110495e-01 5.279112763166838862e-01 -7.281683349999999564e+02 9.710942621729591329e-01 2.064810103792023011e-01 1.197561118588109791e-01 -2.912958100000000172e+01 0.000000000000000000e+00 0.000000000000000000e+00 0.000000000000000000e+00 1.000000000000000000e+00
-2.098219071097911503e-01 4.862597446287897363e-01 8.482489186850485918e-01 1.616631769999999904e+02 9.982406970520429912e-02 -8.523738073572098006e-01 5.133167127990911904e-01 -7.282431030000000192e+02 9.726304140855870362e-01 1.923807508170146952e-01 1.303062711874643509e-01 -2.908572399999999902e+01 0.000000000000000000e+00 0.000000000000000000e+00 0.000000000000000000e+00 1.000000000000000000e+00
-2.097154066433877806e-01 4.720015833512584691e-01 8.562908113078778749e-01 1.614057009999999934e+02 8.610010913958848766e-02 -8.634488259542661970e-01 4.970340995991627819e-01 -7.283212280000000192e+02 9.739641776895849867e-01 1.779624406219035559e-01 1.404391338101527720e-01 -2.904221899999999934e+01 0.000000000000000000e+00 0.000000000000000000e+00 0.000000000000000000e+00 1.000000000000000000e+00
-2.094929218101858337e-01 4.563477985701220874e-01 8.647886461162836991e-01 1.611486050000000034e+02 7.270448605480728244e-02 -8.746957618903440368e-01 4.791882530264878204e-01 -7.284021609999999782e+02 9.751034680581021075e-01 1.632605612855545230e-01 1.500640386961113182e-01 -2.899935699999999983e+01 0.000000000000000000e+00 0.000000000000000000e+00 0.000000000000000000e+00 1.000000000000000000e+00
-2.092168767635244342e-01 4.394217846104938041e-01 8.735770107363434178e-01 1.608916629999999941e+02 5.979766598769509223e-02 -8.859264573378523577e-01 4.599549448926784079e-01 -7.284855350000000271e+02 9.760392090586016423e-01 1.484682033249261346e-01 1.590743693425440142e-01 -2.895744300000000138e+01 0.000000000000000000e+00 0.000000000000000000e+00 0.000000000000000000e+00 1.000000000000000000e+00
-2.088606927074628528e-01 4.244217097650223591e-01 8.810467770339402982e-01 1.606777950000000033e+02 4.914945356717009828e-02 -8.952220275217284140e-01 4.429016286422236548e-01 -7.285570679999999584e+02 9.767095485638539465e-01 1.358077086178128279e-01 1.661165976781726894e-01 -2.892334400000000016e+01 0.000000000000000000e+00 0.000000000000000000e+00 0.000000000000000000e+00 1.000000000000000000e+00
-2.084072632379069534e-01 4.070737529366648122e-01 8.893016205426284015e-01 1.604425659999999993e+02 3.771384098683547292e-02 -9.052461247043653847e-01 4.232104912519871753e-01 -7.286375729999999749e+02 9.773147286456423943e-01 1.217391201618765739e-01 1.733075526181900583e-01 -2.888693800000000067e+01 0.000000000000000000e+00 0.000000000000000000e+00 0.000000000000000000e+00 1.000000000000000000e+00
-2.080727785882970637e-01 3.872299662453948521e-01 8.981974571619184555e-01 1.601853490000000022e+02 2.443922240802040569e-02 -9.159509611372916860e-01 4.005453297690075298e-01 -7.287296750000000429e+02 9.778079787047337934e-01 1.052938271375016277e-01 1.811208622663360857e-01 -2.884950999999999866e+01 0.000000000000000000e+00 0.000000000000000000e+00 0.000000000000000000e+00 1.000000000000000000e+00
-2.081811520743907795e-01 3.665811120522256550e-01 9.067959507008912512e-01 1.599267269999999996e+02 9.967055643919114916e-03 -9.262653999406227356e-01 3.767400518588772673e-01 -7.288269649999999729e+02 9.780395011055383891e-01 8.746826372686308804e-02 1.891772637444507910e-01 -2.881892200000000059e+01 0.000000000000000000e+00 0.000000000000000000e+00 0.000000000000000000e+00 1.000000000000000000e+00
-2.081467460168704986e-01 3.471120364746832498e-01 9.144332486611511657e-01 1.596893770000000075e+02 -2.048353702986477343e-03 -9.350626597446294319e-01 3.544765529600049092e-01 -7.289160160000000133e+02 9.780954638324911299e-01 7.191005830687285938e-02 1.953412581729888076e-01 -2.879826900000000123e+01 0.000000000000000000e+00 0.000000000000000000e+00 0.000000000000000000e+00 1.000000000000000000e+00
-2.079390543812583425e-01 3.253807148331808730e-01 9.224363067863690091e-01 1.594300990000000127e+02 -1.415865677486480290e-02 -9.439521468262094261e-01 3.297785271064839763e-01 -7.290131840000000238e+02 9.780393049879743117e-01 5.551337601730438331e-02 2.008914706546838513e-01 -2.878389200000000159e+01 0.000000000000000000e+00 0.000000000000000000e+00 0.000000000000000000e+00 1.000000000000000000e+00
-2.072437899020934116e-01 2.807963055148485765e-01 9.371250964285551266e-01 1.589098360000000127e+02 -3.639013339379101875e-02 -9.594719738391153108e-01 2.794446091962663470e-01 -7.292078860000000304e+02 9.776122798628292809e-01 2.381105261183924515e-02 2.090628231774294687e-01 -2.877493300000000076e+01 0.000000000000000000e+00 0.000000000000000000e+00 0.000000000000000000e+00 1.000000000000000000e+00
-2.061053802904870003e-01 2.015853827033473322e-01 9.575405504184451022e-01 1.579923860000000104e+02 -7.116104064725706224e-02 -9.790469857018199162e-01 1.907959802568701679e-01 -7.295454710000000205e+02 9.759388702727815890e-01 -2.881550396098540856e-02 2.161318769227743297e-01 -2.878267299999999906e+01 0.000000000000000000e+00 0.000000000000000000e+00 0.000000000000000000e+00 1.000000000000000000e+00
-2.059157364202917340e-01 1.810503075334243817e-01 9.616753587549913274e-01 1.577504120000000114e+02 -7.954379527824649576e-02 -9.825804081777427257e-01 1.679539404062687924e-01 -7.296318360000000212e+02 9.753314791019620511e-01 -4.191094853749466331e-02 2.167301969395730443e-01 -2.878689200000000170e+01 0.000000000000000000e+00 0.000000000000000000e+00 0.000000000000000000e+00 1.000000000000000000e+00
-2.057943605455299363e-01 1.589106323623777905e-01 9.656065928160627587e-01 1.574855190000000107e+02 -8.832612235658394984e-02 -9.857160821672412698e-01 1.433956117400890518e-01 -7.297250370000000430e+02 9.746010349251154059e-01 -5.577827784230898062e-02 2.168907707668540075e-01 -2.879233199999999826e+01 0.000000000000000000e+00 0.000000000000000000e+00 0.000000000000000000e+00 1.000000000000000000e+00
-2.057765618617888870e-01 1.389282563447045982e-01 9.686872282513903087e-01 1.572418519999999944e+02 -9.598636778397873215e-02 -9.879637056596825007e-01 1.213026524805899675e-01 -7.298088989999999967e+02 9.738801896475663966e-01 -6.801952578640971248e-02 2.166349933039715681e-01 -2.879807500000000076e+01 0.000000000000000000e+00 0.000000000000000000e+00 0.000000000000000000e+00 1.000000000000000000e+00
-2.058562023060748203e-01 1.192990252193160267e-01 9.712831546741872435e-01 1.569973300000000052e+02 -1.033022651423767119e-01 -9.896446311265514328e-01 9.966015301436255414e-02 -7.298910519999999451e+02 9.731145184347905763e-01 -7.982008935169800090e-02 2.160483449307409876e-01 -2.880456900000000076e+01 0.000000000000000000e+00 0.000000000000000000e+00 0.000000000000000000e+00 1.000000000000000000e+00
-2.060394768511659980e-01 1.000778392396783345e-01 9.734126360757884289e-01 1.567519379999999956e+02 -1.102382870908260870e-01 -9.907978288735759254e-01 7.853141001337674010e-02 -7.299714969999999994e+02 9.723143802485791909e-01 -9.112677099801999581e-02 2.151758758999157972e-01 -2.881181099999999873e+01 0.000000000000000000e+00 0.000000000000000000e+00 0.000000000000000000e+00 1.000000000000000000e+00
-2.063710535124498591e-01 7.963225505002141658e-02 9.752280206330261603e-01 1.564832460000000083e+02 -1.172739029283026146e-01 -9.915112466344103703e-01 5.614516443506628596e-02 -7.300566410000000133e+02 9.714205165447786783e-01 -1.027820594905838325e-01 2.139580058860838518e-01 -2.882055099999999825e+01 0.000000000000000000e+00 0.000000000000000000e+00 0.000000000000000000e+00 1.000000000000000000e+00
-2.067920455728186613e-01 6.139640321884769214e-02 9.764566204187453691e-01 1.562360380000000077e+02 -1.234189968439408230e-01 -9.916935406801680175e-01 3.621702073980188202e-02 -7.301325679999999920e+02 9.705693180323827773e-01 -1.130239047503694416e-01 2.126518183536994511e-01 -2.882936899999999980e+01 0.000000000000000000e+00 0.000000000000000000e+00 0.000000000000000000e+00 1.000000000000000000e+00
-2.073297986990997599e-01 4.368790434676393664e-02 9.772951046563055355e-01 1.559879760000000033e+02 -1.290721436798503152e-01 -9.914904987254370416e-01 1.694026750298703587e-02 -7.302059940000000324e+02 9.697188955038874569e-01 -1.226293519145097849e-01 2.112044169797318849e-01 -2.883890299999999840e+01 0.000000000000000000e+00 0.000000000000000000e+00 0.000000000000000000e+00 1.000000000000000000e+00
-2.088261576981344514e-01 8.467488806510783950e-03 9.779161198662925658e-01 1.554666139999999928e+02 -1.394710306675956968e-01 -9.899989561030170249e-01 -2.121081138133713850e-02 -7.303510740000000396e+02 9.679563355159942484e-01 -1.408203413866324083e-01 2.079186475191674988e-01 -2.886104600000000175e+01 0.000000000000000000e+00 0.000000000000000000e+00 0.000000000000000000e+00 1.000000000000000000e+00
-2.096304437079398730e-01 -6.046753196035981048e-03 9.777619924330247514e-01 1.552388459999999952e+02 -1.433355301401258164e-01 -9.889879775827961073e-01 -3.684706224571840383e-02 -7.304102779999999484e+02 9.672176605450610865e-01 -1.478722995441573151e-01 2.064552739875193388e-01 -2.887152499999999833e+01 0.000000000000000000e+00 0.000000000000000000e+00 0.000000000000000000e+00 1.000000000000000000e+00
-2.106170587679990769e-01 -2.143591341179376664e-02 9.773335951312218661e-01 1.549875790000000109e+02 -1.471518535547181039e-01 -9.876727854534180784e-01 -5.337415919803190079e-02 -7.304724730000000363e+02 9.664299180754534202e-01 -1.550579584893601592e-01 2.048664027062120363e-01 -2.888359099999999913e+01 0.000000000000000000e+00 0.000000000000000000e+00 0.000000000000000000e+00 1.000000000000000000e+00
-2.120579986724987487e-01 -5.179185531451247632e-02 9.758837066587877640e-01 1.544620820000000094e+02 -1.569738993404083682e-01 -9.838228846654865078e-01 -8.632338347370424603e-02 -7.306002809999999954e+02 9.645675715702253239e-01 -1.714938346750735365e-01 2.004975424875743428e-01 -2.890725700000000131e+01 0.000000000000000000e+00 0.000000000000000000e+00 0.000000000000000000e+00 1.000000000000000000e+00
-2.124312356703491333e-01 -6.543175489022930169e-02 9.749829001390504235e-01 1.542111050000000034e+02 -1.625174529114549737e-01 -9.814941525562949076e-01 -1.012783589765032521e-01 -7.306609499999999571e+02 9.635668360890912165e-01 -1.799664245068657020e-01 1.978662134864691835e-01 -2.891188599999999909e+01 0.000000000000000000e+00 0.000000000000000000e+00 0.000000000000000000e+00 1.000000000000000000e+00
-2.130238614324437008e-01 -7.842613691436070567e-02 9.738943348788415832e-01 1.539594730000000027e+02 -1.670225975620205916e-01 -9.791780823240273657e-01 -1.153851593571533635e-01 -7.307182010000000218e+02 9.626651995185275812e-01 -1.872421537606591135e-01 1.954893590224882904e-01 -2.891079500000000024e+01 0.000000000000000000e+00 0.000000000000000000e+00 0.000000000000000000e+00 1.000000000000000000e+00
-2.137827886444140235e-01 -9.078606318783609408e-02 9.726534891780691527e-01 1.537074279999999931e+02 -1.705818527366275705e-01 -9.769055201253126208e-01 -1.286757019239935518e-01 -7.307720950000000357e+02 9.618725231528124642e-01 -1.934256846428290821e-01 1.933591314732654443e-01 -2.890397099999999853e+01 0.000000000000000000e+00 0.000000000000000000e+00 0.000000000000000000e+00 1.000000000000000000e+00
-2.146792120216801658e-01 -1.025150147062263428e-01 9.712896106134012442e-01 1.534548800000000028e+02 -1.730868960250672439e-01 -9.747418045091379435e-01 -1.411358953869535082e-01 -7.308223269999999729e+02 9.612251361414545503e-01 -1.984164466521153025e-01 1.915127968251475465e-01 -2.889195399999999836e+01 0.000000000000000000e+00 0.000000000000000000e+00 0.000000000000000000e+00 1.000000000000000000e+00
-2.162896552635517333e-01 -1.135209588044503726e-01 9.697070572797190646e-01 1.532004849999999863e+02 -1.714436574952095393e-01 -9.733680949339850175e-01 -1.521894348148054021e-01 -7.308612060000000383e+02 9.611586015484849810e-01 -1.991671249898007146e-01 1.910670013180137683e-01 -2.887994399999999828e+01 0.000000000000000000e+00 0.000000000000000000e+00 0.000000000000000000e+00 1.000000000000000000e+00
-2.181791719557090448e-01 -1.248873927845282894e-01 9.678848010213839670e-01 1.529220280000000116e+02 -1.684350368263183573e-01 -9.720757232904136957e-01 -1.633965316606678930e-01 -7.308969120000000430e+02 9.612634848437954238e-01 -1.986754320818299446e-01 1.910512637829445415e-01 -2.887262899999999988e+01 0.000000000000000000e+00 0.000000000000000000e+00 0.000000000000000000e+00 1.000000000000000000e+00
-2.199081576093078472e-01 -1.356454514024321434e-01 9.660438466916034805e-01 1.526433110000000113e+02 -1.655723387936335056e-01 -9.707275689686978293e-01 -1.739936420405311657e-01 -7.309285280000000284e+02 9.613668409318505415e-01 -1.982127603307937413e-01 1.910117765970497927e-01 -2.887206499999999920e+01 0.000000000000000000e+00 0.000000000000000000e+00 0.000000000000000000e+00 1.000000000000000000e+00
-2.213959039885836089e-01 -1.449485210712110062e-01 9.643514815337541624e-01 1.523875119999999868e+02 -1.628853396264384468e-01 -9.695030376153944696e-01 -1.831180662559078465e-01 -7.309534300000000258e+02 9.614843835610944467e-01 -1.976203084042526814e-01 1.910340123495038456e-01 -2.887712700000000154e+01 0.000000000000000000e+00 0.000000000000000000e+00 0.000000000000000000e+00 1.000000000000000000e+00
-2.228239200151705957e-01 -1.536903178691446936e-01 9.626675370356863048e-01 1.521314849999999979e+02 -1.600093319828762850e-01 -9.683358166044041537e-01 -1.916318344103498661e-01 -7.309747310000000198e+02 9.616374131383755852e-01 -1.967359460656931680e-01 1.911764974524068350e-01 -2.888570400000000049e+01 0.000000000000000000e+00 0.000000000000000000e+00 0.000000000000000000e+00 1.000000000000000000e+00
-2.243315749540269743e-01 -1.625787985628225907e-01 9.608555972343164608e-01 1.518520049999999912e+02 -1.565985211766162122e-01 -9.671578647522748318e-01 -2.002063131200347290e-01 -7.309939580000000205e+02 9.618483496081606798e-01 -1.953811631291247908e-01 1.915044475994425455e-01 -2.889706800000000086e+01 0.000000000000000000e+00 0.000000000000000000e+00 0.000000000000000000e+00 1.000000000000000000e+00
-2.255491813726721584e-01 -1.694623508957591451e-01 9.593800489957043931e-01 1.516189880000000016e+02 -1.534918204683956844e-01 -9.662753496929858965e-01 -2.067660746471612077e-01 -7.310069580000000542e+02 9.620643574269941434e-01 -1.938929091137173433e-01 1.919315293640014297e-01 -2.890721900000000133e+01 0.000000000000000000e+00 0.000000000000000000e+00 0.000000000000000000e+00 1.000000000000000000e+00
-2.273884071702640119e-01 -1.836547260516444569e-01 9.563291556171787944e-01 1.510849609999999927e+02 -1.519083117067467903e-01 -9.633427657070117167e-01 -2.211211898357365868e-01 -7.310419309999999768e+02 9.618827252419998031e-01 -1.955547426140860079e-01 1.911542976816437978e-01 -2.892508499999999927e+01 0.000000000000000000e+00 0.000000000000000000e+00 0.000000000000000000e+00 1.000000000000000000e+00
-2.281498136577455316e-01 -1.900409136368931828e-01 9.548990070536208519e-01 1.508068240000000060e+02 -1.508754151091232232e-01 -9.620175672920843191e-01 -2.275056248471012121e-01 -7.310573120000000245e+02 9.618649965788265144e-01 -1.959761499914597083e-01 1.908116269804834009e-01 -2.892502599999999902e+01 0.000000000000000000e+00 0.000000000000000000e+00 0.000000000000000000e+00 1.000000000000000000e+00
-2.289237248524951251e-01 -1.957055292867791729e-01 9.535687043974548915e-01 1.505287020000000098e+02 -1.487952927979372120e-01 -9.610358348100396242e-01 -2.329594064470167925e-01 -7.310689089999999624e+02 9.620051398203833815e-01 -1.952164696370463637e-01 1.908838414890399182e-01 -2.891800500000000085e+01 0.000000000000000000e+00 0.000000000000000000e+00 0.000000000000000000e+00 1.000000000000000000e+00
-2.296067676881058117e-01 -2.002764211979464193e-01 9.524547691853733067e-01 1.502738490000000127e+02 -1.460967445540473086e-01 -9.604196362555593725e-01 -2.371705367988361512e-01 -7.310762939999999617e+02 9.622559292945558340e-01 -1.936065014581933030e-01 1.912591151568701353e-01 -2.890552500000000080e+01 0.000000000000000000e+00 0.000000000000000000e+00 0.000000000000000000e+00 1.000000000000000000e+00
-2.304025817494094464e-01 -2.049137586062821370e-01 9.512754605565377775e-01 1.499727939999999933e+02 -1.413622207099908823e-01 -9.601583488783124176e-01 -2.410656915349277396e-01 -7.310798949999999650e+02 9.627727524598660436e-01 -1.900165693120455801e-01 1.922558984991983022e-01 -2.888446199999999919e+01 0.000000000000000000e+00 0.000000000000000000e+00 0.000000000000000000e+00 1.000000000000000000e+00
-2.313453890851538686e-01 -2.081786507867018909e-01 9.503372876540553404e-01 1.497174530000000061e+02 -1.335087724371388229e-01 -9.608018317453329571e-01 -2.429717016385671835e-01 -7.310717160000000376e+02 9.636673277803738946e-01 -1.830887475281892662e-01 1.944833974847002545e-01 -2.886839099999999902e+01 0.000000000000000000e+00 0.000000000000000000e+00 0.000000000000000000e+00 1.000000000000000000e+00
-2.322804063789593310e-01 -2.111716254163462647e-01 9.494484490647420172e-01 1.494389040000000080e+02 -1.251875646747274140e-01 -9.615373457983995564e-01 -2.444872313348492032e-01 -7.310593870000000152e+02 9.645589077206412343e-01 -1.756487325715374304e-01 1.969102239163220414e-01 -2.885749399999999909e+01 0.000000000000000000e+00 0.000000000000000000e+00 0.000000000000000000e+00 1.000000000000000000e+00
-2.329740432112721860e-01 -2.133910332709861579e-01 9.487820414137975167e-01 1.491837620000000015e+02 -1.180302844328968981e-01 -9.622113667318510366e-01 -2.453938419942779947e-01 -7.310454710000000205e+02 9.652937103009018305e-01 -1.691554097614501040e-01 1.989836681789592387e-01 -2.885358400000000145e+01 0.000000000000000000e+00 0.000000000000000000e+00 0.000000000000000000e+00 1.000000000000000000e+00
-2.335826635655641192e-01 -2.151992155561615883e-01 9.482238327028218450e-01 1.489056239999999889e+02 -1.104104462186521751e-01 -9.630230932975126779e-01 -2.457560887170208153e-01 -7.310271609999999782e+02 9.660479660179479566e-01 -1.620981782738559196e-01 2.011852577921220409e-01 -2.885390999999999906e+01 0.000000000000000000e+00 0.000000000000000000e+00 0.000000000000000000e+00 1.000000000000000000e+00
-2.340145690427322123e-01 -2.162152011993034584e-01 9.478861578512948194e-01 1.486740570000000048e+02 -1.041620037437787361e-01 -9.637704619100451175e-01 -2.455540138661556626e-01 -7.310100099999999657e+02 9.666371907038472377e-01 -1.561969382543840767e-01 2.030149207032103664e-01 -2.885603899999999911e+01 0.000000000000000000e+00 0.000000000000000000e+00 0.000000000000000000e+00 1.000000000000000000e+00
-2.344269185195821947e-01 -2.168139163157378757e-01 9.476474795857612321e-01 1.484193270000000098e+02 -9.734871297293190562e-02 -9.646762026105860643e-01 -2.447918548467932220e-01 -7.309889530000000377e+02 9.672472527518116703e-01 -1.496380627001431818e-01 2.050395138392138161e-01 -2.885922100000000157e+01 0.000000000000000000e+00 0.000000000000000000e+00 0.000000000000000000e+00 1.000000000000000000e+00
-2.347829805851703866e-01 -2.168674585557117673e-01 9.475470740006167736e-01 1.481648250000000075e+02 -9.055890570915658966e-02 -9.656752401571433442e-01 -2.434551604386394064e-01 -7.309659420000000409e+02 9.678202501623448528e-01 -1.429679543360336536e-01 2.070848314306631965e-01 -2.886266099999999923e+01 0.000000000000000000e+00 0.000000000000000000e+00 0.000000000000000000e+00 1.000000000000000000e+00
-2.350831913936024808e-01 -2.163782290754414361e-01 9.475844844162311098e-01 1.479104609999999980e+02 -8.379331607658621617e-02 -9.667648120311320703e-01 -2.415460171464206551e-01 -7.309411619999999630e+02 9.683566353906436497e-01 -1.361846547911526595e-01 2.091391079983043466e-01 -2.886600699999999975e+01 0.000000000000000000e+00 0.000000000000000000e+00 0.000000000000000000e+00 1.000000000000000000e+00
-2.353127545771714069e-01 -2.154666407199249956e-01 9.477352131635577992e-01 1.476793979999999920e+02 -7.766102139508991586e-02 -9.678304635305550185e-01 -2.393176959986497154e-01 -7.309171750000000429e+02 9.688119906819768756e-01 -1.299165909308795386e-01 2.110094929421973686e-01 -2.886881999999999948e+01 0.000000000000000000e+00 0.000000000000000000e+00 0.000000000000000000e+00 1.000000000000000000e+00
-2.355408813023958103e-01 -2.139525149430449580e-01 9.480215264353637483e-01 1.474253229999999917e+02 -7.100545839378186175e-02 -9.690713928581632386e-01 -2.363447914006749917e-01 -7.308892210000000205e+02 9.692671035961035741e-01 -1.229835635094616575e-01 2.130641335207186238e-01 -2.887159499999999923e+01 0.000000000000000000e+00 0.000000000000000000e+00 0.000000000000000000e+00 1.000000000000000000e+00
-2.356927102646136918e-01 -2.121200661189285297e-01 9.483954997140287002e-01 1.471945039999999949e+02 -6.493985169956291437e-02 -9.702697272762040859e-01 -2.331511784070567361e-01 -7.308624270000000251e+02 9.696554862369208827e-01 -1.165406962441095651e-01 2.149104560731713853e-01 -2.887377400000000094e+01 0.000000000000000000e+00 0.000000000000000000e+00 0.000000000000000000e+00 1.000000000000000000e+00
-2.357892533438495086e-01 -2.093563854466317653e-01 9.489854223750073814e-01 1.469177699999999902e+02 -5.799500912099035677e-02 -9.717472978223078428e-01 -2.287876047606145213e-01 -7.308291020000000344e+02 9.700721658333497643e-01 -1.089820767271585111e-01 2.169859443089103557e-01 -2.887576699999999974e+01 0.000000000000000000e+00 0.000000000000000000e+00 0.000000000000000000e+00 1.000000000000000000e+00
-2.355361796635746519e-01 -2.063205793064596116e-01 9.497128653567536993e-01 1.466648409999999956e+02 -5.373348829955418293e-02 -9.729466431791404801e-01 -2.246943296160459347e-01 -7.308019410000000562e+02 9.703790085861554449e-01 -1.039550291284146721e-01 2.180778109167930134e-01 -2.887401399999999896e+01 0.000000000000000000e+00 0.000000000000000000e+00 0.000000000000000000e+00 1.000000000000000000e+00
-2.352923838276955448e-01 -2.031169950928358170e-01 9.504635608044827988e-01 1.464351200000000119e+02 -4.937071540002674341e-02 -9.741587032580192318e-01 -2.204027071692714057e-01 -7.307753910000000133e+02 9.706698854778433860e-01 -9.878414433050954069e-02 2.191840921584390645e-01 -2.886818500000000043e+01 0.000000000000000000e+00 0.000000000000000000e+00 0.000000000000000000e+00 1.000000000000000000e+00
-2.353523729747122040e-01 -1.990896443894026313e-01 9.513004646440960110e-01 1.461816410000000133e+02 -4.237570470179129190e-02 -9.757619183597562307e-01 -2.146927533241744235e-01 -7.307402339999999867e+02 9.709858702299422051e-01 -9.084047652775406601e-02 2.212113189644961120e-01 -2.886248799999999903e+01 0.000000000000000000e+00 0.000000000000000000e+00 0.000000000000000000e+00 1.000000000000000000e+00
-2.354334390372351538e-01 -1.941655848230513237e-01 9.522976538107309485e-01 1.459051509999999894e+02 -3.482175153605432394e-02 -9.775261687374962039e-01 -2.079183374629405556e-01 -7.307003780000000006e+02 9.712664626162387238e-01 -8.211160151716925815e-02 2.233811619032004259e-01 -2.885860100000000017e+01 0.000000000000000000e+00 0.000000000000000000e+00 0.000000000000000000e+00 1.000000000000000000e+00
-2.354466747458201503e-01 -1.896601861968374436e-01 9.532019078468724205e-01 1.456748350000000016e+02 -2.878979079286532461e-02 -9.789826862469244162e-01 -2.019010846302212447e-01 -7.306664429999999584e+02 9.714607615839353505e-01 -7.497942251403152958e-02 2.250379410282260517e-01 -2.885638000000000147e+01 0.000000000000000000e+00 0.000000000000000000e+00 0.000000000000000000e+00 1.000000000000000000e+00
-2.354232457420110114e-01 -1.842977666442060514e-01 9.542589944948144387e-01 1.454214780000000076e+02 -2.235405565945020046e-02 -9.805695233955162848e-01 -1.948940891444992385e-01 -7.306286010000000033e+02 9.716358327891528868e-01 -6.721415771879891976e-02 2.267290573399922682e-01 -2.885448600000000141e+01 0.000000000000000000e+00 0.000000000000000000e+00 0.000000000000000000e+00 1.000000000000000000e+00
-2.353690794099548844e-01 -1.779872338935916676e-01 9.554694872305541375e-01 1.451451720000000023e+02 -1.557947081781296816e-02 -9.822710515990759061e-01 -1.868177220701557895e-01 -7.305866089999999531e+02 9.717811875863552329e-01 -5.885682425473652557e-02 2.284232862295343391e-01 -2.885274300000000025e+01 0.000000000000000000e+00 0.000000000000000000e+00 0.000000000000000000e+00 1.000000000000000000e+00
-2.353036492189534423e-01 -1.718032165617574547e-01 9.566168759975318681e-01 1.448919530000000009e+02 -9.581536956583425191e-03 -9.837949432852868270e-01 -1.790410671210616034e-01 -7.305476680000000442e+02 9.718746764957882922e-01 -5.129487640430312190e-02 2.298444013694349308e-01 -2.885129399999999933e+01 0.000000000000000000e+00 0.000000000000000000e+00 0.000000000000000000e+00 1.000000000000000000e+00
-2.352306712651199283e-01 -1.658692090421646781e-01 9.576815424700884094e-01 1.446617430000000013e+02 -4.292698963074839669e-03 -9.851434220477101045e-01 -1.716799660174128106e-01 -7.305118410000000040e+02 9.719300921526061732e-01 -4.449543221336625665e-02 2.310239218790388072e-01 -2.885003100000000131e+01 0.000000000000000000e+00 0.000000000000000000e+00 0.000000000000000000e+00 1.000000000000000000e+00
-2.351487580574335712e-01 -1.590241032741995519e-01 9.588620318700095124e-01 1.444084009999999978e+02 1.329330595847638685e-03 -9.865764820147313596e-01 -1.632944518824919755e-01 -7.304721680000000106e+02 9.719584839200764437e-01 -3.712384292167589250e-02 2.322036300803956288e-01 -2.884869399999999828e+01 0.000000000000000000e+00 0.000000000000000000e+00 0.000000000000000000e+00 1.000000000000000000e+00
-2.350664045118197598e-01 -1.518665071203093575e-01 9.600418477779822934e-01 1.441550599999999918e+02 6.764394521485125877e-03 -9.879500798731374323e-01 -1.546249741969878411e-01 -7.304323120000000245e+02 9.719557749386765755e-01 -2.985303491671299769e-02 2.332611580817052777e-01 -2.884739099999999823e+01 0.000000000000000000e+00 0.000000000000000000e+00 0.000000000000000000e+00 1.000000000000000000e+00
-2.349779455948151630e-01 -1.437397942665396555e-01 9.613138075718316022e-01 1.438786619999999914e+02 1.245474249755078311e-02 -9.893693184295063725e-01 -1.448904107926164420e-01 -7.303887330000000020e+02 9.719209044327420388e-01 -2.207313513179058606e-02 2.342702120033486879e-01 -2.884604500000000016e+01 0.000000000000000000e+00 0.000000000000000000e+00 0.000000000000000000e+00 1.000000000000000000e+00
-2.348994347686214901e-01 -1.353098174117784991e-01 9.625557172742642553e-01 1.436020509999999888e+02 1.790885154411314684e-02 -9.906979819101595641e-01 -1.348954472008156991e-01 -7.303452150000000529e+02 9.718546849101223906e-01 -1.444859685672988947e-02 2.351376394095991140e-01 -2.884478400000000065e+01 0.000000000000000000e+00 0.000000000000000000e+00 0.000000000000000000e+00 1.000000000000000000e+00
-2.348363126393568923e-01 -1.273505789442624103e-01 9.636564410143850790e-01 1.433484650000000045e+02 2.270214424206812298e-02 -9.918286144079333511e-01 -1.255412772296469193e-01 -7.303055419999999458e+02 9.717697869931758436e-01 -7.604583104938958393e-03 2.358085057902651327e-01 -2.884371900000000011e+01 0.000000000000000000e+00 0.000000000000000000e+00 0.000000000000000000e+00 1.000000000000000000e+00
-2.347873073331220029e-01 -1.191990199526165445e-01 9.647105855942486041e-01 1.430947569999999871e+02 2.726525133177580551e-02 -9.928699339654026845e-01 -1.160426658490416041e-01 -7.302664180000000442e+02 9.716643074565811666e-01 -9.422684718018992100e-04 2.363632495652609189e-01 -2.884277700000000166e+01 0.000000000000000000e+00 0.000000000000000000e+00 0.000000000000000000e+00 1.000000000000000000e+00
-2.347479514012167368e-01 -1.093544795410457127e-01 9.658856025002334755e-01 1.427947240000000022e+02 3.238024712295636126e-02 -9.939801974848219146e-01 -1.046655941763610376e-01 -7.302199100000000271e+02 9.715168134979385028e-01 6.705580686371288845e-03 2.368757401644800975e-01 -2.884183499999999967e+01 0.000000000000000000e+00 0.000000000000000000e+00 0.000000000000000000e+00 1.000000000000000000e+00
-2.347358291110316353e-01 -1.016618904131613432e-01 9.667284782032535828e-01 1.425638280000000009e+02 3.608538613126974215e-02 -9.947418954698435956e-01 -9.584574223625935696e-02 -7.301849979999999505e+02 9.713891781563727124e-01 1.238634064946862734e-02 2.371700721549867552e-01 -2.884125099999999975e+01 0.000000000000000000e+00 0.000000000000000000e+00 0.000000000000000000e+00 1.000000000000000000e+00
-2.347455386932401633e-01 -9.310392885259015372e-02 9.675878205598870130e-01 1.423096309999999960e+02 3.996771331630198654e-02 -9.954852034388025350e-01 -8.609176282706673677e-02 -7.301468509999999696e+02 9.712348397560118807e-01 1.846261537859256174e-02 2.374068614793932164e-01 -2.884076299999999904e+01 0.000000000000000000e+00 0.000000000000000000e+00 0.000000000000000000e+00 1.000000000000000000e+00
-2.348129982079566469e-01 -7.422762611006138156e-02 9.692023088058836500e-01 1.417545929999999998e+02 4.768765468697749865e-02 -9.967591699786065851e-01 -6.478460198237927237e-02 -7.300655520000000251e+02 9.708700960803386959e-01 3.100671839496469198e-02 2.375917505961215870e-01 -2.884030200000000121e+01 0.000000000000000000e+00 0.000000000000000000e+00 0.000000000000000000e+00 1.000000000000000000e+00
-2.348815349166542554e-01 -6.554943465203738606e-02 9.698112889485224208e-01 1.414999080000000049e+02 5.083297804057521768e-02 -9.971866841138165016e-01 -5.508834150360297083e-02 -7.300296019999999544e+02 9.706939130842031638e-01 3.635916174624310299e-02 2.375528119353412237e-01 -2.884038500000000127e+01 0.000000000000000000e+00 0.000000000000000000e+00 0.000000000000000000e+00 1.000000000000000000e+00
-2.349948555656352911e-01 -5.453308498300622059e-02 9.704656410712965142e-01 1.411755369999999914e+02 5.457507451186096453e-02 -9.975901532553784756e-01 -4.284212144532039551e-02 -7.299849239999999782e+02 9.704632806550236301e-01 4.289555653149845077e-02 2.374047011542567975e-01 -2.884076299999999904e+01 0.000000000000000000e+00 0.000000000000000000e+00 0.000000000000000000e+00 1.000000000000000000e+00
-2.351139328841353182e-01 -4.516161473482166455e-02 9.709180537606135752e-01 1.408972780000000000e+02 5.748064504327350666e-02 -9.978176916502873306e-01 -3.249353281964704326e-02 -7.299478149999999914e+02 9.702666715955791110e-01 4.816931371979283477e-02 2.371967605314218852e-01 -2.884133699999999934e+01 0.000000000000000000e+00 0.000000000000000000e+00 0.000000000000000000e+00 1.000000000000000000e+00
-2.352584607025856867e-01 -3.588918453598397701e-02 9.712700052514708915e-01 1.406188510000000065e+02 6.010183630409123706e-02 -9.979427430196495807e-01 -2.231705462856012345e-02 -7.299119869999999537e+02 9.700727941452262915e-01 5.312483494336715795e-02 2.369314794861877849e-01 -2.884212499999999935e+01 0.000000000000000000e+00 0.000000000000000000e+00 0.000000000000000000e+00 1.000000000000000000e+00
-2.354257063278110684e-01 -2.674825162618925042e-02 9.715241982755720151e-01 1.403401639999999873e+02 6.244798280982435945e-02 -9.979718854022050500e-01 -1.234363762234279988e-02 -7.298775630000000092e+02 9.698840065920433240e-01 5.776371682734673246e-02 2.366186103738566193e-01 -2.884313200000000066e+01 0.000000000000000000e+00 0.000000000000000000e+00 0.000000000000000000e+00 1.000000000000000000e+00
-2.356310454654892139e-01 -1.703052583892844529e-02 9.716933526594130344e-01 1.400380859999999927e+02 6.468697355697183848e-02 -9.979039745334563616e-01 -1.803624786602796987e-03 -7.298416750000000093e+02 9.696873753250995209e-01 6.243091221487005738e-02 2.362388099680892972e-01 -2.884444799999999987e+01 0.000000000000000000e+00 0.000000000000000000e+00 0.000000000000000000e+00 1.000000000000000000e+00
-2.358614885830764563e-01 -7.542285569148484553e-03 9.717574142406986137e-01 1.397357639999999890e+02 6.661102476831362584e-02 -9.977434610693561856e-01 8.423613990286887149e-03 -7.298076170000000502e+02 9.695010725020836162e-01 6.671656332377787213e-02 2.358316573227053625e-01 -2.884599100000000149e+01 0.000000000000000000e+00 0.000000000000000000e+00 0.000000000000000000e+00 1.000000000000000000e+00
-2.360926669403158595e-01 9.813997226998591450e-04 9.717300496905472151e-01 1.394565279999999916e+02 6.810204114782536511e-02 -9.975239260588735224e-01 1.755360167005423633e-02 -7.297777710000000297e+02 9.693412013365103608e-01 7.032107646129512335e-02 2.354412487157161171e-01 -2.884759700000000038e+01 0.000000000000000000e+00 0.000000000000000000e+00 0.000000000000000000e+00 1.000000000000000000e+00
-2.363384182892015739e-01 9.254117852648631459e-03 9.716267356054624216e-01 1.391771239999999921e+02 6.932060771872738947e-02 -9.972461187550177852e-01 2.635966565718864466e-02 -7.297495119999999815e+02 9.691949264137036391e-01 7.358355747598609164e-02 2.350460692781599359e-01 -2.884936000000000078e+01 0.000000000000000000e+00 0.000000000000000000e+00 0.000000000000000000e+00 1.000000000000000000e+00
-2.366004658734908173e-01 1.725024627182528483e-02 9.714538839039188467e-01 1.388975680000000068e+02 7.027926491854265267e-02 -9.969194805247465485e-01 3.481916530846990848e-02 -7.297229610000000548e+02 9.690619404717928376e-01 7.651129559634076149e-02 2.346592789028657533e-01 -2.885125899999999888e+01 0.000000000000000000e+00 0.000000000000000000e+00 0.000000000000000000e+00 1.000000000000000000e+00
-2.368974901174547010e-01 2.557926486372918973e-02 9.711978585154937837e-01 1.385945590000000038e+02 7.103434833308579222e-02 -9.965217016348754120e-01 4.357315145391098266e-02 -7.296961059999999861e+02 9.689343117739942501e-01 7.931077719807581861e-02 2.342564835544426738e-01 -2.885345500000000030e+01 0.000000000000000000e+00 0.000000000000000000e+00 0.000000000000000000e+00 1.000000000000000000e+00
-2.372163406928989859e-01 3.353921915760449401e-02 9.708777103665365837e-01 1.382913670000000081e+02 7.155085348912362808e-02 -9.960861782607066672e-01 5.189220406725559426e-02 -7.296710819999999558e+02 9.688182920822915323e-01 8.177680756961541730e-02 2.338881584656941071e-01 -2.885578299999999885e+01 0.000000000000000000e+00 0.000000000000000000e+00 0.000000000000000000e+00 1.000000000000000000e+00
-2.377976195001221538e-01 4.717608916461497187e-02 9.701683919666770350e-01 1.377314000000000078e+02 7.160926871387474080e-02 -9.952502161592593488e-01 6.594785719955005565e-02 -7.296306759999999940e+02 9.686714638071773908e-01 8.515529253123650666e-02 2.332898869637952399e-01 -2.886026400000000081e+01 0.000000000000000000e+00 0.000000000000000000e+00 0.000000000000000000e+00 1.000000000000000000e+00
-2.380933826943442133e-01 5.345067306101818766e-02 9.697703680080602684e-01 1.374512019999999950e+02 7.129289921852621781e-02 -9.948290926935487999e-01 7.233532229517974921e-02 -7.296131589999999960e+02 9.686221469893105951e-01 8.636030268505667795e-02 2.330515704344507943e-01 -2.886256600000000105e+01 0.000000000000000000e+00 0.000000000000000000e+00 0.000000000000000000e+00 1.000000000000000000e+00
-2.383886953147252019e-01 5.934579785816118669e-02 9.693548917825307587e-01 1.371710050000000081e+02 7.075518448821935258e-02 -9.944173391638663206e-01 7.828064536202110346e-02 -7.295974730000000363e+02 9.685889395477225161e-01 8.724810511887774733e-02 2.328588292055598641e-01 -2.886487800000000092e+01 0.000000000000000000e+00 0.000000000000000000e+00 0.000000000000000000e+00 1.000000000000000000e+00
-2.386827519329838554e-01 6.485215547739885122e-02 9.689296888111298411e-01 1.368907930000000022e+02 6.999602278329163096e-02 -9.940233520951015089e-01 8.377429369525599134e-02 -7.295834350000000086e+02 9.685716807362367842e-01 8.781670353385723216e-02 2.327168362113666011e-01 -2.886718400000000173e+01 0.000000000000000000e+00 0.000000000000000000e+00 0.000000000000000000e+00 1.000000000000000000e+00
-2.389937455255703724e-01 7.077711758814818344e-02 9.684382216876677996e-01 1.365637659999999869e+02 6.899350616527751001e-02 -9.935815875804535624e-01 8.964108950769986150e-02 -7.295690309999999954e+02 9.685669237108404106e-01 8.823960815313658390e-02 2.325766236024166267e-01 -2.886970900000000029e+01 0.000000000000000000e+00 0.000000000000000000e+00 0.000000000000000000e+00 1.000000000000000000e+00
-2.388817771889313879e-01 7.545549359404331302e-02 9.681125786877975425e-01 1.362843479999999943e+02 6.973869634530428796e-02 -9.930688403415208754e-01 9.460862843739190065e-02 -7.295546880000000556e+02 9.685411765945293183e-01 9.011518645170926711e-02 2.319638816963936478e-01 -2.886792900000000017e+01 0.000000000000000000e+00 0.000000000000000000e+00 0.000000000000000000e+00 1.000000000000000000e+00
-2.388706453950859843e-01 8.005051437285243265e-02 9.677462115230300865e-01 1.359814759999999865e+02 6.950093733456569334e-02 -9.926309883516891697e-01 9.926399484992526334e-02 -7.295421139999999696e+02 9.685610122641487019e-01 9.097052331712157658e-02 2.315468190437026397e-01 -2.886030399999999929e+01 0.000000000000000000e+00 0.000000000000000000e+00 0.000000000000000000e+00 1.000000000000000000e+00
-2.392178582276742183e-01 8.383221251533801155e-02 9.673401555036096333e-01 1.357010349999999903e+02 6.723596764229047840e-02 -9.924441584036387543e-01 1.026348727562804986e-01 -7.295364379999999755e+02 9.686351949832141539e-01 8.959214583475622051e-02 2.317738260558222518e-01 -2.885565199999999919e+01 0.000000000000000000e+00 0.000000000000000000e+00 0.000000000000000000e+00 1.000000000000000000e+00
-2.395388869001649212e-01 8.747974568957571362e-02 9.669376483293622426e-01 1.353973080000000095e+02 6.478246279074016678e-02 -9.922727870467094036e-01 1.058203600509974585e-01 -7.295322270000000344e+02 9.687230533942076116e-01 8.798869348185331396e-02 2.320207655404147029e-01 -2.885338799999999893e+01 0.000000000000000000e+00 0.000000000000000000e+00 0.000000000000000000e+00 1.000000000000000000e+00
-2.397682941170930782e-01 9.019996423781548311e-02 9.666308145241778726e-01 1.351403349999999932e+02 6.266313176277285568e-02 -9.921603717238128839e-01 1.081255228821862563e-01 -7.295301510000000462e+02 9.688057065551688440e-01 8.649718626846554514e-02 2.322363875747679718e-01 -2.885263099999999881e+01 0.000000000000000000e+00 0.000000000000000000e+00 0.000000000000000000e+00 1.000000000000000000e+00
-2.398148445611849588e-01 9.260131230080874409e-02 9.663921757176341387e-01 1.348603359999999896e+02 5.730811501655304341e-02 -9.923542875811404151e-01 1.093103282978177132e-01 -7.295355829999999742e+02 9.691256989066712180e-01 8.159635334679636587e-02 2.326744825698781050e-01 -2.885176699999999883e+01 0.000000000000000000e+00 0.000000000000000000e+00 0.000000000000000000e+00 1.000000000000000000e+00
-2.396134603376197103e-01 9.382047092774783992e-02 9.663245359918829491e-01 1.345809020000000089e+02 4.413375727295088674e-02 -9.932383244366704833e-01 1.073771034215771220e-01 -7.295587160000000040e+02 9.698647334004905085e-01 6.837653183023718884e-02 2.338526219670507555e-01 -2.884948899999999838e+01 0.000000000000000000e+00 0.000000000000000000e+00 0.000000000000000000e+00 1.000000000000000000e+00
-2.405657204417812889e-01 8.995189791161381510e-02 9.664557880267597989e-01 1.339962460000000135e+02 -3.913856778842907114e-03 -9.957783568114111361e-01 9.170684724207192606e-02 -7.296554569999999558e+02 9.706249614930791969e-01 1.827895423881291392e-02 2.399021966520814286e-01 -2.884222600000000014e+01 0.000000000000000000e+00 0.000000000000000000e+00 0.000000000000000000e+00 1.000000000000000000e+00
-2.455365902730959338e-01 7.647124820772591147e-02 9.663663544611920120e-01 1.334736629999999877e+02 -6.024058385936720272e-02 -9.961605872101712000e-01 6.352288206126557868e-02 -7.297761839999999438e+02 9.675137492011907092e-01 -4.261728154914724148e-02 2.492005465885184234e-01 -2.884019699999999986e+01 0.000000000000000000e+00 0.000000000000000000e+00 0.000000000000000000e+00 1.000000000000000000e+00
-2.505468847035550173e-01 6.453179507422225625e-02 9.659512958684005612e-01 1.331839750000000038e+02 -9.339970187153616432e-02 -9.947327435226012149e-01 4.222871835975307991e-02 -7.298493039999999610e+02 9.635884776478244040e-01 -7.963928922647267594e-02 2.552544404233755282e-01 -2.884331299999999842e+01 0.000000000000000000e+00 0.000000000000000000e+00 0.000000000000000000e+00 1.000000000000000000e+00
-2.560825320069634592e-01 5.218523968281936487e-02 9.652452732648573175e-01 1.329398500000000070e+02 -1.212806181122586674e-01 -9.923858994769896302e-01 2.147645663405595845e-02 -7.299116209999999683e+02 9.590165527618441654e-01 -1.115657979781111420e-01 2.604617519911441303e-01 -2.884867300000000157e+01 0.000000000000000000e+00 0.000000000000000000e+00 0.000000000000000000e+00 1.000000000000000000e+00
-2.636358305452459749e-01 3.625816658866902464e-02 9.639406071996069469e-01 1.326683199999999943e+02 -1.515763748950818002e-01 -9.884362984240702144e-01 -4.276275410712709890e-03 -7.299797360000000026e+02 9.526388357748093449e-01 -1.472380022730238602e-01 2.660831059279508137e-01 -2.885781100000000166e+01 0.000000000000000000e+00 0.000000000000000000e+00 0.000000000000000000e+00 1.000000000000000000e+00
-2.726800977839426987e-01 1.811239275652518077e-02 9.619342521717234584e-01 1.323937840000000108e+02 -1.808059426839676576e-01 -9.829735502219781873e-01 -3.274462786720978846e-02 -7.300455930000000535e+02 9.449628433767655045e-01 -1.828522375926355248e-01 2.713121520401640674e-01 -2.887065099999999873e+01 0.000000000000000000e+00 0.000000000000000000e+00 0.000000000000000000e+00 1.000000000000000000e+00
-2.830955889645361268e-01 -2.085858012435368170e-03 9.590894310256861122e-01 1.321164860000000090e+02 -2.083016840764467248e-01 -9.759941198234038939e-01 -6.360728323907059722e-02 -7.301071779999999762e+02 9.361983208272370849e-01 -2.177868849735702383e-01 2.758651424405960118e-01 -2.888715600000000094e+01 0.000000000000000000e+00 0.000000000000000000e+00 0.000000000000000000e+00 1.000000000000000000e+00
-2.969093555486070346e-01 -2.846986831306999588e-02 9.544811685863413553e-01 1.317858119999999928e+02 -2.377784191651406143e-01 -9.658668316117080543e-01 -1.027749335766619948e-01 -7.301721800000000258e+02 9.248276909603420082e-01 -2.574698626841538385e-01 2.800053782382856959e-01 -2.891089099999999945e+01 0.000000000000000000e+00 0.000000000000000000e+00 0.000000000000000000e+00 1.000000000000000000e+00
-3.095409859004037978e-01 -5.284084600086885741e-02 9.494167804719477743e-01 1.315042880000000025e+02 -2.595803205839175565e-01 -9.558352437432421356e-01 -1.378297645062475651e-01 -7.302187500000000000e+02 9.147690611369390101e-01 -2.891138734343434158e-01 2.821537399618049280e-01 -2.893395399999999995e+01 0.000000000000000000e+00 0.000000000000000000e+00 0.000000000000000000e+00 1.000000000000000000e+00
-3.374426700156222814e-01 -1.096077299618016393e-01 9.349430945171733898e-01 1.309135890000000018e+02 -2.946853901548923127e-01 -9.309777433185347784e-01 -2.155016526033785851e-01 -7.302862549999999828e+02 8.940318592097188377e-01 -3.482335236276787871e-01 2.818518187627395144e-01 -2.898846400000000045e+01 0.000000000000000000e+00 0.000000000000000000e+00 0.000000000000000000e+00 1.000000000000000000e+00
-3.541463695741828288e-01 -1.445727339795452315e-01 9.239475491103950056e-01 1.305786899999999946e+02 -3.119608024231574905e-01 -9.131258589528556957e-01 -2.624530881188273934e-01 -7.303129269999999451e+02 8.816239598995287974e-01 -3.811822271582043786e-01 2.782791818116925886e-01 -2.902487899999999854e+01 0.000000000000000000e+00 0.000000000000000000e+00 0.000000000000000000e+00 1.000000000000000000e+00
-3.700410117484929651e-01 -1.784196246993912660e-01 9.117214964813979972e-01 1.302693629999999985e+02 -3.265109166623910153e-01 -8.937982790713447923e-01 -3.074333385132254626e-01 -7.303298949999999650e+02 8.697472454250352314e-01 -4.114499651855990092e-01 2.724860642754642348e-01 -2.906223500000000115e+01 0.000000000000000000e+00 0.000000000000000000e+00 0.000000000000000000e+00 1.000000000000000000e+00
-3.838821538894855445e-01 -2.110725688280489232e-01 8.989342927119301496e-01 1.299882660000000101e+02 -3.356614958029676687e-01 -8.750256309061424931e-01 -3.488000938827596764e-01 -7.303321529999999484e+02 8.602126784467221121e-01 -4.356357606368377322e-01 2.650577897249581927e-01 -2.909636700000000076e+01 0.000000000000000000e+00 0.000000000000000000e+00 0.000000000000000000e+00 1.000000000000000000e+00
-3.978736356162929644e-01 -2.484262368690931255e-01 8.831653157345652483e-01 1.296849819999999909e+02 -3.413300758850645877e-01 -8.534536948950318669e-01 -3.938407926641345203e-01 -7.303200070000000323e+02 8.515810879638937569e-01 -4.581497522700180847e-01 2.547713781356761853e-01 -2.913281800000000032e+01 0.000000000000000000e+00 0.000000000000000000e+00 0.000000000000000000e+00 1.000000000000000000e+00
-4.094984622929458973e-01 -2.841675667549355966e-01 8.669254889460176194e-01 1.294106749999999977e+02 -3.429549808602463390e-01 -8.326048783514525820e-01 -4.349149315078873479e-01 -7.302957760000000462e+02 8.453951090956586256e-01 -4.754134101494629783e-01 2.434937349649834715e-01 -2.916522399999999848e+01 0.000000000000000000e+00 0.000000000000000000e+00 0.000000000000000000e+00 1.000000000000000000e+00
-4.197193994517897098e-01 -3.212850629120652668e-01 8.488884108488108371e-01 1.291406250000000000e+02 -3.412965713541368240e-01 -8.107532703787500017e-01 -4.756004467534404867e-01 -7.302590940000000046e+02 8.410423747384787596e-01 -4.893414379753178167e-01 2.306353853477574045e-01 -2.919621799999999823e+01 0.000000000000000000e+00 0.000000000000000000e+00 0.000000000000000000e+00 1.000000000000000000e+00
-4.291556427480159308e-01 -3.632079739405239538e-01 8.269857326239413720e-01 1.288512269999999944e+02 -3.360376628896705187e-01 -7.856589766560841959e-01 -5.194407199280420828e-01 -7.302049560000000383e+02 8.383937758697792564e-01 -5.008192688642622015e-01 2.151184244017241842e-01 -2.922823899999999853e+01 0.000000000000000000e+00 0.000000000000000000e+00 0.000000000000000000e+00 1.000000000000000000e+00
-4.360422628779369036e-01 -4.027116048657215508e-01 8.047922143576957676e-01 1.285912930000000074e+02 -3.287408584918128929e-01 -7.612042896199576747e-01 -5.590147381082556377e-01 -7.301438600000000179e+02 8.377330081489891001e-01 -5.083221348423169195e-01 1.995294822501057774e-01 -2.925631299999999868e+01 0.000000000000000000e+00 0.000000000000000000e+00 0.000000000000000000e+00 1.000000000000000000e+00
-4.413331902031539244e-01 -4.429477077021035103e-01 7.803988361514636596e-01 1.283364259999999888e+02 -3.196981034455290138e-01 -7.349965369119851877e-01 -5.979742581254825495e-01 -7.300723880000000463e+02 8.384617688830177107e-01 -5.133979148466043529e-01 1.827688243457295247e-01 -2.928373500000000007e+01 0.000000000000000000e+00 0.000000000000000000e+00 0.000000000000000000e+00 1.000000000000000000e+00
-4.458922282098786161e-01 -4.947168881353533054e-01 7.459459239219033977e-01 1.280192869999999914e+02 -3.065203960431963637e-01 -6.985949515977823987e-01 -6.465371918239617433e-01 -7.299685060000000476e+02 8.409669242197054251e-01 -5.169335491102937663e-01 1.598572431036012764e-01 -2.931857300000000066e+01 0.000000000000000000e+00 0.000000000000000000e+00 0.000000000000000000e+00 1.000000000000000000e+00
-4.479084958080620238e-01 -5.354166353526764732e-01 7.160356178086244583e-01 1.277756729999999976e+02 -2.953872357463577236e-01 -6.672753279740063492e-01 -6.837324166918722357e-01 -7.298773190000000568e+02 8.438746117410365066e-01 -5.177573401360925365e-01 1.407230485532257047e-01 -2.934651600000000116e+01 0.000000000000000000e+00 0.000000000000000000e+00 0.000000000000000000e+00 1.000000000000000000e+00
-4.486038523501289510e-01 -5.793802840376804930e-01 6.804947245387286126e-01 1.275155939999999930e+02 -2.827546195299246445e-01 -6.302911240965277662e-01 -7.230372908914330932e-01 -7.297684329999999591e+02 8.478233358377859075e-01 -5.167703410157669097e-01 1.189285745955815238e-01 -2.937809000000000026e+01 0.000000000000000000e+00 0.000000000000000000e+00 0.000000000000000000e+00 1.000000000000000000e+00
-4.473420106146532849e-01 -6.225170958391408327e-01 6.421507540502007227e-01 1.272627489999999995e+02 -2.693918523327145098e-01 -5.908642269033954619e-01 -7.604653149635438592e-01 -7.296488040000000410e+02 8.528265682048070673e-01 -5.131782641089301933e-01 9.661735770634949372e-02 -2.941083300000000023e+01 0.000000000000000000e+00 0.000000000000000000e+00 0.000000000000000000e+00 1.000000000000000000e+00
-4.435488280892356250e-01 -6.677521175017109289e-01 5.978056094355815864e-01 1.269981159999999960e+02 -2.540885024777637113e-01 -5.459534960855798591e-01 -7.983569458710435551e-01 -7.295064089999999624e+02 8.594786035785145772e-01 -5.060058198122965312e-01 7.248889781761452822e-02 -2.944826300000000074e+01 0.000000000000000000e+00 0.000000000000000000e+00 0.000000000000000000e+00 1.000000000000000000e+00
-4.390737456881929068e-01 -7.132291966613983902e-01 5.463683362687452583e-01 1.267195889999999991e+02 -2.376600209812981535e-01 -4.942603966697717288e-01 -8.361963732945802974e-01 -7.293391719999999623e+02 8.664478981880614494e-01 -4.970017840144806964e-01 4.751069786810627193e-02 -2.949464800000000153e+01 0.000000000000000000e+00 0.000000000000000000e+00 0.000000000000000000e+00 1.000000000000000000e+00
-4.370160845796841054e-01 -7.484153374821231886e-01 4.988901927680702286e-01 1.264818420000000003e+02 -2.241874660332928704e-01 -4.465192819420870096e-01 -8.662335198591050167e-01 -7.291865229999999656e+02 8.710665427464274746e-01 -4.904029093260388050e-01 2.735077023309405442e-02 -2.954066800000000015e+01 0.000000000000000000e+00 0.000000000000000000e+00 0.000000000000000000e+00 1.000000000000000000e+00
-4.359881734488464944e-01 -7.871929615332129426e-01 4.361668876993166633e-01 1.261870190000000065e+02 -2.079146471771248228e-01 -3.834388405192211136e-01 -8.998589639885170577e-01 -7.289847409999999854e+02 8.756059685166327489e-01 -4.830133506372729091e-01 3.505852849824783735e-03 -2.960167699999999869e+01 0.000000000000000000e+00 0.000000000000000000e+00 0.000000000000000000e+00 1.000000000000000000e+00
-4.358295322405354999e-01 -8.159966492905010860e-01 3.797394990959866989e-01 1.259349059999999980e+02 -1.942066782890025656e-01 -3.267175873901046468e-01 -9.249537200303272755e-01 -7.288005980000000363e+02 8.788267092748990317e-01 -4.768700938795220612e-01 -1.607882546667882551e-02 -2.965493800000000135e+01 0.000000000000000000e+00 0.000000000000000000e+00 0.000000000000000000e+00 1.000000000000000000e+00
-4.359450666252294715e-01 -8.402963963428256022e-01 3.222636578616730474e-01 1.256870959999999968e+02 -1.808029261728716364e-01 -2.690077454776791943e-01 -9.460153987966282152e-01 -7.286083370000000059e+02 8.816247505443863819e-01 -4.706769583974526050e-01 -3.465544778633239398e-02 -2.970706699999999856e+01 0.000000000000000000e+00 0.000000000000000000e+00 0.000000000000000000e+00 1.000000000000000000e+00
-4.360324961128910770e-01 -8.601712416466043010e-01 2.645394060961447358e-01 1.254446180000000055e+02 -1.676609234900472423e-01 -2.111630218404886572e-01 -9.629641701235087670e-01 -7.284080810000000383e+02 8.841750262634804347e-01 -4.642365918918203160e-01 -5.214316523420101102e-02 -2.975717699999999866e+01 0.000000000000000000e+00 0.000000000000000000e+00 0.000000000000000000e+00 1.000000000000000000e+00
-4.350687947094553643e-01 -8.896703865028516844e-01 1.385703693071816955e-01 1.249274290000000036e+02 -1.391080329912751101e-01 -8.563560658361703271e-02 -9.865675334422649989e-01 -7.279341429999999491e+02 8.895864764188811113e-01 -4.485009991794030593e-01 -8.650291733645178172e-02 -2.985868999999999929e+01 0.000000000000000000e+00 0.000000000000000000e+00 0.000000000000000000e+00 1.000000000000000000e+00
-4.341014386028055894e-01 -8.964777523895999245e-01 8.878952907559350960e-02 1.247240829999999931e+02 -1.275359240717830467e-01 -3.641092055052516652e-02 -9.911653913125799686e-01 -7.277274780000000192e+02 8.917906307391498810e-01 -4.415901769006580491e-01 -9.852708556896733194e-02 -2.989581499999999892e+01 0.000000000000000000e+00 0.000000000000000000e+00 0.000000000000000000e+00 1.000000000000000000e+00
-4.321053745908338128e-01 -9.013417009103406041e-01 2.946325592614490452e-02 1.244799579999999963e+02 -1.132228673747990855e-01 2.180911715314783061e-02 -9.933302294365298213e-01 -7.274613040000000410e+02 8.946873909657742097e-01 -4.325592452012262945e-01 -1.114763285985036073e-01 -2.993742400000000004e+01 0.000000000000000000e+00 0.000000000000000000e+00 0.000000000000000000e+00 1.000000000000000000e+00
-4.293217321555318211e-01 -9.027745213907790722e-01 -2.609624161873153048e-02 1.242472530000000006e+02 -9.901109180220590833e-02 7.576669686443393559e-02 -9.921976674767924997e-01 -7.271869510000000218e+02 8.977080004094364352e-01 -4.233882038672102666e-01 -1.219129805516568910e-01 -2.997339399999999898e+01 0.000000000000000000e+00 0.000000000000000000e+00 0.000000000000000000e+00 1.000000000000000000e+00
-4.260228143762292974e-01 -9.016706583285090115e-01 -7.412547160315274830e-02 1.240405810000000031e+02 -8.578959935133767534e-02 1.218253459839305775e-01 -9.888370592362688560e-01 -7.269240720000000238e+02 9.006357234054696015e-01 -4.149079524247861750e-01 -1.292543412832917182e-01 -3.000152800000000042e+01 0.000000000000000000e+00 0.000000000000000000e+00 0.000000000000000000e+00 1.000000000000000000e+00
-4.224334779400875095e-01 -8.990450456665307621e-01 -1.151866423588553401e-01 1.238577879999999993e+02 -7.349728997858318014e-02 1.606402160844254690e-01 -9.842727616581457006e-01 -7.266746219999999994e+02 9.034091570718359998e-01 -4.073238598938371813e-01 -1.339371796027526429e-01 -3.002277600000000035e+01 0.000000000000000000e+00 0.000000000000000000e+00 0.000000000000000000e+00 1.000000000000000000e+00
-4.173486757255897017e-01 -8.948983808563952813e-01 -1.580410415388963652e-01 1.236584849999999989e+02 -5.928618171317801000e-02 2.003532657130829286e-01 -9.779282783394573908e-01 -7.263809199999999464e+02 9.068104716686773425e-01 -3.987674220127634395e-01 -1.366722781449333790e-01 -3.004093699999999956e+01 0.000000000000000000e+00 0.000000000000000000e+00 0.000000000000000000e+00 1.000000000000000000e+00
-4.122648771107486620e-01 -8.907783396104341778e-01 -1.911847817733850485e-01 1.234955520000000035e+02 -4.691069955480509091e-02 2.303243112035466555e-01 -9.719825605101617416e-01 -7.261217649999999821e+02 9.098555145560957014e-01 -3.917456590052905696e-01 -1.367416589133412519e-01 -3.005111700000000141e+01 0.000000000000000000e+00 0.000000000000000000e+00 0.000000000000000000e+00 1.000000000000000000e+00
-3.989152412307385154e-01 -8.823329756013849057e-01 -2.497101329146015347e-01 1.231758959999999945e+02 -2.010968353728709301e-02 2.806678208436284017e-01 -9.595942762287190675e-01 -7.255515749999999571e+02 9.167672719626568378e-01 -3.777751904364488045e-01 -1.297061083713984542e-01 -3.005477700000000141e+01 0.000000000000000000e+00 0.000000000000000000e+00 0.000000000000000000e+00 1.000000000000000000e+00
-3.907906499574135273e-01 -8.792671919548065151e-01 -2.723451359172245345e-01 1.230323410000000024e+02 -6.707943726160847664e-03 2.985855881119420241e-01 -9.543592877228220805e-01 -7.252612299999999550e+02 9.204551436093063588e-01 -3.711278104962695279e-01 -1.225825308900747590e-01 -3.004695500000000052e+01 0.000000000000000000e+00 0.000000000000000000e+00 0.000000000000000000e+00 1.000000000000000000e+00
-3.817458743720176795e-01 -8.773917724213946556e-01 -2.906092997259159816e-01 1.228993909999999943e+02 6.645426133847498473e-03 3.118076092275416933e-01 -9.501220201317849279e-01 -7.249680789999999888e+02 9.242434342268508463e-01 -3.646363839704537257e-01 -1.132006262063443847e-01 -3.003277200000000136e+01 0.000000000000000000e+00 0.000000000000000000e+00 0.000000000000000000e+00 1.000000000000000000e+00
-3.718841990274638354e-01 -8.768873829054497637e-01 -3.045827641461892887e-01 1.227766950000000037e+02 1.990860234948643726e-02 3.205058581074547996e-01 -9.470372972968352787e-01 -7.246726680000000442e+02 9.280656173278869492e-01 -3.582520238882615504e-01 -1.017334621143542728e-01 -3.001239400000000046e+01 0.000000000000000000e+00 0.000000000000000000e+00 0.000000000000000000e+00 1.000000000000000000e+00
-3.152577774540985533e-01 -8.952612559645447554e-01 -3.148329991018856133e-01 1.223146129999999943e+02 8.078887679025598123e-02 3.052279560618255672e-01 -9.488461688942465555e-01 -7.232135009999999511e+02 9.455610456980927392e-01 -3.245661387253854224e-01 -2.389833574169891728e-02 -2.983418999999999954e+01 0.000000000000000000e+00 0.000000000000000000e+00 0.000000000000000000e+00 1.000000000000000000e+00
-3.005308388721893986e-01 -9.038573278638445396e-01 -3.045047548949093574e-01 1.222352450000000061e+02 9.364456513299346252e-02 2.897581654980136423e-01 -9.525076907554492767e-01 -7.228665160000000469e+02 9.491637952997526995e-01 -3.147731506880096508e-01 -2.439938137105523985e-03 -2.977628299999999939e+01 0.000000000000000000e+00 0.000000000000000000e+00 0.000000000000000000e+00 1.000000000000000000e+00
-2.873033556087060125e-01 -9.122629743886669917e-01 -2.919469941881902009e-01 1.221742550000000023e+02 1.042333724931143180e-01 2.732102004070814383e-01 -9.562905366321647893e-01 -7.225625000000000000e+02 9.521513461181938531e-01 -3.051760999047339884e-01 1.659403905764866849e-02 -2.972175800000000123e+01 0.000000000000000000e+00 0.000000000000000000e+00 0.000000000000000000e+00 1.000000000000000000e+00
-2.756598059307084903e-01 -9.199586005762770968e-01 -2.787253928510676215e-01 1.221281740000000013e+02 1.127721326278138259e-01 2.570070932277524478e-01 -9.598071682026531048e-01 -7.223013310000000047e+02 9.546172623082085362e-01 -2.960127146869863113e-01 3.289916787430818834e-02 -2.967252300000000176e+01 0.000000000000000000e+00 0.000000000000000000e+00 0.000000000000000000e+00 1.000000000000000000e+00
-2.648638298377697375e-01 -9.272198268005926725e-01 -2.647839580328608111e-01 1.220905609999999939e+02 1.201482035342645305e-01 2.407179377962157529e-01 -9.631299411868712301e-01 -7.220615229999999656e+02 9.567714255929458123e-01 -2.869116017365209714e-01 4.764632155608738984e-02 -2.962575500000000162e+01 0.000000000000000000e+00 0.000000000000000000e+00 0.000000000000000000e+00 1.000000000000000000e+00
-2.540304985579049935e-01 -9.345259741474650772e-01 -2.492583187100359532e-01 1.220570220000000035e+02 1.270880824438712642e-01 2.232260778796445466e-01 -9.664464483121715244e-01 -7.218215940000000046e+02 9.588102654348056308e-01 -2.771846348522992720e-01 6.206088219350036628e-02 -2.957773200000000102e+01 0.000000000000000000e+00 0.000000000000000000e+00 0.000000000000000000e+00 1.000000000000000000e+00
-2.420921676669130496e-01 -9.424335044315756971e-01 -2.306739518869743710e-01 1.220250549999999947e+02 1.341340789334419803e-01 2.029544952349058295e-01 -9.699574844974503396e-01 -7.215596920000000409e+02 9.609367467336297208e-01 -2.657603480370303584e-01 7.727875638378278733e-02 -2.952417000000000158e+01 0.000000000000000000e+00 0.000000000000000000e+00 0.000000000000000000e+00 1.000000000000000000e+00
-2.309328169022111243e-01 -9.495343661339961105e-01 -2.122605041172759832e-01 1.220000229999999988e+02 1.401082806279569382e-01 1.834301402534013192e-01 -9.729969441607180247e-01 -7.213191530000000284e+02 9.628290106644521451e-01 -2.544363794293729164e-01 9.067758844270545904e-02 -2.947426600000000008e+01 0.000000000000000000e+00 0.000000000000000000e+00 0.000000000000000000e+00 1.000000000000000000e+00
-2.186633181941752824e-01 -9.569462263135712909e-01 -1.908933556217398686e-01 1.219768980000000056e+02 1.461160071207481814e-01 1.613119327952209081e-01 -9.760269324157809789e-01 -7.210565189999999802e+02 9.647986659088010342e-01 -2.413138625982463870e-01 1.045521591288879892e-01 -2.941935900000000004e+01 0.000000000000000000e+00 0.000000000000000000e+00 0.000000000000000000e+00 1.000000000000000000e+00
-1.950981954076738134e-01 -9.696974100429264221e-01 -1.470497436404084590e-01 1.219432599999999951e+02 1.562414449117776050e-01 1.172878597214209728e-01 -9.807304261895051223e-01 -7.205519410000000562e+02 9.682589039304255740e-01 -2.143140007512552292e-01 1.286242746974376461e-01 -2.931403200000000098e+01 0.000000000000000000e+00 0.000000000000000000e+00 0.000000000000000000e+00 1.000000000000000000e+00
-1.836092520308428289e-01 -9.750145919302432018e-01 -1.250367469657463482e-01 1.219321060000000045e+02 1.604733693011325402e-01 9.576233669172348750e-02 -9.823837705380131791e-01 -7.203099979999999505e+02 9.698123222117860376e-01 -2.004398173877702249e-01 1.388810256721217384e-01 -2.926413000000000153e+01 0.000000000000000000e+00 0.000000000000000000e+00 0.000000000000000000e+00 1.000000000000000000e+00
-1.721001202217626869e-01 -9.797218842525194926e-01 -1.025991137210640058e-01 1.219235989999999958e+02 1.643619555970838308e-01 7.413413617879183182e-02 -9.836103280290049433e-01 -7.200675660000000562e+02 9.712706606152361477e-01 -1.861428466788808134e-01 1.482705110880973010e-01 -2.921491800000000083e+01 0.000000000000000000e+00 0.000000000000000000e+00 0.000000000000000000e+00 1.000000000000000000e+00
-1.606373194488602829e-01 -9.837735920121994937e-01 -7.990726662637737121e-02 1.219173509999999965e+02 1.679399384790105643e-01 5.253546306557607681e-02 -9.843963643696329591e-01 -7.198245849999999564e+02 9.726211125941852664e-01 -1.715504146888011117e-01 1.567757205569452750e-01 -2.916663700000000148e+01 0.000000000000000000e+00 0.000000000000000000e+00 0.000000000000000000e+00 1.000000000000000000e+00
-1.480450784505952244e-01 -9.874497533734455379e-01 -5.500581159548861843e-02 1.219131239999999963e+02 1.715296942807774672e-01 2.913842735869129341e-02 -9.847479454312179081e-01 -7.195588989999999967e+02 9.739918986965445669e-01 -1.552222168820672765e-01 1.650631535495318269e-01 -2.911524400000000057e+01 0.000000000000000000e+00 0.000000000000000000e+00 0.000000000000000000e+00 1.000000000000000000e+00
-1.364124378012528394e-01 -9.901295299772394642e-01 -3.217391303789990387e-02 1.219114000000000004e+02 1.745792249646225813e-01 7.942409458740418149e-03 -9.846110970036552335e-01 -7.193147579999999834e+02 9.751480610778400226e-01 -1.399300968306702031e-01 1.717726025217298780e-01 -2.906954599999999900e+01 0.000000000000000000e+00 0.000000000000000000e+00 0.000000000000000000e+00 1.000000000000000000e+00
-1.239376235910917834e-01 -9.922617233172995599e-01 -7.492522804483259247e-03 1.219109339999999975e+02 1.776796692836638547e-01 -1.476296096377321954e-02 -9.839776369952877300e-01 -7.190474850000000515e+02 9.762527339689455186e-01 -1.232831189699748475e-01 1.781344211408742995e-01 -2.902155899999999988e+01 0.000000000000000000e+00 0.000000000000000000e+00 0.000000000000000000e+00 1.000000000000000000e+00
-1.141450405691330494e-01 -9.933605620213944443e-01 1.434236849374154188e-02 1.219085160000000059e+02 1.802228472696948414e-01 -3.490191331749276094e-02 -9.830063996581011043e-01 -7.188020629999999755e+02 9.769803657369349192e-01 -1.096204828821580879e-01 1.830101491644856027e-01 -2.897989700000000113e+01 0.000000000000000000e+00 0.000000000000000000e+00 0.000000000000000000e+00 1.000000000000000000e+00
-1.044889380610234397e-01 -9.937010054147934479e-01 4.050152664417594472e-02 1.219011229999999983e+02 1.830193272115190894e-01 -5.924172805445448997e-02 -9.813227519650022934e-01 -7.184891969999999901e+02 9.775407856912790017e-01 -9.512481009048773251e-02 1.880565947137354255e-01 -2.893036700000000039e+01 0.000000000000000000e+00 0.000000000000000000e+00 0.000000000000000000e+00 1.000000000000000000e+00
-9.854850521404329156e-02 -9.933425280521375189e-01 5.965579672643944731e-02 1.218927539999999965e+02 1.849467261144341901e-01 -7.718562967469494440e-02 -9.797127574300915631e-01 -7.182427979999999934e+02 9.777949174646134445e-01 -8.551608348556094530e-02 1.913219769019242067e-01 -2.889405100000000104e+01 0.000000000000000000e+00 0.000000000000000000e+00 0.000000000000000000e+00 1.000000000000000000e+00
-9.332631379132660943e-02 -9.924949352082848009e-01 7.901900239831322059e-02 1.218815919999999977e+02 1.868451894084321441e-01 -9.541408576377674589e-02 -9.777448682722855722e-01 -7.179734499999999571e+02 9.779463555579361866e-01 -7.648500391426055200e-02 1.943475490640044212e-01 -2.885692399999999935e+01 0.000000000000000000e+00 0.000000000000000000e+00 0.000000000000000000e+00 1.000000000000000000e+00
-8.786846292707295447e-02 -9.912638261524453487e-01 9.836239212447106528e-02 1.218695450000000022e+02 1.896310104472683222e-01 -1.135841184307930796e-01 -9.752634146306562446e-01 -7.176788940000000139e+02 9.779157494894851199e-01 -6.704233738403053700e-02 1.979548228725539483e-01 -2.882045600000000007e+01 0.000000000000000000e+00 0.000000000000000000e+00 0.000000000000000000e+00 1.000000000000000000e+00
-8.287720809706569658e-02 -9.897893179857701895e-01 1.159675574430168443e-01 1.218570399999999978e+02 1.928925628261179415e-01 -1.300998275897863599e-01 -9.725566791028068536e-01 -7.173820190000000139e+02 9.777135713410178841e-01 -5.823350292032586362e-02 2.017053086887416191e-01 -2.879036299999999926e+01 0.000000000000000000e+00 0.000000000000000000e+00 0.000000000000000000e+00 1.000000000000000000e+00
-7.903431161878901601e-02 -9.881462495778599031e-01 1.316076252811901881e-01 1.218423769999999990e+02 1.955511584375215217e-01 -1.448236077213734541e-01 -9.699411668138997467e-01 -7.170853879999999663e+02 9.775036173951929808e-01 -5.092260884691363065e-02 2.046791779530509892e-01 -2.876670100000000119e+01 0.000000000000000000e+00 0.000000000000000000e+00 0.000000000000000000e+00 1.000000000000000000e+00
-7.612658072820413513e-02 -9.865978806589756900e-01 1.443238219624556340e-01 1.218275529999999947e+02 1.976104030258263311e-01 -1.568010871405547679e-01 -9.676587971426247048e-01 -7.168113399999999729e+02 9.773202506459197636e-01 -4.514466691380641938e-02 2.068987354399218492e-01 -2.875033399999999872e+01 0.000000000000000000e+00 0.000000000000000000e+00 0.000000000000000000e+00 1.000000000000000000e+00
-7.357075029913739961e-02 -9.851069053234803308e-01 1.554082680696808882e-01 1.218118819999999971e+02 1.994344028533138191e-01 -1.672155841407848564e-01 -9.655386410594857249e-01 -7.165369259999999940e+02 9.771454669899279910e-01 -4.004164712461139031e-02 2.087663833968102511e-01 -2.873906699999999859e+01 0.000000000000000000e+00 0.000000000000000000e+00 0.000000000000000000e+00 1.000000000000000000e+00
-7.098128446199006292e-02 -9.836351719464277998e-01 1.656004401142919802e-01 1.217942659999999933e+02 2.012461719136197646e-01 -1.767272783138390813e-01 -9.634663706585178122e-01 -7.162391969999999901e+02 9.769655242362648151e-01 -3.506162588506162026e-02 2.104971421280017185e-01 -2.873250200000000021e+01 0.000000000000000000e+00 0.000000000000000000e+00 0.000000000000000000e+00 1.000000000000000000e+00
-6.838753806650194056e-02 -9.824017526975459269e-01 1.738100714400421243e-01 1.217761990000000054e+02 2.029779033263756083e-01 -1.842750348597064769e-01 -9.616874140221876033e-01 -7.159409180000000106e+02 9.767922580561494428e-01 -3.048783075661082309e-02 2.120079639478786859e-01 -2.873143800000000070e+01 0.000000000000000000e+00 0.000000000000000000e+00 0.000000000000000000e+00 1.000000000000000000e+00
-6.605442879077202956e-02 -9.816049339861243617e-01 1.791328166786340104e-01 1.217606739999999945e+02 2.044355672269844715e-01 -1.890300971747446990e-01 -9.604549553283003860e-01 -7.156880489999999782e+02 9.766488167656303121e-01 -2.682118446681341917e-02 2.131612365654018959e-01 -2.873399399999999915e+01 0.000000000000000000e+00 0.000000000000000000e+00 0.000000000000000000e+00 1.000000000000000000e+00
-6.305743688232831601e-02 -9.809821902876525446e-01 1.835693383772762921e-01 1.217421489999999977e+02 2.061898073695582201e-01 -1.927724875523314230e-01 -9.593354634223582034e-01 -7.153887330000000020e+02 9.764781221260083743e-01 -2.264310891476672971e-02 2.144242678148589321e-01 -2.873920599999999936e+01 0.000000000000000000e+00 0.000000000000000000e+00 0.000000000000000000e+00 1.000000000000000000e+00
-6.030802204511756526e-02 -9.807276727622369350e-01 1.858391087886826498e-01 1.217263180000000062e+02 2.077110033102912978e-01 -1.944325687866435282e-01 -9.586720582654211231e-01 -7.151350099999999657e+02 9.763293919476343508e-01 -1.921478788312153130e-02 2.154337725282850224e-01 -2.874449699999999908e+01 0.000000000000000000e+00 0.000000000000000000e+00 0.000000000000000000e+00 1.000000000000000000e+00
-5.709908278779204927e-02 -9.807249438322394042e-01 1.868643339164634543e-01 1.217088549999999998e+02 2.094085954895041346e-01 -1.947710088222580349e-01 -9.582339454733760364e-01 -7.148580319999999801e+02 9.761596871823308152e-01 -1.558328167012856813e-02 2.164934790068359927e-01 -2.875062799999999896e+01 0.000000000000000000e+00 0.000000000000000000e+00 0.000000000000000000e+00 1.000000000000000000e+00
-5.364164398410789514e-02 -9.809886491590766866e-01 1.865042740843543267e-01 1.216912460000000067e+02 2.111411418401882290e-01 -1.936928953673750231e-01 -9.580722731123286762e-01 -7.145806270000000495e+02 9.759825778430184506e-01 -1.201384639709046631e-02 2.175170688512590156e-01 -2.875684400000000096e+01 0.000000000000000000e+00 0.000000000000000000e+00 0.000000000000000000e+00 1.000000000000000000e+00
-4.999226699555411879e-02 -9.814887397372298317e-01 1.848800341023055793e-01 1.216734540000000067e+02 2.128921977438362201e-01 -1.913293079622942761e-01 -9.581596986173386288e-01 -7.143031009999999696e+02 9.757959240437750204e-01 -8.541058698662451487e-03 2.185162807112125127e-01 -2.876299099999999953e+01 0.000000000000000000e+00 0.000000000000000000e+00 0.000000000000000000e+00 1.000000000000000000e+00
-4.618116468889849058e-02 -9.821893287189971122e-01 1.821302352123420620e-01 1.216554110000000009e+02 2.146496992647440316e-01 -1.878228088027972809e-01 -9.584613185199406526e-01 -7.140252080000000205e+02 9.755986913857214171e-01 -5.168659783161833055e-03 2.195005200962269476e-01 -2.876899299999999826e+01 0.000000000000000000e+00 0.000000000000000000e+00 0.000000000000000000e+00 1.000000000000000000e+00
-4.223793181181881295e-02 -9.830513185073415094e-01 1.783986050877001683e-01 1.216371149999999943e+02 2.164057683069499638e-01 -1.833207743496003961e-01 -9.589379735599907750e-01 -7.137473750000000337e+02 9.753894097024728982e-01 -1.897069540098661466e-03 2.204810662334097116e-01 -2.877481799999999978e+01 0.000000000000000000e+00 0.000000000000000000e+00 0.000000000000000000e+00 1.000000000000000000e+00
-3.786252446164500851e-02 -9.841200729157378868e-01 1.734188897603557433e-01 1.216169430000000062e+02 2.182913351298519933e-01 -1.774975023843404220e-01 -9.596059241451920796e-01 -7.134458620000000337e+02 9.751488718388687804e-01 1.522738206037876907e-03 2.215453881707716843e-01 -2.878091200000000072e+01 0.000000000000000000e+00 0.000000000000000000e+00 0.000000000000000000e+00 1.000000000000000000e+00
-3.342928557317337290e-02 -9.852794290806823341e-01 1.676512138235562999e-01 1.215963820000000055e+02 2.201404166174117383e-01 -1.708841382215205984e-01 -9.603836776392029595e-01 -7.131443480000000363e+02 9.748952147987902661e-01 4.801867837917084270e-03 2.226123586589198178e-01 -2.878677899999999923e+01 0.000000000000000000e+00 0.000000000000000000e+00 0.000000000000000000e+00 1.000000000000000000e+00
-2.864321300572658657e-02 -9.865750455001802699e-01 1.607770068916123396e-01 1.215737689999999986e+02 2.220776076116969810e-01 -1.631040218028990685e-01 -9.612900781081559209e-01 -7.128195190000000139e+02 9.746081789858802580e-01 8.170536581915133212e-03 2.237680490726722815e-01 -2.879285399999999839e+01 0.000000000000000000e+00 0.000000000000000000e+00 0.000000000000000000e+00 1.000000000000000000e+00
-2.424701197613443604e-02 -9.877766797686783340e-01 1.539782884545590202e-01 1.215522840000000002e+02 2.238124101194390869e-01 -1.554776126735732955e-01 -9.621510884647246353e-01 -7.125175779999999577e+02 9.743305842919831594e-01 1.113296288022608271e-02 2.248465468953221302e-01 -2.879827900000000085e+01 0.000000000000000000e+00 0.000000000000000000e+00 0.000000000000000000e+00 1.000000000000000000e+00
-2.027028917996603896e-02 -9.888530337175474028e-01 1.475086203723828260e-01 1.215320049999999981e+02 2.253477922513426601e-01 -1.482612179043830136e-01 -9.629314533199936355e-01 -7.122388310000000047e+02 9.740674965853273193e-01 1.372184291967659675e-02 2.258411457703875524e-01 -2.880311199999999872e+01 0.000000000000000000e+00 0.000000000000000000e+00 0.000000000000000000e+00 1.000000000000000000e+00
-1.641012667348423770e-02 -9.898743493954191841e-01 1.409946103635013603e-01 1.215112759999999952e+02 2.268197667799902173e-01 -1.410227671598281440e-01 -9.636728555585944989e-01 -7.119602049999999736e+02 9.737984910341723754e-01 1.616637100837015062e-02 2.268372705443016391e-01 -2.880777700000000152e+01 0.000000000000000000e+00 0.000000000000000000e+00 0.000000000000000000e+00 1.000000000000000000e+00
-1.270154520447697166e-02 -9.908235011375263745e-01 1.345639637607068950e-01 1.214900360000000035e+02 2.282213031824144589e-01 -1.338953390182491265e-01 -9.643583747564536957e-01 -7.116811519999999973e+02 9.735264287748633949e-01 1.846152168057463294e-02 2.278277083545778847e-01 -2.881229199999999935e+01 0.000000000000000000e+00 0.000000000000000000e+00 0.000000000000000000e+00 1.000000000000000000e+00
-9.189744685576539673e-03 -9.916888642305223822e-01 1.283306087953705599e-01 1.214682770000000005e+02 2.295509941710058843e-01 -1.270008901194714657e-01 -9.649751887919008064e-01 -7.114021000000000186e+02 9.732532505302597947e-01 2.059054321863418302e-02 2.288102704474709870e-01 -2.881665200000000127e+01 0.000000000000000000e+00 0.000000000000000000e+00 0.000000000000000000e+00 1.000000000000000000e+00
-5.878093094759562209e-03 -9.924617703855520556e-01 1.224135709173829745e-01 1.214460140000000052e+02 2.308033857247087650e-01 -1.204568999459791345e-01 -9.655153713915773928e-01 -7.111231080000000020e+02 9.729826540897739129e-01 2.257807738892275706e-02 2.297715936791124847e-01 -2.882087500000000091e+01 0.000000000000000000e+00 0.000000000000000000e+00 0.000000000000000000e+00 1.000000000000000000e+00
-2.568371728458695991e-03 -9.931915403033477752e-01 1.164644483803020103e-01 1.214212339999999983e+02 2.320700762605421574e-01 -1.138772009384795281e-01 -9.660100738661285824e-01 -7.108209839999999531e+02 9.726956786020438672e-01 2.454684045413457749e-02 2.307825154829296066e-01 -2.882529299999999850e+01 0.000000000000000000e+00 0.000000000000000000e+00 0.000000000000000000e+00 1.000000000000000000e+00
-9.995559649700336280e-06 -9.937213860344904504e-01 1.118830051338448039e-01 1.213997499999999974e+02 2.330745237525688185e-01 -1.088039365538738257e-01 -9.663529219534102710e-01 -7.105653690000000324e+02 9.724588763940622549e-01 2.606741889930297429e-02 2.316122263489694411e-01 -2.882891100000000151e+01 0.000000000000000000e+00 0.000000000000000000e+00 0.000000000000000000e+00 1.000000000000000000e+00
2.501304112217384024e-03 -9.942100071438351172e-01 1.074253469754400392e-01 1.213757319999999993e+02 2.340979559184973025e-01 -1.038584647824172258e-01 -9.666496605946856002e-01 -7.102865600000000086e+02 9.722097975810157777e-01 2.756593891190484147e-02 2.324827488210375326e-01 -2.883273700000000161e+01 0.000000000000000000e+00 0.000000000000000000e+00 0.000000000000000000e+00 1.000000000000000000e+00
4.883909064793134913e-03 -9.946380894658966021e-01 1.033015896096367015e-01 1.213490139999999968e+02 2.351220895210771045e-01 -9.926455921641713642e-02 -9.668837315328110416e-01 -7.099839480000000549e+02 9.719535742264078237e-01 2.901065782090073153e-02 2.333765868319038761e-01 -2.883673900000000145e+01 0.000000000000000000e+00 0.000000000000000000e+00 0.000000000000000000e+00 1.000000000000000000e+00
6.764211911793938103e-03 -9.949453501741218897e-01 1.001897979043070430e-01 1.213237000000000023e+02 2.359974502413650366e-01 -9.577355975242490826e-02 -9.670225585434513160e-01 -7.097048340000000053e+02 9.717301317324612553e-01 3.018568235508717335e-02 2.341567331168826205e-01 -2.884030699999999925e+01 0.000000000000000000e+00 0.000000000000000000e+00 0.000000000000000000e+00 1.000000000000000000e+00
8.202484107917018541e-03 -9.951572543627082990e-01 9.795283734397675079e-02 1.212999269999999967e+02 2.367404746693693718e-01 -9.323875012518578753e-02 -9.670886635300897094e-01 -7.094489750000000186e+02 9.715382992490729785e-01 3.112193060157686375e-02 2.348292114023500798e-01 -2.884347500000000153e+01 0.000000000000000000e+00 0.000000000000000000e+00 0.000000000000000000e+00 1.000000000000000000e+00
9.555493491185895749e-03 -9.953272471966285728e-01 9.608518893212075751e-02 1.212711180000000013e+02 2.375437106039612889e-01 -9.107948747356287011e-02 -9.670974679493554715e-01 -7.091467290000000503e+02 9.713298503065996847e-01 3.206552587335109727e-02 2.355634181145792039e-01 -2.884709700000000154e+01 0.000000000000000000e+00 0.000000000000000000e+00 0.000000000000000000e+00 1.000000000000000000e+00
1.047001337970188128e-02 -9.954114360344850088e-01 9.511283736485537377e-02 1.212438659999999970e+02 2.382178999323442681e-01 -8.989649032534152706e-02 -9.670423223308324268e-01 -7.088677979999999934e+02 9.711552970414427666e-01 3.278252642720419496e-02 2.361836044042794347e-01 -2.885031700000000043e+01 0.000000000000000000e+00 0.000000000000000000e+00 0.000000000000000000e+00 1.000000000000000000e+00
1.106436960993528729e-02 -9.954295385188791645e-01 9.485575137663532219e-02 1.212159350000000018e+02 2.388309973270892894e-01 -8.948527343808587720e-02 -9.669292324433359509e-01 -7.085889889999999696e+02 9.709981124805973085e-01 3.335295611789634851e-02 2.367493313133430255e-01 -2.885342999999999947e+01 0.000000000000000000e+00 0.000000000000000000e+00 0.000000000000000000e+00 1.000000000000000000e+00
1.133188162238862873e-02 -9.953906052617548239e-01 9.523198735473931142e-02 1.211897510000000011e+02 2.393374113909106926e-01 -8.976979631262460568e-02 -9.667776306776484363e-01 -7.083333740000000489e+02 9.708703270610312686e-01 3.374798700110759331e-02 2.372169500810997200e-01 -2.885618799999999951e+01 0.000000000000000000e+00 0.000000000000000000e+00 0.000000000000000000e+00 1.000000000000000000e+00
1.100916880718866286e-02 -9.951118621203334236e-01 9.813857584852769822e-02 1.211281589999999966e+02 2.403100054376559602e-01 -9.263516130598065113e-02 -9.662659200118611791e-01 -7.077529299999999921e+02 9.706337617704879905e-01 3.422146632184752679e-02 2.381155008689146424e-01 -2.886212199999999939e+01 0.000000000000000000e+00 0.000000000000000000e+00 0.000000000000000000e+00 1.000000000000000000e+00
1.088864818719315064e-02 -9.948929143170077705e-01 1.003470297640459141e-01 1.211010509999999982e+02 2.404829319949782218e-01 -9.480213261582715045e-02 -9.660126888765951936e-01 -7.074980470000000423e+02 9.705922917269402816e-01 3.465032024818676115e-02 2.382224979865333880e-01 -2.886271100000000089e+01 0.000000000000000000e+00 0.000000000000000000e+00 0.000000000000000000e+00 1.000000000000000000e+00
1.083574339592174862e-02 -9.945574169990061275e-01 1.036249533525711031e-01 1.210692980000000034e+02 2.404197074573224402e-01 -9.799982422035258267e-02 -9.657092723583611260e-01 -7.071973269999999729e+02 9.706085467021157154e-01 3.537765884064136834e-02 2.380493022963142136e-01 -2.885686899999999966e+01 0.000000000000000000e+00 0.000000000000000000e+00 0.000000000000000000e+00 1.000000000000000000e+00
9.504324492980720240e-03 -9.941908980240437010e-01 1.072106622593008152e-01 1.210347059999999999e+02 2.407146657218202646e-01 -1.017878974764929167e-01 -9.652438415414767992e-01 -7.068957520000000159e+02 9.705493895327350629e-01 3.498116941242407352e-02 2.383489044744591667e-01 -2.885097299999999976e+01 0.000000000000000000e+00 0.000000000000000000e+00 0.000000000000000000e+00 1.000000000000000000e+00
7.957059411320854814e-03 -9.937972768764969933e-01 1.109218539260121150e-01 1.210017930000000064e+02 2.409765801808784191e-01 -1.057505960819735691e-01 -9.647523512449377447e-01 -7.066174320000000080e+02 9.704983116986103386e-01 3.440616080248082298e-02 2.386404053989609753e-01 -2.884860000000000113e+01 0.000000000000000000e+00 0.000000000000000000e+00 0.000000000000000000e+00 1.000000000000000000e+00
6.144648807924923961e-03 -9.933069013571363959e-01 1.153414193050824599e-01 1.209655079999999998e+02 2.411680026216161954e-01 -1.104668836138533172e-01 -9.641758460655105445e-01 -7.063159789999999703e+02 9.704639291609590268e-01 3.374118167650547173e-02 2.388750611858544426e-01 -2.884775399999999834e+01 0.000000000000000000e+00 0.000000000000000000e+00 0.000000000000000000e+00 1.000000000000000000e+00
4.320365231281264595e-03 -9.928005252648008927e-01 1.197015099244950753e-01 1.209314040000000006e+02 2.412679092659855695e-01 -1.151314905039098613e-01 -9.636049687775423145e-01 -7.060379639999999881e+02 9.704489324032916642e-01 3.304325843926086970e-02 2.390334969602121995e-01 -2.884777800000000170e+01 0.000000000000000000e+00 0.000000000000000000e+00 0.000000000000000000e+00 1.000000000000000000e+00
2.543276860397403194e-03 -9.922943846966389980e-01 1.238764943091706927e-01 1.208996350000000035e+02 2.413148267101295485e-01 -1.196069174570889015e-01 -9.630479425793261328e-01 -7.057830810000000383e+02 9.704435512448271739e-01 3.234253230549116731e-02 2.391511539829919708e-01 -2.884814499999999882e+01 0.000000000000000000e+00 0.000000000000000000e+00 0.000000000000000000e+00 1.000000000000000000e+00
3.378597016425177735e-04 -9.916512466774780599e-01 1.289484036885517604e-01 1.208615109999999930e+02 2.413256088114079101e-01 -1.250563840074735977e-01 -9.623527686616685228e-01 -7.054819949999999835e+02 9.704441438756923333e-01 3.144369224469389934e-02 2.392685893204448133e-01 -2.884878199999999993e+01 0.000000000000000000e+00 0.000000000000000000e+00 0.000000000000000000e+00 1.000000000000000000e+00
-1.776953999230390657e-03 -9.910216327433192252e-01 1.336898121370895809e-01 1.208257679999999965e+02 2.413001374559821666e-01 -1.301644729195161609e-01 -9.616815760184390660e-01 -7.052041020000000344e+02 9.704489095764954332e-01 3.055050612265197696e-02 2.393649524835269049e-01 -2.884944700000000140e+01 0.000000000000000000e+00 0.000000000000000000e+00 0.000000000000000000e+00 1.000000000000000000e+00
-3.966528385442646965e-03 -9.903663427136548680e-01 1.384152226908129668e-01 1.207894820000000067e+02 2.412328140637616247e-01 -1.352760889219598583e-01 -9.609927727016769339e-01 -7.049263310000000047e+02 9.704591676476895801e-01 2.957848856784056624e-02 2.394454362534313430e-01 -2.885014200000000173e+01 0.000000000000000000e+00 0.000000000000000000e+00 0.000000000000000000e+00 1.000000000000000000e+00
-6.011013567944978320e-03 -9.897512263855919867e-01 1.426757778464949888e-01 1.207557680000000033e+02 2.411461281986558847e-01 -1.399023226248158336e-01 -9.603519589082845087e-01 -7.046716920000000073e+02 9.704702017943070969e-01 2.863302276041362893e-02 2.395156308822416480e-01 -2.885076499999999911e+01 0.000000000000000000e+00 0.000000000000000000e+00 0.000000000000000000e+00 1.000000000000000000e+00
-8.450919229000042332e-03 -9.890170146851642308e-01 1.475599086047119091e-01 1.207154010000000000e+02 2.410219663960596059e-01 -1.452292214296026507e-01 -9.595920408994274009e-01 -7.043707889999999452e+02 9.704828662468811817e-01 2.745574450269816502e-02 2.396021460985709450e-01 -2.885147999999999868e+01 0.000000000000000000e+00 0.000000000000000000e+00 0.000000000000000000e+00 1.000000000000000000e+00
-1.070573161673205043e-02 -9.883441323936124068e-01 1.518593535929485538e-01 1.206776430000000033e+02 2.408837818796580321e-01 -1.499446954100996932e-01 -9.589012420190756725e-01 -7.040931399999999485e+02 9.704949206141698648e-01 2.631471606326235557e-02 2.396813400759559287e-01 -2.885210400000000064e+01 0.000000000000000000e+00 0.000000000000000000e+00 0.000000000000000000e+00 1.000000000000000000e+00
-1.276182430757966113e-02 -9.877409216880984610e-01 1.555795856244917008e-01 1.206426620000000014e+02 2.407460674321745264e-01 -1.540504304833193450e-01 -9.582848198129025885e-01 -7.038385620000000245e+02 9.705042333015789779e-01 2.522571090475073108e-02 2.397607070665762619e-01 -2.885264799999999852e+01 0.000000000000000000e+00 0.000000000000000000e+00 0.000000000000000000e+00 1.000000000000000000e+00
-1.548978719119592506e-02 -9.871265412186793764e-01 1.591893781457134338e-01 1.206030039999999985e+02 2.405071900396975604e-01 -1.582124797697677665e-01 -9.576664882850971505e-01 -7.035611569999999801e+02 9.705237544913472014e-01 2.345213991831629485e-02 2.398617082847352422e-01 -2.885317200000000071e+01 0.000000000000000000e+00 0.000000000000000000e+00 0.000000000000000000e+00 1.000000000000000000e+00
-2.000224176846876478e-02 -9.865634735261546995e-01 1.621493849147876976e-01 1.205561900000000009e+02 2.400098197730636818e-01 -1.621775304531233308e-01 -9.571278572001902241e-01 -7.032611689999999953e+02 9.705643702180382082e-01 1.977274184665667178e-02 2.400288356492366049e-01 -2.885360500000000172e+01 0.000000000000000000e+00 0.000000000000000000e+00 0.000000000000000000e+00 1.000000000000000000e+00
-2.580873353503004841e-02 -9.861200431544181466e-01 1.640157607135554474e-01 1.205060119999999984e+02 2.393239245474251820e-01 -1.653942406778548535e-01 -9.567490811544134832e-01 -7.029615479999999934e+02 9.705967073983592375e-01 1.456041344620045974e-02 2.402707346884750406e-01 -2.885391999999999868e+01 0.000000000000000000e+00 0.000000000000000000e+00 0.000000000000000000e+00 1.000000000000000000e+00
-3.192233254425957956e-02 -9.858222082615796245e-01 1.647286811189737632e-01 1.204574889999999954e+02 2.386088671116334270e-01 -1.675638790477679274e-01 -9.565501319712250705e-01 -7.026853029999999762e+02 9.705909402114963891e-01 8.770412574550967566e-03 2.405749501561531556e-01 -2.885416199999999876e+01 0.000000000000000000e+00 0.000000000000000000e+00 0.000000000000000000e+00 1.000000000000000000e+00
-3.905625490787012488e-02 -9.856293216373336330e-01 1.643455179836079694e-01 1.204031829999999985e+02 2.378061965291676794e-01 -1.689137831646893018e-01 -9.565125962313945074e-01 -7.023859860000000026e+02 9.705270845498861210e-01 1.724582767295756991e-03 2.409858999389308809e-01 -2.885443899999999928e+01 0.000000000000000000e+00 0.000000000000000000e+00 0.000000000000000000e+00 1.000000000000000000e+00
-4.530592551135276258e-02 -9.855771568730871124e-01 1.630491979849089113e-01 1.203562770000000057e+02 2.371434303723571335e-01 -1.691620856090402802e-01 -9.566332537726414120e-01 -7.021328740000000153e+02 9.704176248114988468e-01 -4.675108807503380870e-03 2.413871927274669482e-01 -2.885473800000000111e+01 0.000000000000000000e+00 0.000000000000000000e+00 0.000000000000000000e+00 1.000000000000000000e+00
-5.273860891338671975e-02 -9.856525254391936830e-01 1.603363284637019937e-01 1.203001859999999965e+02 2.364202612074082221e-01 -1.683190259499885433e-01 -9.569609007654741317e-01 -7.018338009999999940e+02 9.702185832174630153e-01 -1.256203003444744670e-02 2.419051388063344077e-01 -2.885521100000000061e+01 0.000000000000000000e+00 0.000000000000000000e+00 0.000000000000000000e+00 1.000000000000000000e+00
-5.888940616724824828e-02 -9.858354471546761921e-01 1.570366485079463525e-01 1.202525789999999972e+02 2.358835937809108940e-01 -1.665968538519136954e-01 -9.573945991448072901e-01 -7.015806270000000495e+02 9.699953443322657520e-01 -1.933803040600423628e-02 2.423531979441272965e-01 -2.885576800000000119e+01 0.000000000000000000e+00 0.000000000000000000e+00 0.000000000000000000e+00 1.000000000000000000e+00
-6.548012464425778667e-02 -9.861564481811404548e-01 1.523411073457526244e-01 1.202005230000000040e+02 2.353836983621324652e-01 -1.636254422545235787e-01 -9.580298686326935709e-01 -7.013042599999999993e+02 9.696942135652544259e-01 -2.687330195136483635e-02 2.428393662903394201e-01 -2.885657499999999942e+01 0.000000000000000000e+00 0.000000000000000000e+00 0.000000000000000000e+00 1.000000000000000000e+00
-7.123306857368733036e-02 -9.865591634061922077e-01 1.470607596908528047e-01 1.201531449999999950e+02 2.350151859421246714e-01 -1.598845856880016236e-01 -9.587516788178077620e-01 -7.010509029999999484e+02 9.693780028029133078e-01 -3.373331229883091975e-02 2.432454548870022215e-01 -2.885752700000000104e+01 0.000000000000000000e+00 0.000000000000000000e+00 0.000000000000000000e+00 1.000000000000000000e+00
-7.715233419336897658e-02 -9.871071030054640039e-01 1.402393829303129613e-01 1.201019820000000067e+02 2.347184921512618372e-01 -1.546878875774858608e-01 -9.596764490592926133e-01 -7.007742919999999458e+02 9.689967733541493544e-01 -4.112450161370179158e-02 2.436268224072872801e-01 -2.885882199999999997e+01 0.000000000000000000e+00 0.000000000000000000e+00 0.000000000000000000e+00 1.000000000000000000e+00
-8.262412919073247597e-02 -9.877540945439454712e-01 1.323446333900382688e-01 1.200516199999999998e+02 2.345395037832210816e-01 -1.483415477135930916e-01 -9.607216071199066176e-01 -7.004968870000000152e+02 9.685889088981938233e-01 -4.833874153933137574e-02 2.439239463968230215e-01 -2.886040699999999859e+01 0.000000000000000000e+00 0.000000000000000000e+00 0.000000000000000000e+00 1.000000000000000000e+00
-8.798412659680399095e-02 -9.885446917736546713e-01 1.226302810611142879e-01 1.199982600000000019e+02 2.344707712681577405e-01 -1.402011817762022217e-01 -9.619600231035964066e-01 -7.001961059999999861e+02 9.681333848638383754e-01 -5.588399587258086054e-02 2.441203148396309808e-01 -2.886246699999999876e+01 0.000000000000000000e+00 0.000000000000000000e+00 0.000000000000000000e+00 1.000000000000000000e+00
-9.241413020547917245e-02 -9.893292000845452794e-01 1.126381924501562160e-01 1.199501800000000031e+02 2.345047200421959133e-01 -1.315652816512059564e-01 -9.631708638356800689e-01 -6.999183349999999564e+02 9.677123357776813428e-01 -6.259640983405156955e-02 2.441608581644310050e-01 -2.886462799999999973e+01 0.000000000000000000e+00 0.000000000000000000e+00 0.000000000000000000e+00 1.000000000000000000e+00
-1.011540951577536429e-01 -9.909102345664297928e-01 8.868345992528325894e-02 1.198514100000000013e+02 2.343749249311470884e-01 -1.103670910216025813e-01 -9.658610147339774521e-01 -6.993401489999999967e+02 9.668693001622998828e-01 -7.691561773094252041e-02 2.434085950674959586e-01 -2.885995499999999936e+01 0.000000000000000000e+00 0.000000000000000000e+00 0.000000000000000000e+00 1.000000000000000000e+00
-1.034132529434184100e-01 -9.917094223087716820e-01 7.627660728993856942e-02 1.198088529999999992e+02 2.347646649389943385e-01 -9.885777941180873274e-02 -9.670122499461153431e-01 -6.990617069999999558e+02 9.665356957773172386e-01 -8.209483024995600786e-02 2.430415347929004155e-01 -2.885947399999999874e+01 0.000000000000000000e+00 0.000000000000000000e+00 0.000000000000000000e+00 1.000000000000000000e+00
-1.051927411464199102e-01 -9.924406643855967491e-01 6.321404024405935518e-02 1.197680280000000010e+02 2.351709957205023738e-01 -8.658967604574613341e-02 -9.680892679779691257e-01 -6.987830810000000383e+02 9.662448395628977504e-01 -8.696985498532233683e-02 2.425018646153103141e-01 -2.886057999999999879e+01 0.000000000000000000e+00 0.000000000000000000e+00 0.000000000000000000e+00 1.000000000000000000e+00
-1.064746913566014808e-01 -9.930772597513026767e-01 4.960540560624332462e-02 1.197290729999999996e+02 2.356028855793929622e-01 -7.366600486652752355e-02 -9.690534557152500339e-01 -6.985044560000000047e+02 9.659991824050264686e-01 -9.149249090416222696e-02 2.418154331323207340e-01 -2.886264600000000158e+01 0.000000000000000000e+00 0.000000000000000000e+00 0.000000000000000000e+00 1.000000000000000000e+00
-1.072078071451516568e-01 -9.935571810409240534e-01 3.675070188636225810e-02 1.196950910000000050e+02 2.360172815555778292e-01 -6.133932746123615942e-02 -9.698109762802844536e-01 -6.982483519999999544e+02 9.658169230730238031e-01 -9.529750735782932525e-02 2.410727197281795076e-01 -2.886509099999999961e+01 0.000000000000000000e+00 0.000000000000000000e+00 0.000000000000000000e+00 1.000000000000000000e+00
-1.075249948045452486e-01 -9.939215856622053424e-01 2.362746382940639212e-02 1.196628419999999977e+02 2.364426323964116117e-01 -4.864792021441710634e-02 -9.704268449730082402e-01 -6.979920039999999517e+02 9.656776154999855422e-01 -9.875860171923811492e-02 2.402363034778944861e-01 -2.886789900000000131e+01 0.000000000000000000e+00 0.000000000000000000e+00 0.000000000000000000e+00 1.000000000000000000e+00
-1.074539138494621238e-01 -9.941564976765253636e-01 1.032058748217729027e-02 1.196323090000000064e+02 2.368701038459072872e-01 -3.568123583665638865e-02 -9.708858858347865217e-01 -6.977357180000000199e+02 9.655807632210064995e-01 -1.018808497054958240e-01 2.393200412853564996e-01 -2.887097899999999839e+01 0.000000000000000000e+00 0.000000000000000000e+00 0.000000000000000000e+00 1.000000000000000000e+00
-1.080731163702318698e-01 -9.941324481058755325e-01 -4.569151020144712749e-03 1.195986019999999996e+02 2.371100351045767884e-01 -2.131248921947526132e-02 -9.712489943654900593e-01 -6.974562989999999445e+02 9.654527605070755136e-01 -1.060492971513169458e-01 2.380220867965386899e-01 -2.887318000000000140e+01 0.000000000000000000e+00 0.000000000000000000e+00 0.000000000000000000e+00 1.000000000000000000e+00
-1.094653236492327264e-01 -9.937945933810585775e-01 -1.973953102141734472e-02 1.195639720000000068e+02 2.370895334064258564e-01 -6.819156936147041659e-03 -9.714638707887204294e-01 -6.971774289999999610e+02 9.653009354949845244e-01 -1.110216432289531929e-01 2.363647576675741435e-01 -2.886968399999999946e+01 0.000000000000000000e+00 0.000000000000000000e+00 0.000000000000000000e+00 1.000000000000000000e+00
-1.079226858709458337e-01 -9.935728847010540932e-01 -3.414112858748014068e-02 1.195367970000000071e+02 2.374806096898842145e-01 7.582607355114345804e-03 -9.713626841129006095e-01 -6.968975830000000542e+02 9.653785029177528454e-01 -1.129399258567309050e-01 2.351359590784746212e-01 -2.886514299999999977e+01 0.000000000000000000e+00 0.000000000000000000e+00 0.000000000000000000e+00 1.000000000000000000e+00
-1.052063895627819434e-01 -9.932269743759563063e-01 -4.931321290635093391e-02 1.195116880000000066e+02 2.379819890715322295e-01 2.300155437119888457e-02 -9.709971685716005663e-01 -6.965940550000000258e+02 9.655548604158754600e-01 -1.138907628760634783e-01 2.339502204717640033e-01 -2.886392800000000136e+01 0.000000000000000000e+00 0.000000000000000000e+00 0.000000000000000000e+00 1.000000000000000000e+00
-1.026079749889345361e-01 -9.927240538797367231e-01 -6.301235051362163997e-02 1.194906229999999994e+02 2.383731694135909907e-01 3.696153957963216330e-02 -9.704700287467008524e-01 -6.963140260000000126e+02 9.657379745937245685e-01 -1.145984181412841307e-01 2.328462303476819817e-01 -2.886480099999999993e+01 0.000000000000000000e+00 0.000000000000000000e+00 0.000000000000000000e+00 1.000000000000000000e+00
-9.977118769083043182e-02 -9.920832557728476164e-01 -7.626613745239707587e-02 1.194718629999999990e+02 2.387005775051485035e-01 5.054585349354809298e-02 -9.697768562887638666e-01 -6.960339969999999994e+02 9.659543179703012905e-01 -1.149605598009840191e-01 2.317678262502685937e-01 -2.886664800000000142e+01 0.000000000000000000e+00 0.000000000000000000e+00 0.000000000000000000e+00 1.000000000000000000e+00
-9.675693709790539332e-02 -9.913223245651939797e-01 -8.898395328424058004e-02 1.194552920000000000e+02 2.389805246004649275e-01 6.364906421909005685e-02 -9.689360688330889149e-01 -6.957539669999999887e+02 9.661917014677358084e-01 -1.150167181008660000e-01 2.307482406697554111e-01 -2.886900500000000136e+01 0.000000000000000000e+00 0.000000000000000000e+00 0.000000000000000000e+00 1.000000000000000000e+00
-9.383667340522211520e-02 -9.905439017656461065e-01 -1.000872489337736870e-01 1.194420389999999941e+02 2.392015929850160316e-01 7.515495154206700001e-02 -9.680569875643374456e-01 -6.954967040000000225e+02 9.664249979370731491e-01 -1.147802767621644016e-01 2.298873885812977025e-01 -2.887138399999999905e+01 0.000000000000000000e+00 0.000000000000000000e+00 0.000000000000000000e+00 1.000000000000000000e+00
-9.022357341380632390e-02 -9.895541913247539734e-01 -1.124375792698162346e-01 1.194287259999999975e+02 2.394270621743647132e-01 8.803520803473091627e-02 -9.669149311313973705e-01 -6.951926270000000159e+02 9.667131884374997597e-01 -1.141591195564084504e-01 2.289832018360936639e-01 -2.887429600000000107e+01 0.000000000000000000e+00 0.000000000000000000e+00 0.000000000000000000e+00 1.000000000000000000e+00
-8.758947745193274015e-02 -9.885063488292396006e-01 -1.232204600055620825e-01 1.194168849999999935e+02 2.394893085251161291e-01 9.917198620608841386e-02 -9.658207847494795217e-01 -6.949121089999999867e+02 9.669399953160787708e-01 -1.141057206113012534e-01 2.280502795041403075e-01 -2.887626500000000007e+01 0.000000000000000000e+00 0.000000000000000000e+00 0.000000000000000000e+00 1.000000000000000000e+00
-8.664444279468125343e-02 -9.872444053031850242e-01 -1.335710475004210362e-01 1.194028399999999976e+02 2.392425097543480206e-01 1.095323850234473373e-01 -9.647619800538969059e-01 -6.946326289999999517e+02 9.670862226602341405e-01 -1.155471368257811604e-01 2.267004567973436857e-01 -2.887303199999999848e+01 0.000000000000000000e+00 0.000000000000000000e+00 0.000000000000000000e+00 1.000000000000000000e+00
-8.357404521940836606e-02 -9.862556664279356067e-01 -1.425311874799776168e-01 1.193947979999999944e+02 2.392314335376727885e-01 1.189912142918641280e-01 -9.636438201580797003e-01 -6.943529049999999643e+02 9.673591371218727142e-01 -1.146335525059566929e-01 2.259987797902673345e-01 -2.886634099999999847e+01 0.000000000000000000e+00 0.000000000000000000e+00 0.000000000000000000e+00 1.000000000000000000e+00
-7.928712028540757517e-02 -9.855648088363608839e-01 -1.495846253469722553e-01 1.193925780000000003e+02 2.393899056352445931e-01 1.268409924625709395e-01 -9.626026364554889359e-01 -6.940955199999999650e+02 9.676807457197830198e-01 -1.121310403699919966e-01 2.258774095582539720e-01 -2.886291699999999949e+01 0.000000000000000000e+00 0.000000000000000000e+00 0.000000000000000000e+00 1.000000000000000000e+00
-7.445151789391435404e-02 -9.847993917975916833e-01 -1.569303329455018492e-01 1.193918989999999951e+02 2.395177391620437191e-01 1.351012431744566811e-01 -9.614462578425380102e-01 -6.937916259999999511e+02 9.680331730421203318e-01 -1.091687318228540815e-01 2.258184312278216921e-01 -2.886120999999999981e+01 0.000000000000000000e+00 0.000000000000000000e+00 0.000000000000000000e+00 1.000000000000000000e+00
-6.585164894150824511e-02 -9.836701833979055731e-01 -1.675008376863078019e-01 1.193962939999999975e+02 2.396640658204221008e-01 1.473591223195636624e-01 -9.596074325596024579e-01 -6.932308349999999564e+02 9.686199956051435578e-01 -1.033356635588040806e-01 2.260465543881456929e-01 -2.886078799999999944e+01 0.000000000000000000e+00 0.000000000000000000e+00 0.000000000000000000e+00 1.000000000000000000e+00
-6.202575136404581135e-02 -9.833136226180324568e-01 -1.710179105869542582e-01 1.194006880000000024e+02 2.397158419457728895e-01 1.516553564758983674e-01 -9.589249021546983887e-01 -6.929738770000000159e+02 9.688597015502065091e-01 -1.004737399819979338e-01 2.263093155088298225e-01 -2.886098900000000000e+01 0.000000000000000000e+00 0.000000000000000000e+00 0.000000000000000000e+00 1.000000000000000000e+00
-5.792459590115422996e-02 -9.830584821445533805e-01 -1.738987115344289291e-01 1.194070969999999932e+02 2.397708525560311998e-01 1.553932790293446886e-01 -9.583125101432525828e-01 -6.926937259999999696e+02 9.690999326458761276e-01 -9.720570722007398912e-02 2.267076774827075369e-01 -2.886123500000000064e+01 0.000000000000000000e+00 0.000000000000000000e+00 0.000000000000000000e+00 1.000000000000000000e+00
-5.357163096770162225e-02 -9.829485509727888815e-01 -1.759040263778952062e-01 1.194159240000000040e+02 2.398321840223981982e-01 1.583352417614802277e-01 -9.578154700793782839e-01 -6.923901980000000549e+02 9.693351349572072451e-01 -9.349918372279220069e-02 2.272604206206276789e-01 -2.886142900000000111e+01 0.000000000000000000e+00 0.000000000000000000e+00 0.000000000000000000e+00 1.000000000000000000e+00
-4.898567597688285868e-02 -9.830290807457080504e-01 -1.767886590178682216e-01 1.194275049999999965e+02 2.399022912556549869e-01 1.602394486573890386e-01 -9.574811798381537287e-01 -6.920634770000000344e+02 9.695603612975185470e-01 -8.931486719591658074e-02 2.279814911311904280e-01 -2.886150599999999855e+01 0.000000000000000000e+00 0.000000000000000000e+00 0.000000000000000000e+00 1.000000000000000000e+00
-4.483140074646213558e-02 -9.832853642927936733e-01 -1.764654013530629895e-01 1.194400940000000020e+02 2.399714094606718029e-01 1.608711980195267899e-01 -9.573579165020886794e-01 -6.917601319999999987e+02 9.697442282110103617e-01 -8.526634749624090182e-02 2.287482936244150666e-01 -2.886141800000000046e+01 0.000000000000000000e+00 0.000000000000000000e+00 0.000000000000000000e+00 1.000000000000000000e+00
-4.081689152703382728e-02 -9.837047656794730699e-01 -1.750968741741646406e-01 1.194543079999999975e+02 2.400579460323420400e-01 1.604550416363084986e-01 -9.574060591829485212e-01 -6.914568480000000363e+02 9.699000793446731494e-01 -8.111173523592873913e-02 2.295968695218058020e-01 -2.886117600000000039e+01 0.000000000000000000e+00 0.000000000000000000e+00 0.000000000000000000e+00 1.000000000000000000e+00
-3.684140131616903124e-02 -9.842851278876476595e-01 -1.727006026864358890e-01 1.194702000000000055e+02 2.401327361295124696e-01 1.590346715808449995e-01 -9.576242698857035940e-01 -6.911538090000000238e+02 9.700407105828161569e-01 -7.675128829127220165e-02 2.305000207323528172e-01 -2.886076200000000114e+01 0.000000000000000000e+00 0.000000000000000000e+00 0.000000000000000000e+00 1.000000000000000000e+00
-3.297048460350637811e-02 -9.850036066847390748e-01 -1.693541908636048143e-01 1.194875720000000001e+02 2.402104552287057659e-01 1.566700118599277936e-01 -9.579944908936732784e-01 -6.908507690000000139e+02 9.701607518055078705e-01 -7.226618989448935215e-02 2.314426785497992189e-01 -2.886018899999999832e+01 0.000000000000000000e+00 0.000000000000000000e+00 0.000000000000000000e+00 1.000000000000000000e+00
-2.922574623346246847e-02 -9.858386216976895433e-01 -1.651304566889378878e-01 1.195062939999999969e+02 2.402940739592699937e-01 1.534272168471956521e-01 -9.584982249073707994e-01 -6.905477290000000039e+02 9.702600753288544988e-01 -6.769269605890665398e-02 2.324071537692468659e-01 -2.885948000000000135e+01 0.000000000000000000e+00 0.000000000000000000e+00 0.000000000000000000e+00 1.000000000000000000e+00
-2.531354643750760580e-02 -9.868444580334299054e-01 -1.596785521460592494e-01 1.195278469999999942e+02 2.403830120509371504e-01 1.490343647798949844e-01 -9.591687889167223036e-01 -6.902214969999999994e+02 9.703479952491655958e-01 -6.266397500445386459e-02 2.334480549342102251e-01 -2.885857199999999878e+01 0.000000000000000000e+00 0.000000000000000000e+00 0.000000000000000000e+00 1.000000000000000000e+00
-2.148477903557227675e-02 -9.879360104006593701e-01 -1.533650665028415960e-01 1.195508350000000064e+02 2.404575448202104782e-01 1.437913330265419287e-01 -9.599501141650470526e-01 -6.898953249999999571e+02 9.704218533240216438e-01 -5.750210344046996491e-02 2.344673424831107966e-01 -2.885752700000000104e+01 0.000000000000000000e+00 0.000000000000000000e+00 0.000000000000000000e+00 1.000000000000000000e+00
-1.469978780170722032e-02 -9.900811700644887026e-01 -1.397254197428570710e-01 1.195965580000000017e+02 2.405761948841562137e-01 1.321333761019276576e-01 -9.615944391347981401e-01 -6.892897339999999531e+02 9.705189388639694492e-01 -4.774984401691129143e-02 2.362476279303463156e-01 -2.885530299999999926e+01 0.000000000000000000e+00 0.000000000000000000e+00 0.000000000000000000e+00 1.000000000000000000e+00
-1.170199422969692149e-02 -9.910822405514123634e-01 -1.327367914130835325e-01 1.196188049999999947e+02 2.406199011676879440e-01 1.260541828773696638e-01 -9.623992966233769764e-01 -6.890103149999999914e+02 9.705488789819398665e-01 -4.320110464688342589e-02 2.369990254498714477e-01 -2.885418900000000164e+01 0.000000000000000000e+00 0.000000000000000000e+00 0.000000000000000000e+00 1.000000000000000000e+00
-8.308449571005183110e-03 -9.922289674882709409e-01 -1.241476771546112245e-01 1.196455150000000032e+02 2.406590128334497591e-01 1.185187443768996873e-01 -9.633465351436898416e-01 -6.886842649999999821e+02 9.705741647126999716e-01 -3.788117353623854378e-02 2.378041368096061037e-01 -2.885284400000000105e+01 0.000000000000000000e+00 0.000000000000000000e+00 0.000000000000000000e+00 1.000000000000000000e+00
-5.256167233807562678e-03 -9.932545158570524890e-01 -1.158353980248820192e-01 1.196709139999999962e+02 2.406819667488162562e-01 1.111751963001980648e-01 -9.642158817451278452e-01 -6.883816530000000284e+02 9.705898019183656356e-01 -3.294757133970621643e-02 2.384740949346134120e-01 -2.885156999999999883e+01 0.000000000000000000e+00 0.000000000000000000e+00 0.000000000000000000e+00 1.000000000000000000e+00
-2.292512405298097189e-03 -9.942261263240785851e-01 -1.072807257688397353e-01 1.196967929999999996e+02 2.406930250936478721e-01 1.035784591639326846e-01 -9.650587393876572939e-01 -6.880789180000000442e+02 9.705985844097138049e-01 -2.803413155143169577e-02 2.390658390695267754e-01 -2.885028799999999904e+01 0.000000000000000000e+00 0.000000000000000000e+00 0.000000000000000000e+00 1.000000000000000000e+00
7.976877923832614847e-04 -9.951975527174747871e-01 -9.788357757731763753e-02 1.197250599999999991e+02 2.406945511445119923e-01 9.519699532994280178e-02 -9.659211485051419910e-01 -6.877529299999999921e+02 9.706005855878758748e-01 -2.278954026082408157e-02 2.396145657324956768e-01 -2.884891700000000014e+01 0.000000000000000000e+00 0.000000000000000000e+00 0.000000000000000000e+00 1.000000000000000000e+00
3.750621167793399824e-03 -9.960779649528599400e-01 -8.840034262504631313e-02 1.197535249999999962e+02 2.406916407232713717e-01 8.670129870382650705e-02 -9.667214794805223388e-01 -6.874270020000000159e+02 9.705943884686309975e-01 -1.765141746262149924e-02 2.400728233989947724e-01 -2.884757799999999861e+01 0.000000000000000000e+00 0.000000000000000000e+00 0.000000000000000000e+00 1.000000000000000000e+00
6.449353021324211177e-03 -9.968086806014808676e-01 -7.956670235180740569e-02 1.197801819999999964e+02 2.406683126813629614e-01 7.877680492558047920e-02 -9.674052812946716262e-01 -6.871242680000000291e+02 9.705859926439861507e-01 -1.291004582686688940e-02 2.404083226513512028e-01 -2.884638199999999841e+01 0.000000000000000000e+00 0.000000000000000000e+00 0.000000000000000000e+00 1.000000000000000000e+00
9.057121717897409496e-03 -9.974505820080477037e-01 -7.078350795202076329e-02 1.198068619999999953e+02 2.406356800391921680e-01 7.088030420737678750e-02 -9.680239934875297658e-01 -6.868215330000000449e+02 9.705732522783958593e-01 -8.265526436732395510e-03 2.406641706496024380e-01 -2.884523799999999838e+01 0.000000000000000000e+00 0.000000000000000000e+00 0.000000000000000000e+00 1.000000000000000000e+00
1.177310029730643803e-02 -9.980410525167573432e-01 -6.144470360114345775e-02 1.198354949999999945e+02 2.405958884280647858e-01 6.247107068757601356e-02 -9.686129174229805017e-01 -6.864954830000000356e+02 9.705539720082028143e-01 -3.379766026028852011e-03 2.408600518988350814e-01 -2.884409099999999881e+01 0.000000000000000000e+00 0.000000000000000000e+00 0.000000000000000000e+00 1.000000000000000000e+00
1.725172623411785899e-02 -9.989620542268775605e-01 -4.215675695259135658e-02 1.198959349999999944e+02 2.405008256888738760e-01 4.507110965925653634e-02 -9.696019533380968447e-01 -6.857966920000000073e+02 9.704956109045073109e-01 6.588572599591391299e-03 2.410287533183270714e-01 -2.884195499999999868e+01 0.000000000000000000e+00 0.000000000000000000e+00 0.000000000000000000e+00 1.000000000000000000e+00
2.080364223381436783e-02 -9.993495342508900148e-01 -2.945703417415629355e-02 1.199370799999999946e+02 2.404388453810917814e-01 3.359961506304354195e-02 -9.700825879786850736e-01 -6.853074950000000172e+02 9.704413274905472342e-01 1.309863581237580288e-02 2.409814425183812170e-01 -2.884076299999999904e+01 0.000000000000000000e+00 0.000000000000000000e+00 0.000000000000000000e+00 1.000000000000000000e+00
2.333976102141710474e-02 -9.995209927264545602e-01 -2.032340164898899237e-02 1.199674909999999954e+02 2.404003875490632880e-01 2.534369597848973310e-02 -9.703429036894175574e-01 -6.849346920000000409e+02 9.703931724933576586e-01 1.776181784820674014e-02 2.408767498224014814e-01 -2.884003999999999834e+01 0.000000000000000000e+00 0.000000000000000000e+00 0.000000000000000000e+00 1.000000000000000000e+00
2.529284539514209396e-02 -9.995918510255268341e-01 -1.328169172878301829e-02 1.199914930000000055e+02 2.403786088490731387e-01 1.897740247760171250e-02 -9.704936798367042039e-01 -6.846316530000000284e+02 9.703496258460666546e-01 2.135391202014513823e-02 2.407604910732534242e-01 -2.883956900000000090e+01 0.000000000000000000e+00 0.000000000000000000e+00 0.000000000000000000e+00 1.000000000000000000e+00
2.714271632739889695e-02 -9.996098002721640619e-01 -6.596980386076090053e-03 1.200148089999999996e+02 2.403628284928548964e-01 1.293215533915187399e-02 -9.705969658087739704e-01 -6.843286739999999782e+02 9.703035523119991623e-01 2.475896924607245975e-02 2.406200528064676436e-01 -2.883920900000000032e+01 0.000000000000000000e+00 0.000000000000000000e+00 0.000000000000000000e+00 1.000000000000000000e+00
2.887975552597882301e-02 -9.995828531888084623e-01 -2.816588027885202905e-04 1.200373309999999947e+02 2.403594317348154985e-01 7.217926684374875723e-03 -9.706571202595156711e-01 -6.840256349999999657e+02 9.702542467296273454e-01 2.796464098286410849e-02 2.404676185223765805e-01 -2.883894899999999950e+01 0.000000000000000000e+00 0.000000000000000000e+00 0.000000000000000000e+00 1.000000000000000000e+00
3.021574085552963806e-02 -9.995255688973028185e-01 5.970437594931765624e-03 1.200597989999999982e+02 2.403725333187753943e-01 1.468348819208487033e-03 -9.706796017109144969e-01 -6.836992189999999709e+02 9.702103144321163608e-01 3.076493250876105590e-02 2.403028603601415902e-01 -2.883875499999999903e+01 0.000000000000000000e+00 0.000000000000000000e+00 0.000000000000000000e+00 1.000000000000000000e+00
2.858791699666013431e-02 -9.995402454991603181e-01 1.010092219900610155e-02 1.200726470000000035e+02 2.404162071117058597e-01 -2.932966214726662191e-03 -9.706654650636359349e-01 -6.834191889999999603e+02 9.702488229108106044e-01 3.017772915017924440e-02 2.402218272837108870e-01 -2.883844200000000058e+01 0.000000000000000000e+00 0.000000000000000000e+00 0.000000000000000000e+00 1.000000000000000000e+00
2.386800150311996216e-02 -9.996306088372661769e-01 1.299862992331629608e-02 1.200795750000000055e+02 2.405360931533420121e-01 -6.878100782790941281e-03 -9.706158249380381076e-01 -6.831159059999999954e+02 9.703466939165472649e-01 2.629329962667370513e-02 2.402830747263904887e-01 -2.883786999999999878e+01 0.000000000000000000e+00 0.000000000000000000e+00 0.000000000000000000e+00 1.000000000000000000e+00
1.567945376933072010e-02 -9.997752508035459007e-01 1.426893865016226615e-02 1.200806879999999950e+02 2.408139603148263808e-01 -1.007470904916957233e-02 -9.705190038093348681e-01 -6.827656250000000000e+02 9.704446358484262181e-01 1.865336747832024855e-02 2.406018716359747955e-01 -2.883699199999999863e+01 0.000000000000000000e+00 0.000000000000000000e+00 0.000000000000000000e+00 1.000000000000000000e+00
7.078720517395498124e-03 -9.998830977117865171e-01 1.355295636085640520e-02 1.200774990000000031e+02 2.412070862778825653e-01 -1.144577296802723465e-02 -9.704061705340187860e-01 -6.824617309999999861e+02 9.704478518937385001e-01 1.013830318381986340e-02 2.410978671896169545e-01 -2.883617599999999825e+01 0.000000000000000000e+00 0.000000000000000000e+00 0.000000000000000000e+00 1.000000000000000000e+00
-1.855767978099109872e-03 -9.999347160468885498e-01 1.127474032693692729e-02 1.200716089999999951e+02 2.417239613350630201e-01 -1.138896204312106475e-02 -9.702782168327109824e-01 -6.821808469999999716e+02 9.703432808247276498e-01 9.247636502062173136e-04 2.417293159103686140e-01 -2.883550299999999922e+01 0.000000000000000000e+00 0.000000000000000000e+00 0.000000000000000000e+00 1.000000000000000000e+00
-1.204338219666450938e-02 -9.999026132412066614e-01 7.051310422226231278e-03 1.200633389999999991e+02 2.424450916371675424e-01 -9.761398735233905999e-03 -9.701160201933461957e-01 -6.818763430000000199e+02 9.700903743911235555e-01 -9.973922404816759624e-03 2.425390409512501733e-01 -2.883499499999999927e+01 0.000000000000000000e+00 0.000000000000000000e+00 0.000000000000000000e+00 1.000000000000000000e+00
-2.231812931276078160e-02 -9.997504241267931580e-01 9.952699512000284798e-04 1.200540239999999983e+02 2.433493370289721014e-01 -6.398028615480555459e-03 -9.699176075303483913e-01 -6.815712889999999788e+02 9.696819072621383206e-01 -2.140454830479648907e-02 2.434313949356758378e-01 -2.883486200000000110e+01 0.000000000000000000e+00 0.000000000000000000e+00 0.000000000000000000e+00 1.000000000000000000e+00
-3.255499676558276656e-02 -9.994457661843880736e-01 -6.952168128992131102e-03 1.200440830000000005e+02 2.444347346957127520e-01 -1.216972493409407274e-03 -9.696649831009604981e-01 -6.812659300000000258e+02 9.691191013801290222e-01 -3.326679176072078192e-02 2.443388792356210315e-01 -2.883524299999999840e+01 0.000000000000000000e+00 0.000000000000000000e+00 0.000000000000000000e+00 1.000000000000000000e+00
-4.245303424890212174e-02 -9.989578741507774140e-01 -1.676023732591547244e-02 1.200343170000000015e+02 2.456690005318651893e-01 5.822979984096532391e-03 -9.693362858584110286e-01 -6.809603879999999663e+02 9.684237099848060915e-01 -4.526873729478519959e-02 2.451657793473626668e-01 -2.883625400000000027e+01 0.000000000000000000e+00 0.000000000000000000e+00 0.000000000000000000e+00 1.000000000000000000e+00
-5.180173552884104193e-02 -9.982539561486138968e-01 -2.838343231255197052e-02 1.200253220000000027e+02 2.470484639986379460e-01 1.472863494759812930e-02 -9.688911826146906492e-01 -6.806543580000000020e+02 9.676175053357156663e-01 -5.720232815385756231e-02 2.458541376948223944e-01 -2.883798600000000079e+01 0.000000000000000000e+00 0.000000000000000000e+00 0.000000000000000000e+00 1.000000000000000000e+00
-6.108797061694976049e-02 -9.972118079420311254e-01 -4.285872077988689410e-02 1.200170750000000055e+02 2.486675479308242953e-01 2.638003851671238964e-02 -9.682295926968602640e-01 -6.803244630000000370e+02 9.666605973411628305e-01 -6.980475391291324216e-02 2.463627120308259921e-01 -2.884073599999999971e+01 0.000000000000000000e+00 0.000000000000000000e+00 0.000000000000000000e+00 1.000000000000000000e+00
-6.886478083891306445e-02 -9.959375428342958081e-01 -5.801769327708505841e-02 1.200112689999999986e+02 2.502660631104267619e-01 3.904981485604969160e-02 -9.673892751188202244e-01 -6.800178220000000238e+02 9.657248778069333905e-01 -8.113891010417689786e-02 2.465602110071492548e-01 -2.884415999999999869e+01 0.000000000000000000e+00 0.000000000000000000e+00 0.000000000000000000e+00 1.000000000000000000e+00
-7.567875344853464137e-02 -9.943309026306731413e-01 -7.469124681076744210e-02 1.200077289999999977e+02 2.519073755813826532e-01 5.341113979850270477e-02 -9.662763187997134295e-01 -6.797109380000000556e+02 9.647877488878973118e-01 -9.194186325660297365e-02 2.464371996609441284e-01 -2.884843599999999952e+01 0.000000000000000000e+00 0.000000000000000000e+00 0.000000000000000000e+00 1.000000000000000000e+00
-8.163870049373700422e-02 -9.923337259794806631e-01 -9.278415201625106468e-02 1.200065539999999942e+02 2.535906550082962507e-01 6.934907638346379799e-02 -9.648225149203473183e-01 -6.794038699999999835e+02 9.638604163851511863e-01 -1.022960502093868129e-01 2.459849910815727903e-01 -2.885359000000000052e+01 0.000000000000000000e+00 0.000000000000000000e+00 0.000000000000000000e+00 1.000000000000000000e+00
-8.586072803238559148e-02 -9.903222189189071489e-01 -1.090405341938531780e-01 1.200078660000000070e+02 2.549883750644954539e-01 8.395694231490474779e-02 -9.632923545939208188e-01 -6.791439209999999775e+02 9.631245319083701073e-01 -1.105130515037201500e-01 2.453120492018669441e-01 -2.885860299999999867e+01 0.000000000000000000e+00 0.000000000000000000e+00 0.000000000000000000e+00 1.000000000000000000e+00
-8.994362907700731435e-02 -9.875258129236921256e-01 -1.292397477475825673e-01 1.200122599999999977e+02 2.565996724493748160e-01 1.024073148246741893e-01 -9.610771821083224919e-01 -6.788369139999999788e+02 9.623236210793806311e-01 -1.196056465213958253e-01 2.441879145921591054e-01 -2.886527399999999943e+01 0.000000000000000000e+00 0.000000000000000000e+00 0.000000000000000000e+00 1.000000000000000000e+00
-9.300988351502847973e-02 -9.842539950225945855e-01 -1.503104615473692673e-01 1.200200040000000001e+02 2.581225791055536400e-01 1.219674382715798810e-01 -9.583823235835298160e-01 -6.785302120000000059e+02 9.616246126864776977e-01 -1.279375522805195065e-01 2.427140024639107829e-01 -2.887269200000000069e+01 0.000000000000000000e+00 0.000000000000000000e+00 0.000000000000000000e+00 1.000000000000000000e+00
-9.535594726938834143e-02 -9.801560767997075097e-01 -1.737852365218732764e-01 1.200320509999999956e+02 2.596537454628141117e-01 1.440461276372646537e-01 -9.548982383373847416e-01 -6.781998899999999821e+02 9.609824013932251052e-01 -1.361792136315769230e-01 2.407655415278431854e-01 -2.888146599999999964e+01 0.000000000000000000e+00 0.000000000000000000e+00 0.000000000000000000e+00 1.000000000000000000e+00
-9.939203834590620845e-02 -9.754004524907733398e-01 -1.967617340700192341e-01 1.200406339999999972e+02 2.610481882762425987e-01 1.652543596776872570e-01 -9.510756226532195434e-01 -6.778932499999999663e+02 9.601953270617065161e-01 -1.458936389576757642e-01 2.382015533126306539e-01 -2.888682700000000025e+01 0.000000000000000000e+00 0.000000000000000000e+00 0.000000000000000000e+00 1.000000000000000000e+00
-1.025927919859854209e-01 -9.704902009402466279e-01 -2.182280662781025948e-01 1.200503769999999975e+02 2.622019578157096520e-01 1.852429682031497549e-01 -9.470666164789547370e-01 -6.776107180000000199e+02 9.595440856730497181e-01 -1.543820346097514729e-01 2.354598374237619751e-01 -2.888522000000000034e+01 0.000000000000000000e+00 0.000000000000000000e+00 0.000000000000000000e+00 1.000000000000000000e+00
-1.044310113192618017e-01 -9.652490260754819085e-01 -2.395589312364911350e-01 1.200638430000000056e+02 2.631525566778257774e-01 2.054720431053292939e-01 -9.426197385033083798e-01 -6.773281859999999597e+02 9.590854475951346991e-01 -1.614792778112886240e-01 2.325500957832198345e-01 -2.887728900000000110e+01 0.000000000000000000e+00 0.000000000000000000e+00 0.000000000000000000e+00 1.000000000000000000e+00
-1.017339374577752587e-01 -9.598181095947575514e-01 -2.615327942405760164e-01 1.200910030000000006e+02 2.635823481568126958e-01 2.274939737928769468e-01 -9.374277772863713887e-01 -6.770238040000000410e+02 9.592572917155637313e-01 -1.643036468915765047e-01 2.298472534285538327e-01 -2.887075600000000009e+01 0.000000000000000000e+00 0.000000000000000000e+00 0.000000000000000000e+00 1.000000000000000000e+00
-9.825115242331733389e-02 -9.540278818121754600e-01 -2.831563380404250596e-01 1.201236269999999990e+02 2.637577648077349401e-01 2.493932177914153780e-01 -9.317912128922823944e-01 -6.767201539999999795e+02 9.595720674087576674e-01 -1.662342432972733208e-01 2.271290906164714074e-01 -2.887164699999999939e+01 0.000000000000000000e+00 0.000000000000000000e+00 0.000000000000000000e+00 1.000000000000000000e+00
-9.012878462293538728e-02 -9.409060597140177507e-01 -3.264545741383222399e-01 1.202039340000000038e+02 2.635377616519073984e-01 2.935726032458660928e-01 -9.188922541881323625e-01 -6.760916140000000496e+02 9.604294093611953631e-01 -1.688517498188459309e-01 2.215049349726070926e-01 -2.888451399999999936e+01 0.000000000000000000e+00 0.000000000000000000e+00 0.000000000000000000e+00 1.000000000000000000e+00
-8.605282726374341440e-02 -9.347859812050446360e-01 -3.446303530776675950e-01 1.202449799999999982e+02 2.631973082469963865e-01 3.122948232882917230e-01 -9.127974146977355652e-01 -6.758131100000000515e+02 9.608965021538227180e-01 -1.692545795240299467e-01 2.191593015564065328e-01 -2.889210100000000025e+01 0.000000000000000000e+00 0.000000000000000000e+00 0.000000000000000000e+00 1.000000000000000000e+00
-8.399279535757653292e-02 -9.276129452358281569e-01 -3.639772440124962039e-01 1.202872160000000008e+02 2.630558510395348826e-01 3.316693335301270640e-01 -9.059785165386355921e-01 -6.755114750000000186e+02 9.611174899885475131e-01 -1.718420118207220626e-01 2.161561782867206238e-01 -2.889915299999999831e+01 0.000000000000000000e+00 0.000000000000000000e+00 0.000000000000000000e+00 1.000000000000000000e+00
-8.295566880289689804e-02 -9.202425284705260111e-01 -3.824552860239186503e-01 1.203292469999999952e+02 2.628571149132832296e-01 3.499818183314332698e-01 -8.991211620114882841e-01 -6.752102049999999736e+02 9.612619279639288417e-01 -1.751182903970826543e-01 2.128593202457293443e-01 -2.889921599999999913e+01 0.000000000000000000e+00 0.000000000000000000e+00 0.000000000000000000e+00 1.000000000000000000e+00
-8.095445701632464353e-02 -9.137235234533298556e-01 -3.981905304966754655e-01 1.203718949999999950e+02 2.624058219384037272e-01 3.658700331285852370e-01 -8.929066599994192055e-01 -6.749331049999999550e+02 9.615558020739214395e-01 -1.767722872695821623e-01 2.101475623257560432e-01 -2.889212399999999903e+01 0.000000000000000000e+00 0.000000000000000000e+00 0.000000000000000000e+00 1.000000000000000000e+00
-7.732659505593986182e-02 -9.076892010594106441e-01 -4.124571638087808356e-01 1.204197690000000023e+02 2.615955400945335629e-01 3.807302768355496081e-01 -8.869116245169950119e-01 -6.746572270000000344e+02 9.620750340278578783e-01 -1.764788105718489430e-01 2.080068708467137650e-01 -2.887915800000000033e+01 0.000000000000000000e+00 0.000000000000000000e+00 0.000000000000000000e+00 1.000000000000000000e+00
-6.945431183376710171e-02 -9.021243143822029742e-01 -4.258495273780842361e-01 1.204837339999999983e+02 2.600111296807211536e-01 3.957553206730385353e-01 -8.807791656261717561e-01 -6.743605350000000271e+02 9.631045171786147829e-01 -1.718995275136622203e-01 2.070754486430649299e-01 -2.886775799999999848e+01 0.000000000000000000e+00 0.000000000000000000e+00 0.000000000000000000e+00 1.000000000000000000e+00
-5.454669725740679542e-02 -8.920224594933288120e-01 -4.486876302928142768e-01 1.206232219999999984e+02 2.567619349961706710e-01 4.217155430385817194e-01 -8.696144602619579889e-01 -6.737700810000000047e+02 9.649341773174640036e-01 -1.626405008574017264e-01 2.060342227046820240e-01 -2.886320699999999917e+01 0.000000000000000000e+00 0.000000000000000000e+00 0.000000000000000000e+00 1.000000000000000000e+00
-4.808529761728275176e-02 -8.880295248647319672e-01 -4.572650950177323814e-01 1.206920389999999941e+02 2.552891373761286831e-01 4.316633526292796841e-01 -8.651555966036412748e-01 -6.734989010000000462e+02 9.656682973416956806e-01 -1.583360760072343720e-01 2.059476305855978684e-01 -2.886573999999999884e+01 0.000000000000000000e+00 0.000000000000000000e+00 0.000000000000000000e+00 1.000000000000000000e+00
-4.175946477334635532e-02 -8.845680275532842307e-01 -4.645379981576704398e-01 1.207635190000000023e+02 2.538316454182202309e-01 4.402961914828251722e-01 -8.612251503236527661e-01 -6.732283330000000205e+02 9.663465438889520254e-01 -1.538787457585082397e-01 2.061448246201340873e-01 -2.886917899999999904e+01 0.000000000000000000e+00 0.000000000000000000e+00 0.000000000000000000e+00 1.000000000000000000e+00
-3.498650568374483960e-02 -8.814892501114436341e-01 -4.709061969840766526e-01 1.208439330000000069e+02 2.522605969826331451e-01 4.481476237358160142e-01 -8.576294645998976396e-01 -6.729360960000000205e+02 9.670266468045267683e-01 -1.487965365117959737e-01 2.066858850818965310e-01 -2.887318000000000140e+01 0.000000000000000000e+00 0.000000000000000000e+00 0.000000000000000000e+00 1.000000000000000000e+00
-2.834300713162934970e-02 -8.791428275438606388e-01 -4.757147913665524808e-01 1.209271770000000004e+02 2.507277674599749928e-01 4.544394531489196476e-01 -8.547633415432882575e-01 -6.726447749999999814e+02 9.676426306086733931e-01 -1.435014710722402609e-01 2.075453377670284372e-01 -2.887706599999999924e+01 0.000000000000000000e+00 0.000000000000000000e+00 0.000000000000000000e+00 1.000000000000000000e+00
-2.182554036140871290e-02 -8.775570799232041974e-01 -4.789751739543414155e-01 1.210131679999999932e+02 2.492409698800937545e-01 4.591866064354622745e-01 -8.526585479566330950e-01 -6.723543089999999438e+02 9.681955302113115502e-01 -1.379899704577942643e-01 2.087011819130268342e-01 -2.888061700000000087e+01 0.000000000000000000e+00 0.000000000000000000e+00 0.000000000000000000e+00 1.000000000000000000e+00
-1.594969495281833849e-02 -8.767736438501478879e-01 -4.806387257396622648e-01 1.210948329999999942e+02 2.479158227442117557e-01 4.622214965389448982e-01 -8.514041537192302833e-01 -6.720869139999999788e+02 9.686502733515192087e-01 -1.327375816678620368e-01 2.099937674051184922e-01 -2.888350499999999954e+01 0.000000000000000000e+00 0.000000000000000000e+00 0.000000000000000000e+00 1.000000000000000000e+00
-1.274993766286719454e-02 -8.763009055854205087e-01 -4.815954339066821355e-01 1.211729279999999989e+02 2.470274824973250349e-01 4.639450937076918247e-01 -8.507246163804097483e-01 -6.718194580000000542e+02 9.689245904509944385e-01 -1.298139934472912760e-01 2.105551355931262747e-01 -2.888359099999999913e+01 0.000000000000000000e+00 0.000000000000000000e+00 0.000000000000000000e+00 1.000000000000000000e+00
-9.948315391031248289e-03 -8.764536010415486800e-01 -4.813835438007642020e-01 1.212516940000000005e+02 2.461687570623847798e-01 4.644449033993727216e-01 -8.507008138897644844e-01 -6.715522459999999683e+02 9.691759252412540659e-01 -1.269646286477025265e-01 2.111350492104752952e-01 -2.887737999999999872e+01 0.000000000000000000e+00 0.000000000000000000e+00 0.000000000000000000e+00 1.000000000000000000e+00
-3.994554361388458208e-03 -8.777866073943632053e-01 -4.790351922505781124e-01 1.213514629999999954e+02 2.447316399654660413e-01 4.636134783263660686e-01 -8.515685334216747115e-01 -6.712427979999999934e+02 9.695826256360350337e-01 -1.206367049998569585e-01 2.129702267254980907e-01 -2.886562699999999992e+01 0.000000000000000000e+00 0.000000000000000000e+00 0.000000000000000000e+00 1.000000000000000000e+00
2.583264770978088709e-03 -8.797328386059637406e-01 -4.754613122236305833e-01 1.214429169999999942e+02 2.433414208536895385e-01 4.617237350235224858e-01 -8.529924650387221696e-01 -6.709785160000000133e+02 9.699372555170930887e-01 -1.134959258926136472e-01 2.152681935766353749e-01 -2.885936900000000094e+01 0.000000000000000000e+00 0.000000000000000000e+00 0.000000000000000000e+00 1.000000000000000000e+00
9.117502261952237230e-03 -8.823569992304787224e-01 -4.704922922445045064e-01 1.215434269999999941e+02 2.419563820396742337e-01 4.584770851886321719e-01 -8.551350019425041360e-01 -6.706927490000000489e+02 9.702442890029161493e-01 -1.060419174945480547e-01 2.176720730624508160e-01 -2.885533300000000168e+01 0.000000000000000000e+00 0.000000000000000000e+00 0.000000000000000000e+00 1.000000000000000000e+00
1.483062221033432104e-02 -8.852341623162156559e-01 -4.649091637225086227e-01 1.216376800000000031e+02 2.407225297669763897e-01 4.544456507437690806e-01 -8.576315142196322405e-01 -6.704296880000000556e+02 9.704806625108206575e-01 -9.919490102006334187e-02 2.198355187502200048e-01 -2.885278699999999930e+01 0.000000000000000000e+00 0.000000000000000000e+00 0.000000000000000000e+00 1.000000000000000000e+00
2.073128909575677747e-02 -8.887888273967687880e-01 -4.578478283743461219e-01 1.217412800000000033e+02 2.394320837997858664e-01 4.490338153360606266e-01 -8.608373307030967592e-01 -6.701449579999999742e+02 9.706917589532324531e-01 -9.177719204365097916e-02 2.221136108410791121e-01 -2.885054600000000136e+01 0.000000000000000000e+00 0.000000000000000000e+00 0.000000000000000000e+00 1.000000000000000000e+00
2.591203917646195398e-02 -8.924134582283713701e-01 -4.504739568483359102e-01 1.218380970000000048e+02 2.383014544599257323e-01 4.431487014531381163e-01 -8.641942172930119348e-01 -6.698828740000000153e+02 9.708454990512144223e-01 -8.495556469870790828e-02 2.241463115884850810e-01 -2.884864400000000018e+01 0.000000000000000000e+00 0.000000000000000000e+00 0.000000000000000000e+00 1.000000000000000000e+00
3.084867336051910769e-02 -8.963092678851267703e-01 -4.423551239164352222e-01 1.219359280000000041e+02 2.372269026741829490e-01 4.364857424156182164e-01 -8.678730283373836674e-01 -6.696209720000000516e+02 9.709643433203458684e-01 -7.816580435916581360e-02 2.260936775528561427e-01 -2.884675199999999862e+01 0.000000000000000000e+00 0.000000000000000000e+00 0.000000000000000000e+00 1.000000000000000000e+00
3.523918394859781866e-02 -9.000769309903436932e-01 -4.343037165551784096e-01 1.220265809999999931e+02 2.362457985347273803e-01 4.297593313258936121e-01 -8.714900113099458556e-01 -6.693809810000000198e+02 9.710541295876999879e-01 -7.189183150626132779e-02 2.277837614347200390e-01 -2.884495700000000085e+01 0.000000000000000000e+00 0.000000000000000000e+00 0.000000000000000000e+00 1.000000000000000000e+00
4.021641296058720005e-02 -9.047051534876432433e-01 -4.241358572220502166e-01 1.221346589999999992e+02 2.351221429402089447e-01 4.211283262752987255e-01 -8.759957252793928451e-01 -6.690982669999999644e+02 9.711334707586736226e-01 -6.449432580828573514e-02 2.296524850959536790e-01 -2.884275200000000083e+01 0.000000000000000000e+00 0.000000000000000000e+00 0.000000000000000000e+00 1.000000000000000000e+00
4.462927965395002694e-02 -9.090889271644500003e-01 -4.142047197999541575e-01 1.222352139999999991e+02 2.341117798580842346e-01 4.125894888278360817e-01 -8.803190263992166642e-01 -6.688373410000000376e+02 9.711847928840573463e-01 -5.768220016412273221e-02 2.312419984669235318e-01 -2.884065100000000115e+01 0.000000000000000000e+00 0.000000000000000000e+00 0.000000000000000000e+00 1.000000000000000000e+00
4.881544032863016636e-02 -9.135213080301022304e-01 -4.038513000604222469e-01 1.223363269999999972e+02 2.331441000988297985e-01 4.035854576482799105e-01 -8.847387224282294849e-01 -6.685762939999999617e+02 9.712161867342559152e-01 -5.096663761520597857e-02 2.326833051071165726e-01 -2.883850500000000139e+01 0.000000000000000000e+00 0.000000000000000000e+00 0.000000000000000000e+00 1.000000000000000000e+00
5.014617078719629806e-02 -9.180911521509925732e-01 -3.931844324200088336e-01 1.224401469999999961e+02 2.332312512929147763e-01 3.935595359955550432e-01 -8.892210495975141349e-01 -6.682913210000000390e+02 9.711274607257909253e-01 -4.711186654152627051e-02 2.338630519240926520e-01 -2.883654999999999902e+01 0.000000000000000000e+00 0.000000000000000000e+00 0.000000000000000000e+00 1.000000000000000000e+00
4.737634014319125342e-02 -9.215640565535714313e-01 -3.853247618090001603e-01 1.225204389999999961e+02 2.347322022982825662e-01 3.852268238799662070e-01 -8.924690960294097142e-01 -6.680477290000000039e+02 9.709048746395472218e-01 -4.816621047871205707e-02 2.345713975941773333e-01 -2.883543399999999934e+01 0.000000000000000000e+00 0.000000000000000000e+00 0.000000000000000000e+00 1.000000000000000000e+00
4.069357250349975308e-02 -9.250896163075941203e-01 -3.775622266021462781e-01 1.226086430000000007e+02 2.378564261817439629e-01 3.759810848383979831e-01 -8.955794461508089777e-01 -6.677568360000000212e+02 9.704475017644955681e-01 -5.336127475622620686e-02 2.353385235685808985e-01 -2.883478200000000058e+01 0.000000000000000000e+00 0.000000000000000000e+00 0.000000000000000000e+00 1.000000000000000000e+00
3.215733708248919021e-02 -9.276654215011099769e-01 -3.720252295516141561e-01 1.226853490000000022e+02 2.417949100858747258e-01 3.683819604933304959e-01 -8.976803176185017552e-01 -6.674860230000000456e+02 9.697943736320224772e-01 -6.108679836313529732e-02 2.361509600603282355e-01 -2.883492299999999986e+01 0.000000000000000000e+00 0.000000000000000000e+00 0.000000000000000000e+00 1.000000000000000000e+00
2.122288965555096940e-02 -9.295897622211510836e-01 -3.679843242969629835e-01 1.227650529999999947e+02 2.469567720811052802e-01 3.615359761043019926e-01 -8.990573344929626565e-01 -6.671902469999999994e+02 9.687940656702793696e-01 -7.179562630086672170e-02 2.372413251651510624e-01 -2.883605599999999924e+01 0.000000000000000000e+00 0.000000000000000000e+00 0.000000000000000000e+00 1.000000000000000000e+00
1.023191180435162329e-02 -9.304730175692021987e-01 -3.662175194559804670e-01 1.228368300000000062e+02 2.523595240930368022e-01 3.567844893470771828e-01 -8.994551121433917995e-01 -6.669163210000000390e+02 9.675794430331621232e-01 -8.321533354501930990e-02 2.384643153233356461e-01 -2.883818099999999873e+01 0.000000000000000000e+00 0.000000000000000000e+00 0.000000000000000000e+00 1.000000000000000000e+00
-2.056606538853644750e-03 -9.303753842620896553e-01 -3.666025296267247380e-01 1.229138640000000038e+02 2.587254884108828867e-01 3.536256832876983891e-01 -8.988937633368354607e-01 -6.666181030000000192e+02 9.659487005095532819e-01 -9.669808932175266714e-02 2.399845568061158008e-01 -2.884184300000000079e+01 0.000000000000000000e+00 0.000000000000000000e+00 0.000000000000000000e+00 1.000000000000000000e+00
-1.423926497084160303e-02 -9.291175224009717848e-01 -3.695103150124091629e-01 1.229912259999999975e+02 2.654589572564238220e-01 3.527737454234752823e-01 -8.972637441422812721e-01 -6.663193360000000212e+02 9.640170046972317275e-01 -1.108661991202581354e-01 2.416193298293928537e-01 -2.884709000000000145e+01 0.000000000000000000e+00 0.000000000000000000e+00 0.000000000000000000e+00 1.000000000000000000e+00
-2.502781607202986258e-02 -9.268833661225436282e-01 -3.745141306119258995e-01 1.230637969999999939e+02 2.718637128023085880e-01 3.542016450027424268e-01 -8.947800379639090362e-01 -6.660430910000000040e+02 9.620102546667617105e-01 -1.242111922601716323e-01 2.431210596252372791e-01 -2.885347200000000001e+01 0.000000000000000000e+00 0.000000000000000000e+00 0.000000000000000000e+00 1.000000000000000000e+00
-3.420060123428064758e-02 -9.239215448681574738e-01 -3.810502562702867135e-01 1.231320950000000067e+02 2.777431699332617021e-01 3.574677267029490180e-01 -8.916700936564202484e-01 -6.657899780000000192e+02 9.600463793122899769e-01 -1.363297593860680612e-01 2.443872874662259276e-01 -2.886063599999999951e+01 0.000000000000000000e+00 0.000000000000000000e+00 0.000000000000000000e+00 1.000000000000000000e+00
-4.414259264000919281e-02 -9.192300800653654402e-01 -3.912384073912481552e-01 1.232151790000000062e+02 2.846909664180604094e-01 3.638078066127757859e-01 -8.869018736520698498e-01 -6.654910889999999881e+02 9.576024671830002388e-01 -1.505321884203615346e-01 2.456370800477968575e-01 -2.887085899999999938e+01 0.000000000000000000e+00 0.000000000000000000e+00 0.000000000000000000e+00 1.000000000000000000e+00
-5.215759739430081421e-02 -9.137505577782326638e-01 -4.029137664488794957e-01 1.232949679999999972e+02 2.909145699582805777e-01 3.720615635283419653e-01 -8.814413797473055201e-01 -6.652158200000000079e+02 9.553262783049789597e-01 -1.631873497082838020e-01 2.464175133287883346e-01 -2.888193499999999858e+01 0.000000000000000000e+00 0.000000000000000000e+00 0.000000000000000000e+00 1.000000000000000000e+00
-5.939891367445737647e-02 -9.065550515138846022e-01 -4.178871948611876386e-01 1.233853990000000067e+02 2.972999055083714870e-01 3.835633874525226084e-01 -8.743522711073947740e-01 -6.649188229999999749e+02 9.529346962090358142e-01 -1.761733986179634392e-01 2.467354826132399370e-01 -2.889563199999999910e+01 0.000000000000000000e+00 0.000000000000000000e+00 0.000000000000000000e+00 1.000000000000000000e+00
-6.759540032002114840e-02 -8.981410541001364489e-01 -4.344807346654996349e-01 1.234662699999999944e+02 3.039548139575170005e-01 3.962380041728069680e-01 -8.663757355334936738e-01 -6.646431880000000092e+02 9.502853955142253062e-01 -1.906255255443164431e-01 2.462104304925480103e-01 -2.890755800000000164e+01 0.000000000000000000e+00 0.000000000000000000e+00 0.000000000000000000e+00 1.000000000000000000e+00
-7.535798654114467254e-02 -8.882848433405682309e-01 -4.530686603108698418e-01 1.235479969999999952e+02 3.105395213749905237e-01 4.108595507001321367e-01 -8.571812149497193278e-01 -6.643679809999999861e+02 9.475686674477243887e-01 -2.052911753824486762e-01 2.448860016036772391e-01 -2.891369600000000162e+01 0.000000000000000000e+00 0.000000000000000000e+00 0.000000000000000000e+00 1.000000000000000000e+00
-8.110003775514806890e-02 -8.773188606419706215e-01 -4.730057088851971625e-01 1.236340480000000071e+02 3.162739075507297049e-01 4.273905981745743654e-01 -8.469404300153415832e-01 -6.640942989999999782e+02 9.451950059531133430e-01 -2.182862646935297413e-01 2.428116705750369142e-01 -2.891312200000000132e+01 0.000000000000000000e+00 0.000000000000000000e+00 0.000000000000000000e+00 1.000000000000000000e+00
-8.476451606904739089e-02 -8.662775829984488141e-01 -4.923191302498262090e-01 1.237165909999999940e+02 3.207991467824299892e-01 4.440620405952189764e-01 -8.365983573532013162e-01 -6.638450930000000199e+02 9.433466405512052066e-01 -2.288494118340164141e-01 2.402604055269607630e-01 -2.890688099999999849e+01 0.000000000000000000e+00 0.000000000000000000e+00 0.000000000000000000e+00 1.000000000000000000e+00
-8.487573488186372916e-02 -8.537995130311375469e-01 -5.136365457948408597e-01 1.238162080000000032e+02 3.238116708928011067e-01 4.638793319650164060e-01 -8.245980640101588932e-01 -6.635776980000000549e+02 9.423068032344219525e-01 -2.363098747904585628e-01 2.370981477250339031e-01 -2.889679900000000146e+01 0.000000000000000000e+00 0.000000000000000000e+00 0.000000000000000000e+00 1.000000000000000000e+00
-8.143825703696294660e-02 -8.409318238601648510e-01 -5.349780162866494271e-01 1.239263150000000024e+02 3.249064605824634744e-01 4.850400813379690534e-01 -8.118940271780749063e-01 -6.633156129999999848e+02 9.422333055897343934e-01 -2.399370482332258137e-01 2.337233636643307744e-01 -2.888918699999999973e+01 0.000000000000000000e+00 0.000000000000000000e+00 0.000000000000000000e+00 1.000000000000000000e+00
-7.791357553194117047e-02 -8.281245170009595702e-01 -5.551029265728619766e-01 1.240310439999999943e+02 3.254988303504647851e-01 5.051530826547624420e-01 -7.992939850423437242e-01 -6.630775149999999485e+02 9.423268998539244823e-01 -2.429612055994094799e-01 2.301952788077411272e-01 -2.888646699999999967e+01 0.000000000000000000e+00 0.000000000000000000e+00 0.000000000000000000e+00 1.000000000000000000e+00
-7.362508281117258191e-02 -8.130804127349458010e-01 -5.774769169480439279e-01 1.241497499999999974e+02 3.256862967499947192e-01 5.276976012077621014e-01 -7.845149315270221191e-01 -6.628201289999999517e+02 9.426069081490556778e-01 -2.458362953396911466e-01 2.259573689954231246e-01 -2.888844699999999932e+01 0.000000000000000000e+00 0.000000000000000000e+00 0.000000000000000000e+00 1.000000000000000000e+00
-6.929730726454980116e-02 -7.983614665375982078e-01 -5.981779433862618456e-01 1.242628480000000053e+02 3.253749065692534415e-01 5.487411706691833757e-01 -7.700742157660285248e-01 -6.625867919999999458e+02 9.430424451640192496e-01 -2.479961619875388212e-01 2.217405020705920937e-01 -2.889511099999999999e+01 0.000000000000000000e+00 0.000000000000000000e+00 0.000000000000000000e+00 1.000000000000000000e+00
-6.354027378592630448e-02 -7.799641227783202790e-01 -6.225902350550119868e-01 1.244023130000000066e+02 3.242790704308591287e-01 5.738621593704169577e-01 -7.520141664378539037e-01 -6.623142699999999650e+02 9.438250463341749663e-01 -2.496761687093257964e-01 2.164626819821949821e-01 -2.890918399999999977e+01 0.000000000000000000e+00 0.000000000000000000e+00 0.000000000000000000e+00 1.000000000000000000e+00
-5.762120705329842885e-02 -7.621394974544172252e-01 -6.448435336712696753e-01 1.245364000000000004e+02 3.225824114238932117e-01 5.970550835153874969e-01 -7.344833661073477682e-01 -6.620661619999999630e+02 9.447858933841399853e-01 -2.503370001984576154e-01 2.114497623407755045e-01 -2.892655200000000093e+01 0.000000000000000000e+00 0.000000000000000000e+00 0.000000000000000000e+00 1.000000000000000000e+00
-5.350032080911043542e-02 -7.430455000793755316e-01 -6.670990185010865492e-01 1.246699219999999997e+02 3.216067879114697936e-01 6.196378622910019285e-01 -7.159734587152685181e-01 -6.618178709999999683e+02 9.453606664350855393e-01 -2.528483822911038459e-01 2.058176521345597421e-01 -2.894539299999999926e+01 0.000000000000000000e+00 0.000000000000000000e+00 0.000000000000000000e+00 1.000000000000000000e+00
-5.163293577257022093e-02 -7.245079460660477366e-01 -6.873298160495169284e-01 1.247899780000000050e+02 3.215480203249876379e-01 6.395360341871128007e-01 -6.982839906523001794e-01 -6.615893549999999550e+02 9.454844845731669167e-01 -2.570639941014242758e-01 1.999429727898330844e-01 -2.895851499999999845e+01 0.000000000000000000e+00 0.000000000000000000e+00 0.000000000000000000e+00 1.000000000000000000e+00
-4.477832477580290238e-02 -6.875806769586636502e-01 -7.247259580719721539e-01 1.250411380000000037e+02 3.185984738563012453e-01 6.777430806744509928e-01 -6.626909755341019448e-01 -6.611400760000000218e+02 9.468315130405767777e-01 -2.605707759342358321e-01 1.887139545511190564e-01 -2.896589099999999917e+01 0.000000000000000000e+00 0.000000000000000000e+00 0.000000000000000000e+00 1.000000000000000000e+00
-4.017387153621926332e-02 -6.694686282052620951e-01 -7.417532041688503774e-01 1.251716080000000062e+02 3.159267382940064151e-01 6.957581147748991279e-01 -6.450666180758302115e-01 -6.609191280000000006e+02 9.479326748649938850e-01 -2.602544938590748980e-01 1.835517429758025121e-01 -2.896036700000000152e+01 0.000000000000000000e+00 0.000000000000000000e+00 0.000000000000000000e+00 1.000000000000000000e+00
-3.395853809149096403e-02 -6.486362017083081577e-01 -7.603406443983564689e-01 1.253300250000000062e+02 3.118851137756527558e-01 7.159089107093685733e-01 -6.246615942829155665e-01 -6.606614990000000489e+02 9.495127663680131835e-01 -2.583515229301823757e-01 1.779887555544410471e-01 -2.894795799999999986e+01 0.000000000000000000e+00 0.000000000000000000e+00 0.000000000000000000e+00 1.000000000000000000e+00
-2.818294456434594641e-02 -6.316576781173643962e-01 -7.747349865025220383e-01 1.254679339999999996e+02 3.078168549573126467e-01 7.318963480175573189e-01 -6.079280545942514768e-01 -6.604464110000000119e+02 9.510281307300386677e-01 -2.556096896323428735e-01 1.738078856846995701e-01 -2.893458899999999900e+01 0.000000000000000000e+00 0.000000000000000000e+00 0.000000000000000000e+00 1.000000000000000000e+00
-2.158143620118807560e-02 -6.155407414000717559e-01 -7.878095184041276067e-01 1.256103669999999966e+02 3.029449521073468987e-01 7.469197692168871860e-01 -5.918912183380226066e-01 -6.602349850000000515e+02 9.527636630372564586e-01 -2.514367793892560154e-01 1.703553590768052683e-01 -2.891966999999999999e+01 0.000000000000000000e+00 0.000000000000000000e+00 0.000000000000000000e+00 1.000000000000000000e+00
1.910004462908343470e-03 -5.836715257259571521e-01 -8.119876242527868104e-01 1.259647599999999983e+02 2.855349118066150549e-01 7.785028190052827313e-01 -5.589303846995763436e-01 -6.597760620000000245e+02 9.583664048903948185e-01 -2.307832551498511520e-01 1.681455414808804560e-01 -2.889110799999999912e+01 0.000000000000000000e+00 0.000000000000000000e+00 0.000000000000000000e+00 1.000000000000000000e+00
1.225660994419575101e-02 -5.696064155666447082e-01 -8.218262023432905128e-01 1.261395799999999952e+02 2.775625280269442552e-01 7.915270946151464759e-01 -5.444666211306227188e-01 -6.595596920000000409e+02 9.606293866772803725e-01 -2.214348433183545017e-01 1.678028355440044361e-01 -2.888452900000000056e+01 0.000000000000000000e+00 0.000000000000000000e+00 0.000000000000000000e+00 1.000000000000000000e+00
2.121526949013147201e-02 -5.576077806711313700e-01 -8.298334021208570999e-01 1.263022919999999942e+02 2.704921412167646810e-01 8.022659785471528693e-01 -5.321684894896997475e-01 -6.593635249999999814e+02 9.624883967510624583e-01 -2.131733158741830059e-01 1.678488114905042905e-01 -2.888229799999999869e+01 0.000000000000000000e+00 0.000000000000000000e+00 0.000000000000000000e+00 1.000000000000000000e+00
2.980028916453431043e-02 -5.466391396726748564e-01 -8.368378539141425598e-01 1.264674909999999954e+02 2.635927407404482503e-01 8.118719160892724496e-01 -5.209441994057254499e-01 -6.591693729999999505e+02 9.641736408939256542e-01 -2.050600956877063064e-01 1.682841268863459194e-01 -2.888339200000000062e+01 0.000000000000000000e+00 0.000000000000000000e+00 0.000000000000000000e+00 1.000000000000000000e+00
3.810005573207997376e-02 -5.369343078414908765e-01 -8.427632732956459316e-01 1.266351930000000010e+02 2.568628694472094853e-01 8.202990563975144367e-01 -5.110097106442237358e-01 -6.589774169999999458e+02 9.656965631359356594e-01 -1.970050941882634521e-01 1.691719267825345652e-01 -2.888731399999999994e+01 0.000000000000000000e+00 0.000000000000000000e+00 0.000000000000000000e+00 1.000000000000000000e+00
4.544485520654845123e-02 -5.294093350230905104e-01 -8.471484646304126009e-01 1.267897799999999933e+02 2.509045083380381236e-01 8.268897760178834933e-01 -5.032894058220799272e-01 -6.588046880000000556e+02 9.669445138325691858e-01 -1.896814548328432937e-01 1.704090750564441481e-01 -2.889284299999999917e+01 0.000000000000000000e+00 0.000000000000000000e+00 0.000000000000000000e+00 1.000000000000000000e+00
5.333903511415633014e-02 -5.226988879970018154e-01 -8.508471189466344509e-01 1.269619830000000036e+02 2.445367980521266360e-01 8.329537617453943721e-01 -4.963766565750348247e-01 -6.586166990000000396e+02 9.681718348162706711e-01 -1.815871781841836563e-01 1.722480623624001450e-01 -2.890016599999999869e+01 0.000000000000000000e+00 0.000000000000000000e+00 0.000000000000000000e+00 1.000000000000000000e+00
6.383566379520833056e-02 -5.135597785601326848e-01 -8.556759678015344317e-01 1.273015819999999962e+02 2.355835150348521700e-01 8.409464227723113527e-01 -4.871442511928849584e-01 -6.582388919999999644e+02 9.697553379443955013e-01 -1.704859755866169058e-01 1.746685909275927928e-01 -2.891047500000000170e+01 0.000000000000000000e+00 0.000000000000000000e+00 0.000000000000000000e+00 1.000000000000000000e+00
6.852597621680084350e-02 -5.115961495640928280e-01 -8.564890952806865076e-01 1.274722900000000010e+02 2.315433731084106106e-01 8.432209107830304085e-01 -4.851455059956919502e-01 -6.580516360000000304e+02 9.704080878440337621e-01 -1.650693047463124008e-01 1.762392342171720805e-01 -2.890783300000000011e+01 0.000000000000000000e+00 0.000000000000000000e+00 0.000000000000000000e+00 1.000000000000000000e+00
7.941060126110582873e-02 -5.133410308611865425e-01 -8.545027457192424514e-01 1.278355640000000051e+02 2.227305634812489221e-01 8.446754928295545639e-01 -4.867385416262768882e-01 -6.576657709999999497e+02 9.716403925829120158e-01 -1.516716778028248114e-01 1.814129258178729942e-01 -2.888418599999999969e+01 0.000000000000000000e+00 0.000000000000000000e+00 0.000000000000000000e+00 1.000000000000000000e+00
8.661573147898793401e-02 -5.172802558969489262e-01 -8.514216651692316784e-01 1.280306549999999959e+02 2.172983882637158637e-01 8.438655713143273784e-01 -4.905836401760003129e-01 -6.574689939999999524e+02 9.722546608365276732e-01 -1.425202947286142441e-01 1.854961996163739801e-01 -2.886442600000000169e+01 0.000000000000000000e+00 0.000000000000000000e+00 0.000000000000000000e+00 1.000000000000000000e+00
9.455537113150536133e-02 -5.226828130080642953e-01 -8.472673478756040932e-01 1.282298739999999952e+02 2.120611110723918669e-01 8.421223551404740659e-01 -4.958427413438697973e-01 -6.572740479999999934e+02 9.726712532818710955e-01 -1.327878607352266926e-01 1.904678898933781506e-01 -2.884823199999999943e+01 0.000000000000000000e+00 0.000000000000000000e+00 0.000000000000000000e+00 1.000000000000000000e+00
9.804183120743814595e-02 -5.274619750064111212e-01 -8.439026390857115034e-01 1.283914790000000039e+02 2.111299666938619146e-01 8.397091659028225186e-01 -5.003125561712750136e-01 -6.571062620000000152e+02 9.725286301684600287e-01 -1.291215768999223190e-01 1.936896535221653837e-01 -2.883983399999999975e+01 0.000000000000000000e+00 0.000000000000000000e+00 0.000000000000000000e+00 1.000000000000000000e+00
9.865581712648829882e-02 -5.328450925780440217e-01 -8.404422270820289809e-01 1.285646509999999978e+02 2.136197886935669865e-01 8.362132883892287039e-01 -5.050880341086975145e-01 -6.569158939999999802e+02 9.719226387041414172e-01 -1.297052182326087211e-01 1.963235613409930469e-01 -2.883639900000000011e+01 0.000000000000000000e+00 0.000000000000000000e+00 0.000000000000000000e+00 1.000000000000000000e+00
9.655529628889936156e-02 -5.387433977355278181e-01 -8.369185301777835040e-01 1.287499689999999930e+02 2.195525149857681102e-01 8.316639557675910011e-01 -5.100311341873416948e-01 -6.567034300000000258e+02 9.708108816458469459e-01 -1.345013608607027455e-01 1.985840275667509758e-01 -2.883876400000000118e+01 0.000000000000000000e+00 0.000000000000000000e+00 0.000000000000000000e+00 1.000000000000000000e+00
9.296350677551862285e-02 -5.439434209836622180e-01 -8.339564384166530120e-01 1.289181370000000015e+02 2.271280271633281389e-01 8.270851227070861178e-01 -5.141430336720501648e-01 -6.565055539999999610e+02 9.694176838106950411e-01 -1.416183412033725775e-01 2.004335295052017130e-01 -2.884478000000000009e+01 0.000000000000000000e+00 0.000000000000000000e+00 0.000000000000000000e+00 1.000000000000000000e+00
8.735263774999851849e-02 -5.494576457003750303e-01 -8.309427250175059898e-01 1.291159209999999860e+02 2.380994445312960284e-01 8.214708902182130679e-01 -5.181642896205649329e-01 -6.562690430000000106e+02 9.673045907014014011e-01 -1.525839837777790420e-01 2.025832093301333514e-01 -2.885538299999999978e+01 0.000000000000000000e+00 0.000000000000000000e+00 0.000000000000000000e+00 1.000000000000000000e+00
8.044767952671455502e-02 -5.542139526287503948e-01 -8.284775588815815883e-01 1.293291930000000036e+02 2.515717500072915391e-01 8.155523322403472886e-01 -5.211391829210304527e-01 -6.560123899999999821e+02 9.644894117910449705e-01 -1.664971113531634461e-01 2.050338666026089718e-01 -2.887025300000000172e+01 0.000000000000000000e+00 0.000000000000000000e+00 0.000000000000000000e+00 1.000000000000000000e+00
7.333741162481066667e-02 -5.573268590734290484e-01 -8.270480011532095332e-01 1.295440370000000030e+02 2.660448490305736269e-01 8.101625287038431988e-01 -5.223569807980877888e-01 -6.557552490000000489e+02 9.611668753970210588e-01 -1.817235516919606386e-01 2.076891629334254308e-01 -2.888834999999999908e+01 0.000000000000000000e+00 0.000000000000000000e+00 0.000000000000000000e+00 1.000000000000000000e+00
6.710327327869480829e-02 -5.584575589900007131e-01 -8.268145532839964451e-01 1.297460480000000018e+02 2.797260204473985268e-01 8.059784661903659497e-01 -5.216819582102555364e-01 -6.555174560000000383e+02 9.577319584309308409e-01 -1.962749776317784800e-01 2.102989038385566500e-01 -2.890785599999999889e+01 0.000000000000000000e+00 0.000000000000000000e+00 0.000000000000000000e+00 1.000000000000000000e+00
5.925062000673814167e-02 -5.571677116856208478e-01 -8.282834690393293675e-01 1.299291530000000137e+02 2.948601543106807443e-01 8.024866369737813088e-01 -5.187221673289003077e-01 -6.552935179999999491e+02 9.537016585015979375e-01 -2.134931814684462859e-01 2.118343882323698302e-01 -2.892608999999999853e+01 0.000000000000000000e+00 0.000000000000000000e+00 0.000000000000000000e+00 1.000000000000000000e+00
5.080961161617048027e-02 -5.534580419820432917e-01 -8.313257960227248278e-01 1.301278379999999970e+02 3.115563534267872248e-01 7.996443298568522984e-01 -5.133240539534347224e-01 -6.550504760000000033e+02 9.488682848566586392e-01 -2.329230377038491451e-01 2.130629871657547802e-01 -2.893977500000000092e+01 0.000000000000000000e+00 0.000000000000000000e+00 0.000000000000000000e+00 1.000000000000000000e+00
4.462210085220491562e-02 -5.480877042757100748e-01 -8.352297507496466711e-01 1.303147130000000118e+02 3.257688175577503897e-01 7.983444009658891005e-01 -5.064789185676341621e-01 -6.548286739999999782e+02 9.443958627728947786e-01 -2.494916549069263745e-01 2.141736877145331008e-01 -2.894568800000000053e+01 0.000000000000000000e+00 0.000000000000000000e+00 0.000000000000000000e+00 1.000000000000000000e+00
3.680983849365410121e-02 -5.314916842638042205e-01 -8.462633309723965880e-01 1.306997069999999894e+02 3.499640041935402346e-01 8.000668352472775080e-01 -4.872558413259197585e-01 -6.543958740000000489e+02 9.360396527705945324e-01 -2.782258950849664791e-01 2.154532890101110154e-01 -2.894381299999999868e+01 0.000000000000000000e+00 0.000000000000000000e+00 0.000000000000000000e+00 1.000000000000000000e+00
3.539079035160069830e-02 -5.193296797766584483e-01 -8.538408374289450098e-01 1.309164729999999963e+02 3.598869997127054354e-01 8.036778221826486046e-01 -4.739022109776886982e-01 -6.541707149999999729e+02 9.323244281879972117e-01 -2.905144434186155422e-01 2.153427936316787972e-01 -2.894092900000000057e+01 0.000000000000000000e+00 0.000000000000000000e+00 0.000000000000000000e+00 1.000000000000000000e+00
3.885241116952697915e-02 -5.063586251237597313e-01 -8.614472896870065677e-01 1.311458739999999921e+02 3.637157844255492489e-01 8.101268175006061112e-01 -4.597883945099602299e-01 -6.539611210000000483e+02 9.306993705305818265e-01 -2.954580889552953504e-01 2.156460047505248667e-01 -2.893638599999999883e+01 0.000000000000000000e+00 0.000000000000000000e+00 0.000000000000000000e+00 1.000000000000000000e+00
4.344851315857589658e-02 -4.915753143372948997e-01 -8.697505027526564181e-01 1.313804930000000013e+02 3.658420799486386543e-01 8.179319671069876785e-01 -4.440122405107177483e-01 -6.537585450000000264e+02 9.296621963074345185e-01 -2.988996612890073568e-01 2.153768632842296693e-01 -2.893455499999999958e+01 0.000000000000000000e+00 0.000000000000000000e+00 0.000000000000000000e+00 1.000000000000000000e+00
4.787210479126041696e-02 -4.760713560910592723e-01 -8.781026850502591241e-01 1.316000980000000027e+02 3.672041648353068788e-01 8.259378875952421151e-01 -4.277706244733432417e-01 -6.535761109999999690e+02 9.289076180710649222e-01 -3.019646829421100964e-01 2.143547698214611219e-01 -2.893616499999999903e+01 0.000000000000000000e+00 0.000000000000000000e+00 0.000000000000000000e+00 1.000000000000000000e+00
5.255233054708785545e-02 -4.588464506016946554e-01 -8.869600821481742337e-01 1.318228149999999914e+02 3.677786710495723477e-01 8.346513918358076101e-01 -4.099950039056076689e-01 -6.533986210000000483e+02 9.284272193742919566e-01 -3.046588073185730328e-01 2.126168136534468678e-01 -2.894093700000000169e+01 0.000000000000000000e+00 0.000000000000000000e+00 0.000000000000000000e+00 1.000000000000000000e+00
5.796231730682910310e-02 -4.383307896690421535e-01 -8.969428569315530675e-01 1.320678249999999991e+02 3.673218574271869263e-01 8.447901644644784103e-01 -3.891069661164150983e-01 -6.532123410000000376e+02 9.282860673459792933e-01 -3.069131747778083841e-01 2.099744753991366064e-01 -2.894974699999999856e+01 0.000000000000000000e+00 0.000000000000000000e+00 0.000000000000000000e+00 1.000000000000000000e+00
6.327655051908037676e-02 -4.177774956084350233e-01 -9.063432254491398110e-01 1.322975309999999922e+02 3.657955127943152140e-01 8.546695192397351093e-01 -3.684204876253000527e-01 -6.530467529999999670e+02 9.285417174117435168e-01 -3.082239073233352111e-01 2.069016722513035700e-01 -2.896143299999999954e+01 0.000000000000000000e+00 0.000000000000000000e+00 0.000000000000000000e+00 1.000000000000000000e+00
6.810354726046341511e-02 -3.913363247191827266e-01 -9.177242438803849822e-01 1.325658870000000036e+02 3.653317211562716049e-01 8.657514463005031580e-01 -3.420631034554635908e-01 -6.528549189999999953e+02 9.283828091727777121e-01 -3.119780668314189875e-01 2.019283175995694180e-01 -2.897945999999999955e+01 0.000000000000000000e+00 0.000000000000000000e+00 0.000000000000000000e+00 1.000000000000000000e+00
7.075075050196666382e-02 -3.642703403398646067e-01 -9.286018794144709210e-01 1.328131559999999922e+02 3.669187619303782011e-01 8.751698451167454484e-01 -3.153543472695595762e-01 -6.526749879999999848e+02 9.275585983898196885e-01 -3.184098951776008768e-01 1.955765456441602712e-01 -2.899378400000000156e+01 0.000000000000000000e+00 0.000000000000000000e+00 0.000000000000000000e+00 1.000000000000000000e+00
7.478330940256006087e-02 -3.338822157340604613e-01 -9.396436147025719610e-01 1.330842289999999934e+02 3.656092427473511264e-01 8.858460749896865938e-01 -2.856687120478462183e-01 -6.524904790000000503e+02 9.277593105178247868e-01 -3.221791387440861576e-01 1.883169251703346037e-01 -2.900379600000000124e+01 0.000000000000000000e+00 0.000000000000000000e+00 0.000000000000000000e+00 1.000000000000000000e+00
7.929754517286918825e-02 -3.047905019223849377e-01 -9.491125587976683153e-01 1.333400880000000086e+02 3.620151125218992738e-01 8.959125486387815585e-01 -2.574602173100135616e-01 -6.523275149999999485e+02 9.287932803564598050e-01 -3.231771265567281448e-01 1.813824336456624775e-01 -2.900959200000000138e+01 0.000000000000000000e+00 0.000000000000000000e+00 0.000000000000000000e+00 1.000000000000000000e+00
8.433833437499466124e-02 -2.751764383714792594e-01 -9.576873044580049843e-01 1.335996250000000032e+02 3.564037481249807127e-01 9.058598334258356477e-01 -2.288980788652080212e-01 -6.521724239999999782e+02 9.305178201825676787e-01 -3.220184621274146397e-01 1.744726235596230635e-01 -2.901266499999999837e+01 0.000000000000000000e+00 0.000000000000000000e+00 0.000000000000000000e+00 1.000000000000000000e+00
9.014293466057987647e-02 -2.430618140602736343e-01 -9.658132355049332540e-01 1.338829039999999964e+02 3.484954457015814189e-01 9.161507660626928562e-01 -1.980371131076130164e-01 -6.520136720000000423e+02 9.329657955445284090e-01 -3.187298674245486185e-01 1.672904538683994691e-01 -2.901327900000000071e+01 0.000000000000000000e+00 0.000000000000000000e+00 0.000000000000000000e+00 1.000000000000000000e+00
9.532463661556866974e-02 -2.157105754834524602e-01 -9.717932708548188137e-01 1.341286159999999938e+02 3.401926189128139932e-01 9.245201420482592747e-01 -1.718472839014539288e-01 -6.518846439999999802e+02 9.355117293178906168e-01 -3.142156179626718893e-01 1.615126921854302955e-01 -2.901155299999999926e+01 0.000000000000000000e+00 0.000000000000000000e+00 0.000000000000000000e+00 1.000000000000000000e+00
1.244288666179772518e-01 -7.885133186404748307e-02 -9.890904532020473594e-01 1.355399630000000002e+02 2.777984547848885710e-01 9.597397811851152705e-01 -4.156405814974420410e-02 -6.512667239999999538e+02 9.525468364712014191e-01 -2.695960308943975425e-01 1.413241113706122931e-01 -2.896625500000000031e+01 0.000000000000000000e+00 0.000000000000000000e+00 0.000000000000000000e+00 1.000000000000000000e+00
1.310617968560848223e-01 -5.319851769305232458e-02 -9.899458182749784063e-01 1.358850710000000106e+02 2.606459361118446671e-01 9.652782730196307615e-01 -1.736524185319010538e-02 -6.511420900000000529e+02 9.564969949734473120e-01 -2.557494347041682214e-01 1.403770823719592831e-01 -2.894712799999999930e+01 0.000000000000000000e+00 0.000000000000000000e+00 0.000000000000000000e+00 1.000000000000000000e+00
1.413247773870289214e-01 -2.424182344261539834e-02 -9.896664293046845140e-01 1.363666690000000017e+02 2.337185895843008065e-01 9.722572872215042850e-01 9.559724232778912811e-03 -6.509896850000000086e+02 9.619786526629540147e-01 -2.326544679151008044e-01 1.430698094634554329e-01 -2.891648700000000005e+01 0.000000000000000000e+00 0.000000000000000000e+00 0.000000000000000000e+00 1.000000000000000000e+00
1.489643745543032249e-01 -1.047907236762878058e-02 -9.887870368061867365e-01 1.366574099999999987e+02 2.144786485098580386e-01 9.764817056661067030e-01 2.196332927394488432e-02 -6.509137570000000323e+02 9.653022969241448203e-01 -2.153454609266816089e-01 1.477085238273169177e-01 -2.890075699999999870e+01 0.000000000000000000e+00 0.000000000000000000e+00 0.000000000000000000e+00 1.000000000000000000e+00
1.553844988205826394e-01 4.187283236660316321e-04 -9.878539781733265412e-01 1.369264070000000117e+02 1.979901771056119530e-01 9.796958577947123548e-01 3.155813666189534461e-02 -6.508460690000000568e+02 9.678096648080988240e-01 -2.004890293419402947e-01 1.521466457650703652e-01 -2.889077400000000040e+01 0.000000000000000000e+00 0.000000000000000000e+00 0.000000000000000000e+00 1.000000000000000000e+00
1.607849801908696752e-01 8.770524983508054540e-03 -9.869504891515763489e-01 1.371734470000000101e+02 1.838020714633892272e-01 9.822022699157553216e-01 3.867168858616835958e-02 -6.507859499999999571e+02 9.697241817500423799e-01 -1.876213710211395158e-01 1.563113318520416573e-01 -2.888519700000000157e+01 0.000000000000000000e+00 0.000000000000000000e+00 0.000000000000000000e+00 1.000000000000000000e+00
1.662733779539278256e-01 1.597942983025603392e-02 -9.859502125391981231e-01 1.374435880000000054e+02 1.691919832024463832e-01 9.845784350187133382e-01 4.449020247339910417e-02 -6.507227779999999484e+02 9.714562453367692196e-01 -1.742124080494867333e-01 1.610055908277279180e-01 -2.888273399999999924e+01 0.000000000000000000e+00 0.000000000000000000e+00 0.000000000000000000e+00 1.000000000000000000e+00
1.710348625251799648e-01 2.063393039152562614e-02 -9.850488905214760393e-01 1.376918029999999931e+02 1.564881404654439589e-01 9.865207478121791329e-01 4.783592823147618522e-02 -6.506670530000000099e+02 9.727582113221460158e-01 -1.623300805540893177e-01 1.655004750828305005e-01 -2.888330500000000001e+01 0.000000000000000000e+00 0.000000000000000000e+00 0.000000000000000000e+00 1.000000000000000000e+00
1.756141222424120185e-01 2.320603910780101586e-02 -9.841855311972201870e-01 1.379406590000000108e+02 1.443930480786739801e-01 9.883030784080629738e-01 4.906804332450927925e-02 -6.506134029999999484e+02 9.738122651392192575e-01 -1.507265900830818406e-01 1.702091869034974003e-01 -2.888607400000000069e+01 0.000000000000000000e+00 0.000000000000000000e+00 0.000000000000000000e+00 1.000000000000000000e+00
1.800538299383375729e-01 2.351353342736592356e-02 -9.833756820616912364e-01 1.381900789999999972e+02 1.329217867140344844e-01 9.899631111556164154e-01 4.800871970633475289e-02 -6.505616459999999961e+02 9.746345042841881856e-01 -1.393562065243340309e-01 1.751211887861152117e-01 -2.889054300000000097e+01 0.000000000000000000e+00 0.000000000000000000e+00 0.000000000000000000e+00 1.000000000000000000e+00
1.831691446552415892e-01 2.167421373761606318e-02 -9.828424557909183346e-01 1.384373319999999978e+02 1.242918938470978091e-01 9.912237194692636866e-01 4.502291733573429711e-02 -6.505068360000000212e+02 9.751925910148051546e-01 -1.304061594418558512e-01 1.788676717840771424e-01 -2.889411499999999933e+01 0.000000000000000000e+00 0.000000000000000000e+00 0.000000000000000000e+00 1.000000000000000000e+00
1.857365593267845671e-01 1.768198790539927262e-02 -9.824404703762774638e-01 1.386837620000000015e+02 1.175506879731821885e-01 9.922576474454744000e-01 4.008237571557288215e-02 -6.504501950000000079e+02 9.755428059734128077e-01 -1.229313157404820778e-01 1.822199915591988795e-01 -2.889322500000000105e+01 0.000000000000000000e+00 0.000000000000000000e+00 0.000000000000000000e+00 1.000000000000000000e+00
1.880456704336094798e-01 1.134637946021983118e-02 -9.820947436496740846e-01 1.389518280000000061e+02 1.141877353734146727e-01 9.928997559666945527e-01 3.333520198782909116e-02 -6.503822020000000066e+02 9.754998651570718771e-01 -1.184117151063315970e-01 1.854148829088743677e-01 -2.888721800000000073e+01 0.000000000000000000e+00 0.000000000000000000e+00 0.000000000000000000e+00 1.000000000000000000e+00
1.896698277102188968e-01 4.083715174133854819e-03 -9.818394368361622604e-01 1.391968380000000138e+02 1.145591091556326935e-01 9.930692748570728590e-01 2.626072817564714668e-02 -6.503143310000000383e+02 9.751418188990992331e-01 -1.174595190064387229e-01 1.878874514940589435e-01 -2.887697400000000059e+01 0.000000000000000000e+00 0.000000000000000000e+00 0.000000000000000000e+00 1.000000000000000000e+00
1.914607666410788056e-01 -4.300230560760003040e-03 -9.814908470558116882e-01 1.394425960000000089e+02 1.165403012209421663e-01 9.930158232845406330e-01 1.838295128259245792e-02 -6.502446899999999914e+02 9.745568906064656645e-01 -1.179028529071727283e-01 1.906247209776505969e-01 -2.886404399999999981e+01 0.000000000000000000e+00 0.000000000000000000e+00 0.000000000000000000e+00 1.000000000000000000e+00
1.974598392224453103e-01 -3.440554865235162518e-02 -9.797070327991818095e-01 1.402314299999999889e+02 1.316295718934312187e-01 9.912643807843943833e-01 -8.281496922853605336e-03 -6.500198970000000145e+02 9.714336146630907498e-01 -1.273231542574322084e-01 2.002636928964909857e-01 -2.885757100000000008e+01 0.000000000000000000e+00 0.000000000000000000e+00 0.000000000000000000e+00 1.000000000000000000e+00
1.987235953239653852e-01 -4.387585574471641880e-02 -9.790729502668255035e-01 1.404798279999999977e+02 1.391827696590979824e-01 9.901354722131534558e-01 -1.612151653096544068e-02 -6.499473269999999729e+02 9.701222032772672810e-01 -1.330663591893328779e-01 2.028700440197027111e-01 -2.886443500000000029e+01 0.000000000000000000e+00 0.000000000000000000e+00 0.000000000000000000e+00 1.000000000000000000e+00
1.998970730392058415e-01 -5.288364980834443785e-02 -9.783887160905458957e-01 1.407286530000000084e+02 1.474611501720722306e-01 9.887929443352370118e-01 -2.331785630761825517e-02 -6.498746949999999742e+02 9.686569926347964321e-01 -1.396131541646472574e-01 2.054550992404677312e-01 -2.887331199999999853e+01 0.000000000000000000e+00 0.000000000000000000e+00 0.000000000000000000e+00 1.000000000000000000e+00
2.010475069564437445e-01 -6.119043174277145891e-02 -9.776684668177306747e-01 1.409780269999999973e+02 1.560538303284408901e-01 9.873018605172352302e-01 -2.970249583836490070e-02 -6.498026730000000271e+02 9.670714048023656417e-01 -1.465972962995536755e-01 2.080435789233591737e-01 -2.888360000000000127e+01 0.000000000000000000e+00 0.000000000000000000e+00 0.000000000000000000e+00 1.000000000000000000e+00
2.022102389225542418e-01 -6.918035713478579152e-02 -9.768956430763661158e-01 1.412504429999999900e+02 1.658197472104873949e-01 9.855180709799311600e-01 -3.546749507711552396e-02 -6.497246699999999464e+02 9.652019636894307864e-01 -1.548166979324215042e-01 2.107533139273680134e-01 -2.889583999999999975e+01 0.000000000000000000e+00 0.000000000000000000e+00 0.000000000000000000e+00 1.000000000000000000e+00
2.023309416553811246e-01 -7.563853050359561903e-02 -9.763918284951507154e-01 1.415209959999999967e+02 1.783754311519177571e-01 9.831813100369437564e-01 -3.920098411273466310e-02 -6.496414790000000039e+02 9.629353018818109788e-01 -1.662327413516845875e-01 2.124200557680223644e-01 -2.890496399999999966e+01 0.000000000000000000e+00 0.000000000000000000e+00 0.000000000000000000e+00 1.000000000000000000e+00
2.026969199924018028e-01 -8.055102770321231898e-02 -9.759228917089455280e-01 1.417921599999999955e+02 1.902023148257337426e-01 9.808693011354860936e-01 -4.145471655813894041e-02 -6.495600590000000238e+02 9.605920247745796114e-01 -1.772200497289725396e-01 2.141401781860055031e-01 -2.890782199999999946e+01 0.000000000000000000e+00 0.000000000000000000e+00 0.000000000000000000e+00 1.000000000000000000e+00
2.033829494896108314e-01 -8.356433714844181682e-02 -9.755267179395178401e-01 1.420415500000000009e+02 1.999455480645438432e-01 9.788992172341219877e-01 -4.216752669521932340e-02 -6.494877320000000509e+02 9.584660419994416314e-01 -1.864760683180670120e-01 2.157997272439426406e-01 -2.890472600000000014e+01 0.000000000000000000e+00 0.000000000000000000e+00 0.000000000000000000e+00 1.000000000000000000e+00
2.043538835217441618e-01 -8.504534246755282578e-02 -9.751957649693512309e-01 1.422915649999999914e+02 2.085126713289572054e-01 9.771379179304680029e-01 -4.152053995039169110e-02 -6.494181519999999637e+02 9.564318878962807524e-01 -1.948557904376631011e-01 2.174149598074379131e-01 -2.889615200000000073e+01 0.000000000000000000e+00 0.000000000000000000e+00 0.000000000000000000e+00 1.000000000000000000e+00
2.086619023948571572e-01 -8.415583322873991523e-02 -9.743603061611940674e-01 1.427976380000000063e+02 2.158019095525525177e-01 9.756952564114983462e-01 -3.805656907253536503e-02 -6.493035280000000284e+02 9.538814110372584310e-01 -2.023278585604988966e-01 2.217514178712093331e-01 -2.887757500000000022e+01 0.000000000000000000e+00 0.000000000000000000e+00 0.000000000000000000e+00 1.000000000000000000e+00
2.111565272837377383e-01 -8.132327343165489386e-02 -9.740633686695296944e-01 1.430748749999999916e+02 2.182002332060027916e-01 9.753071734718954389e-01 -3.412587878880160575e-02 -6.492478029999999762e+02 9.527862190514291285e-01 -2.053349521455669902e-01 2.236872330131060571e-01 -2.887286800000000042e+01 0.000000000000000000e+00 0.000000000000000000e+00 0.000000000000000000e+00 1.000000000000000000e+00
2.135782719696267540e-01 -7.676672252489183390e-02 -9.739051247710192039e-01 1.433525239999999883e+02 2.200252514316144714e-01 9.750746220306174550e-01 -2.860717050502412095e-02 -6.491958620000000337e+02 9.518262501501643102e-01 -2.081738499058778391e-01 2.251453702398564793e-01 -2.887219599999999886e+01 0.000000000000000000e+00 0.000000000000000000e+00 0.000000000000000000e+00 1.000000000000000000e+00
2.157656605118750126e-01 -7.108309062906854880e-02 -9.738543905381820132e-01 1.436074220000000139e+02 2.210376725927220010e-01 9.750126844603153042e-01 -2.219487409926126920e-02 -6.491519170000000258e+02 9.510980638391957065e-01 -2.104696162587584574e-01 2.260862967833831561e-01 -2.887505300000000119e+01 0.000000000000000000e+00 0.000000000000000000e+00 0.000000000000000000e+00 1.000000000000000000e+00
2.181330603194150952e-01 -6.324605910710769108e-02 -9.738674981757564630e-01 1.438859559999999931e+02 2.213347831065360372e-01 9.751009415449114481e-01 -1.375018492276088022e-02 -6.491082760000000462e+02 9.504887594195259304e-01 -2.125513815660761696e-01 2.267003052743494229e-01 -2.888191399999999831e+01 0.000000000000000000e+00 0.000000000000000000e+00 0.000000000000000000e+00 1.000000000000000000e+00
2.204824572441955732e-01 -5.363635482903807150e-02 -9.739151028134921395e-01 1.441649480000000096e+02 2.206479379400017038e-01 9.753462595170393490e-01 -3.763180695285403554e-03 -6.490692749999999478e+02 9.501062959113505402e-01 -2.140626438376713181e-01 2.268814910538972107e-01 -2.889245000000000019e+01 0.000000000000000000e+00 0.000000000000000000e+00 0.000000000000000000e+00 1.000000000000000000e+00
2.228042518345497713e-01 -4.218647677548606478e-02 -9.739499815399752514e-01 1.444443359999999927e+02 2.188777938028413084e-01 9.757210387270262020e-01 7.808070533359287579e-03 -6.490351560000000291e+02 9.499740926701356614e-01 -2.149156945472442959e-01 2.266284789977379699e-01 -2.890626699999999971e+01 0.000000000000000000e+00 0.000000000000000000e+00 0.000000000000000000e+00 1.000000000000000000e+00
2.249215421317156682e-01 -2.772138192863318751e-02 -9.739824561402827818e-01 1.447465520000000083e+02 2.180665476943395020e-01 9.756724537823812105e-01 2.258857469916610017e-02 -6.489981080000000020e+02 9.496616664169210686e-01 -2.174736487812587993e-01 2.254948589746614829e-01 -2.892256000000000071e+01 0.000000000000000000e+00 0.000000000000000000e+00 0.000000000000000000e+00 1.000000000000000000e+00
2.265374496610593202e-01 -1.133188145987513995e-02 -9.739365340532423199e-01 1.450478359999999896e+02 2.188364469810586965e-01 9.749593894484980261e-01 3.955753277086525299e-02 -6.489586789999999610e+02 9.491003073299310033e-01 -2.220940732860540168e-01 2.233446422850558499e-01 -2.893298499999999862e+01 0.000000000000000000e+00 0.000000000000000000e+00 0.000000000000000000e+00 1.000000000000000000e+00
2.280525826873908701e-01 5.155699043528694236e-03 -9.736351669372789175e-01 1.453261259999999879e+02 2.175852048135602790e-01 9.744263580245584588e-01 5.612442813281609544e-02 -6.489271240000000489e+02 9.490251304237689034e-01 -2.246479279992744105e-01 2.210986437538255411e-01 -2.893515000000000015e+01 0.000000000000000000e+00 0.000000000000000000e+00 0.000000000000000000e+00 1.000000000000000000e+00
2.295086872363351627e-01 2.273439657455547658e-02 -9.730410626974820287e-01 1.456044620000000123e+02 2.146947179365440717e-01 9.739196261453704206e-01 7.339441326838053170e-02 -6.488998410000000376e+02 9.493323657040256824e-01 -2.257514319362180499e-01 2.186420600102945699e-01 -2.893021600000000149e+01 0.000000000000000000e+00 0.000000000000000000e+00 0.000000000000000000e+00 1.000000000000000000e+00
2.309504614424228719e-01 4.276759804690651035e-02 -9.720251112583615516e-01 1.459059300000000121e+02 2.100492788830868873e-01 9.732833258587383352e-01 9.273008166742932601e-02 -6.488746340000000146e+02 9.500216759633577368e-01 -2.255892288267574985e-01 2.157969300919772571e-01 -2.891732400000000069e+01 0.000000000000000000e+00 0.000000000000000000e+00 0.000000000000000000e+00 1.000000000000000000e+00
2.321428768195135661e-01 6.352943107763232844e-02 -9.706048094507426782e-01 1.462073059999999884e+02 2.036893864234162188e-01 9.725649256785982022e-01 1.123748156760908667e-01 -6.488549189999999953e+02 9.511153024741072493e-01 -2.237889110897489098e-01 2.128337489047545383e-01 -2.889922100000000071e+01 0.000000000000000000e+00 0.000000000000000000e+00 0.000000000000000000e+00 1.000000000000000000e+00
2.335968608579369055e-01 8.622407262587739041e-02 -9.685029250844445770e-01 1.465327450000000056e+02 1.906643051630240726e-01 9.726609497076761368e-01 1.325812944968606244e-01 -6.488510129999999663e+02 9.534566740728280809e-01 -2.156295114625302323e-01 2.107706916352736770e-01 -2.888109999999999999e+01 0.000000000000000000e+00 0.000000000000000000e+00 0.000000000000000000e+00 1.000000000000000000e+00
2.345927764309343466e-01 1.058193398565056564e-01 -9.663169751995246415e-01 1.468117680000000007e+02 1.789503769119973886e-01 9.723677482098174174e-01 1.499257310951756239e-01 -6.488536990000000060e+02 9.554805031236792701e-01 -2.080942804444711192e-01 2.091740390125363946e-01 -2.887369199999999836e+01 0.000000000000000000e+00 0.000000000000000000e+00 0.000000000000000000e+00 1.000000000000000000e+00
2.352857777054624955e-01 1.253098419723639168e-01 -9.638143214926808700e-01 1.470906369999999868e+02 1.675467468681313410e-01 9.715787719022781488e-01 1.672207451327961114e-01 -6.488601680000000442e+02 9.573759399647778778e-01 -2.008286172180708262e-01 2.076034105761163651e-01 -2.887412099999999882e+01 0.000000000000000000e+00 0.000000000000000000e+00 0.000000000000000000e+00 1.000000000000000000e+00
2.357326905591292654e-01 1.444476498500298078e-01 -9.610228795687211223e-01 1.473694000000000131e+02 1.562268444698665382e-01 9.703976379755605564e-01 1.841781672143603665e-01 -6.488704219999999623e+02 9.591784357817588758e-01 -1.935543868380562582e-01 2.061878455850444380e-01 -2.887952599999999848e+01 0.000000000000000000e+00 0.000000000000000000e+00 0.000000000000000000e+00 1.000000000000000000e+00
2.359870855994988248e-01 1.629968858483097360e-01 -9.579885754193564473e-01 1.476480099999999993e+02 1.449550328993568504e-01 9.688980519074084086e-01 2.005607225933710158e-01 -6.488840330000000449e+02 9.608840376795741989e-01 -1.861950058776599970e-01 2.050202085620267956e-01 -2.888717499999999916e+01 0.000000000000000000e+00 0.000000000000000000e+00 0.000000000000000000e+00 1.000000000000000000e+00
2.360556562808026615e-01 1.821739137070835790e-01 -9.545105511739949700e-01 1.479496609999999919e+02 1.326962830506050461e-01 9.670253803722568264e-01 2.173789552381868995e-01 -6.489022220000000516e+02 9.626367038516624453e-01 -1.779735342137588883e-01 2.040980095862542920e-01 -2.889625200000000049e+01 0.000000000000000000e+00 0.000000000000000000e+00 0.000000000000000000e+00 1.000000000000000000e+00
2.358954801550944835e-01 1.988145107174421056e-01 -9.512234820327879481e-01 1.482277369999999905e+02 1.220450363909585251e-01 9.650367686993743810e-01 2.319677653265638240e-01 -6.489205930000000535e+02 9.640841931775082640e-01 -1.708122518628399367e-01 2.033834877240989214e-01 -2.890436899999999909e+01 0.000000000000000000e+00 0.000000000000000000e+00 0.000000000000000000e+00 1.000000000000000000e+00
2.353311235086247843e-01 2.142963948020096543e-01 -9.479959480309130271e-01 1.485048830000000066e+02 1.147676511619567241e-01 9.624381795238392545e-01 2.460510858370790477e-01 -6.489342649999999821e+02 9.651153550508537737e-01 -1.667027467371171856e-01 2.018973642110385991e-01 -2.890858100000000164e+01 0.000000000000000000e+00 0.000000000000000000e+00 0.000000000000000000e+00 1.000000000000000000e+00
2.346588391996849987e-01 2.283881762942490956e-01 -9.448672235369601768e-01 1.487816929999999900e+02 1.069135472518666641e-01 9.600471975031522609e-01 2.586094970807664151e-01 -6.489507449999999835e+02 9.661804813798919866e-01 -1.617041109413457911e-01 2.008657708649975726e-01 -2.890609399999999951e+01 0.000000000000000000e+00 0.000000000000000000e+00 0.000000000000000000e+00 1.000000000000000000e+00
2.338887342012327952e-01 2.419364477072375730e-01 -9.416808457670508004e-01 1.490812840000000108e+02 9.774166715101109681e-02 9.577874978487508351e-01 2.703510226856376542e-01 -6.489722289999999703e+02 9.673379071019009290e-01 -1.552735142753982611e-01 2.003684337621114420e-01 -2.889584899999999834e+01 0.000000000000000000e+00 0.000000000000000000e+00 0.000000000000000000e+00 1.000000000000000000e+00
2.331389129464507826e-01 2.527511342324819110e-01 -9.390224232755790545e-01 1.493575130000000115e+02 8.888603804932414254e-02 9.560508397980029827e-01 2.794030493058852205e-01 -6.489946899999999914e+02 9.683726139818500389e-01 -1.486057060335393698e-01 2.004266065776496020e-01 -2.887953800000000015e+01 0.000000000000000000e+00 0.000000000000000000e+00 0.000000000000000000e+00 1.000000000000000000e+00
2.325027359068586041e-01 2.619227034827359968e-01 -9.366637471345413690e-01 1.496338199999999858e+02 7.811296064406862694e-02 9.549157908769787539e-01 2.864161268385774228e-01 -6.490235599999999749e+02 9.694538891433894801e-01 -1.397581115144613528e-01 2.015609761106242348e-01 -2.885962100000000063e+01 0.000000000000000000e+00 0.000000000000000000e+00 0.000000000000000000e+00 1.000000000000000000e+00
2.319850158056366851e-01 2.701661359393358053e-01 -9.344480785111960452e-01 1.499333499999999901e+02 6.483511018317358876e-02 9.542244207472427853e-01 2.919797310381737621e-01 -6.490618899999999485e+02 9.705562121429102129e-01 -1.283199666505445702e-01 2.038495161377846809e-01 -2.884261700000000062e+01 0.000000000000000000e+00 0.000000000000000000e+00 0.000000000000000000e+00 1.000000000000000000e+00
2.314242355949564511e-01 2.766141839430978910e-01 -9.326989956147613281e-01 1.502327119999999923e+02 5.258326642322457001e-02 9.537675084380849988e-01 2.959096820654443238e-01 -6.491019900000000007e+02 9.714308123955894825e-01 -1.175250317562269720e-01 2.061796392448672077e-01 -2.883148999999999873e+01 0.000000000000000000e+00 0.000000000000000000e+00 0.000000000000000000e+00 1.000000000000000000e+00
2.308632670206756110e-01 2.810354802851248168e-01 -9.315155450991945418e-01 1.505318910000000017e+02 4.125749424000904608e-02 9.536893647039685895e-01 2.979503563004689548e-01 -6.491438600000000179e+02 9.721110899015481532e-01 -1.072177899019095410e-01 2.085770227493290996e-01 -2.882555199999999829e+01 0.000000000000000000e+00 0.000000000000000000e+00 0.000000000000000000e+00 1.000000000000000000e+00
2.304207464355961799e-01 2.831789060489149357e-01 -9.309758250250124156e-01 1.508079830000000072e+02 3.158011162177495890e-02 9.540400113943041660e-01 2.980106595555134796e-01 -6.491838380000000370e+02 9.725785192785305622e-01 -9.806815909200967962e-02 2.108877900929434501e-01 -2.882326099999999869e+01 0.000000000000000000e+00 0.000000000000000000e+00 0.000000000000000000e+00 1.000000000000000000e+00
2.299893347274770128e-01 2.833279669131036904e-01 -9.310371469906558728e-01 1.511298979999999972e+02 2.090794291004965944e-02 9.550234914143569398e-01 2.957921377758411241e-01 -6.492323000000000093e+02 9.729685317803876687e-01 -8.749510850110005233e-02 2.137214124824606265e-01 -2.882235000000000014e+01 0.000000000000000000e+00 0.000000000000000000e+00 0.000000000000000000e+00 1.000000000000000000e+00
2.297305298391615902e-01 2.814764454459203202e-01 -9.316624358204786960e-01 1.514058530000000076e+02 1.235514906637580346e-02 9.563446065356489001e-01 2.919800401426817515e-01 -6.492752080000000205e+02 9.731758494492993572e-01 -7.858755759854277323e-02 2.162238697261012477e-01 -2.882219100000000012e+01 0.000000000000000000e+00 0.000000000000000000e+00 0.000000000000000000e+00 1.000000000000000000e+00
2.295988415856917708e-01 2.782157803072281554e-01 -9.326737647916061302e-01 1.516588439999999878e+02 5.034113202531748099e-03 9.579214294056285217e-01 2.869863982660871837e-01 -6.493151249999999663e+02 9.732723306694648358e-01 -7.058692990573602055e-02 2.185370807888450395e-01 -2.882220799999999983e+01 0.000000000000000000e+00 0.000000000000000000e+00 0.000000000000000000e+00 1.000000000000000000e+00
2.295465415300048662e-01 2.730122681771234294e-01 -9.342230390524504102e-01 1.519347989999999982e+02 -2.515170061995170014e-03 9.600165303089718272e-01 2.799320193423437964e-01 -6.493597409999999854e+02 9.732944360218922508e-01 -6.190769708449458952e-02 2.210551466275360033e-01 -2.882222600000000057e+01 0.000000000000000000e+00 0.000000000000000000e+00 0.000000000000000000e+00 1.000000000000000000e+00
2.295938744509311569e-01 2.655176945492433438e-01 -9.363690547513117135e-01 1.522337039999999888e+02 -1.014179776827164869e-02 9.626697000643446023e-01 2.704888029402556793e-01 -6.494089969999999994e+02 9.732336804450603118e-01 -5.260610667289224163e-02 2.237158930163047899e-01 -2.882216999999999985e+01 0.000000000000000000e+00 0.000000000000000000e+00 0.000000000000000000e+00 1.000000000000000000e+00
2.297169900266533560e-01 2.577512472813826006e-01 -9.385064725498625249e-01 1.524866330000000119e+02 -1.613006672434251498e-02 9.651699592077702672e-01 2.611259672846406588e-01 -6.494510500000000093e+02 9.731237975923529016e-01 -4.484689919896941990e-02 2.258734827102880649e-01 -2.882205599999999990e+01 0.000000000000000000e+00 0.000000000000000000e+00 0.000000000000000000e+00 1.000000000000000000e+00
2.299464485894608390e-01 2.469995083043929063e-01 -9.413372794479576422e-01 1.527857510000000048e+02 -2.268053386940763194e-02 9.683539678971548881e-01 2.485481567850270912e-01 -6.495012819999999465e+02 9.729389621988077108e-01 -3.580273390711805059e-02 2.282716366092883420e-01 -2.882185700000000139e+01 0.000000000000000000e+00 0.000000000000000000e+00 0.000000000000000000e+00 1.000000000000000000e+00
2.306197752520335875e-01 2.209555398208588040e-01 -9.476250148055265221e-01 1.533841250000000116e+02 -3.410540357331787176e-02 9.751140198567456174e-01 2.190649897311741090e-01 -6.496025389999999788e+02 9.724460605657274659e-01 -1.820158513127864697e-02 2.324163539618204766e-01 -2.882143200000000149e+01 0.000000000000000000e+00 0.000000000000000000e+00 0.000000000000000000e+00 1.000000000000000000e+00
2.310075848730330228e-01 2.071891064082611866e-01 -9.506356662343751207e-01 1.536605380000000025e+02 -3.854283199126679049e-02 9.782451138813663682e-01 2.038404946749423075e-01 -6.496489870000000337e+02 9.721882255166542919e-01 -1.044850960560529674e-02 2.339676960902939418e-01 -2.882130099999999828e+01 0.000000000000000000e+00 0.000000000000000000e+00 0.000000000000000000e+00 1.000000000000000000e+00
2.317214482133174158e-01 1.914756644405003205e-01 -9.537516659828132459e-01 1.539606479999999920e+02 -3.978235642808827799e-02 9.814820802127200983e-01 1.873774008207503838e-01 -6.496923829999999498e+02 9.719683814584459958e-01 -5.476873960620257109e-03 2.350478021523879635e-01 -2.882131599999999949e+01 0.000000000000000000e+00 0.000000000000000000e+00 0.000000000000000000e+00 1.000000000000000000e+00
2.329112946566021525e-01 1.755764941188208139e-01 -9.565172364021096163e-01 1.542620239999999967e+02 -3.524964486728067448e-02 9.844451716530500107e-01 1.721196285893258626e-01 -6.497240600000000086e+02 9.718589359357231450e-01 -6.371712637946280733e-03 2.354774085128835126e-01 -2.882146799999999942e+01 0.000000000000000000e+00 0.000000000000000000e+00 0.000000000000000000e+00 1.000000000000000000e+00
2.344020420642609071e-01 1.612567085409353784e-01 -9.586719755091666073e-01 1.545412139999999965e+02 -2.710215798665437104e-02 9.868469469500067426e-01 1.593693079859391792e-01 -6.497456049999999550e+02 9.717618822060118955e-01 -1.137441189664478713e-02 2.356893443612471661e-01 -2.882172800000000024e+01 0.000000000000000000e+00 0.000000000000000000e+00 0.000000000000000000e+00 1.000000000000000000e+00
2.360865326293962174e-01 1.488150307976986442e-01 -9.602693558162255227e-01 1.547980959999999868e+02 -1.719818515692540795e-02 9.886889780303118602e-01 1.489910304303097011e-01 -6.497600099999999657e+02 9.715798328178374410e-01 -1.865988558532376274e-02 2.359755011258700130e-01 -2.882214700000000107e+01 0.000000000000000000e+00 0.000000000000000000e+00 0.000000000000000000e+00 1.000000000000000000e+00
2.384689178335515081e-01 1.354081084018090020e-01 -9.616637766945052013e-01 1.551026919999999905e+02 -3.306627980085866114e-03 9.903393075114451660e-01 1.386258352874847610e-01 -6.497719120000000430e+02 9.711445008023761316e-01 -2.987808857332555079e-02 2.366128871902549724e-01 -2.882305500000000009e+01 0.000000000000000000e+00 0.000000000000000000e+00 0.000000000000000000e+00 1.000000000000000000e+00
2.410423807884041758e-01 1.246705560819578729e-01 -9.624738038565380238e-01 1.553848270000000014e+02 1.092441375260916336e-02 9.913035560421328274e-01 1.311408287391219729e-01 -6.497796019999999544e+02 9.704531044043395172e-01 -4.212495963721876735e-02 2.375842164949997781e-01 -2.882449899999999943e+01 0.000000000000000000e+00 0.000000000000000000e+00 0.000000000000000000e+00 1.000000000000000000e+00
2.469346418357545869e-01 1.097031103452526524e-01 -9.628024253407468924e-01 1.559280850000000100e+02 3.979273133270132962e-02 9.915851620532183386e-01 1.231884934925982916e-01 -6.497894290000000410e+02 9.682147598516203102e-01 -6.873204475693851789e-02 2.404913404449297576e-01 -2.882966000000000051e+01 0.000000000000000000e+00 0.000000000000000000e+00 0.000000000000000000e+00 1.000000000000000000e+00
2.507910680052893859e-01 1.050873222182900635e-01 -9.623203702082562261e-01 1.562365110000000072e+02 5.608180151644087674e-02 9.908434105549083215e-01 1.228176180300999537e-01 -6.497942500000000337e+02 9.664153722636227295e-01 -8.477022159288179204e-02 2.426011908125285110e-01 -2.883440799999999982e+01 0.000000000000000000e+00 0.000000000000000000e+00 0.000000000000000000e+00 1.000000000000000000e+00
2.546543099486220929e-01 1.035811176931115685e-01 -9.614687381719889681e-01 1.565218199999999911e+02 7.058948831222394693e-02 9.896034153313550963e-01 1.253084374826197722e-01 -6.497993770000000495e+02 9.644523350401560391e-01 -9.977991993363694023e-02 2.446950367572409690e-01 -2.884018700000000024e+01 0.000000000000000000e+00 0.000000000000000000e+00 0.000000000000000000e+00 1.000000000000000000e+00
2.587538494667627198e-01 1.048648125144093501e-01 -9.602342508380181663e-01 1.568076780000000099e+02 8.424564303219000960e-02 9.878516535618084848e-01 1.305824727338769087e-01 -6.498060910000000376e+02 9.622624990179264870e-01 -1.146842694161613052e-01 2.467760144994982641e-01 -2.884742400000000018e+01 0.000000000000000000e+00 0.000000000000000000e+00 0.000000000000000000e+00 1.000000000000000000e+00
2.626815362574845270e-01 1.085693027885157869e-01 -9.587549827778855116e-01 1.570700229999999920e+02 9.582974015727610539e-02 9.858010284778422339e-01 1.378876105870907864e-01 -6.498140869999999722e+02 9.601120098253103086e-01 -1.280977702539893015e-01 2.485475605294878432e-01 -2.885540200000000155e+01 0.000000000000000000e+00 0.000000000000000000e+00 0.000000000000000000e+00 1.000000000000000000e+00
2.671011811344164988e-01 1.153973122856532807e-01 -9.567342469849436926e-01 1.573564149999999984e+02 1.073044478665861334e-01 9.830688240920157916e-01 1.485309481771004136e-01 -6.498253780000000006e+02 9.576756833629257448e-01 -1.423346318208917605e-01 2.501961991712993161e-01 -2.886558000000000135e+01 0.000000000000000000e+00 0.000000000000000000e+00 0.000000000000000000e+00 1.000000000000000000e+00
2.708225847145739884e-01 1.232959369187378168e-01 -9.547006020464470222e-01 1.575950780000000009e+02 1.157755143744264720e-01 9.803926304579391182e-01 1.594563276107295313e-01 -6.498372799999999643e+02 9.556417518504802810e-01 -1.537153280681336498e-01 2.512378156986954103e-01 -2.887520200000000159e+01 0.000000000000000000e+00 0.000000000000000000e+00 0.000000000000000000e+00 1.000000000000000000e+00
2.752914903296715399e-01 1.353793861310842173e-01 -9.517809712128306732e-01 1.578813480000000027e+02 1.246096647614446246e-01 9.766583373295936177e-01 1.749597770135580543e-01 -6.498548580000000356e+02 9.532507680563959696e-01 -1.667660455109623852e-01 2.519961493049583390e-01 -2.888813999999999993e+01 0.000000000000000000e+00 0.000000000000000000e+00 0.000000000000000000e+00 1.000000000000000000e+00
2.793750260679166986e-01 1.488741543527747901e-01 -9.485705461246920489e-01 1.581436160000000086e+02 1.317553629405803228e-01 9.726182160366907414e-01 1.914532062149930103e-01 -6.498735960000000205e+02 9.510994265301322415e-01 -1.784665010565032461e-01 2.521102712201593321e-01 -2.890116300000000038e+01 0.000000000000000000e+00 0.000000000000000000e+00 0.000000000000000000e+00 1.000000000000000000e+00
2.842068201469516997e-01 1.660144334048039294e-01 -9.442805151453884660e-01 1.584304500000000075e+02 1.414286894178261034e-01 9.668608778807554760e-01 2.125510965231911797e-01 -6.498902590000000146e+02 9.482744376980297707e-01 -1.939568269614059537e-01 2.513092518860953750e-01 -2.891278300000000101e+01 0.000000000000000000e+00 0.000000000000000000e+00 0.000000000000000000e+00 1.000000000000000000e+00
2.888434565357921313e-01 1.855869619762085254e-01 -9.392161290996323686e-01 1.587169189999999901e+02 1.492926268440630533e-01 9.602985763173103040e-01 2.356657715769224226e-01 -6.499105220000000145e+02 9.456644062173722443e-01 -2.082885591370494671e-01 2.496691950284547490e-01 -2.891804700000000139e+01 0.000000000000000000e+00 0.000000000000000000e+00 0.000000000000000000e+00 1.000000000000000000e+00
2.927507567047262227e-01 2.054966359713190638e-01 -9.338458797110374965e-01 1.589788509999999917e+02 1.546160030191072177e-01 9.536073062241003928e-01 2.583156927606422015e-01 -6.499331049999999550e+02 9.436052596606304688e-01 -2.200096318811661511e-01 2.473961920085031019e-01 -2.891697500000000076e+01 0.000000000000000000e+00 0.000000000000000000e+00 0.000000000000000000e+00 1.000000000000000000e+00
2.968238138436582463e-01 2.311939774493120825e-01 -9.265230533162531756e-01 1.592873380000000054e+02 1.587155302305250926e-01 9.448108689243632785e-01 2.866039120912922122e-01 -6.499648439999999709e+02 9.416501494711020381e-01 -2.321244639273440935e-01 2.437482907580985070e-01 -2.890902699999999825e+01 0.000000000000000000e+00 0.000000000000000000e+00 0.000000000000000000e+00 1.000000000000000000e+00
2.995998088966715933e-01 2.567512752849417934e-01 -9.188681826838023259e-01 1.595699160000000063e+02 1.588677931017528910e-01 9.362366805585931040e-01 3.134037368820051239e-01 -6.500034180000000106e+02 9.407449063503112718e-01 -2.398742600117455270e-01 2.397068220968293639e-01 -2.889841300000000146e+01 0.000000000000000000e+00 0.000000000000000000e+00 0.000000000000000000e+00 1.000000000000000000e+00
3.009039732114788257e-01 2.814142772520019653e-01 -9.111875786380533304e-01 1.598259280000000047e+02 1.547284121117425415e-01 9.284027796958325141e-01 3.378274665246004949e-01 -6.500506589999999960e+02 9.410185531597791142e-01 -2.426402341158297171e-01 2.358173008862814446e-01 -2.889009700000000080e+01 0.000000000000000000e+00 0.000000000000000000e+00 0.000000000000000000e+00 1.000000000000000000e+00
3.018039655069427729e-01 3.068811491413778736e-01 -9.026285651949818023e-01 1.600805970000000116e+02 1.500504438645945127e-01 9.196866353233337232e-01 3.628517012550495080e-01 -6.501022950000000264e+02 9.414877751199547395e-01 -2.449498991820835414e-01 2.315174209219790225e-01 -2.888588100000000125e+01 0.000000000000000000e+00 0.000000000000000000e+00 0.000000000000000000e+00 1.000000000000000000e+00
3.023972304556716284e-01 3.353410921631608810e-01 -8.922456314936813015e-01 1.603569950000000119e+02 1.445770127092549096e-01 9.091035680362691274e-01 3.906765797687299924e-01 -6.501633299999999736e+02 9.421535980978938962e-01 -2.471377237301973229e-01 2.264277878279282175e-01 -2.888649699999999854e+01 0.000000000000000000e+00 0.000000000000000000e+00 0.000000000000000000e+00 1.000000000000000000e+00
3.025198401902387535e-01 3.642550013834098821e-01 -8.807951182076592112e-01 1.606316530000000000e+02 1.385883161027657295e-01 8.974647012408809577e-01 4.187485984053155863e-01 -6.502296750000000429e+02 9.430137989080924488e-01 -2.487476713333985345e-01 2.210193907220343035e-01 -2.889295800000000014e+01 0.000000000000000000e+00 0.000000000000000000e+00 0.000000000000000000e+00 1.000000000000000000e+00
3.021909939347801055e-01 3.909211105346153126e-01 -8.694028344347012327e-01 1.608817439999999976e+02 1.325973411282241610e-01 8.859382782870003359e-01 4.444449484374761172e-01 -6.502957149999999729e+02 9.439801630915952702e-01 -2.495877649329961145e-01 2.158874690326338941e-01 -2.890435199999999938e+01 0.000000000000000000e+00 0.000000000000000000e+00 0.000000000000000000e+00 1.000000000000000000e+00
3.014467039330496756e-01 4.175163024616551644e-01 -8.572106053162478201e-01 1.611302340000000015e+02 1.261415576743158684e-01 8.736657035477806144e-01 4.698899295280317689e-01 -6.503664549999999736e+02 9.451022125227501736e-01 -2.497766514770928259e-01 2.106974899268933554e-01 -2.891987800000000064e+01 0.000000000000000000e+00 0.000000000000000000e+00 0.000000000000000000e+00 1.000000000000000000e+00
3.003188363079696277e-01 4.437698525651946335e-01 -8.443203861762975659e-01 1.613772739999999999e+02 1.194816121828662370e-01 8.607070320673925190e-01 4.948813487088835061e-01 -6.504410400000000436e+02 9.463259168536017896e-01 -2.495029516939746839e-01 2.054641968499233418e-01 -2.893748700000000085e+01 0.000000000000000000e+00 0.000000000000000000e+00 0.000000000000000000e+00 1.000000000000000000e+00
3.001348032287989853e-01 4.714036348174542868e-01 -8.292754144261736959e-01 1.616484829999999988e+02 1.163943874710386683e-01 8.447610304746180354e-01 5.223324113595699814e-01 -6.505162960000000112e+02 9.467689509357876121e-01 -2.532931394103548062e-01 1.986734483306581978e-01 -2.895524599999999893e+01 0.000000000000000000e+00 0.000000000000000000e+00 0.000000000000000000e+00 1.000000000000000000e+00
2.993838177760240749e-01 4.981180150594490819e-01 -8.137860730727002334e-01 1.619181370000000015e+02 1.126686138013677507e-01 8.284828335472986804e-01 5.485635587436670235e-01 -6.505949709999999868e+02 9.474571827359428156e-01 -2.559192012934410898e-01 1.919120874030517676e-01 -2.896599799999999902e+01 0.000000000000000000e+00 0.000000000000000000e+00 0.000000000000000000e+00 1.000000000000000000e+00
2.980108346319912949e-01 5.216570069441441859e-01 -7.994144791958804896e-01 1.621634669999999971e+02 1.081497118765387122e-01 8.136229287801814980e-01 5.712454547601942823e-01 -6.506712649999999485e+02 9.484161440332853354e-01 -2.566937803477846725e-01 1.860513930821203754e-01 -2.896930899999999909e+01 0.000000000000000000e+00 0.000000000000000000e+00 0.000000000000000000e+00 1.000000000000000000e+00
2.956620080655800176e-01 5.480736058424909851e-01 -7.824316580797574527e-01 1.624512630000000115e+02 1.017451042885264556e-01 7.963238952095461620e-01 5.962517821118965555e-01 -6.507660519999999451e+02 9.498588899094146942e-01 -2.558975898618536249e-01 1.796789157440258911e-01 -2.896526499999999871e+01 0.000000000000000000e+00 0.000000000000000000e+00 0.000000000000000000e+00 1.000000000000000000e+00
2.928887930065491307e-01 5.709352336675022066e-01 -7.669739981825988151e-01 1.627147830000000113e+02 9.502513164936193801e-02 7.807986631797796395e-01 6.175141066661474776e-01 -6.508580319999999801e+02 9.514128332570398472e-01 -2.537447665149044074e-01 1.744339822973391962e-01 -2.895480900000000091e+01 0.000000000000000000e+00 0.000000000000000000e+00 0.000000000000000000e+00 1.000000000000000000e+00
2.896288495967774268e-01 5.922008981359110358e-01 -7.519396423438965416e-01 1.629760740000000112e+02 8.770932469544595600e-02 7.658849792586248650e-01 6.369672463380546823e-01 -6.509544069999999465e+02 9.531118527448473321e-01 -2.504362090294363075e-01 1.698808446065899758e-01 -2.894042200000000165e+01 0.000000000000000000e+00 0.000000000000000000e+00 0.000000000000000000e+00 1.000000000000000000e+00
2.858752450181665794e-01 6.117779415012254418e-01 -7.375656544188637920e-01 1.632349700000000041e+02 7.982753413934867703e-02 7.518080992472235824e-01 6.545320058633561366e-01 -6.510556030000000192e+02 9.549360759124323472e-01 -2.459925450065517938e-01 1.660866000680525922e-01 -2.892379000000000033e+01 0.000000000000000000e+00 0.000000000000000000e+00 0.000000000000000000e+00 1.000000000000000000e+00
2.811152523068774500e-01 6.298013380889516677e-01 -7.241025407093991673e-01 1.634901120000000105e+02 6.984602879859358460e-02 7.391015405715654074e-01 6.699630176254545155e-01 -6.511651610000000119e+02 9.571289083407245046e-01 -2.389125096475800680e-01 1.637835936606237275e-01 -2.890575400000000172e+01 0.000000000000000000e+00 0.000000000000000000e+00 0.000000000000000000e+00 1.000000000000000000e+00
2.754188100831498898e-01 6.452020132918696582e-01 -7.126421550094410584e-01 1.637195429999999874e+02 5.753256919207144771e-02 7.289214054031172285e-01 6.821756285791101826e-01 -6.512761839999999438e+02 9.596012101568762720e-01 -2.288841339832509147e-01 1.636385366476855174e-01 -2.889037700000000086e+01 0.000000000000000000e+00 0.000000000000000000e+00 0.000000000000000000e+00 1.000000000000000000e+00
2.694456202322692007e-01 6.604028846043348278e-01 -7.009044783306219717e-01 1.639683689999999956e+02 4.484497154635219696e-02 7.184284510476797170e-01 6.941537936597612646e-01 -6.514003910000000133e+02 9.619708863913993824e-01 -2.184687408566846067e-01 1.639616510158401486e-01 -2.887765299999999868e+01 0.000000000000000000e+00 0.000000000000000000e+00 0.000000000000000000e+00 1.000000000000000000e+00
2.637688420806592049e-01 6.739219568947885097e-01 -6.901124502300529651e-01 1.642157750000000078e+02 3.311348735398284004e-02 7.087013388146976567e-01 7.047310900744431228e-01 -6.515271000000000186e+02 9.640173727182960173e-01 -2.087381335006955607e-01 1.646174253229587547e-01 -2.886903999999999826e+01 0.000000000000000000e+00 0.000000000000000000e+00 0.000000000000000000e+00 1.000000000000000000e+00
2.578755033306743827e-01 6.867060456657434475e-01 -6.796580255011114291e-01 1.644819489999999860e+02 2.119521955436903804e-02 6.992599932107432803e-01 7.145531642662801275e-01 -6.516677250000000186e+02 9.659456441487760392e-01 -1.986712579640780296e-01 1.657671373010263793e-01 -2.886403699999999972e+01 0.000000000000000000e+00 0.000000000000000000e+00 0.000000000000000000e+00 1.000000000000000000e+00
2.522068744518560779e-01 6.975672385818141308e-01 -6.706650729958791857e-01 1.647461849999999970e+02 9.884042458852826396e-03 6.911765118253251350e-01 7.226183883666730257e-01 -6.518118899999999485e+02 9.676228594777498415e-01 -1.888782072085569141e-01 1.674246835379542553e-01 -2.886320500000000067e+01 0.000000000000000000e+00 0.000000000000000000e+00 0.000000000000000000e+00 1.000000000000000000e+00
2.471852939311113273e-01 7.058030752295650911e-01 -6.638836113813015860e-01 1.649883419999999887e+02 -1.363237429732322425e-04 6.851701940735619445e-01 7.283829944260331590e-01 -6.519483030000000099e+02 9.689682202631968444e-01 -1.799550614728199216e-01 1.694602135319273062e-01 -2.886558700000000144e+01 0.000000000000000000e+00 0.000000000000000000e+00 0.000000000000000000e+00 1.000000000000000000e+00
2.420124689156155084e-01 7.126484125474428222e-01 -6.584544061535150261e-01 1.652488250000000107e+02 -1.061225644975144489e-02 6.805314540057156858e-01 7.326420136205070710e-01 -6.520994869999999537e+02 9.702151023883379688e-01 -1.703208155290369952e-01 1.722599050711186019e-01 -2.887090099999999993e+01 0.000000000000000000e+00 0.000000000000000000e+00 0.000000000000000000e+00 1.000000000000000000e+00
2.375228549163956315e-01 7.169645799446959789e-01 -6.553965856617585128e-01 1.654876559999999870e+02 -1.995320899744718046e-02 6.781640857391246779e-01 7.346396002560178218e-01 -6.522421259999999847e+02 9.711769987201452903e-01 -1.614164301375266564e-01 1.753852138539276351e-01 -2.887754599999999883e+01 0.000000000000000000e+00 0.000000000000000000e+00 0.000000000000000000e+00 1.000000000000000000e+00
2.333827392304013704e-01 7.193805573943614640e-01 -6.542355162113198119e-01 1.657251589999999908e+02 -2.891781391278114288e-02 6.776524707933353486e-01 7.348135061811216229e-01 -6.523871460000000297e+02 9.719548636988344370e-01 -1.525737279831144155e-01 1.789553029712011578e-01 -2.888474499999999878e+01 0.000000000000000000e+00 0.000000000000000000e+00 0.000000000000000000e+00 1.000000000000000000e+00
2.317003186757424782e-01 7.197519828428065036e-01 -6.544249731782917356e-01 1.660063629999999932e+02 -3.493494012147585481e-02 6.784544344706144869e-01 7.338113724288196638e-01 -6.525507810000000291e+02 9.721597154193689638e-01 -1.471620315876593921e-01 1.823426010967389432e-01 -2.889416699999999949e+01 0.000000000000000000e+00 0.000000000000000000e+00 0.000000000000000000e+00 1.000000000000000000e+00
2.350042251742687771e-01 7.181416216663776275e-01 -6.550157443761382980e-01 1.662557219999999916e+02 -3.243270746928889059e-02 6.793066875225575174e-01 7.331374658093403607e-01 -6.526774289999999610e+02 9.714531041879751472e-01 -1.510464680736212095e-01 1.829312188939641315e-01 -2.889969299999999919e+01 0.000000000000000000e+00 0.000000000000000000e+00 0.000000000000000000e+00 1.000000000000000000e+00
2.408382771840631986e-01 7.153293422838127302e-01 -6.559732131046364101e-01 1.665091710000000091e+02 -2.711026413366923737e-02 6.805615794753649972e-01 7.321891627992043183e-01 -6.527996219999999994e+02 9.701865582565115664e-01 -1.585555694695234830e-01 1.832980457303898247e-01 -2.890002399999999838e+01 0.000000000000000000e+00 0.000000000000000000e+00 0.000000000000000000e+00 1.000000000000000000e+00
2.485774413829971996e-01 7.116771112749575856e-01 -6.570577942029255381e-01 1.667657169999999951e+02 -1.998350358207290345e-02 6.819734888338355727e-01 7.311038367512452396e-01 -6.529193729999999505e+02 9.684058628591979412e-01 -1.686056043408339367e-01 1.837450270477932746e-01 -2.889490500000000139e+01 0.000000000000000000e+00 0.000000000000000000e+00 0.000000000000000000e+00 1.000000000000000000e+00
2.574951809385202517e-01 7.075662219661279506e-01 -6.580625147552613408e-01 1.670238490000000127e+02 -1.227555273709768358e-02 6.833674375051114191e-01 7.299714077706715987e-01 -6.530391849999999749e+02 9.662016055660626046e-01 -1.798860386196701189e-01 1.846495884406057497e-01 -2.888507299999999844e+01 0.000000000000000000e+00 0.000000000000000000e+00 0.000000000000000000e+00 1.000000000000000000e+00
2.652199986755395811e-01 7.039075327486699063e-01 -6.589177017217152654e-01 1.672583009999999888e+02 -7.640514979010692986e-03 6.849042467891041097e-01 7.285930244389564603e-01 -6.531564939999999524e+02 9.641576504044359064e-01 -1.882029704067673115e-01 1.870285194740822776e-01 -2.887928000000000139e+01 0.000000000000000000e+00 0.000000000000000000e+00 0.000000000000000000e+00 1.000000000000000000e+00
2.745749608840852840e-01 7.000159067478314290e-01 -6.592316141960381515e-01 1.675143590000000131e+02 -1.852844058337077549e-03 6.859653541676111743e-01 7.276318436205213569e-01 -6.532861329999999498e+02 9.615639125010870814e-01 -1.985680316206884233e-01 1.896459306019687707e-01 -2.888035599999999903e+01 0.000000000000000000e+00 0.000000000000000000e+00 0.000000000000000000e+00 1.000000000000000000e+00
2.854788977114484649e-01 6.961831155220582490e-01 -6.586583853739789163e-01 1.677915040000000033e+02 5.052340323799087152e-03 6.861558815161814540e-01 7.274369939163146670e-01 -6.534288940000000139e+02 9.583716778049677920e-01 -2.109956774977924665e-01 1.923656706861665566e-01 -2.888930099999999968e+01 0.000000000000000000e+00 0.000000000000000000e+00 0.000000000000000000e+00 1.000000000000000000e+00
2.950291549830960092e-01 6.934723012871920611e-01 -6.573081203342969747e-01 1.680251460000000066e+02 1.091864979991852280e-02 6.854372500761860554e-01 7.280498329747375763e-01 -6.535524289999999610e+02 9.554258635794341536e-01 -2.219728441846938183e-01 1.946521914802157860e-01 -2.890237000000000123e+01 0.000000000000000000e+00 0.000000000000000000e+00 0.000000000000000000e+00 1.000000000000000000e+00
3.055563116379348410e-01 6.913136292540245087e-01 -6.547677499891472186e-01 1.682787020000000098e+02 1.698610352440232951e-02 6.835885712514828683e-01 7.296698825780153497e-01 -6.536906739999999445e+02 9.520224853989950331e-01 -2.340771908195789786e-01 1.971320776351095372e-01 -2.892151799999999895e+01 0.000000000000000000e+00 0.000000000000000000e+00 0.000000000000000000e+00 1.000000000000000000e+00
3.287895830918957096e-01 6.893868669677769567e-01 -6.454790141457814601e-01 1.687675319999999886e+02 3.215839567452266623e-02 6.749092439794630582e-01 7.371996676469073639e-01 -6.539539790000000039e+02 9.438555226505264129e-01 -2.631411409176115379e-01 1.997335533121049056e-01 -2.896397999999999939e+01 0.000000000000000000e+00 0.000000000000000000e+00 0.000000000000000000e+00 1.000000000000000000e+00
3.400708658605035017e-01 6.899623513169210742e-01 -6.389865099969738171e-01 1.690011900000000082e+02 3.933752439211629648e-02 6.684521090480576300e-01 7.427141691686667269e-01 -6.540807499999999663e+02 9.395766947767418831e-01 -2.777115980192922939e-01 2.001796766856813736e-01 -2.897775299999999987e+01 0.000000000000000000e+00 0.000000000000000000e+00 0.000000000000000000e+00 1.000000000000000000e+00
3.511977203078789911e-01 6.921375604076807075e-01 -6.305598771912565015e-01 1.692532649999999990e+02 4.530478090328338148e-02 6.601074910034469001e-01 7.498036924078457233e-01 -6.542236329999999498e+02 9.352045969079995080e-01 -2.918967245346167361e-01 2.004711054693613104e-01 -2.898656300000000030e+01 0.000000000000000000e+00 0.000000000000000000e+00 0.000000000000000000e+00 1.000000000000000000e+00
3.609263873405373912e-01 6.960106631563902635e-01 -6.207264290280459784e-01 1.695014189999999985e+02 4.936953715547448551e-02 6.503981453764652310e-01 7.579874018028982530e-01 -6.543719479999999749e+02 9.312866324190217648e-01 -3.042226310836456116e-01 2.003841286484073780e-01 -2.899159600000000125e+01 0.000000000000000000e+00 0.000000000000000000e+00 0.000000000000000000e+00 1.000000000000000000e+00
3.691475982275495560e-01 7.016057495276806222e-01 -6.094911180259587891e-01 1.697448730000000126e+02 5.162500992754015527e-02 6.393177734486232833e-01 7.672076921555701645e-01 -6.545260620000000245e+02 9.279358324112789713e-01 -3.146778619197676541e-01 1.997822167881581623e-01 -2.899517399999999867e+01 0.000000000000000000e+00 0.000000000000000000e+00 0.000000000000000000e+00 1.000000000000000000e+00
3.759928306517374974e-01 7.088495344383010099e-01 -5.967928692813764258e-01 1.699835050000000081e+02 5.228718653679159667e-02 6.267953800356778071e-01 7.774275539817181446e-01 -6.546862180000000535e+02 9.251461730032508601e-01 -3.235118067281850252e-01 1.986068213453526798e-01 -2.899859199999999859e+01 0.000000000000000000e+00 0.000000000000000000e+00 0.000000000000000000e+00 1.000000000000000000e+00
3.812774066346548696e-01 7.176927220198237034e-01 -5.827046386890434304e-01 1.702166139999999928e+02 5.139822663977017259e-02 6.128865062889876647e-01 7.884975286626876301e-01 -6.548523559999999861e+02 9.230307478563427592e-01 -3.305862779497287796e-01 1.967916444951507415e-01 -2.900215299999999985e+01 0.000000000000000000e+00 0.000000000000000000e+00 0.000000000000000000e+00 1.000000000000000000e+00
3.851086879202172963e-01 7.279765868449067368e-01 -5.672225202634402219e-01 1.704443359999999927e+02 4.916086782079243100e-02 5.975731432607392923e-01 8.003059087177768482e-01 -6.550244139999999788e+02 9.215609082222810944e-01 -3.360899097847480088e-01 1.943426483749892131e-01 -2.900596399999999875e+01 0.000000000000000000e+00 0.000000000000000000e+00 0.000000000000000000e+00 1.000000000000000000e+00
3.873667316401137040e-01 7.385216869309185750e-01 -5.518448451794819576e-01 1.706482540000000085e+02 4.605986249388954734e-02 5.823279014594500147e-01 8.116481406674183052e-01 -6.551870730000000549e+02 9.207744046646280101e-01 -3.398233851790417592e-01 1.915582485823998926e-01 -2.900955199999999934e+01 0.000000000000000000e+00 0.000000000000000000e+00 0.000000000000000000e+00 1.000000000000000000e+00
3.884382797803574427e-01 7.510727470011091533e-01 -5.338589996557937534e-01 1.708653720000000078e+02 4.164985291934070188e-02 5.644503668474611935e-01 8.244155949019668084e-01 -6.553695679999999584e+02 9.205329937341052426e-01 -3.424697243231501487e-01 1.879720600752981530e-01 -2.901329799999999892e+01 0.000000000000000000e+00 0.000000000000000000e+00 0.000000000000000000e+00 1.000000000000000000e+00
3.881059566989810694e-01 7.644994518611186729e-01 -5.146983140431076187e-01 1.710768889999999942e+02 3.632161996541416471e-02 5.453525652087234388e-01 8.374194406289793280e-01 -6.555571899999999914e+02 9.208987492107132411e-01 -3.437021497231488310e-01 1.838867205043081543e-01 -2.901661100000000104e+01 0.000000000000000000e+00 0.000000000000000000e+00 0.000000000000000000e+00 1.000000000000000000e+00
3.864160592704459773e-01 7.785711987260599543e-01 -4.944790366154717676e-01 1.712828829999999982e+02 3.021323337307912915e-02 5.251496470974537090e-01 8.504734026896805243e-01 -6.557496949999999742e+02 9.218295881924395418e-01 -3.435763913130320812e-01 1.794031038339950479e-01 -2.901921099999999853e+01 0.000000000000000000e+00 0.000000000000000000e+00 0.000000000000000000e+00 1.000000000000000000e+00
3.834115183293101969e-01 7.930533683685869750e-01 -4.733518379933168152e-01 1.714833529999999939e+02 2.346441330298126848e-02 5.039900761155149400e-01 8.633906557783819213e-01 -6.559466549999999643e+02 9.232794966426796091e-01 -3.421408454077292660e-01 1.746270682996322043e-01 -2.902082300000000004e+01 0.000000000000000000e+00 0.000000000000000000e+00 0.000000000000000000e+00 1.000000000000000000e+00
3.795429010903332845e-01 8.064966900159442620e-01 -4.533324113994713356e-01 1.716623380000000054e+02 1.681207145199276054e-02 4.839036796110823824e-01 8.749597608532337922e-01 -6.561309810000000198e+02 9.250213729884443348e-01 -3.397062228634926684e-01 1.701033264295336855e-01 -2.902122500000000116e+01 0.000000000000000000e+00 0.000000000000000000e+00 0.000000000000000000e+00 1.000000000000000000e+00
3.741985836785427511e-01 8.211317955086177012e-01 -4.309501065990890556e-01 1.718524779999999907e+02 9.164293903070608316e-03 4.614150282802396141e-01 8.871370736218859854e-01 -6.563358150000000251e+02 9.273033137491910605e-01 -3.359147899124705350e-01 1.651357569632633804e-01 -2.902033600000000035e+01 0.000000000000000000e+00 0.000000000000000000e+00 0.000000000000000000e+00 1.000000000000000000e+00
3.677467411853712065e-01 8.355403186015101236e-01 -4.082091502389758042e-01 1.720373539999999934e+02 1.204680992835549525e-03 4.385410913848623027e-01 8.987103314809946619e-01 -6.565446170000000166e+02 9.299252029551867693e-01 -3.309895574761548831e-01 1.602654976920921404e-01 -2.901788700000000176e+01 0.000000000000000000e+00 0.000000000000000000e+00 0.000000000000000000e+00 1.000000000000000000e+00
3.504101080616557340e-01 8.651447039086544999e-01 -3.587999407288484655e-01 1.724205629999999871e+02 -1.669805233069276973e-02 3.887989689525634951e-01 9.211712852612075064e-01 -6.570087280000000192e+02 9.364475058520793649e-01 -3.167964694251343416e-01 1.506853202644165002e-01 -2.900677100000000053e+01 0.000000000000000000e+00 0.000000000000000000e+00 0.000000000000000000e+00 1.000000000000000000e+00
3.418962589223095705e-01 8.767308134662583630e-01 -3.383046391253334284e-01 1.725757450000000119e+02 -2.440447802151229917e-02 3.681611487309871533e-01 9.294416549830213370e-01 -6.572097780000000284e+02 9.394207628040944780e-01 -3.095164765951451957e-01 1.472690772996844144e-01 -2.899957300000000160e+01 0.000000000000000000e+00 0.000000000000000000e+00 0.000000000000000000e+00 1.000000000000000000e+00
3.310860910819722336e-01 8.895489357829838850e-01 -3.147772087356722204e-01 1.727540590000000122e+02 -3.352628062921680918e-02 3.444706619862767938e-01 9.381982474604753097e-01 -6.574504389999999603e+02 9.430047660532958620e-01 -3.000710813758920015e-01 1.438727122239372158e-01 -2.898913200000000145e+01 0.000000000000000000e+00 0.000000000000000000e+00 0.000000000000000000e+00 1.000000000000000000e+00
3.205015209020395939e-01 9.004715182249865002e-01 -2.939894895486351856e-01 1.729138790000000085e+02 -4.191953371387796556e-02 3.235407115307040726e-01 9.452852271539087248e-01 -6.576755369999999630e+02 9.463199922820453303e-01 -2.906414506703978717e-01 1.414426362859379505e-01 -2.897767400000000038e+01 0.000000000000000000e+00 0.000000000000000000e+00 0.000000000000000000e+00 1.000000000000000000e+00
3.094531836956379567e-01 9.104807385932381925e-01 -2.743420342407363322e-01 1.730693359999999927e+02 -5.025277682589823769e-02 3.037583971705903330e-01 9.514228789395600128e-01 -6.579033200000000079e+02 9.495859021288808322e-01 -2.806343899080536719e-01 1.397531884395282198e-01 -2.896453100000000092e+01 0.000000000000000000e+00 0.000000000000000000e+00 0.000000000000000000e+00 1.000000000000000000e+00
2.999678998363786153e-01 9.181137317081478066e-01 -2.590104915185706402e-01 1.731956020000000080e+02 -5.713310571011104289e-02 2.883170454311578812e-01 9.558290064366977701e-01 -6.580951539999999795e+02 9.522368756247940880e-01 -2.719199458715503281e-01 1.389405474926003192e-01 -2.895234500000000111e+01 0.000000000000000000e+00 0.000000000000000000e+00 0.000000000000000000e+00 1.000000000000000000e+00
2.869237438748715729e-01 9.272031230355490816e-01 -2.407678006585409758e-01 1.733545990000000074e+02 -6.631773240187016638e-02 2.699583079051044443e-01 9.605854831102156322e-01 -6.583474730000000363e+02 9.556551279462170978e-01 -2.596476085507753440e-01 1.389474569899077916e-01 -2.893484099999999870e+01 0.000000000000000000e+00 0.000000000000000000e+00 0.000000000000000000e+00 1.000000000000000000e+00
2.695098246609692327e-01 9.363514970019324313e-01 -2.249673942451517750e-01 1.734997559999999908e+02 -7.871198682735941476e-02 2.542491391232650777e-01 9.639303908399028398e-01 -6.586102290000000039e+02 9.597754307862349510e-01 -2.420810800482320335e-01 1.422247276031079477e-01 -2.891707399999999950e+01 0.000000000000000000e+00 0.000000000000000000e+00 0.000000000000000000e+00 1.000000000000000000e+00
2.551802476581577772e-01 9.431531339581837869e-01 -2.129441408209620801e-01 1.736193700000000035e+02 -8.885875700256834486e-02 2.421789391595732255e-01 9.661539642994290134e-01 -6.588346559999999954e+02 9.628017254393970159e-01 -2.276214562215086445e-01 1.456066968189307920e-01 -2.890611099999999922e+01 0.000000000000000000e+00 0.000000000000000000e+00 0.000000000000000000e+00 1.000000000000000000e+00
2.404257850052319290e-01 9.495537177505526394e-01 -2.013533685109887283e-01 1.737474819999999909e+02 -9.903054571003028217e-02 2.303510756170055740e-01 9.680554390005058352e-01 -6.590806880000000092e+02 9.656026061071871780e-01 -2.128053548860850408e-01 1.494171610318433263e-01 -2.889855199999999869e+01 0.000000000000000000e+00 0.000000000000000000e+00 0.000000000000000000e+00 1.000000000000000000e+00
2.264673923291713742e-01 9.550067949484207785e-01 -1.915059837549978328e-01 1.738730769999999950e+02 -1.084409418794108904e-01 2.201132077998157743e-01 9.694280467762321774e-01 -6.593278810000000476e+02 9.679633682820495411e-01 -1.987767525502401877e-01 1.534103005330774705e-01 -2.889521399999999929e+01 0.000000000000000000e+00 0.000000000000000000e+00 0.000000000000000000e+00 1.000000000000000000e+00
2.143474664948692709e-01 9.592279379943529083e-01 -1.842197779239040933e-01 1.739861150000000123e+02 -1.165321550350736923e-01 2.123701256723254660e-01 9.702160514879157871e-01 -6.595556639999999788e+02 9.697811198668038202e-01 -1.864958248675351316e-01 1.573018971813919253e-01 -2.889534400000000147e+01 0.000000000000000000e+00 0.000000000000000000e+00 0.000000000000000000e+00 1.000000000000000000e+00
2.016894201504315087e-01 9.630469580032370303e-01 -1.784991161885512989e-01 1.741068569999999909e+02 -1.249308509595042360e-01 2.060508136823380743e-01 9.705335360817678447e-01 -6.598055419999999458e+02 9.714492576959007364e-01 -1.734462996479245733e-01 1.618725451104216506e-01 -2.889820100000000025e+01 0.000000000000000000e+00 0.000000000000000000e+00 0.000000000000000000e+00 1.000000000000000000e+00
1.897770625927815979e-01 9.660427370256272628e-01 -1.753456493720055853e-01 1.742254639999999881e+02 -1.328223998525178140e-01 2.022098736355204540e-01 9.702934489636239057e-01 -6.600563349999999900e+02 9.728015607569064915e-01 -1.608496106440477358e-01 1.666869105376451166e-01 -2.890293099999999882e+01 0.000000000000000000e+00 0.000000000000000000e+00 0.000000000000000000e+00 1.000000000000000000e+00
1.818426107426829863e-01 9.677474928901316220e-01 -1.743503797619878615e-01 1.743376770000000135e+02 -1.376825778883575824e-01 2.006175095820963428e-01 9.699464534679703709e-01 -6.602827150000000529e+02 9.736409875638458722e-01 -1.523725856377774468e-01 1.697227812692120030e-01 -2.890574499999999958e+01 0.000000000000000000e+00 0.000000000000000000e+00 0.000000000000000000e+00 1.000000000000000000e+00
1.741459540377819082e-01 9.689296251326893206e-01 -1.756376048359158948e-01 1.744483490000000074e+02 -1.423763529993443133e-01 2.012640844588909628e-01 9.691345326700162577e-01 -6.605095209999999497e+02 9.743727011769558466e-01 -1.437642161567021515e-01 1.730019923410483496e-01 -2.890350700000000117e+01 0.000000000000000000e+00 0.000000000000000000e+00 0.000000000000000000e+00 1.000000000000000000e+00
1.656225730212406710e-01 9.696845814589882817e-01 -1.796690729828893662e-01 1.745665740000000028e+02 -1.478275360953338335e-01 2.045377355972118338e-01 9.676318175260403276e-01 -6.607583620000000337e+02 9.750467593289087187e-01 -1.337016349842892193e-01 1.772221485162656651e-01 -2.889499700000000004e+01 0.000000000000000000e+00 0.000000000000000000e+00 0.000000000000000000e+00 1.000000000000000000e+00
1.571470108444063540e-01 9.698352917857498978e-01 -1.863446371364548271e-01 1.746827089999999885e+02 -1.534802598116212780e-01 2.103801639901206055e-01 9.654967614899838679e-01 -6.610084229999999934e+02 9.755760487172822071e-01 -1.231247067259004235e-01 1.819111864697598169e-01 -2.888017999999999930e+01 0.000000000000000000e+00 0.000000000000000000e+00 0.000000000000000000e+00 1.000000000000000000e+00
1.478147677420529604e-01 9.693127351597723429e-01 -1.964271261675520908e-01 1.748057560000000024e+02 -1.600579714207834292e-01 2.194358751072507940e-01 9.624080956125515840e-01 -6.612813109999999597e+02 9.759775818234894817e-01 -1.108184017796482457e-01 1.875820929752566868e-01 -2.885804399999999958e+01 0.000000000000000000e+00 0.000000000000000000e+00 0.000000000000000000e+00 1.000000000000000000e+00
1.397014993383795534e-01 9.681912119922022608e-01 -2.075795464482937946e-01 1.749177860000000067e+02 -1.668887209506360603e-01 2.296586857572903984e-01 9.588561116641511894e-01 -6.615363770000000159e+02 9.760285067056543307e-01 -9.931095144698171007e-02 1.936638557413999373e-01 -2.883995799999999932e+01 0.000000000000000000e+00 0.000000000000000000e+00 0.000000000000000000e+00 1.000000000000000000e+00
1.364853684572953085e-01 9.663293378946500312e-01 -2.181269238795698895e-01 1.750271299999999997e+02 -1.711336350608063661e-01 2.398762662983965344e-01 9.556006780123251776e-01 -6.617673949999999650e+02 9.757484425547146012e-01 -9.309665724841087453e-02 1.981110528497106449e-01 -2.882867600000000152e+01 0.000000000000000000e+00 0.000000000000000000e+00 0.000000000000000000e+00 1.000000000000000000e+00
1.372018676128772818e-01 9.632717028522701508e-01 -2.308317006124284698e-01 1.751633759999999995e+02 -1.737532441656388094e-01 2.528265634844903409e-01 9.517817706483659990e-01 -6.620373540000000503e+02 9.751848325653214022e-01 -9.047847965516614410e-02 2.020598600757589902e-01 -2.882216999999999985e+01 0.000000000000000000e+00 0.000000000000000000e+00 0.000000000000000000e+00 1.000000000000000000e+00
1.410339867949734760e-01 9.597957957074783053e-01 -2.426961992099678223e-01 1.752937469999999962e+02 -1.745533955583061236e-01 2.654136846528374338e-01 9.482018182317886179e-01 -6.622845459999999775e+02 9.744950111046135621e-01 -9.136523705027688180e-02 2.049679652798600815e-01 -2.882145900000000083e+01 0.000000000000000000e+00 0.000000000000000000e+00 0.000000000000000000e+00 1.000000000000000000e+00
1.469276959611158784e-01 9.558573962927068290e-01 -2.544580321233452236e-01 1.754269559999999899e+02 -1.743394717728516397e-01 2.782474641419637740e-01 9.445549731384246250e-01 -6.625308230000000549e+02 9.736621594482972597e-01 -9.441920700309913705e-02 2.075259323732457639e-01 -2.882373400000000174e+01 0.000000000000000000e+00 0.000000000000000000e+00 0.000000000000000000e+00 1.000000000000000000e+00
1.545360620117763872e-01 9.515729466272341286e-01 -2.657584105631566884e-01 1.755625149999999906e+02 -1.733571026958388162e-01 2.909328112898252883e-01 9.409066979567651812e-01 -6.627765500000000429e+02 9.726592005850747125e-01 -9.933290775046244026e-02 2.099215399977842900e-01 -2.882790800000000075e+01 0.000000000000000000e+00 0.000000000000000000e+00 0.000000000000000000e+00 1.000000000000000000e+00
1.632215468486537535e-01 9.470924359512441493e-01 -2.763596287598306112e-01 1.756993099999999970e+02 -1.719003294858075792e-01 3.031321087707609108e-01 9.373159559907546790e-01 -6.630221559999999954e+02 9.714983290603249610e-01 -1.054838489823452519e-01 2.122831934865929415e-01 -2.883338399999999879e+01 0.000000000000000000e+00 0.000000000000000000e+00 0.000000000000000000e+00 1.000000000000000000e+00
1.717528101465982115e-01 9.429394536816910755e-01 -2.852475396865337132e-01 1.758251500000000078e+02 -1.703407023974161660e-01 3.136145449903630089e-01 9.341466492351415685e-01 -6.632475590000000238e+02 9.703015084567794268e-01 -1.118530458278251261e-01 2.144851482633167994e-01 -2.883929600000000093e+01 0.000000000000000000e+00 0.000000000000000000e+00 0.000000000000000000e+00 1.000000000000000000e+00
1.813828664065194329e-01 9.384974848718465879e-01 -2.938072951159880208e-01 1.759624019999999973e+02 -1.685443522266669714e-01 3.240093298920483367e-01 9.309193066401617589e-01 -6.634939580000000205e+02 9.688617327083615116e-01 -1.193332519967687522e-01 2.169481916523567644e-01 -2.884658800000000056e+01 0.000000000000000000e+00 0.000000000000000000e+00 0.000000000000000000e+00 1.000000000000000000e+00
1.910593078706120940e-01 9.342941011888167280e-01 -3.009831778684375347e-01 1.760990140000000110e+02 -1.667830456071613954e-01 3.330727349167387774e-01 9.280333878439306350e-01 -6.637411499999999478e+02 9.673054101854294817e-01 -1.271105256808607309e-01 2.194610618928402868e-01 -2.885469600000000057e+01 0.000000000000000000e+00 0.000000000000000000e+00 0.000000000000000000e+00 1.000000000000000000e+00
2.094590039542168214e-01 9.271886174776153844e-01 -3.105610942833225141e-01 1.763683010000000024e+02 -1.638619201410491111e-01 3.463985717626723027e-01 9.236651452818107622e-01 -6.642386470000000145e+02 9.639897285708987074e-01 -1.425808440875844796e-01 2.244872070053794688e-01 -2.887316300000000169e+01 0.000000000000000000e+00 0.000000000000000000e+00 0.000000000000000000e+00 1.000000000000000000e+00
2.178200729433136529e-01 9.245337342710587825e-01 -3.127167888326126133e-01 1.765001530000000116e+02 -1.628517260436636027e-01 3.503472232251322316e-01 9.223535864857028699e-01 -6.644891360000000304e+02 9.623064642553167403e-01 -1.499806566636199823e-01 2.268745721300213791e-01 -2.888345699999999994e+01 0.000000000000000000e+00 0.000000000000000000e+00 0.000000000000000000e+00 1.000000000000000000e+00
2.259254288804303790e-01 9.225269136730394059e-01 -3.128926239688139543e-01 1.766307529999999986e+02 -1.619102210482574189e-01 3.522905110688349106e-01 9.217789735782451199e-01 -6.647400509999999940e+02 9.605950139914831709e-01 -1.575927960274680628e-01 2.289579213195010732e-01 -2.889408099999999990e+01 0.000000000000000000e+00 0.000000000000000000e+00 0.000000000000000000e+00 1.000000000000000000e+00
2.357157411264335090e-01 9.208633227471998417e-01 -3.105621197187485860e-01 1.767648010000000056e+02 -1.598369847983989178e-01 3.519505829239163441e-01 9.222705272695596035e-01 -6.649888919999999644e+02 9.585876212823595255e-01 -1.677543680459666620e-01 2.301483094131386020e-01 -2.890083900000000128e+01 0.000000000000000000e+00 0.000000000000000000e+00 0.000000000000000000e+00 1.000000000000000000e+00
2.441418762095650119e-01 9.200550573088046580e-01 -3.064203580073706634e-01 1.768961030000000108e+02 -1.584400544613826511e-01 3.495813339528633934e-01 9.234119557889697294e-01 -6.652390749999999571e+02 9.567086774055867382e-01 -1.768942691898988673e-01 2.311210161465721835e-01 -2.890107899999999930e+01 0.000000000000000000e+00 0.000000000000000000e+00 0.000000000000000000e+00 1.000000000000000000e+00
2.515483001583088685e-01 9.201960404904865332e-01 -2.999378264792487148e-01 1.770348209999999938e+02 -1.577470236985047403e-01 3.447396988548885322e-01 9.253488080435960939e-01 -6.655115970000000516e+02 9.549027852099545299e-01 -1.854556202951838095e-01 2.318768718505575255e-01 -2.889381799999999956e+01 0.000000000000000000e+00 0.000000000000000000e+00 0.000000000000000000e+00 1.000000000000000000e+00
2.563025571894894661e-01 9.263376946821362257e-01 -2.760570132945618371e-01 1.773622279999999876e+02 -1.623735835565240926e-01 3.228001669942257568e-01 9.324349154506776927e-01 -6.662402339999999867e+02 9.528608600111250215e-01 -1.941610867282251296e-01 2.331472793308420333e-01 -2.885969400000000107e+01 0.000000000000000000e+00 0.000000000000000000e+00 0.000000000000000000e+00 1.000000000000000000e+00
2.553034075679950776e-01 9.297807965433455557e-01 -2.651939676225532616e-01 1.774680630000000008e+02 -1.648564490468892862e-01 3.121285020737760707e-01 9.356271422959206996e-01 -6.665009770000000344e+02 9.527027455045045112e-01 -1.951498618303441068e-01 2.329678306886532324e-01 -2.885417699999999996e+01 0.000000000000000000e+00 0.000000000000000000e+00 0.000000000000000000e+00 1.000000000000000000e+00
2.539907265473465570e-01 9.329581807702276297e-01 -2.551033981777938164e-01 1.775534519999999929e+02 -1.669510999481604863e-01 3.020831219387974942e-01 9.385484098680305642e-01 -6.667192989999999782e+02 9.526888479740119875e-01 -1.957927995959417022e-01 2.324847061041500629e-01 -2.885298299999999827e+01 0.000000000000000000e+00 0.000000000000000000e+00 0.000000000000000000e+00 1.000000000000000000e+00
2.517645850391295737e-01 9.370934706638969214e-01 -2.418065775763083014e-01 1.776522980000000018e+02 -1.695354188232816028e-01 2.886960432615844896e-01 9.422910040796950160e-01 -6.669822390000000496e+02 9.528233495693152477e-01 -1.962407242246053118e-01 2.315539735597577087e-01 -2.885571300000000150e+01 0.000000000000000000e+00 0.000000000000000000e+00 0.000000000000000000e+00 1.000000000000000000e+00
2.490022448414704326e-01 9.411656076637513468e-01 -2.284845312375223814e-01 1.777392580000000066e+02 -1.719985266998563245e-01 2.751377608344695025e-01 9.458941375101513893e-01 -6.672244869999999537e+02 9.531077530253269092e-01 -1.962307608758530053e-01 2.303890179871787292e-01 -2.886206200000000166e+01 0.000000000000000000e+00 0.000000000000000000e+00 0.000000000000000000e+00 1.000000000000000000e+00
2.448270821250069507e-01 9.462304253043281044e-01 -2.114419118494372807e-01 1.778376460000000066e+02 -1.750319427512018744e-01 2.576296222964050697e-01 9.502582789600685365e-01 -6.675122679999999491e+02 9.536369953367449526e-01 -1.956398730928891050e-01 2.286952583271090467e-01 -2.887286800000000042e+01 0.000000000000000000e+00 0.000000000000000000e+00 0.000000000000000000e+00 1.000000000000000000e+00
2.405364363268332195e-01 9.506257651805549713e-01 -1.960940523679176595e-01 1.779174189999999953e+02 -1.776821845733191907e-01 2.417356279279966047e-01 9.539354943996527503e-01 -6.677567139999999881e+02 9.542385781786649757e-01 -1.946138247020018919e-01 2.270554891439937051e-01 -2.888334100000000149e+01 0.000000000000000000e+00 0.000000000000000000e+00 0.000000000000000000e+00 1.000000000000000000e+00
2.355961704221767317e-01 9.550242384621424607e-01 -1.800642897195606773e-01 1.779941410000000133e+02 -1.803876083716250411e-01 2.250325525931796133e-01 9.575075253069103010e-01 -6.680020140000000310e+02 9.549632219244729159e-01 -1.931037395370765464e-01 2.252913459243985617e-01 -2.889427399999999935e+01 0.000000000000000000e+00 0.000000000000000000e+00 0.000000000000000000e+00 1.000000000000000000e+00
2.300303980503746737e-01 9.593466415795929292e-01 -1.635238125250938479e-01 1.780678409999999872e+02 -1.831132854897093987e-01 2.076954530382521535e-01 9.609017241447739277e-01 -6.682481689999999617e+02 9.558009942712709650e-01 -1.910932235250404343e-01 2.234453831987999739e-01 -2.890524699999999925e+01 0.000000000000000000e+00 0.000000000000000000e+00 0.000000000000000000e+00 1.000000000000000000e+00
2.261785046884374761e-01 9.630642910491502562e-01 -1.461179500366056594e-01 1.781436459999999897e+02 -1.849630352521849375e-01 1.897377672874623888e-01 9.642552853135251123e-01 -6.684931030000000192e+02 9.563639263414327463e-01 -1.910673990265380762e-01 2.210458989034455035e-01 -2.891505799999999837e+01 0.000000000000000000e+00 0.000000000000000000e+00 0.000000000000000000e+00 1.000000000000000000e+00
2.231660249000761154e-01 9.663058420900989542e-01 -1.282573384755946178e-01 1.782202760000000126e+02 -1.862688261123552347e-01 1.714246616420820046e-01 9.674282969810336086e-01 -6.687371219999999994e+02 9.568180860273408639e-01 -1.920067835349635876e-01 2.182488151801376675e-01 -2.891999600000000115e+01 0.000000000000000000e+00 0.000000000000000000e+00 0.000000000000000000e+00 1.000000000000000000e+00
2.185528977584326460e-01 9.697171577884676763e-01 -1.090103883675678231e-01 1.783000179999999943e+02 -1.879100008491135787e-01 1.514424935381277482e-01 9.704406229810457196e-01 -6.690045780000000377e+02 9.575617277555937834e-01 -1.916084680842943255e-01 2.153177477499515768e-01 -2.891868399999999895e+01 0.000000000000000000e+00 0.000000000000000000e+00 0.000000000000000000e+00 1.000000000000000000e+00
2.133442723231261107e-01 9.726615893357897225e-01 -9.172597286314781995e-02 1.783699340000000007e+02 -1.895246335565156648e-01 1.333080149363529143e-01 9.727843473396337037e-01 -6.692502439999999524e+02 9.584177767248391877e-01 -1.901536373159983251e-01 2.127838327348003655e-01 -2.891141700000000014e+01 0.000000000000000000e+00 0.000000000000000000e+00 0.000000000000000000e+00 1.000000000000000000e+00
2.061812372571014962e-01 9.758657331158759884e-01 -7.194003289785511068e-02 1.784489590000000021e+02 -1.914885999471155897e-01 1.123372928524251080e-01 9.750448444686439231e-01 -6.695410160000000133e+02 9.595944005117079678e-01 -1.872602562339433785e-01 2.100290050011510423e-01 -2.889543700000000115e+01 0.000000000000000000e+00 0.000000000000000000e+00 0.000000000000000000e+00 1.000000000000000000e+00
1.988072948221794034e-01 9.784357412612372240e-01 -5.602820493341359454e-02 1.785115360000000067e+02 -1.933540269994856176e-01 9.520469551727661628e-02 9.764989944667352706e-01 -6.697882080000000542e+02 9.607756656829780084e-01 -1.833018444370819733e-01 2.081118787032459894e-01 -2.887666099999999858e+01 0.000000000000000000e+00 0.000000000000000000e+00 0.000000000000000000e+00 1.000000000000000000e+00
1.862427463336418787e-01 9.817353476848270644e-01 -3.885030944862938318e-02 1.785738220000000069e+02 -1.966494216888620139e-01 7.598958984231179992e-02 9.775247245901419468e-01 -6.700837400000000343e+02 9.626227944462661945e-01 -1.744169984311986776e-01 2.072101982787342700e-01 -2.885746200000000172e+01 0.000000000000000000e+00 0.000000000000000000e+00 0.000000000000000000e+00 1.000000000000000000e+00
1.758409788307737087e-01 9.840996990698868130e-01 -2.505458948763883420e-02 1.786235499999999945e+02 -1.991918635069162002e-01 6.049364215526048527e-02 9.780915707496071754e-01 -6.703343509999999696e+02 9.640552638082932058e-01 -1.669979088172963144e-01 2.066619141839456386e-01 -2.884699600000000075e+01 0.000000000000000000e+00 0.000000000000000000e+00 0.000000000000000000e+00 1.000000000000000000e+00
1.649709009739203092e-01 9.862381043180552531e-01 -1.090886900562537676e-02 1.786752319999999941e+02 -2.016569744051732171e-01 4.455438463565081220e-02 9.784423189353015360e-01 -6.706082760000000462e+02 9.654631357569302130e-01 -1.592146613879117933e-01 2.062319691355544993e-01 -2.884132800000000074e+01 0.000000000000000000e+00 0.000000000000000000e+00 0.000000000000000000e+00 1.000000000000000000e+00
1.553569994002193255e-01 9.878578916336189231e-01 9.943211461446166410e-04 1.787202450000000056e+02 -2.037203324019932205e-01 3.105345441940404738e-02 9.785365139506259080e-01 -6.708598019999999451e+02 9.666241404513865598e-01 -1.522250600453269875e-01 2.060711095491430944e-01 -2.884042000000000172e+01 0.000000000000000000e+00 0.000000000000000000e+00 0.000000000000000000e+00 1.000000000000000000e+00
1.434975087904642732e-01 9.895455216436745971e-01 1.442655765864681028e-02 1.787744749999999954e+02 -2.061650615569696754e-01 1.563277160474241256e-02 9.783923465794100993e-01 -6.711805419999999458e+02 9.679382378871810300e-01 -1.433711165015519873e-01 2.062529771638626497e-01 -2.884237699999999904e+01 0.000000000000000000e+00 0.000000000000000000e+00 0.000000000000000000e+00 1.000000000000000000e+00
1.336381503960007155e-01 9.907333267372653296e-01 2.425530974543416152e-02 1.788184660000000008e+02 -2.081537864004994742e-01 4.131762258617999173e-03 9.780873834927907851e-01 -6.714560549999999921e+02 9.689235501141826301e-01 -1.357586234194694819e-01 2.067770543396427185e-01 -2.884518200000000121e+01 0.000000000000000000e+00 0.000000000000000000e+00 0.000000000000000000e+00 1.000000000000000000e+00
1.225069112465223264e-01 9.918984179803771450e-01 3.360930086838470610e-02 1.788671420000000012e+02 -2.103845876671833204e-01 -7.140487869423339795e-03 9.775926241053047860e-01 -6.717777710000000297e+02 9.699125640844878937e-01 -1.268327317415008371e-01 2.078053805608567339e-01 -2.884873199999999827e+01 0.000000000000000000e+00 0.000000000000000000e+00 0.000000000000000000e+00 1.000000000000000000e+00
1.133023380780839862e-01 9.927661198850701307e-01 3.972419155102602240e-02 1.789067379999999901e+02 -2.122390167953489004e-01 -1.487511687729992094e-02 9.771045648484253388e-01 -6.720541379999999663e+02 9.706272095587387128e-01 -1.191392551018752299e-01 2.090183196707578461e-01 -2.885161000000000087e+01 0.000000000000000000e+00 0.000000000000000000e+00 0.000000000000000000e+00 1.000000000000000000e+00
1.037191850120457448e-01 9.936194919358847244e-01 4.430164675845799094e-02 1.789475710000000106e+02 -2.141998263697324489e-01 -2.118174260589128499e-02 9.765601712968607906e-01 -6.723537599999999657e+02 9.712676073274622013e-01 -1.107774301256891358e-01 2.106361695700303405e-01 -2.885435700000000026e+01 0.000000000000000000e+00 0.000000000000000000e+00 0.000000000000000000e+00 1.000000000000000000e+00
9.525623896846213690e-02 9.943608480573036257e-01 4.661279640123755508e-02 1.789835359999999866e+02 -2.159808021320617777e-01 -2.506545269969018275e-02 9.760758250214738307e-01 -6.726305539999999610e+02 9.717399559799804187e-01 -1.030447811959421256e-01 2.123752128199192235e-01 -2.885649099999999834e+01 0.000000000000000000e+00 0.000000000000000000e+00 0.000000000000000000e+00 1.000000000000000000e+00
8.659184772128764029e-02 9.951320610093330465e-01 4.705351272254126860e-02 1.790208739999999921e+02 -2.178837709300546766e-01 -2.717054599100116041e-02 9.755964451533485349e-01 -6.729308469999999716e+02 9.721257708102963857e-01 -9.473089560364084116e-02 2.144703782451537477e-01 -2.885837199999999925e+01 0.000000000000000000e+00 0.000000000000000000e+00 0.000000000000000000e+00 1.000000000000000000e+00
7.771613207462324535e-02 9.959541271617213809e-01 4.511739581240931107e-02 1.790591430000000059e+02 -2.198964859715302200e-01 -2.701598461037091337e-02 9.751490511880247514e-01 -6.732545169999999644e+02 9.724226129994779644e-01 -8.570596924990753207e-02 2.169072349235995345e-01 -2.885989400000000060e+01 0.000000000000000000e+00 0.000000000000000000e+00 0.000000000000000000e+00 1.000000000000000000e+00
6.996681651696901039e-02 9.967004002428625498e-01 4.114555555826937550e-02 1.790931400000000053e+02 -2.217384966565364990e-01 -2.467551941661660919e-02 9.747939053164107470e-01 -6.735552370000000337e+02 9.725927635382551895e-01 -7.732677994872155791e-02 2.192803808273372512e-01 -2.886089700000000136e+01 0.000000000000000000e+00 0.000000000000000000e+00 0.000000000000000000e+00 1.000000000000000000e+00
6.219233994123762876e-02 9.974632167553303397e-01 3.463010356239720755e-02 1.791283109999999965e+02 -2.236870278681635238e-01 -1.988441008227481710e-02 9.744581693429366087e-01 -6.738795780000000377e+02 9.726747793667422926e-01 -6.835013866693134821e-02 2.218829243724498301e-01 -2.886159899999999823e+01 0.000000000000000000e+00 0.000000000000000000e+00 0.000000000000000000e+00 1.000000000000000000e+00
5.598593347302277534e-02 9.980587053083889160e-01 2.728362166752301698e-02 1.791574709999999868e+02 -2.253278441966501400e-01 -1.399119903035866974e-02 9.741825337067910873e-01 -6.741575930000000199e+02 9.726730889064651997e-01 -6.068827817490923815e-02 2.241071061107176021e-01 -2.886193499999999901e+01 0.000000000000000000e+00 0.000000000000000000e+00 0.000000000000000000e+00 1.000000000000000000e+00
5.021604819689629018e-02 9.985684665916984004e-01 1.842189002765604044e-02 1.791858670000000018e+02 -2.269280174704561004e-01 -6.554840012219953493e-03 9.738894747143242991e-01 -6.744358519999999544e+02 9.726160719371315100e-01 -5.308532378273927987e-02 2.262740042701909537e-01 -2.886208200000000090e+01 0.000000000000000000e+00 0.000000000000000000e+00 0.000000000000000000e+00 1.000000000000000000e+00
4.487150141427059813e-02 9.989595215143833862e-01 8.150014514314962710e-03 1.792136840000000007e+02 -2.284854895735836666e-01 2.320499162128009107e-03 9.735445528264017323e-01 -6.747143549999999550e+02 9.725126885625448026e-01 -4.554656583534039127e-02 2.283518796188419575e-01 -2.886208299999999838e+01 0.000000000000000000e+00 0.000000000000000000e+00 0.000000000000000000e+00 1.000000000000000000e+00
4.032377103321399536e-02 9.991837739926556772e-01 -2.404013197663312784e-03 1.792387080000000026e+02 -2.298676834830262750e-01 1.161808637299061031e-02 9.731525410536505660e-01 -6.749696659999999611e+02 9.723861586735014217e-01 -3.868857530102826070e-02 2.301485445562680421e-01 -2.886198399999999964e+01 0.000000000000000000e+00 0.000000000000000000e+00 0.000000000000000000e+00 1.000000000000000000e+00
3.502601751347655945e-02 9.992376874322524971e-01 -1.724013086347836454e-02 1.792701260000000048e+02 -2.315528223728803292e-01 2.489544291340350934e-02 9.725037312901678721e-01 -6.752944949999999835e+02 9.721915801673552959e-01 -3.007093176457448225e-02 2.322482949657786455e-01 -2.886178400000000011e+01 0.000000000000000000e+00 0.000000000000000000e+00 0.000000000000000000e+00 1.000000000000000000e+00
3.124809714448506526e-02 9.990317910505426280e-01 -3.096832083265183000e-02 1.792975920000000087e+02 -2.325895218670951947e-01 3.740092755513191314e-02 9.718555885190207633e-01 -6.755722660000000133e+02 9.720728731646024467e-01 -2.316573090495982479e-02 2.335330344280101000e-01 -2.885963200000000128e+01 0.000000000000000000e+00 0.000000000000000000e+00 0.000000000000000000e+00 1.000000000000000000e+00
2.717894670771214827e-02 9.985297435923168319e-01 -4.690049058721917907e-02 1.793265230000000088e+02 -2.339840250710654712e-01 5.196921175735569332e-02 9.708504916004638829e-01 -6.758744510000000218e+02 9.718604739711367291e-01 -1.541272820695999135e-02 2.350524769957041960e-01 -2.885672800000000038e+01 0.000000000000000000e+00 0.000000000000000000e+00 0.000000000000000000e+00 1.000000000000000000e+00
2.375365155644054704e-02 9.977724192205856824e-01 -6.233749658459886156e-02 1.793532260000000065e+02 -2.352433375676153404e-01 6.618277511683140490e-02 9.696805723576623626e-01 -6.761535639999999603e+02 9.716461990703118001e-01 -8.368973684662828205e-03 2.362913966095279705e-01 -2.885504500000000050e+01 0.000000000000000000e+00 0.000000000000000000e+00 0.000000000000000000e+00 1.000000000000000000e+00
2.182557092475023719e-02 9.967182525049760322e-01 -7.795107168753501181e-02 1.793826290000000085e+02 -2.361887387930981519e-01 8.090308372884291721e-02 9.683333985309445779e-01 -6.764322509999999511e+02 9.714620549054574505e-01 -2.723263958992194755e-03 2.371793829831659317e-01 -2.885395199999999960e+01 0.000000000000000000e+00 0.000000000000000000e+00 0.000000000000000000e+00 1.000000000000000000e+00
3.806834338363274117e-02 9.905759676466769914e-01 -1.315676767024293037e-01 1.795473790000000065e+02 -2.352350729147400510e-01 1.368465022631012440e-01 9.622564602480732088e-01 -6.775150760000000218e+02 9.711927006021113806e-01 -5.682177329523696585e-03 2.382277296159560631e-01 -2.885183699999999973e+01 0.000000000000000000e+00 0.000000000000000000e+00 0.000000000000000000e+00 1.000000000000000000e+00
4.911015047766792430e-02 9.879911254680677768e-01 -1.464982222294920478e-01 1.796190949999999873e+02 -2.339564477141435894e-01 1.539736603487125710e-01 9.599773395720330171e-01 -6.779050899999999729e+02 9.710059596588683783e-01 -1.287042793228471149e-02 2.387085637169304997e-01 -2.885147500000000065e+01 0.000000000000000000e+00 0.000000000000000000e+00 0.000000000000000000e+00 1.000000000000000000e+00
5.824881675309334650e-02 9.860634919932357301e-01 -1.558392283892933716e-01 1.796761630000000025e+02 -2.329081878672311090e-01 1.652194877140409357e-01 9.583612559488787763e-01 -6.782037350000000515e+02 9.707527241122051453e-01 -1.952717689825278491e-02 2.392861007060735901e-01 -2.885139699999999863e+01 0.000000000000000000e+00 0.000000000000000000e+00 0.000000000000000000e+00 1.000000000000000000e+00
7.612966098943557691e-02 9.828248426699104368e-01 -1.681059289510593024e-01 1.797886349999999993e+02 -2.310405345805348065e-01 1.813944682698351019e-01 9.558850967882299710e-01 -6.787782590000000482e+02 9.699611054564887258e-01 -3.393192467233158149e-02 2.408818764242276755e-01 -2.885195500000000024e+01 0.000000000000000000e+00 0.000000000000000000e+00 0.000000000000000000e+00 1.000000000000000000e+00
8.375038141578855511e-02 9.817141662143904490e-01 -1.709478559874161863e-01 1.798384399999999914e+02 -2.303712143269628920e-01 1.859779488153863181e-01 9.551655909652223553e-01 -6.790310670000000073e+02 9.694921233420263906e-01 -4.061401738816261542e-02 2.417344087410055742e-01 -2.885257500000000164e+01 0.000000000000000000e+00 0.000000000000000000e+00 0.000000000000000000e+00 1.000000000000000000e+00
9.167529252491302127e-02 9.807889064045218763e-01 -1.721881581709204245e-01 1.798925169999999980e+02 -2.297861964352548303e-01 1.890856470402744460e-01 9.546962459396073353e-01 -6.793070069999999987e+02 9.689137963040315160e-01 -4.795559568166191111e-02 2.427062343132678213e-01 -2.885356300000000118e+01 0.000000000000000000e+00 0.000000000000000000e+00 0.000000000000000000e+00 1.000000000000000000e+00
9.965593798306177087e-02 9.801631494523224131e-01 -1.713151904543796511e-01 1.799504389999999887e+02 -2.293492770608651643e-01 1.901635521777928217e-01 9.545872053064519136e-01 -6.796061399999999821e+02 9.682291067388826278e-01 -5.583926825118762372e-02 2.437506368910596632e-01 -2.885502599999999873e+01 0.000000000000000000e+00 0.000000000000000000e+00 0.000000000000000000e+00 1.000000000000000000e+00
1.063625331020472964e-01 9.799536403284088149e-01 -1.684573369112062347e-01 1.800030059999999992e+02 -2.291440600141205208e-01 1.890153418244001349e-01 9.548644931691880888e-01 -6.798826900000000251e+02 9.675639572205866346e-01 -6.296080814367699396e-02 2.446547063220612661e-01 -2.885676199999999980e+01 0.000000000000000000e+00 0.000000000000000000e+00 0.000000000000000000e+00 1.000000000000000000e+00
1.128358066250843561e-01 9.801248810969194203e-01 -1.631664738787243496e-01 1.800586089999999899e+02 -2.291313381662722914e-01 1.854563834499397268e-01 9.555651519953008988e-01 -6.801831049999999550e+02 9.668334451255811146e-01 -7.043541220450688645e-02 2.455034461961404790e-01 -2.885906599999999855e+01 0.000000000000000000e+00 0.000000000000000000e+00 0.000000000000000000e+00 1.000000000000000000e+00
1.180158635318748761e-01 9.806316349648356301e-01 -1.563133150471188171e-01 1.801085359999999866e+02 -2.293100914950920721e-01 1.800716829433973987e-01 9.565516561798665940e-01 -6.804604490000000396e+02 9.661724162349798473e-01 -7.704404914155610351e-02 2.461200450969711906e-01 -2.886159100000000066e+01 0.000000000000000000e+00 0.000000000000000000e+00 0.000000000000000000e+00 1.000000000000000000e+00
1.227006612323027213e-01 9.815189517081127635e-01 -1.468505879149370474e-01 1.801607970000000023e+02 -2.297041041890813817e-01 1.720375700525894613e-01 9.579348093733160985e-01 -6.807612920000000258e+02 9.654949882064882694e-01 -8.380705178090519514e-02 2.465680551489696226e-01 -2.886474600000000024e+01 0.000000000000000000e+00 0.000000000000000000e+00 0.000000000000000000e+00 1.000000000000000000e+00
1.261591091189195879e-01 9.825972148469334089e-01 -1.363326540538620235e-01 1.802071379999999863e+02 -2.302306481862695930e-01 1.626800606414248729e-01 9.594420495816475825e-01 -6.810391240000000153e+02 9.649236901548488010e-01 -8.965439891467585909e-02 2.467475652021667021e-01 -2.886802499999999938e+01 0.000000000000000000e+00 0.000000000000000000e+00 0.000000000000000000e+00 1.000000000000000000e+00
1.335377138472732261e-01 9.849294883034029890e-01 -1.099162501673013326e-01 1.803008120000000076e+02 -2.308636457224410576e-01 1.387740136541595060e-01 9.630388103384300846e-01 -6.815936279999999670e+02 9.637788418844789318e-01 -1.032263348410286108e-01 2.459159769740487111e-01 -2.886754600000000082e+01 0.000000000000000000e+00 0.000000000000000000e+00 0.000000000000000000e+00 1.000000000000000000e+00
1.347733005486387303e-01 9.864320725967035131e-01 -9.374392573280920793e-02 1.803455659999999909e+02 -2.316849696544862613e-01 1.233557104232655410e-01 9.649380516604013636e-01 -6.818952030000000377e+02 9.634096907834310830e-01 -1.083288274585467725e-01 2.451665410410447665e-01 -2.886176899999999890e+01 0.000000000000000000e+00 0.000000000000000000e+00 0.000000000000000000e+00 1.000000000000000000e+00
1.342429846260643767e-01 9.878846052889604934e-01 -7.786416192165473982e-02 1.803822780000000137e+02 -2.326908490809178609e-01 1.078033842449457880e-01 9.665574991170151620e-01 -6.821746829999999591e+02 9.632412936708478757e-01 -1.116352855436487101e-01 2.443435556524874430e-01 -2.886036899999999861e+01 0.000000000000000000e+00 0.000000000000000000e+00 0.000000000000000000e+00 1.000000000000000000e+00
1.331407450786184776e-01 9.892184630010807389e-01 -6.099487238850237469e-02 1.804167180000000030e+02 -2.336378541177588919e-01 9.113496867012876868e-02 9.680432689754849829e-01 -6.824539790000000039e+02 9.631650404386358222e-01 -1.146352910027013117e-01 2.432526565806977237e-01 -2.886141599999999841e+01 0.000000000000000000e+00 0.000000000000000000e+00 0.000000000000000000e+00 1.000000000000000000e+00
1.311381067671799350e-01 9.905436298990859534e-01 -4.032510656976012742e-02 1.804539640000000134e+02 -2.346912222238726198e-01 7.053949124370967327e-02 9.695071997598283531e-01 -6.827800899999999729e+02 9.631836933651778399e-01 -1.176753901264890878e-01 2.417223105011080397e-01 -2.886432299999999884e+01 0.000000000000000000e+00 0.000000000000000000e+00 0.000000000000000000e+00 1.000000000000000000e+00
1.288380182784148453e-01 9.914219418904828274e-01 -2.198404385445762443e-02 1.804833529999999939e+02 -2.355432311664366618e-01 5.212882845667904386e-02 9.704648223894611903e-01 -6.830594479999999749e+02 9.632861212006353924e-01 -1.198545718019884965e-01 2.402389025957214486e-01 -2.886761900000000125e+01 0.000000000000000000e+00 0.000000000000000000e+00 0.000000000000000000e+00 1.000000000000000000e+00
1.255106331724285817e-01 9.920922630333045555e-01 -1.503000733547033008e-04 1.805146029999999939e+02 -2.364550297496837983e-01 3.006130541535112499e-02 9.711772942273726450e-01 -6.833864139999999452e+02 9.635019978530048324e-01 -1.218575379128470915e-01 2.383582190466417283e-01 -2.887197700000000111e+01 0.000000000000000000e+00 0.000000000000000000e+00 0.000000000000000000e+00 1.000000000000000000e+00
1.218638316368689800e-01 9.923396992469767364e-01 2.027628755962301854e-02 1.805406800000000089e+02 -2.372060673353021398e-01 9.281247122603808464e-03 9.714150194799178184e-01 -6.836900020000000495e+02 9.637854990391279131e-01 -1.231900148156043762e-01 2.365200458558009977e-01 -2.887629300000000043e+01 0.000000000000000000e+00 0.000000000000000000e+00 0.000000000000000000e+00 1.000000000000000000e+00
1.195096349737097829e-01 9.919159841875054839e-01 4.266295186438129328e-02 1.805702670000000012e+02 -2.375710617295413440e-01 -1.315200988386794334e-02 9.712811206158147304e-01 -6.840162960000000112e+02 9.639903722429745692e-01 -1.262129349525891731e-01 2.340787416095369555e-01 -2.887869600000000148e+01 0.000000000000000000e+00 0.000000000000000000e+00 0.000000000000000000e+00 1.000000000000000000e+00
1.177586076651477576e-01 9.911258544843793983e-01 6.166401619562572600e-02 1.805950929999999914e+02 -2.376594378663113849e-01 -3.216338533090518093e-02 9.708158982202157450e-01 -6.842957760000000462e+02 9.641840601844828829e-01 -1.289769638992339651e-01 2.317628979571600412e-01 -2.887443400000000082e+01 0.000000000000000000e+00 0.000000000000000000e+00 0.000000000000000000e+00 1.000000000000000000e+00
1.116488777294928625e-01 9.903343573548227807e-01 8.229452438865642039e-02 1.806130829999999889e+02 -2.381573209380160039e-01 -5.373358453293730630e-02 9.697390331304958089e-01 -6.846228640000000496e+02 9.647878619600123162e-01 -1.278693181957740177e-01 2.298560829710110665e-01 -2.887002899999999883e+01 0.000000000000000000e+00 0.000000000000000000e+00 0.000000000000000000e+00 1.000000000000000000e+00
1.056293744681120195e-01 9.893020981450999507e-01 1.006170654271871800e-01 1.806261749999999893e+02 -2.385221240155806499e-01 -7.302258261342781109e-02 9.683877832684391063e-01 -6.849266360000000304e+02 9.653753837780263414e-01 -1.262895919471141437e-01 2.282571080191372337e-01 -2.886948200000000142e+01 0.000000000000000000e+00 0.000000000000000000e+00 0.000000000000000000e+00 1.000000000000000000e+00
9.961507415319195702e-02 9.880036575861620429e-01 1.180068201326521793e-01 1.806365969999999948e+02 -2.387492194290744552e-01 -9.139893478026728246e-02 9.667704199772768625e-01 -6.852301639999999452e+02 9.659584086405904602e-01 -1.244789432691268405e-01 2.267803903761076989e-01 -2.887062299999999837e+01 0.000000000000000000e+00 0.000000000000000000e+00 0.000000000000000000e+00 1.000000000000000000e+00
9.403336635630737961e-02 9.866372183581760824e-01 1.330591047698020390e-01 1.806438449999999989e+02 -2.388642349826209932e-01 -1.073886999324492053e-01 9.650966502754972920e-01 -6.855103149999999914e+02 9.664893187500147587e-01 -1.225343481529120870e-01 2.255742234052314221e-01 -2.887236000000000047e+01 0.000000000000000000e+00 0.000000000000000000e+00 0.000000000000000000e+00 1.000000000000000000e+00
8.754142068453035774e-02 9.849169736175358292e-01 1.492482989672193616e-01 1.806495510000000024e+02 -2.389154986856001917e-01 -1.246920197945363129e-01 9.630011862336256279e-01 -6.858370969999999716e+02 9.670862857844407801e-01 -1.199602237395103743e-01 2.243962133549083360e-01 -2.887471199999999882e+01 0.000000000000000000e+00 0.000000000000000000e+00 0.000000000000000000e+00 1.000000000000000000e+00
8.235859703985246028e-02 9.833627198914556278e-01 1.619099213183223251e-01 1.806528470000000084e+02 -2.388763169102128270e-01 -1.382476462427257857e-01 9.611585163373195240e-01 -6.861169429999999920e+02 9.675511183979057517e-01 -1.178361126141909687e-01 2.235161825258675239e-01 -2.887658100000000161e+01 0.000000000000000000e+00 0.000000000000000000e+00 0.000000000000000000e+00 1.000000000000000000e+00
7.403207879288156712e-02 9.797042033728047272e-01 1.862764751740335067e-01 1.806607970000000023e+02 -2.381389138763070346e-01 -1.640179889217462383e-01 9.572815453187628609e-01 -6.867454830000000356e+02 9.684054466014826446e-01 -1.152292202686613365e-01 2.211631022319476836e-01 -2.886543500000000151e+01 0.000000000000000000e+00 0.000000000000000000e+00 0.000000000000000000e+00 1.000000000000000000e+00
6.833782637860938425e-02 9.786938581376933843e-01 1.936188873261183163e-01 1.806558689999999956e+02 -2.381184553506952017e-01 -1.724632038805579137e-01 9.558012578609910159e-01 -6.870019529999999577e+02 9.688289543088844935e-01 -1.114216107889763885e-01 2.212593092774715609e-01 -2.886132800000000032e+01 0.000000000000000000e+00 0.000000000000000000e+00 0.000000000000000000e+00 1.000000000000000000e+00
6.157032182832572476e-02 9.775936430103704389e-01 2.012952175678022759e-01 1.806475519999999904e+02 -2.380580373885496370e-01 -1.814739902663689564e-01 9.541465095526544538e-01 -6.873283689999999524e+02 9.692974085927748007e-01 -1.066670520944226208e-01 2.215506120344003516e-01 -2.885862499999999997e+01 0.000000000000000000e+00 0.000000000000000000e+00 0.000000000000000000e+00 1.000000000000000000e+00
5.564263627935739365e-02 9.768207954668290949e-01 2.067003400370551747e-01 1.806377559999999960e+02 -2.379901418228784205e-01 -1.880784772920994774e-01 9.528836123969242067e-01 -6.876311040000000503e+02 9.696724134587976218e-01 -1.022135995014182286e-01 2.220085373447479027e-01 -2.885730699999999871e+01 0.000000000000000000e+00 0.000000000000000000e+00 0.000000000000000000e+00 1.000000000000000000e+00
5.002167324739367760e-02 9.763259566505086973e-01 2.104411047680564417e-01 1.806260069999999871e+02 -2.379394213751139797e-01 -1.929885242684587499e-01 9.519139988761372573e-01 -6.879338989999999967e+02 9.699910638563672416e-01 -9.768856571345307938e-02 2.226528242974731286e-01 -2.885645299999999835e+01 0.000000000000000000e+00 0.000000000000000000e+00 0.000000000000000000e+00 1.000000000000000000e+00
4.429220976072439919e-02 9.761294951937784514e-01 2.126250426625501677e-01 1.806112819999999886e+02 -2.379137213055286248e-01 -1.964040698022931353e-01 9.512215843743514476e-01 -6.882596439999999802e+02 9.702758686935728516e-01 -9.271812108663146645e-02 2.235354304200957709e-01 -2.885567999999999955e+01 0.000000000000000000e+00 0.000000000000000000e+00 0.000000000000000000e+00 1.000000000000000000e+00
3.925863876521004658e-02 9.762670377219078155e-01 2.129822301038122867e-01 1.805957950000000096e+02 -2.379259818271397542e-01 -1.978830473582417482e-01 9.509119447876375197e-01 -6.885621949999999742e+02 9.704895601983021258e-01 -8.800551474712464683e-02 2.245106744014621070e-01 -2.885492699999999999e+01 0.000000000000000000e+00 0.000000000000000000e+00 0.000000000000000000e+00 1.000000000000000000e+00
3.485106018801595318e-02 9.766635130839174117e-01 2.119287281478187679e-01 1.805799560000000099e+02 -2.379704648510427845e-01 -1.978482937402696873e-01 9.509080452507712167e-01 -6.888413090000000238e+02 9.706469293529702558e-01 -8.357293147092992314e-02 2.255218474183939281e-01 -2.885413700000000148e+01 0.000000000000000000e+00 0.000000000000000000e+00 0.000000000000000000e+00 1.000000000000000000e+00
2.998736342912597386e-02 9.774344162418243664e-01 2.090997847454033054e-01 1.805598139999999887e+02 -2.380609226063922224e-01 -1.961900856320968889e-01 9.512289143142487191e-01 -6.891668700000000172e+02 9.707871832499455067e-01 -7.830333483112311699e-02 2.268057155187279683e-01 -2.885307900000000103e+01 0.000000000000000000e+00 0.000000000000000000e+00 0.000000000000000000e+00 1.000000000000000000e+00
2.572818827020784127e-02 9.784207603701972067e-01 2.050143312184239397e-01 1.805395660000000078e+02 -2.381778430134450231e-01 -1.931766838254110885e-01 9.518162028058145818e-01 -6.894691159999999854e+02 9.708807215233986598e-01 -7.331837766087051511e-02 2.280680601736737589e-01 -2.885194600000000165e+01 0.000000000000000000e+00 0.000000000000000000e+00 0.000000000000000000e+00 1.000000000000000000e+00
2.200994256900018486e-02 9.795324027222003238e-01 2.000795702848789381e-01 1.805196689999999933e+02 -2.383093676885970069e-01 -1.892190750178175951e-01 9.525779689459870081e-01 -6.897480470000000423e+02 9.709398579211636626e-01 -6.864702227099178655e-02 2.292670465491183363e-01 -2.885078000000000031e+01 0.000000000000000000e+00 0.000000000000000000e+00 0.000000000000000000e+00 1.000000000000000000e+00
1.849187114554676215e-02 9.808044448873851628e-01 1.941151503378459320e-01 1.804986879999999871e+02 -2.384592540981970710e-01 -1.842193161812106794e-01 9.535200195489650365e-01 -6.900269170000000258e+02 9.709764337183821592e-01 -6.392092329492077285e-02 2.304753364866984344e-01 -2.884951399999999921e+01 0.000000000000000000e+00 0.000000000000000000e+00 0.000000000000000000e+00 1.000000000000000000e+00
1.570228196127754217e-02 9.819630793492264420e-01 1.884196092135674294e-01 1.804804379999999924e+02 -2.385942015531648530e-01 -1.793193236776227106e-01 9.544199218064381984e-01 -6.902592160000000376e+02 9.709924023010767513e-01 -5.994239693893560483e-02 2.314749742905241048e-01 -2.884838900000000095e+01 0.000000000000000000e+00 0.000000000000000000e+00 0.000000000000000000e+00 1.000000000000000000e+00
1.251835741474577324e-02 9.834409745546975889e-01 1.807958525368958957e-01 1.804577480000000094e+02 -2.387626659126748097e-01 -1.726399089691451061e-01 9.556086286746250380e-01 -6.905379639999999881e+02 9.709972606006201934e-01 -5.512995010002813556e-02 2.326478207679137378e-01 -2.884696200000000132e+01 0.000000000000000000e+00 0.000000000000000000e+00 0.000000000000000000e+00 1.000000000000000000e+00
9.505962898955333529e-03 9.849801727310365518e-01 1.724056147464496647e-01 1.804342350000000010e+02 -2.389349152650899755e-01 -1.651816993215354801e-01 9.568830192225767917e-01 -6.908167110000000548e+02 9.709890539736418802e-01 -5.028981543003890886e-02 2.337759430039469399e-01 -2.884547799999999995e+01 0.000000000000000000e+00 0.000000000000000000e+00 0.000000000000000000e+00 1.000000000000000000e+00
6.649218358815767171e-03 9.865467814455983753e-01 1.633439191232627929e-01 1.804099879999999985e+02 -2.391029591695156831e-01 -1.570407663993878544e-01 9.582108184554551933e-01 -6.910954590000000053e+02 9.709714531393789372e-01 -4.542736739040803551e-02 2.348420564557788248e-01 -2.884394299999999944e+01 0.000000000000000000e+00 0.000000000000000000e+00 0.000000000000000000e+00 1.000000000000000000e+00
3.933733020553720205e-03 9.881076130388266598e-01 1.537135999163228295e-01 1.803851170000000081e+02 -2.392632532646583599e-01 -1.483200131176770076e-01 9.595594141823547973e-01 -6.913741459999999961e+02 9.709467654726158248e-01 -4.055266653975386770e-02 2.358343907380359150e-01 -2.884237299999999848e+01 0.000000000000000000e+00 0.000000000000000000e+00 0.000000000000000000e+00 1.000000000000000000e+00
1.358854696445588317e-03 9.896320679899958117e-01 1.436193702804671735e-01 1.803597259999999949e+02 -2.394119321231561459e-01 -1.391208111331012631e-01 9.608992281538812907e-01 -6.916527099999999564e+02 9.709171335757604826e-01 -3.568991335814547528e-02 2.367406805209379961e-01 -2.884079399999999893e+01 0.000000000000000000e+00 0.000000000000000000e+00 0.000000000000000000e+00 1.000000000000000000e+00
-1.253150462713625846e-03 9.912107842184454398e-01 1.322860947453393110e-01 1.803317720000000008e+02 -2.395629127213699250e-01 -1.287317001041890507e-01 9.623085577073182684e-01 -6.919545900000000529e+02 9.708800340219030378e-01 -3.048492475536440649e-02 2.376186627777555072e-01 -2.883907900000000168e+01 0.000000000000000000e+00 0.000000000000000000e+00 0.000000000000000000e+00 1.000000000000000000e+00
-3.597072015397995148e-03 9.925796944443070480e-01 1.215426314087427184e-01 1.803055270000000121e+02 -2.396755394088896374e-01 -1.188564947086211965e-01 9.635500866455446456e-01 -6.922332149999999729e+02 9.708463817113257566e-01 -2.566483669195923634e-02 2.383246090432148412e-01 -2.883751499999999979e+01 0.000000000000000000e+00 0.000000000000000000e+00 0.000000000000000000e+00 1.000000000000000000e+00
-5.849748686168665390e-03 9.938437727671893818e-01 1.106360509607424714e-01 1.802790369999999882e+02 -2.397643738227412946e-01 -1.088046204516738835e-01 9.647147763011385546e-01 -6.925118410000000040e+02 9.708134864564343935e-01 -2.088324448562822733e-02 2.389248095406921735e-01 -2.883598500000000087e+01 0.000000000000000000e+00 0.000000000000000000e+00 0.000000000000000000e+00 1.000000000000000000e+00
-8.184266230306214140e-03 9.950788876098642932e-01 9.874727955435758098e-02 1.802501980000000117e+02 -2.398401867135645515e-01 -9.782148373709886879e-02 9.658714418372017496e-01 -6.928139650000000529e+02 9.707778853185078383e-01 -1.577861694152826733e-02 2.394605032650239385e-01 -2.883436800000000133e+01 0.000000000000000000e+00 0.000000000000000000e+00 0.000000000000000000e+00 1.000000000000000000e+00
-1.025155117514714442e-02 9.960856320907762740e-01 8.779703435095398412e-02 1.802234650000000045e+02 -2.398889149292982581e-01 -8.768746139158506425e-02 9.668320524314155673e-01 -6.930934449999999742e+02 9.707462151317138854e-01 -1.115000704118745967e-02 2.398488339567949601e-01 -2.883294700000000077e+01 0.000000000000000000e+00 0.000000000000000000e+00 0.000000000000000000e+00 1.000000000000000000e+00
-1.241670401052297201e-02 9.970261690772485030e-01 7.605684477192636850e-02 1.801945499999999925e+02 -2.399185926139401071e-01 -7.681139511411416709e-02 9.677494916034674599e-01 -6.933960570000000416e+02 9.707136005947694102e-01 -6.231192162763077302e-03 2.401588596420490274e-01 -2.883148200000000116e+01 0.000000000000000000e+00 0.000000000000000000e+00 0.000000000000000000e+00 1.000000000000000000e+00
-1.451195938655530648e-02 9.978100159948914971e-01 6.453351853910760383e-02 1.801657710000000066e+02 -2.399299553571266341e-01 -6.612966264199898747e-02 9.685352261230267823e-01 -6.936987920000000258e+02 9.706817292795255625e-01 -1.428180356180863697e-03 2.403641835710554342e-01 -2.883011399999999824e+01 0.000000000000000000e+00 0.000000000000000000e+00 0.000000000000000000e+00 1.000000000000000000e+00
-1.623548261694751638e-02 9.983533792436847243e-01 5.501762678369703785e-02 1.801415709999999990e+02 -2.399262383458831138e-01 -5.730716361051491070e-02 9.690981834427883079e-01 -6.939549560000000383e+02 9.706553503985795306e-01 2.533604474470652068e-03 2.404615802804631608e-01 -2.882903500000000108e+01 0.000000000000000000e+00 0.000000000000000000e+00 0.000000000000000000e+00 1.000000000000000000e+00
-1.791010859308517222e-02 9.987914848519874322e-01 4.576896106911154671e-02 1.801176150000000007e+02 -2.399144887278728544e-01 -4.873200527588317232e-02 9.695701262725839875e-01 -6.942111820000000080e+02 9.706287993402148429e-01 6.384469355651456457e-03 2.404973439404674007e-01 -2.882803900000000041e+01 0.000000000000000000e+00 0.000000000000000000e+00 0.000000000000000000e+00 1.000000000000000000e+00
-1.955434341365513973e-02 9.991304886909311289e-01 3.682246898133750834e-02 1.800940400000000068e+02 -2.398963284155361531e-01 -4.044234599895057958e-02 9.699557558274738422e-01 -6.944673460000000205e+02 9.706015553595646050e-01 1.013327283368403720e-02 2.404785593670921706e-01 -2.882713299999999990e+01 0.000000000000000000e+00 0.000000000000000000e+00 0.000000000000000000e+00 1.000000000000000000e+00
-2.297391960648426101e-02 9.995642660432249027e-01 1.853313431084230301e-02 1.800438839999999914e+02 -2.398465319902681192e-01 -2.350734974508367214e-02 9.705261694566527098e-01 -6.950265500000000429e+02 9.705389431187991800e-01 1.785168220172095310e-02 2.402820786750702320e-01 -2.882546200000000169e+01 0.000000000000000000e+00 0.000000000000000000e+00 0.000000000000000000e+00 1.000000000000000000e+00
-2.449720313948761108e-02 9.996419242639191793e-01 1.076616423204601602e-02 1.800215609999999913e+02 -2.398162335665598999e-01 -1.633118509273495667e-02 9.706809293024232232e-01 -6.952829590000000053e+02 9.705091762349760121e-01 2.119706695265982654e-02 2.401304295509267273e-01 -2.882484799999999936e+01 0.000000000000000000e+00 0.000000000000000000e+00 0.000000000000000000e+00 1.000000000000000000e+00
-2.596858211308195052e-02 9.996569045432630585e-01 3.421394747375794410e-03 1.799998019999999883e+02 -2.397905296660805541e-01 -9.551710797673806930e-03 9.707776607974134553e-01 -6.955391849999999749e+02 9.704772715656437843e-01 2.438930133929334554e-02 2.399563030109534978e-01 -2.882432599999999923e+01 0.000000000000000000e+00 0.000000000000000000e+00 0.000000000000000000e+00 1.000000000000000000e+00
-2.738265723478849889e-02 9.996189423679905373e-01 -3.487139495676694345e-03 1.799786220000000014e+02 -2.397725584737627758e-01 -3.181423806513095087e-03 9.708238762749449302e-01 -6.957957149999999729e+02 9.704428423589450681e-01 2.741985779801880962e-02 2.397683071480221639e-01 -2.882389300000000176e+01 0.000000000000000000e+00 0.000000000000000000e+00 0.000000000000000000e+00 1.000000000000000000e+00
-2.866042410226182779e-02 9.995450934232741336e-01 -9.390756292060209454e-03 1.799598540000000071e+02 -2.397626966354005074e-01 2.246139062224650207e-03 9.708289263106214539e-01 -6.960288090000000238e+02 9.704083827916983873e-01 3.007592181083607041e-02 2.395892517097314434e-01 -2.882358599999999882e+01 0.000000000000000000e+00 0.000000000000000000e+00 0.000000000000000000e+00 1.000000000000000000e+00
-2.954752534151461330e-02 9.994459686997050341e-01 -1.531990196119720204e-02 1.799408109999999965e+02 -2.397584295295357992e-01 7.792629878068835225e-03 9.708013032485658389e-01 -6.962852169999999887e+02 9.703828312659510402e-01 3.235785174407546094e-02 2.393953429262675736e-01 -2.882329599999999914e+01 0.000000000000000000e+00 0.000000000000000000e+00 0.000000000000000000e+00 1.000000000000000000e+00
-2.820359496128455046e-02 9.994094380114504350e-01 -1.962988652276348445e-02 1.799285429999999906e+02 -2.397817903068621970e-01 1.230024601197032830e-02 9.707488846170677643e-01 -6.965184940000000324e+02 9.704170496588029327e-01 3.208549768480734032e-02 2.392932731395148727e-01 -2.882289700000000110e+01 0.000000000000000000e+00 0.000000000000000000e+00 0.000000000000000000e+00 1.000000000000000000e+00
-2.372478863751126266e-02 9.994494338874788664e-01 -2.319404031434990632e-02 1.799205629999999871e+02 -2.398839401958483553e-01 1.683149741125355980e-02 9.706556526034400001e-01 -6.967985230000000456e+02 9.705116329236967987e-01 2.859247797748981634e-02 2.393525445089036974e-01 -2.882220099999999974e+01 0.000000000000000000e+00 0.000000000000000000e+00 0.000000000000000000e+00 1.000000000000000000e+00
-1.686080455506339115e-02 9.995458472112760395e-01 -2.497624055874336779e-02 1.799184720000000084e+02 -2.401120761962575179e-01 2.020100620786186019e-02 9.705349608401092620e-01 -6.970787960000000112e+02 9.705987348716659247e-01 2.236109726471824377e-02 2.396624234097603501e-01 -2.882130099999999828e+01 0.000000000000000000e+00 0.000000000000000000e+00 0.000000000000000000e+00 1.000000000000000000e+00
-8.298113413435836971e-03 9.996543250621937604e-01 -2.494737858426770982e-02 1.799209290000000010e+02 -2.404978367782496518e-01 2.222082161848343285e-02 9.703952934714703549e-01 -6.973594359999999597e+02 9.706142033881224318e-01 1.405224078389505360e-02 2.402303118055489906e-01 -2.882030699999999968e+01 0.000000000000000000e+00 0.000000000000000000e+00 0.000000000000000000e+00 1.000000000000000000e+00
-2.348084141192141594e-04 9.997237468339807975e-01 -2.350265689735242525e-02 1.799256589999999960e+02 -2.409645122396571471e-01 2.275356162065916843e-02 9.702671690182442799e-01 -6.975935670000000073e+02 9.705338987928818772e-01 5.891133150835670129e-03 2.408926023025331209e-01 -2.881951099999999855e+01 0.000000000000000000e+00 0.000000000000000000e+00 0.000000000000000000e+00 1.000000000000000000e+00
9.283216811565186966e-03 9.997490870383316519e-01 -2.038589835282417217e-02 1.799330290000000048e+02 -2.416403833637426612e-01 2.202541010111791486e-02 9.701158726861965897e-01 -6.978513789999999517e+02 9.703214658109200474e-01 -4.079739685295957763e-03 2.417842193168265319e-01 -2.881877899999999926e+01 0.000000000000000000e+00 0.000000000000000000e+00 0.000000000000000000e+00 1.000000000000000000e+00
2.009813841525098788e-02 9.996833868471771689e-01 -1.513905195175063723e-02 1.799428100000000086e+02 -2.425889805251820741e-01 1.956563014737944250e-02 9.699318391746339918e-01 -6.981331179999999677e+02 9.699209510882800256e-01 -1.582125717799787168e-02 2.429054064061016982e-01 -2.881829099999999855e+01 0.000000000000000000e+00 0.000000000000000000e+00 0.000000000000000000e+00 1.000000000000000000e+00
3.102507246751368131e-02 9.994869642431615242e-01 -7.953187183431187357e-03 1.799536439999999970e+02 -2.437401097427428498e-01 1.528226095540624607e-02 9.697201717004171329e-01 -6.984152219999999716e+02 9.693442132601717276e-01 -2.814712788332113247e-02 2.440891956046780664e-01 -2.881828499999999948e+01 0.000000000000000000e+00 0.000000000000000000e+00 0.000000000000000000e+00 1.000000000000000000e+00
4.091872836805832137e-02 9.991624224980826252e-01 3.333714204165061368e-04 1.799639430000000004e+02 -2.449756137949741230e-01 9.709025525788783639e-03 9.694806256285450896e-01 -6.986741940000000568e+02 9.686653737563435396e-01 -3.975158224652797223e-02 2.451677087105493258e-01 -2.881882099999999980e+01 0.000000000000000000e+00 0.000000000000000000e+00 0.000000000000000000e+00 1.000000000000000000e+00
5.040895251794741405e-02 9.986766023240751800e-01 1.019713079666334510e-02 1.799738460000000089e+02 -2.463620537654960252e-01 2.539414171623066707e-03 9.691745404415614829e-01 -6.989334720000000516e+02 9.678660423687206471e-01 -5.136725947630355060e-02 2.461640280045074292e-01 -2.881994800000000012e+01 0.000000000000000000e+00 0.000000000000000000e+00 0.000000000000000000e+00 1.000000000000000000e+00
5.962920727713155733e-02 9.979850524923046251e-01 2.168392587685452622e-02 1.799835970000000032e+02 -2.479214085948404089e-01 -6.235729353236851846e-03 9.687600790906815140e-01 -6.991932369999999537e+02 9.669432934768467103e-01 -6.314230500516437861e-02 2.470500283723596757e-01 -2.882178100000000143e+01 0.000000000000000000e+00 0.000000000000000000e+00 0.000000000000000000e+00 1.000000000000000000e+00
6.900993441521979799e-02 9.969683953929184828e-01 3.593949832255838306e-02 1.799929659999999956e+02 -2.497591697877985517e-01 -1.761227580479446386e-02 9.681478011377633308e-01 -6.994768679999999677e+02 9.658457361602407198e-01 -7.578803552438850843e-02 2.477865767398172436e-01 -2.882464600000000132e+01 0.000000000000000000e+00 0.000000000000000000e+00 0.000000000000000000e+00 1.000000000000000000e+00
7.762128639543358632e-02 9.956298033649575441e-01 5.192524000690162955e-02 1.800008090000000038e+02 -2.517177466768045768e-01 -3.082383956867867925e-02 9.673097057934426646e-01 -6.997608639999999696e+02 9.646829074396778836e-01 -8.815432811666490398e-02 2.482251045483298002e-01 -2.882846999999999937e+01 0.000000000000000000e+00 0.000000000000000000e+00 0.000000000000000000e+00 1.000000000000000000e+00
8.477083441205240932e-02 9.940768170061753395e-01 6.800873123324174818e-02 1.800062709999999981e+02 -2.535903605704397101e-01 -4.448245823764812590e-02 9.662883834212694367e-01 -7.000214839999999867e+02 9.635900760483362415e-01 -9.915943122067011339e-02 2.483174833578062901e-01 -2.883284799999999848e+01 0.000000000000000000e+00 0.000000000000000000e+00 0.000000000000000000e+00 1.000000000000000000e+00
9.164993195381010427e-02 9.919857572189494377e-01 8.697440685402690885e-02 1.800099179999999990e+02 -2.556688611286107027e-01 -6.097298288039776359e-02 9.648397425520293114e-01 -7.003060299999999643e+02 9.624103716305542067e-01 -1.106641442989305668e-01 2.480316990719619863e-01 -2.883858499999999836e+01 0.000000000000000000e+00 0.000000000000000000e+00 0.000000000000000000e+00 1.000000000000000000e+00
9.755469670981101182e-02 9.894309052190284337e-01 1.072826404751031637e-01 1.800109410000000025e+02 -2.577565043135343070e-01 -7.900008692454529857e-02 9.629748546820839916e-01 -7.005907590000000482e+02 9.612724200942849295e-01 -1.215955182700733661e-01 2.473254218690599804e-01 -2.884531399999999834e+01 0.000000000000000000e+00 0.000000000000000000e+00 0.000000000000000000e+00 1.000000000000000000e+00
1.020939490323681531e-01 9.866426943206154654e-01 1.269370683241625719e-01 1.800092769999999973e+02 -2.596454503671807856e-01 -9.675097515058411757e-02 9.608451950814111964e-01 -7.008513179999999920e+02 9.602921772432597702e-01 -1.310551126479542194e-01 2.462995975925091896e-01 -2.885233300000000156e+01 0.000000000000000000e+00 0.000000000000000000e+00 0.000000000000000000e+00 1.000000000000000000e+00
1.057630907313407698e-01 9.834019357370544778e-01 1.474272750462667925e-01 1.800048979999999972e+02 -2.614695656728089346e-01 -1.155392606567259839e-01 9.582715405738444492e-01 -7.011119380000000092e+02 9.593997263215297000e-01 -1.398975054656463879e-01 2.449098877110979511e-01 -2.886011699999999891e+01 0.000000000000000000e+00 0.000000000000000000e+00 0.000000000000000000e+00 1.000000000000000000e+00
1.088464245185494506e-01 9.793130138695396170e-01 1.705827562659455454e-01 1.799969480000000033e+02 -2.633636582666007975e-01 -1.370604360582218795e-01 9.549104776741972334e-01 -7.013963619999999537e+02 9.585364048245436086e-01 -1.488638899575357999e-01 2.429969195128815485e-01 -2.886945000000000050e+01 0.000000000000000000e+00 0.000000000000000000e+00 0.000000000000000000e+00 1.000000000000000000e+00
1.109758299841641926e-01 9.746307331961638898e-01 1.943689766110667794e-01 1.799854430000000036e+02 -2.651134975780430891e-01 -1.594574924105225389e-01 9.509406614064227492e-01 -7.016802370000000337e+02 9.578095836653872652e-01 -1.570612683752926619e-01 2.406918349572362836e-01 -2.887958499999999873e+01 0.000000000000000000e+00 0.000000000000000000e+00 0.000000000000000000e+00 1.000000000000000000e+00
1.121476607267824499e-01 9.693524093644854123e-01 2.185836422351344899e-01 1.799702450000000056e+02 -2.667091392773248137e-01 -1.825364714960917012e-01 9.463332772336101595e-01 -7.019639889999999696e+02 9.572299291285552014e-01 -1.644273183902944524e-01 2.380641084823951759e-01 -2.889042900000000103e+01 0.000000000000000000e+00 0.000000000000000000e+00 0.000000000000000000e+00 1.000000000000000000e+00
1.172177190024982774e-01 9.566185656112402569e-01 2.667225642493427640e-01 1.799425510000000088e+02 -2.697115240467693464e-01 -2.278148407243456020e-01 9.356046665884636404e-01 -7.025075070000000323e+02 9.557801526230917943e-01 -1.816075942069451110e-01 2.313071152778167217e-01 -2.890654899999999827e+01 0.000000000000000000e+00 0.000000000000000000e+00 0.000000000000000000e+00 1.000000000000000000e+00
1.191743472557402483e-01 9.496642272919931793e-01 2.897159477109766401e-01 1.799268950000000018e+02 -2.708988148668310947e-01 -2.496234640478413591e-01 9.296784166046354603e-01 -7.027670289999999795e+02 9.552022335924023055e-01 -1.892775253395320156e-01 2.275142003072077035e-01 -2.890629799999999960e+01 0.000000000000000000e+00 0.000000000000000000e+00 0.000000000000000000e+00 1.000000000000000000e+00
1.200162404151648987e-01 9.430481473049217023e-01 3.102519845244575691e-01 1.799098050000000057e+02 -2.717338332989998051e-01 -2.693719548429596711e-01 9.239044722181586344e-01 -7.030023190000000568e+02 9.548595843773266534e-01 -1.951895023018333508e-01 2.239290787591505794e-01 -2.890110800000000069e+01 0.000000000000000000e+00 0.000000000000000000e+00 0.000000000000000000e+00 1.000000000000000000e+00
1.198358518673641182e-01 9.355348251090307432e-01 3.322859606053778503e-01 1.798875730000000033e+02 -2.723326301738986377e-01 -2.908831607543516107e-01 9.171815116606552021e-01 -7.032606200000000172e+02 9.547116355998757076e-01 -2.004035373883742976e-01 2.199184281783513883e-01 -2.889004500000000064e+01 0.000000000000000000e+00 0.000000000000000000e+00 0.000000000000000000e+00 1.000000000000000000e+00
1.149381553397035016e-01 9.278731318881648926e-01 3.547402874881203094e-01 1.798505100000000141e+02 -2.720608304788615373e-01 -3.140498002058118576e-01 9.095909121741716508e-01 -7.035400389999999788e+02 9.553910848266580214e-01 -2.010576387773856388e-01 2.163416301200579150e-01 -2.887803600000000159e+01 0.000000000000000000e+00 0.000000000000000000e+00 0.000000000000000000e+00 1.000000000000000000e+00
1.095723232444213435e-01 9.206973496434276427e-01 3.745801600971256917e-01 1.798108670000000018e+02 -2.714994950963021125e-01 -3.347963246717903241e-01 9.023300090037538190e-01 -7.037951659999999947e+02 9.561809086889747622e-01 -2.005687197591625170e-01 2.132844544567125133e-01 -2.887278600000000139e+01 0.000000000000000000e+00 0.000000000000000000e+00 0.000000000000000000e+00 1.000000000000000000e+00
1.038575646006418829e-01 9.125627643795952704e-01 3.955285164726995428e-01 1.797637019999999950e+02 -2.707418335699042777e-01 -3.567216697325843455e-01 8.941188455112683009e-01 -7.040725710000000390e+02 9.570331581666486898e-01 -1.999471215373407329e-01 2.100206722170515905e-01 -2.887352800000000030e+01 0.000000000000000000e+00 0.000000000000000000e+00 0.000000000000000000e+00 1.000000000000000000e+00
9.811807781677789331e-02 9.042644076602139869e-01 4.155462956692833609e-01 1.797122960000000091e+02 -2.698344569724702713e-01 -3.777452191577467255e-01 8.857188691869661845e-01 -7.043488770000000159e+02 9.578946751266096404e-01 -1.990337419695178411e-01 2.069380605922906680e-01 -2.887960800000000106e+01 0.000000000000000000e+00 0.000000000000000000e+00 0.000000000000000000e+00 1.000000000000000000e+00
9.220890219025074108e-02 8.959605222339210862e-01 4.344562819838012624e-01 1.796567540000000065e+02 -2.687565066560196336e-01 -3.977281034278374872e-01 8.772583974370085080e-01 -7.046243899999999485e+02 9.587843649574817606e-01 -1.976539864055742446e-01 2.041211482700002466e-01 -2.888853999999999900e+01 0.000000000000000000e+00 0.000000000000000000e+00 0.000000000000000000e+00 1.000000000000000000e+00
8.614566569593976042e-02 8.877761440626351641e-01 4.521420598828229664e-01 1.795973970000000008e+02 -2.675490977660407443e-01 -4.165437782366759878e-01 8.688548561738561604e-01 -7.048988040000000410e+02 9.596855758874260900e-01 -1.958182801619753333e-01 2.016402652944723484e-01 -2.889879600000000082e+01 0.000000000000000000e+00 0.000000000000000000e+00 0.000000000000000000e+00 1.000000000000000000e+00
8.054182822106525919e-02 8.804621474954026361e-01 4.672252355498279219e-01 1.795399170000000026e+02 -2.663903911682966030e-01 -4.326831377185023086e-01 8.612905792049936338e-01 -7.051495969999999716e+02 9.604942339233537574e-01 -1.938342311405685803e-01 1.996975649279035814e-01 -2.890867799999999832e+01 0.000000000000000000e+00 0.000000000000000000e+00 0.000000000000000000e+00 1.000000000000000000e+00
7.763279159235531024e-02 8.728814529459900662e-01 4.817168450163178961e-01 1.794857179999999914e+02 -2.656652305905589651e-01 -4.475933208095979610e-01 8.538631063712152081e-01 -7.054006349999999657e+02 9.609345112570590874e-01 -1.942631932959343888e-01 1.971463334825768743e-01 -2.891732400000000069e+01 0.000000000000000000e+00 0.000000000000000000e+00 0.000000000000000000e+00 1.000000000000000000e+00
7.564918591170999296e-02 8.654969219451239537e-01 4.951689396301140467e-01 1.794316709999999944e+02 -2.650194880094999261e-01 -4.612794124357201819e-01 8.467502433646767468e-01 -7.056514889999999696e+02 9.612709668174099775e-01 -1.952853854400600220e-01 1.944781390991007219e-01 -2.892088299999999990e+01 0.000000000000000000e+00 0.000000000000000000e+00 0.000000000000000000e+00 1.000000000000000000e+00
7.282164409628225088e-02 8.587537953010547787e-01 5.071872703520350356e-01 1.793742369999999937e+02 -2.641371157224888799e-01 -4.737726379721768355e-01 8.401018221660330187e-01 -7.059010620000000245e+02 9.617320792450039235e-01 -1.951445786203618304e-01 1.923278481815945684e-01 -2.891852199999999939e+01 0.000000000000000000e+00 0.000000000000000000e+00 0.000000000000000000e+00 1.000000000000000000e+00
6.537997433384898360e-02 8.473278064198240811e-01 5.270304046484171057e-01 1.792506260000000111e+02 -2.618538021997481868e-01 -4.950825537551958311e-01 8.284478566818607170e-01 -7.063974610000000212e+02 9.628904637754183149e-01 -1.921688149388521283e-01 1.895075231629521351e-01 -2.889636199999999988e+01 0.000000000000000000e+00 0.000000000000000000e+00 0.000000000000000000e+00 1.000000000000000000e+00
5.950282235006540410e-02 8.434467949771096151e-01 5.339072186955508004e-01 1.791865540000000010e+02 -2.601709725840446463e-01 -5.032655428620194105e-01 8.240357142700004411e-01 -7.066208500000000186e+02 9.637273884024720738e-01 -1.879396110739807169e-01 1.894946527802618685e-01 -2.888064999999999927e+01 0.000000000000000000e+00 0.000000000000000000e+00 0.000000000000000000e+00 1.000000000000000000e+00
5.094513060320565723e-02 8.401068496778685279e-01 5.400232169010419359e-01 1.791085510000000056e+02 -2.578608610122329892e-01 -5.113257416132004352e-01 8.197888522795006017e-01 -7.068646240000000489e+02 9.648380019598381541e-01 -1.810151018231297426e-01 1.905811189129443251e-01 -2.886604499999999973e+01 0.000000000000000000e+00 0.000000000000000000e+00 0.000000000000000000e+00 1.000000000000000000e+00
4.295952577839404207e-02 8.372174504540887963e-01 5.451801718698604526e-01 1.790283809999999960e+02 -2.556830362308517013e-01 -5.182986375253699762e-01 8.160837624429970738e-01 -7.071075439999999617e+02 9.658057072355020756e-01 -1.744518930665422407e-01 1.917964360378765776e-01 -2.885572600000000065e+01 0.000000000000000000e+00 0.000000000000000000e+00 0.000000000000000000e+00 1.000000000000000000e+00
3.478406961312463519e-02 8.346653066465450355e-01 5.496579794579339318e-01 1.789382319999999993e+02 -2.533673818075583561e-01 -5.246576301846954671e-01 8.127357140700551819e-01 -7.073716429999999491e+02 9.667445569213888312e-01 -1.675356588001747360e-01 1.932272358992364047e-01 -2.884925300000000092e+01 0.000000000000000000e+00 0.000000000000000000e+00 0.000000000000000000e+00 1.000000000000000000e+00
2.707272565634757933e-02 8.328643505146851034e-01 5.528146535388578364e-01 1.788453220000000101e+02 -2.511606579831948127e-01 -5.296100917434575228e-01 8.102045881164428032e-01 -7.076345830000000205e+02 9.675667374434615553e-01 -1.607797386651619864e-01 1.948447695674108415e-01 -2.884733800000000059e+01 0.000000000000000000e+00 0.000000000000000000e+00 0.000000000000000000e+00 1.000000000000000000e+00
2.036810912656983330e-02 8.319444956913235600e-01 5.544848926882661733e-01 1.787578739999999868e+02 -2.492786849814093153e-01 -5.328590200847296288e-01 8.086540681455089974e-01 -7.078748779999999670e+02 9.682175774817083358e-01 -1.546920191970211911e-01 1.965326991932919709e-01 -2.884841899999999981e+01 0.000000000000000000e+00 0.000000000000000000e+00 0.000000000000000000e+00 1.000000000000000000e+00
1.381904733905475746e-02 8.317644044641148149e-01 5.549567635384733411e-01 1.786681059999999945e+02 -2.474522715272290951e-01 -5.349008464494126036e-01 8.078666089050319243e-01 -7.081143799999999828e+02 9.688015314018940671e-01 -1.484892586490948463e-01 1.984301711413532510e-01 -2.885074600000000089e+01 0.000000000000000000e+00 0.000000000000000000e+00 0.000000000000000000e+00 1.000000000000000000e+00
7.428019759814052936e-03 8.323110687065988778e-01 5.542590634630407687e-01 1.785763699999999972e+02 -2.457032556309969862e-01 -5.357630486228608380e-01 8.078291068677008191e-01 -7.083530879999999570e+02 9.693166328371637386e-01 -1.421838269242227115e-01 2.005218807671769743e-01 -2.885353699999999932e+01 0.000000000000000000e+00 0.000000000000000000e+00 0.000000000000000000e+00 1.000000000000000000e+00
1.210906827149332843e-03 8.335576886843583111e-01 5.524310937482125317e-01 1.784827879999999993e+02 -2.440412694458009568e-01 -5.354822970693036144e-01 8.085187495245018674e-01 -7.085913090000000238e+02 9.697640911644119788e-01 -1.357950262733235158e-01 2.027740573334997631e-01 -2.885636900000000082e+01 0.000000000000000000e+00 0.000000000000000000e+00 0.000000000000000000e+00 1.000000000000000000e+00
-4.239206041398407843e-03 8.352606201312182677e-01 5.498379084695337315e-01 1.783963469999999916e+02 -2.426380212613198917e-01 -5.342706961382897024e-01 8.097416957810057436e-01 -7.088070679999999584e+02 9.701076330853861673e-01 -1.299789202367833130e-01 2.049308676689533815e-01 -2.885880099999999970e+01 0.000000000000000000e+00 0.000000000000000000e+00 0.000000000000000000e+00 1.000000000000000000e+00
-1.016314221255168460e-02 8.377515972791377274e-01 5.459569321811210685e-01 1.782995300000000043e+02 -2.411233612999489351e-01 -5.319270443010377658e-01 8.117346513341514580e-01 -7.090439450000000079e+02 9.704412579727750288e-01 -1.233931959121551958e-01 2.074075312682805705e-01 -2.886115799999999965e+01 0.000000000000000000e+00 0.000000000000000000e+00 0.000000000000000000e+00 1.000000000000000000e+00
-1.593866458209108883e-02 8.408308805501265581e-01 5.410632026710358033e-01 1.782011410000000069e+02 -2.396693657601815519e-01 -5.285691489313891767e-01 8.143544989217283980e-01 -7.092801510000000462e+02 9.707237269622350784e-01 -1.166965514111094615e-01 2.099460902262825779e-01 -2.886315499999999901e+01 0.000000000000000000e+00 0.000000000000000000e+00 0.000000000000000000e+00 1.000000000000000000e+00
-2.154710365995027299e-02 8.444439434009528567e-01 5.352103780545697242e-01 1.781013639999999896e+02 -2.382807877480864756e-01 -5.242453897241747818e-01 8.175506330149215906e-01 -7.095157470000000330e+02 9.709572537007066240e-01 -1.099145022569635866e-01 2.125107377983174173e-01 -2.886477500000000163e+01 0.000000000000000000e+00 0.000000000000000000e+00 0.000000000000000000e+00 1.000000000000000000e+00
-2.743508758361223876e-02 8.489192808744734364e-01 5.278099757761753885e-01 1.779911040000000071e+02 -2.368569488419638436e-01 -5.184931036280129302e-01 8.216225941851078574e-01 -7.097723999999999478e+02 9.711570942718563693e-01 -1.024741725985525709e-01 2.152973343905753012e-01 -2.886614399999999847e+01 0.000000000000000000e+00 0.000000000000000000e+00 0.000000000000000000e+00 1.000000000000000000e+00
-3.315948896568951532e-02 8.538840352673364720e-01 5.194059131422211761e-01 1.778793330000000026e+02 -2.354787593383202426e-01 -5.117361624495714301e-01 8.262420068853142396e-01 -7.100281979999999749e+02 9.713136476916300888e-01 -9.491129730941483267e-02 2.180404628756417440e-01 -2.886711100000000130e+01 0.000000000000000000e+00 0.000000000000000000e+00 0.000000000000000000e+00 1.000000000000000000e+00
-3.871984774247644312e-02 8.592566601456697040e-01 5.100772151215031691e-01 1.777662050000000136e+02 -2.341321675709002181e-01 -5.040513883788948490e-01 8.313328611223426146e-01 -7.102837520000000495e+02 9.714334261797621384e-01 -8.723640219895145709e-02 2.206964173520527817e-01 -2.886769699999999972e+01 0.000000000000000000e+00 0.000000000000000000e+00 0.000000000000000000e+00 1.000000000000000000e+00
-4.364944806215045880e-02 8.644651512683954042e-01 5.007940973358009362e-01 1.776614380000000040e+02 -2.329335476836890684e-01 -4.962626617056405398e-01 8.363404408255787903e-01 -7.105173949999999650e+02 9.715125774004986781e-01 -8.014594711738670663e-02 2.230245258111692719e-01 -2.886795400000000100e+01 0.000000000000000000e+00 0.000000000000000000e+00 0.000000000000000000e+00 1.000000000000000000e+00
-4.882278063753187070e-02 8.708484022242060085e-01 4.891210447674142481e-01 1.775375369999999862e+02 -2.316062252211953942e-01 -4.862282984680771913e-01 8.425797281015177109e-01 -7.107932130000000370e+02 9.715837033059006034e-01 -7.214639362009650503e-02 2.254329287349249311e-01 -2.886740700000000004e+01 0.000000000000000000e+00 0.000000000000000000e+00 0.000000000000000000e+00 1.000000000000000000e+00
-5.185665021120361429e-02 8.763239870819323762e-01 4.789229139367819355e-01 1.774346009999999865e+02 -2.305749818607937818e-01 -4.771169767737775680e-01 8.480533993883554444e-01 -7.110267939999999953e+02 9.716717890155954773e-01 -6.645043370118786097e-02 2.268000755999797780e-01 -2.886273999999999873e+01 0.000000000000000000e+00 0.000000000000000000e+00 0.000000000000000000e+00 1.000000000000000000e+00
-5.599589349131980920e-02 8.814831275932866195e-01 4.688837336488295149e-01 1.773373259999999902e+02 -2.295054241248723481e-01 -4.684090851910860942e-01 8.531823891804802829e-01 -7.112380980000000363e+02 9.716952815617515560e-01 -5.983664996310833484e-02 2.285341443019427432e-01 -2.885803399999999996e+01 0.000000000000000000e+00 0.000000000000000000e+00 0.000000000000000000e+00 1.000000000000000000e+00
-6.086970428464955063e-02 8.876895792596650736e-01 4.564012379191124125e-01 1.772196959999999990e+02 -2.283412142276393664e-01 -4.575075186559778295e-01 8.593876658751260500e-01 -7.114919429999999920e+02 9.716764734135259207e-01 -5.190453975375369788e-02 2.305444637539673103e-01 -2.885410500000000056e+01 0.000000000000000000e+00 0.000000000000000000e+00 0.000000000000000000e+00 1.000000000000000000e+00
-6.276711167021645221e-02 8.931436079852272947e-01 4.453703910316772485e-01 1.771164090000000044e+02 -2.282662116203044156e-01 -4.472687379564365129e-01 8.647804418922591108e-01 -7.117266849999999749e+02 9.715733767066143667e-01 -4.738324136218402538e-02 2.319482746495865333e-01 -2.885178399999999854e+01 0.000000000000000000e+00 0.000000000000000000e+00 0.000000000000000000e+00 1.000000000000000000e+00
-6.039132316351680796e-02 8.985803160583061278e-01 4.346335280200030460e-01 1.770123600000000010e+02 -2.300167045234368657e-01 -4.362375573440593901e-01 8.699362673223061115e-01 -7.119866329999999834e+02 9.713110746443376353e-01 -4.743636953903096476e-02 2.330334463509882159e-01 -2.885042199999999823e+01 0.000000000000000000e+00 0.000000000000000000e+00 0.000000000000000000e+00 1.000000000000000000e+00
-4.771650242165278999e-02 9.067601772399995763e-01 4.189380817833696646e-01 1.768379970000000014e+02 -2.369647305690406047e-01 -4.177187247706158901e-01 8.771309956000601371e-01 -7.124707029999999577e+02 9.703457383134048708e-01 -5.741992639924992092e-02 2.348022576324987620e-01 -2.885026399999999924e+01 0.000000000000000000e+00 0.000000000000000000e+00 0.000000000000000000e+00 1.000000000000000000e+00
-3.858262996145767065e-02 9.097519853536837342e-01 4.133554231049686445e-01 1.767565459999999860e+02 -2.419020913580264831e-01 -4.098628786531833823e-01 8.794860993209265843e-01 -7.127159420000000409e+02 9.695332685688872187e-01 -6.605865459692866759e-02 2.358844956561864104e-01 -2.885133199999999931e+01 0.000000000000000000e+00 0.000000000000000000e+00 0.000000000000000000e+00 1.000000000000000000e+00
-2.841343701548024181e-02 9.118875430262467496e-01 4.094554743443079570e-01 1.766771999999999991e+02 -2.475285369616549436e-01 -4.032818485767378780e-01 8.809616189131916908e-01 -7.129631349999999657e+02 9.684638867746127033e-01 -7.632076704334150863e-02 2.371768128028666489e-01 -2.885328300000000112e+01 0.000000000000000000e+00 0.000000000000000000e+00 0.000000000000000000e+00 1.000000000000000000e+00
-1.664065656232183166e-02 9.131497522098668274e-01 4.072844443239067025e-01 1.765921480000000088e+02 -2.543025705172730078e-01 -3.978109281905637951e-01 8.815195222117711005e-01 -7.132337039999999888e+02 9.669815361099103335e-01 -8.890441750116051534e-02 2.388361642869376578e-01 -2.885657499999999942e+01 0.000000000000000000e+00 0.000000000000000000e+00 0.000000000000000000e+00 1.000000000000000000e+00
-6.703346509628227423e-03 9.133061682185537045e-01 4.072185018384048005e-01 1.765215910000000008e+02 -2.602900467933411677e-01 -3.947836855024184910e-01 8.811327557192774051e-01 -7.134602049999999736e+02 9.655072017783669081e-01 -1.000883847160627393e-01 2.403708771025252489e-01 -2.886034400000000133e+01 0.000000000000000000e+00 0.000000000000000000e+00 0.000000000000000000e+00 1.000000000000000000e+00
5.084006961893428045e-03 9.123595210741897166e-01 4.093583481236047761e-01 1.764365999999999985e+02 -2.677958135388356364e-01 -3.931693322324686934e-01 8.796040463998262560e-01 -7.137326659999999947e+02 9.634622748838090889e-01 -1.140963649602809715e-01 2.423271845636922328e-01 -2.886624899999999982e+01 0.000000000000000000e+00 0.000000000000000000e+00 0.000000000000000000e+00 1.000000000000000000e+00
1.543051086380392567e-02 9.103773839108959542e-01 4.134911343644935844e-01 1.763576970000000017e+02 -2.748309954278914113e-01 -3.937504838144525454e-01 8.771707248010498503e-01 -7.139826659999999947e+02 9.613687238966102111e-01 -1.271753724564551047e-01 2.441241515171441168e-01 -2.887308700000000172e+01 0.000000000000000000e+00 0.000000000000000000e+00 0.000000000000000000e+00 1.000000000000000000e+00
2.510284041667354415e-02 9.073035033122099913e-01 4.197263397505637261e-01 1.762772219999999948e+02 -2.818988948956709928e-01 -3.963953977640231052e-01 8.737297646801907014e-01 -7.142327269999999544e+02 9.591156658399520030e-01 -1.402534901843534576e-01 2.458172045067086309e-01 -2.888134799999999913e+01 0.000000000000000000e+00 0.000000000000000000e+00 0.000000000000000000e+00 1.000000000000000000e+00
3.423615473547561572e-02 9.030709082721907199e-01 4.281247719314655864e-01 1.761953739999999868e+02 -2.889898193500132217e-01 -4.011307225415391975e-01 8.692404890163305531e-01 -7.144826659999999947e+02 9.567197970257412809e-01 -1.534831523840433642e-01 2.472451251557473695e-01 -2.889087100000000063e+01 0.000000000000000000e+00 0.000000000000000000e+00 0.000000000000000000e+00 1.000000000000000000e+00
4.603165732228953200e-02 8.966237265782177612e-01 4.403941183316971708e-01 1.761100920000000087e+02 -2.977268165441056547e-01 -4.085112055850325663e-01 8.628310017737981230e-01 -7.147572629999999663e+02 9.535406804298786065e-01 -1.708346798763436536e-01 2.481444799242398247e-01 -2.889906099999999967e+01 0.000000000000000000e+00 0.000000000000000000e+00 0.000000000000000000e+00 1.000000000000000000e+00
5.628287474094448295e-02 8.887440749146169328e-01 4.549353880663240535e-01 1.760219879999999932e+02 -3.060861776170946680e-01 -4.183571655865547800e-01 8.551540994897588455e-01 -7.150313109999999597e+02 9.503386185369147032e-01 -1.873799650617580248e-01 2.484859328227712882e-01 -2.890188200000000052e+01 0.000000000000000000e+00 0.000000000000000000e+00 0.000000000000000000e+00 1.000000000000000000e+00
6.465712535818088358e-02 8.794811792748663537e-01 4.715212735833951840e-01 1.759301910000000078e+02 -3.138246281543796146e-01 -4.306158761171005045e-01 8.462175075000916147e-01 -7.153041379999999663e+02 9.472769177511832783e-01 -2.026889798119092534e-01 2.481604693713838905e-01 -2.889890099999999862e+01 0.000000000000000000e+00 0.000000000000000000e+00 0.000000000000000000e+00 1.000000000000000000e+00
6.911226322346894491e-02 8.686064475037549304e-01 4.906590816718231496e-01 1.758203890000000058e+02 -3.201531657912522477e-01 -4.465085802237068746e-01 8.355429601285911945e-01 -7.155949709999999868e+02 9.448414922652207393e-01 -2.148323233163863533e-01 2.472278854670620640e-01 -2.889151400000000081e+01 0.000000000000000000e+00 0.000000000000000000e+00 0.000000000000000000e+00 1.000000000000000000e+00
6.995113175360873070e-02 8.587687686626385153e-01 5.075657998092901746e-01 1.757193910000000017e+02 -3.240465634730927968e-01 -4.616565808489077050e-01 8.257523999723974661e-01 -7.158371580000000449e+02 9.434514634403126099e-01 -2.222372680910000842e-01 2.459876679912650910e-01 -2.888704500000000053e+01 0.000000000000000000e+00 0.000000000000000000e+00 0.000000000000000000e+00 1.000000000000000000e+00
7.006212049290805322e-02 8.468391255679548202e-01 5.272141829269570978e-01 1.756052860000000067e+02 -3.277924024940417347e-01 -4.796198985133689474e-01 8.139514075282441308e-01 -7.160991820000000416e+02 9.421483111162601842e-01 -2.298439652401764177e-01 2.439842443754334234e-01 -2.888547099999999901e+01 0.000000000000000000e+00 0.000000000000000000e+00 0.000000000000000000e+00 1.000000000000000000e+00
6.925073277957022322e-02 8.324660470863423090e-01 5.497314039218902382e-01 1.754766689999999869e+02 -3.312172524411929331e-01 -5.006090935814159204e-01 7.998035178147819835e-01 -7.163803100000000086e+02 9.410098127515992283e-01 -2.374675048759997131e-01 2.410595702998895029e-01 -2.888783099999999848e+01 0.000000000000000000e+00 0.000000000000000000e+00 0.000000000000000000e+00 1.000000000000000000e+00
6.758640903338411499e-02 8.178611346832463935e-01 5.714326221774580494e-01 1.753530430000000138e+02 -3.336981134516979752e-01 -5.212271568015813816e-01 7.854729913188089885e-01 -7.166369630000000370e+02 9.402540329042733402e-01 -2.437732868613233239e-01 2.376908458903647381e-01 -2.889394800000000174e+01 0.000000000000000000e+00 0.000000000000000000e+00 0.000000000000000000e+00 1.000000000000000000e+00
6.452174890626524717e-02 7.992200501279006497e-01 5.975652729130374041e-01 1.752024380000000008e+02 -3.356775061619486911e-01 -5.465360593175893067e-01 7.672150596296292147e-01 -7.169325559999999768e+02 9.397646278590037205e-01 -2.500912780149609493e-01 2.330167309140521448e-01 -2.890621000000000151e+01 0.000000000000000000e+00 0.000000000000000000e+00 0.000000000000000000e+00 1.000000000000000000e+00
6.021947789104209470e-02 7.789069586814779678e-01 6.242415912129694044e-01 1.750445860000000096e+02 -3.365366062306965889e-01 -5.729188567163663315e-01 7.473333234143491044e-01 -7.172235719999999901e+02 9.397429048145321540e-01 -2.550841691214520424e-01 2.276298300187458157e-01 -2.892435499999999848e+01 0.000000000000000000e+00 0.000000000000000000e+00 0.000000000000000000e+00 1.000000000000000000e+00
5.466214179259551442e-02 7.372208757497681342e-01 6.734370279494519274e-01 1.747565769999999929e+02 -3.384773552704826161e-01 -6.208320137499415692e-01 7.071072695654400109e-01 -7.177389530000000377e+02 9.393855067136951398e-01 -2.665951819931057232e-01 2.155965647089887749e-01 -2.896578200000000081e+01 0.000000000000000000e+00 0.000000000000000000e+00 0.000000000000000000e+00 1.000000000000000000e+00
5.270696635405580643e-02 7.132173588545972498e-01 6.989584928493430827e-01 1.746058199999999943e+02 -3.394579922287018769e-01 -6.454545716510426967e-01 6.842197508453168320e-01 -7.180057369999999537e+02 9.391433581779786710e-01 -2.733301940204220237e-01 2.080873802683561591e-01 -2.897901699999999892e+01 0.000000000000000000e+00 0.000000000000000000e+00 0.000000000000000000e+00 1.000000000000000000e+00
4.892007699389583353e-02 6.866995076432542700e-01 7.252934663082410971e-01 1.744378049999999973e+02 -3.388403453337453519e-01 -6.716895280851739036e-01 6.588022451652885136e-01 -7.182888179999999920e+02 9.395712034971164250e-01 -2.779873451494309089e-01 1.998223948804329075e-01 -2.898342500000000044e+01 0.000000000000000000e+00 0.000000000000000000e+00 0.000000000000000000e+00 1.000000000000000000e+00
4.409662906088071543e-02 6.617381265833569559e-01 7.484371310480367745e-01 1.742767179999999883e+02 -3.367747139918674248e-01 -6.954692468140200035e-01 6.347482325707063389e-01 -7.185473019999999451e+02 9.405521140910603206e-01 -2.800449581083163664e-01 1.921888189176162720e-01 -2.897927100000000067e+01 0.000000000000000000e+00 0.000000000000000000e+00 0.000000000000000000e+00 1.000000000000000000e+00
3.821406065307342281e-02 6.367652763747602140e-01 7.701101663864583502e-01 1.741101529999999968e+02 -3.333097041227920387e-01 -7.184151686600857012e-01 6.105606330059919484e-01 -7.188012079999999742e+02 9.420426352909830880e-01 -2.800171927622944201e-01 1.847864850348747146e-01 -2.897026100000000071e+01 0.000000000000000000e+00 0.000000000000000000e+00 0.000000000000000000e+00 1.000000000000000000e+00
3.209037994434427166e-02 6.139164452387304571e-01 7.887184578672346014e-01 1.739515839999999969e+02 -3.291013868808783105e-01 -7.386294558095185536e-01 5.883186246955107723e-01 -7.190314939999999524e+02 9.437491640622048816e-01 -2.784477065374674210e-01 1.783378536820332538e-01 -2.895961199999999991e+01 0.000000000000000000e+00 0.000000000000000000e+00 0.000000000000000000e+00 1.000000000000000000e+00
2.601373107593958622e-02 5.933411898421793174e-01 8.045306198226238603e-01 1.738021850000000086e+02 -3.245094268305520613e-01 -7.562064824442737976e-01 5.681948502119360533e-01 -7.192388919999999644e+02 9.455246785217268357e-01 -2.758586383384156182e-01 1.728730573584558727e-01 -2.894869800000000026e+01 0.000000000000000000e+00 0.000000000000000000e+00 0.000000000000000000e+00 1.000000000000000000e+00
1.736871351355408211e-02 5.700155259336817659e-01 8.214503198522917771e-01 1.736185460000000091e+02 -3.175060923043129257e-01 -7.759053287603927540e-01 5.451245748917141754e-01 -7.194780269999999973e+02 9.480971517415972549e-01 -2.702835936489212387e-01 1.675069248231118024e-01 -2.893458400000000097e+01 0.000000000000000000e+00 0.000000000000000000e+00 0.000000000000000000e+00 1.000000000000000000e+00
2.408208221150370809e-03 5.454444622958872779e-01 8.381435074519842932e-01 1.733900299999999959e+02 -3.050730312356340068e-01 -7.977896816065246366e-01 5.200596788204816523e-01 -7.197404790000000503e+02 9.523259138267035073e-01 -2.569473924228672934e-01 1.644791518133030539e-01 -2.891986100000000093e+01 0.000000000000000000e+00 0.000000000000000000e+00 0.000000000000000000e+00 1.000000000000000000e+00
-8.827263840878743495e-03 5.264435296389909924e-01 8.501642720758880722e-01 1.732036129999999901e+02 -2.954256264965038348e-01 -8.136194060698374031e-01 5.007466038583922030e-01 -7.199469599999999900e+02 9.553249596981291392e-01 -2.467400903132813406e-01 1.627069427220672049e-01 -2.891356100000000140e+01 0.000000000000000000e+00 0.000000000000000000e+00 0.000000000000000000e+00 1.000000000000000000e+00
-1.930616429760234620e-02 5.082436988395204747e-01 8.609968725901602227e-01 1.730144500000000107e+02 -2.861170965000280342e-01 -8.279511785115365452e-01 4.823213172686348083e-01 -7.201508179999999584e+02 9.580001456735314225e-01 -2.370341506856770419e-01 1.614017729091354880e-01 -2.891183499999999995e+01 0.000000000000000000e+00 0.000000000000000000e+00 0.000000000000000000e+00 1.000000000000000000e+00
-4.524243869310019817e-02 4.607036918873091413e-01 8.864001523141251671e-01 1.724350129999999979e+02 -2.616666974895078268e-01 -8.617940201422961133e-01 4.345590941079406355e-01 -7.207498170000000073e+02 9.640973297162664934e-01 -2.122808873365262250e-01 1.595404766997441381e-01 -2.892745599999999939e+01 0.000000000000000000e+00 0.000000000000000000e+00 0.000000000000000000e+00 1.000000000000000000e+00
-4.984448608161777539e-02 4.489587935003921948e-01 8.921611563758710117e-01 1.722600559999999916e+02 -2.566359161207052986e-01 -8.690357119883040937e-01 4.229833777418061658e-01 -7.209330439999999953e+02 9.652220126810958645e-01 -2.078772066092223758e-01 1.585355897210494747e-01 -2.892917599999999823e+01 0.000000000000000000e+00 0.000000000000000000e+00 0.000000000000000000e+00 1.000000000000000000e+00
-5.594669371253167128e-02 4.377570962108192631e-01 8.973509303386875136e-01 1.720499729999999943e+02 -2.501767703278617860e-01 -8.762333566354530978e-01 4.118576068347986618e-01 -7.211460570000000416e+02 9.665824077909532797e-01 -2.014542862200721374e-01 1.585390157425130842e-01 -2.892361800000000116e+01 0.000000000000000000e+00 0.000000000000000000e+00 0.000000000000000000e+00 1.000000000000000000e+00
-6.788458270087036062e-02 4.250907642355438720e-01 9.026015320135293285e-01 1.716710970000000032e+02 -2.380966252568612052e-01 -8.854513213465003973e-01 3.991064451584698247e-01 -7.215151980000000549e+02 9.688661829545001103e-01 -1.878132042412835601e-01 1.613211698438844766e-01 -2.889477199999999968e+01 0.000000000000000000e+00 0.000000000000000000e+00 0.000000000000000000e+00 1.000000000000000000e+00
-7.712419491877869904e-02 4.222451624655952918e-01 9.031948191461977027e-01 1.714640049999999860e+02 -2.295184780136547975e-01 -8.890819452948470758e-01 3.960486874123247958e-01 -7.216992800000000443e+02 9.702438491474322246e-01 -1.767549640749389583e-01 1.654827962854185652e-01 -2.887503999999999849e+01 0.000000000000000000e+00 0.000000000000000000e+00 0.000000000000000000e+00 1.000000000000000000e+00
-9.435594135621622192e-02 4.216800920830143795e-01 9.018219648420873202e-01 1.710761109999999974e+02 -2.140712419648730103e-01 -8.932668546373354612e-01 3.952819623634986068e-01 -7.220292970000000423e+02 9.722502042655476462e-01 -1.557569463850073110e-01 1.745546159756850568e-01 -2.884785700000000119e+01 0.000000000000000000e+00 0.000000000000000000e+00 0.000000000000000000e+00 1.000000000000000000e+00
-1.086440572745419886e-01 4.263582470201812691e-01 8.980061881840261107e-01 1.707017669999999896e+02 -2.013383061536894725e-01 -8.940686571395315418e-01 4.001301323268198207e-01 -7.223392939999999953e+02 9.734779685714974873e-01 -1.373312838307180206e-01 1.829774936633396798e-01 -2.883428599999999875e+01 0.000000000000000000e+00 0.000000000000000000e+00 0.000000000000000000e+00 1.000000000000000000e+00
-1.191460777097032575e-01 4.342339724772356080e-01 8.928858097836656071e-01 1.703953250000000139e+02 -1.921667434107556804e-01 -8.923726330882968405e-01 4.083418009976008678e-01 -7.225866089999999531e+02 9.741027434995230827e-01 -1.229306343500221887e-01 1.897680274572168257e-01 -2.883130600000000143e+01 0.000000000000000000e+00 0.000000000000000000e+00 0.000000000000000000e+00 1.000000000000000000e+00
-1.255303383560505415e-01 4.414274466651084694e-01 8.884728152751431018e-01 1.701955110000000104e+02 -1.867699314188034920e-01 -8.900588604794904546e-01 4.158271487045630543e-01 -7.227451170000000502e+02 9.743506180374861270e-01 -1.137410841018942076e-01 1.941747638528110720e-01 -2.883238199999999907e+01 0.000000000000000000e+00 0.000000000000000000e+00 0.000000000000000000e+00 1.000000000000000000e+00
-1.327413808131595041e-01 4.591558669380966240e-01 8.783823857956969405e-01 1.698024900000000059e+02 -1.833775499246885488e-01 -8.823019709322400539e-01 4.334926830670881026e-01 -7.230719599999999900e+02 9.740392189246971366e-01 -1.035331924814908433e-01 2.013168598283721633e-01 -2.883967000000000169e+01 0.000000000000000000e+00 0.000000000000000000e+00 0.000000000000000000e+00 1.000000000000000000e+00
-1.325353775200545092e-01 4.678919359713263892e-01 8.737914567896740703e-01 1.696292569999999955e+02 -1.864568180316318047e-01 -8.775988927688730401e-01 4.416492255403229317e-01 -7.232282709999999497e+02 9.734825261478172731e-01 -1.043902278178003018e-01 2.035545421281779177e-01 -2.884500500000000045e+01 0.000000000000000000e+00 0.000000000000000000e+00 0.000000000000000000e+00 1.000000000000000000e+00
-1.307637929958859746e-01 4.767363175191382529e-01 8.692659627522640875e-01 1.694582819999999970e+02 -1.916981974046064463e-01 -8.724061396112398059e-01 4.496213169773410900e-01 -7.233881840000000238e+02 9.727037737940331663e-01 -1.078425293050261635e-01 2.054686285541930668e-01 -2.885129399999999933e+01 0.000000000000000000e+00 0.000000000000000000e+00 0.000000000000000000e+00 1.000000000000000000e+00
-1.270478540295084946e-01 4.871430762813825921e-01 8.640315191112001303e-01 1.692552190000000110e+02 -2.003120785834085482e-01 -8.657432946961794995e-01 4.586541386079479032e-01 -7.235837400000000343e+02 9.714596821073385735e-01 -1.148049255028520399e-01 2.075714699090256132e-01 -2.886005799999999866e+01 0.000000000000000000e+00 0.000000000000000000e+00 0.000000000000000000e+00 1.000000000000000000e+00
-1.226198314063204065e-01 4.961789083208056894e-01 8.595178112659789260e-01 1.690701599999999871e+02 -2.098463480277563409e-01 -8.594345493855454210e-01 4.661939140978548779e-01 -7.237656859999999597e+02 9.700148901771039611e-01 -1.232020546096444513e-01 2.095050514299425515e-01 -2.886924600000000041e+01 0.000000000000000000e+00 0.000000000000000000e+00 0.000000000000000000e+00 1.000000000000000000e+00
-1.180327535221340207e-01 5.037184396429906785e-01 8.557663247987820077e-01 1.689022370000000137e+02 -2.195560918138204365e-01 -8.537000409436059645e-01 4.722196127230711138e-01 -7.239324950000000172e+02 9.684334730085618625e-01 -1.321513286218372052e-01 2.113590184971031738e-01 -2.887863000000000113e+01 0.000000000000000000e+00 0.000000000000000000e+00 0.000000000000000000e+00 1.000000000000000000e+00
-1.131308620934116521e-01 5.104197069891156513e-01 8.524512483181347910e-01 1.687342679999999859e+02 -2.299532390964190709e-01 -8.481157787690930538e-01 4.773061215110898092e-01 -7.241002809999999954e+02 9.666038050158225481e-01 -1.420258727135286780e-01 2.133207341279649838e-01 -2.888898800000000122e+01 0.000000000000000000e+00 0.000000000000000000e+00 0.000000000000000000e+00 1.000000000000000000e+00
-1.056567192023476071e-01 5.162940639540246623e-01 8.498688705990083969e-01 1.685533910000000049e+02 -2.437123786866996766e-01 -8.420318610236230406e-01 4.812344766285610032e-01 -7.242893679999999677e+02 9.640751703898754466e-01 -1.562779080578307056e-01 2.147935783276614941e-01 -2.889875599999999878e+01 0.000000000000000000e+00 0.000000000000000000e+00 0.000000000000000000e+00 1.000000000000000000e+00
-9.747364484242511395e-02 5.209939953268668544e-01 8.479765004966123287e-01 1.683560640000000035e+02 -2.591589445011641679e-01 -8.359267338099320988e-01 4.838007205316058879e-01 -7.244965210000000297e+02 9.609034967394879390e-01 -1.726028752228858099e-01 2.165010794860330878e-01 -2.890406400000000176e+01 0.000000000000000000e+00 0.000000000000000000e+00 0.000000000000000000e+00 1.000000000000000000e+00
-9.075365588789631455e-02 5.236543483106675945e-01 8.470831703193680839e-01 1.681735529999999983e+02 -2.729488506641634116e-01 -8.311006467482129345e-01 4.845313611066002779e-01 -7.246857909999999947e+02 9.577383248383107839e-01 -1.872373853428647705e-01 2.183562746198836058e-01 -2.890364800000000045e+01 0.000000000000000000e+00 0.000000000000000000e+00 0.000000000000000000e+00 1.000000000000000000e+00
-8.490839802423416627e-02 5.246260058278815475e-01 8.470880225537614772e-01 1.679892269999999996e+02 -2.860892466573392579e-01 -8.271967871684355877e-01 4.836304562837767662e-01 -7.248738399999999729e+02 9.544336052822083305e-01 -2.012784869460759463e-01 2.203258128334127375e-01 -2.889814000000000149e+01 0.000000000000000000e+00 0.000000000000000000e+00 0.000000000000000000e+00 1.000000000000000000e+00
-8.110583470314196297e-02 5.241954273300730716e-01 8.477269593113979651e-01 1.678002620000000036e+02 -2.971819622197833799e-01 -8.245608020604957566e-01 4.814378101443126390e-01 -7.250570679999999584e+02 9.513699201195641164e-01 -2.128817457453644757e-01 2.226581177951976742e-01 -2.888968500000000006e+01 0.000000000000000000e+00 0.000000000000000000e+00 0.000000000000000000e+00 1.000000000000000000e+00
-7.968391645093154951e-02 5.227092472693932734e-01 8.487788382600650605e-01 1.676051789999999926e+02 -3.056588907252746345e-01 -8.232807115157536604e-01 4.783111043731993473e-01 -7.252335209999999961e+02 9.488008832097681866e-01 -2.213230960952319026e-01 2.253729601242907554e-01 -2.888237200000000016e+01 0.000000000000000000e+00 0.000000000000000000e+00 0.000000000000000000e+00 1.000000000000000000e+00
-7.878295326241650798e-02 5.197224371875044380e-01 8.506949127384810794e-01 1.674077149999999961e+02 -3.135233081393436483e-01 -8.229635285252794308e-01 4.737448321307402010e-01 -7.254071040000000039e+02 9.463067058457388381e-01 -2.293896662910114848e-01 2.277805950257491552e-01 -2.887758099999999928e+01 0.000000000000000000e+00 0.000000000000000000e+00 0.000000000000000000e+00 1.000000000000000000e+00
-7.826966190647717536e-02 5.146784584192533041e-01 8.538032235030662553e-01 1.671899410000000046e+02 -3.214497836711178724e-01 -8.237178340477033789e-01 4.670749045383962295e-01 -7.255932010000000218e+02 9.436863338010345048e-01 -2.378970666295432967e-01 2.299153954963028545e-01 -2.887510100000000079e+01 0.000000000000000000e+00 0.000000000000000000e+00 0.000000000000000000e+00 1.000000000000000000e+00
-7.824294508204183984e-02 5.090138732554431167e-01 8.571947960518545573e-01 1.670064240000000098e+02 -3.275424335947625387e-01 -8.252240161778761074e-01 4.601318042888117299e-01 -7.257457889999999452e+02 9.415912041537503052e-01 -2.447656020701202140e-01 2.312916001577713376e-01 -2.887512600000000162e+01 0.000000000000000000e+00 0.000000000000000000e+00 0.000000000000000000e+00 1.000000000000000000e+00
-7.880284127823562745e-02 5.004676590438748018e-01 8.621613737912529052e-01 1.667835080000000119e+02 -3.339805864524150736e-01 -8.281251916083266496e-01 4.501840011557191601e-01 -7.259249879999999848e+02 9.392800860655875494e-01 -2.524693828463472900e-01 2.324051003007601701e-01 -2.887743599999999944e+01 0.000000000000000000e+00 0.000000000000000000e+00 0.000000000000000000e+00 1.000000000000000000e+00
-7.995482819177836264e-02 4.909893618579914132e-01 8.674887157716264507e-01 1.665765839999999969e+02 -3.387884864069259927e-01 -8.318528585310530632e-01 4.395943393992010062e-01 -7.260849610000000212e+02 9.374591121360587032e-01 -2.587474991106158972e-01 2.328521951304615145e-01 -2.888157500000000155e+01 0.000000000000000000e+00 0.000000000000000000e+00 0.000000000000000000e+00 1.000000000000000000e+00
-8.168663945793021297e-02 4.799269193669976064e-01 8.734972495669195425e-01 1.663670349999999871e+02 -3.425873614661197886e-01 -8.365431919537670291e-01 4.275855326826258351e-01 -7.262408450000000357e+02 9.359279847818164910e-01 -2.643210927313709990e-01 2.327512991146164500e-01 -2.888767100000000099e+01 0.000000000000000000e+00 0.000000000000000000e+00 0.000000000000000000e+00 1.000000000000000000e+00
-8.396944038000447863e-02 4.672792407309675489e-01 8.801131996874944630e-01 1.661548769999999990e+02 -3.453785794764172024e-01 -8.421306173941798257e-01 4.141613937659444078e-01 -7.263923949999999650e+02 9.346992938486264890e-01 -2.691953462249820905e-01 2.321014770519372328e-01 -2.889576299999999875e+01 0.000000000000000000e+00 0.000000000000000000e+00 0.000000000000000000e+00 1.000000000000000000e+00
-8.677783389223386878e-02 4.530768945618210419e-01 8.872378120657322675e-01 1.659401550000000043e+02 -3.471011867700692366e-01 -8.485432902263219113e-01 3.993683146604106726e-01 -7.265394900000000007e+02 9.338042480561870029e-01 -2.733049802438729525e-01 2.308982764901350015e-01 -2.890591399999999922e+01 0.000000000000000000e+00 0.000000000000000000e+00 0.000000000000000000e+00 1.000000000000000000e+00
-9.006775333761808666e-02 4.373493093028776868e-01 8.947700159599727421e-01 1.657228240000000028e+02 -3.477199985063091359e-01 -8.556937842832663677e-01 3.832478965079327837e-01 -7.266818849999999657e+02 9.332623438495128987e-01 -2.766111516032544460e-01 2.291455178728901698e-01 -2.891824000000000083e+01 0.000000000000000000e+00 0.000000000000000000e+00 0.000000000000000000e+00 1.000000000000000000e+00
-9.379493395318272420e-02 4.201511604923294785e-01 9.025937694786434484e-01 1.655028079999999875e+02 -3.472075956464367730e-01 -8.634767700097802923e-01 3.658616585253195996e-01 -7.268192749999999478e+02 9.330859531094326531e-01 -2.790714424487498180e-01 2.268694208557767711e-01 -2.893289800000000156e+01 0.000000000000000000e+00 0.000000000000000000e+00 0.000000000000000000e+00 1.000000000000000000e+00
-9.780781662740244131e-02 4.014940827173196780e-01 9.106240346869602931e-01 1.652805180000000007e+02 -3.458143407271336844e-01 -8.717053896058574169e-01 3.471918136701353519e-01 -7.269522709999999961e+02 9.331913376977081231e-01 -2.809487769595698237e-01 2.241020124204232689e-01 -2.895015100000000174e+01 0.000000000000000000e+00 0.000000000000000000e+00 0.000000000000000000e+00 1.000000000000000000e+00
-9.988393927791834603e-02 3.806435248694885476e-01 9.193115389514356917e-01 1.650612490000000037e+02 -3.473282864905113398e-01 -8.791508081975237809e-01 3.262773633723409228e-01 -7.270896000000000186e+02 9.324088481336345602e-01 -2.867130332241147883e-01 2.200213091987620051e-01 -2.896768600000000049e+01 0.000000000000000000e+00 0.000000000000000000e+00 0.000000000000000000e+00 1.000000000000000000e+00
-1.021083063720535367e-01 3.583081077701973927e-01 9.280027983125757052e-01 1.648410340000000076e+02 -3.479902173541620236e-01 -8.868028239691367887e-01 3.041110981634290722e-01 -7.272244869999999537e+02 9.319209743297086623e-01 -2.918836263076508564e-01 2.152376507441524089e-01 -2.897955299999999923e+01 0.000000000000000000e+00 0.000000000000000000e+00 0.000000000000000000e+00 1.000000000000000000e+00
-1.086557396782703300e-01 3.082404844280939304e-01 9.450829244010822139e-01 1.643736110000000110e+02 -3.436361284529905191e-01 -9.037482617767848003e-01 2.552514261611082969e-01 -7.274906620000000430e+02 9.327958734132605345e-01 -2.970301046947496637e-01 2.041200025676521979e-01 -2.898869900000000044e+01 0.000000000000000000e+00 0.000000000000000000e+00 0.000000000000000000e+00 1.000000000000000000e+00
-1.127255246988851656e-01 2.808125706807982347e-01 9.531197491548489831e-01 1.641260829999999942e+02 -3.386091842881475689e-01 -9.126730600738611754e-01 2.288486524564413704e-01 -7.276205439999999953e+02 9.341502964711171364e-01 -2.969380163654621319e-01 1.979672650714460469e-01 -2.898837100000000078e+01 0.000000000000000000e+00 0.000000000000000000e+00 0.000000000000000000e+00 1.000000000000000000e+00
-1.252860535428034494e-01 2.011960421952447564e-01 9.715058195361667703e-01 1.634125060000000076e+02 -3.165709320675904048e-01 -9.361407538145859464e-01 1.530468360251722726e-01 -7.279556880000000092e+02 9.402586079146135756e-01 -2.883758687068461724e-01 1.809781992120734484e-01 -2.897634899999999902e+01 0.000000000000000000e+00 0.000000000000000000e+00 0.000000000000000000e+00 1.000000000000000000e+00
-1.294289251814692843e-01 1.756742867854571011e-01 9.759030168458290300e-01 1.631781919999999957e+02 -3.074706445017136303e-01 -9.427819784569952954e-01 1.289338740068494693e-01 -7.280542599999999993e+02 9.427141433627005407e-01 -2.833737568285642494e-01 1.760379443324513737e-01 -2.896962200000000109e+01 0.000000000000000000e+00 0.000000000000000000e+00 0.000000000000000000e+00 1.000000000000000000e+00
-1.338990487081123948e-01 1.484396792327572490e-01 9.798146285825385382e-01 1.629208680000000129e+02 -2.966998946667026571e-01 -9.493693717516804575e-01 1.032810170582490195e-01 -7.281566159999999854e+02 9.455369994134704692e-01 -2.768816671596278089e-01 1.711616929428865508e-01 -2.896083600000000047e+01 0.000000000000000000e+00 0.000000000000000000e+00 0.000000000000000000e+00 1.000000000000000000e+00
-1.375593254239899088e-01 1.264363468726636408e-01 9.823905955262359768e-01 1.627051850000000002e+02 -2.871667987625516894e-01 -9.543115304344043093e-01 8.261193962384198730e-02 -7.282380980000000363e+02 9.479518245551117328e-01 -2.707459197650827765e-01 1.675827713495464111e-01 -2.895240400000000136e+01 0.000000000000000000e+00 0.000000000000000000e+00 0.000000000000000000e+00 1.000000000000000000e+00
-1.415032471134391179e-01 1.031726293484400286e-01 9.845467178400839625e-01 1.624667210000000068e+02 -2.762061971045110531e-01 -9.591723218388847894e-01 6.081606448354281991e-02 -7.283236689999999953e+02 9.506245145889182790e-01 -2.633322342052560883e-01 1.642229176791447365e-01 -2.894199400000000111e+01 0.000000000000000000e+00 0.000000000000000000e+00 0.000000000000000000e+00 1.000000000000000000e+00
-1.453625415503064511e-01 8.109884120042248901e-02 9.860490400938407562e-01 1.622269900000000007e+02 -2.648189289731718299e-01 -9.634597908505359021e-01 4.020157051340669807e-02 -7.284051510000000462e+02 9.532789027202576149e-01 -2.552806482485323603e-01 1.615274721472217678e-01 -2.893043300000000073e+01 0.000000000000000000e+00 0.000000000000000000e+00 0.000000000000000000e+00 1.000000000000000000e+00
-1.516304450262858650e-01 5.713401410211760290e-02 9.867846333287265681e-01 1.619381559999999922e+02 -2.466228217854383176e-01 -9.689405448477088623e-01 1.820451385818630530e-02 -7.284869380000000092e+02 9.571757372163788302e-01 -2.406032522282356700e-01 1.610114377970632837e-01 -2.891603299999999876e+01 0.000000000000000000e+00 0.000000000000000000e+00 0.000000000000000000e+00 1.000000000000000000e+00
-1.566571908844939243e-01 3.995492454602235510e-02 9.868445310932723036e-01 1.617139430000000004e+02 -2.318733991742170097e-01 -9.727425639041670236e-01 2.575096996492720614e-03 -7.285444340000000238e+02 9.600485671566689749e-01 -2.284195884193577220e-01 1.616516016832427738e-01 -2.890798200000000051e+01 0.000000000000000000e+00 0.000000000000000000e+00 0.000000000000000000e+00 1.000000000000000000e+00
-1.616962121845030298e-01 2.225728610747389202e-02 9.865895540600025937e-01 1.614667819999999949e+02 -2.165583911648942261e-01 -9.761767335212625518e-01 -1.347026903336041859e-02 -7.286055910000000040e+02 9.627859565766719863e-01 -2.158323380471251496e-01 1.626640823041604067e-01 -2.890294799999999853e+01 0.000000000000000000e+00 0.000000000000000000e+00 0.000000000000000000e+00 1.000000000000000000e+00
-1.663043976377965305e-01 5.971030847460229163e-03 9.860563848568438816e-01 1.612190249999999878e+02 -2.019946681412334022e-01 -9.789822911166864428e-01 -2.813943358414310036e-02 -7.286643679999999677e+02 9.651637173914292545e-01 -2.038578437797822218e-01 1.640151766167243230e-01 -2.890156400000000048e+01 0.000000000000000000e+00 0.000000000000000000e+00 0.000000000000000000e+00 1.000000000000000000e+00
-1.709614793738136462e-01 -9.991414617521524044e-03 9.852270521074105725e-01 1.609480440000000101e+02 -1.868132823941907050e-01 -9.814813111503821741e-01 -4.237019451967909134e-02 -7.287257080000000542e+02 9.674052770640780841e-01 -1.912971706441782827e-01 1.659289679715591215e-01 -2.890374900000000125e+01 0.000000000000000000e+00 0.000000000000000000e+00 0.000000000000000000e+00 1.000000000000000000e+00
-1.747881155327302150e-01 -2.381932374861328583e-02 9.843179133210346876e-01 1.606774900000000059e+02 -1.736050862699636543e-01 -9.832993881825020654e-01 -5.462222277714531837e-02 -7.287869259999999940e+02 9.691802663538480189e-01 -1.804299116445950146e-01 1.677338913106358742e-01 -2.890851200000000176e+01 0.000000000000000000e+00 0.000000000000000000e+00 0.000000000000000000e+00 1.000000000000000000e+00
-1.769314501924728611e-01 -3.435227511617497398e-02 9.836234966322890960e-01 1.604317470000000014e+02 -1.646282276391287935e-01 -9.842779499824281242e-01 -6.398799764633700260e-02 -7.288466799999999921e+02 9.703570521190575393e-01 -1.732536821332552879e-01 1.684943709151175972e-01 -2.891002800000000050e+01 0.000000000000000000e+00 0.000000000000000000e+00 0.000000000000000000e+00 1.000000000000000000e+00
-1.794463382977939669e-01 -4.306187101564273173e-02 9.828248505894353615e-01 1.601629489999999976e+02 -1.545352220056197823e-01 -9.854046337695878677e-01 -7.139028578944441039e-02 -7.289085690000000568e+02 9.715543612331672962e-01 -1.646917818534273104e-01 1.701726774742514936e-01 -2.890573699999999846e+01 0.000000000000000000e+00 0.000000000000000000e+00 0.000000000000000000e+00 1.000000000000000000e+00
-1.849617059466514835e-01 -5.165906811518403141e-02 9.813870327321300158e-01 1.596453860000000020e+02 -1.347330528640156011e-01 -9.878549416185449239e-01 -7.739262746388195224e-02 -7.290187989999999445e+02 9.734660609385653585e-01 -1.465399433645707961e-01 1.757551512743269762e-01 -2.888103900000000124e+01 0.000000000000000000e+00 0.000000000000000000e+00 0.000000000000000000e+00 1.000000000000000000e+00
-1.893340227401681675e-01 -5.229536170271572443e-02 9.805191599236640076e-01 1.593713989999999967e+02 -1.216650455476584736e-01 -9.896361961580032451e-01 -7.627460878827596602e-02 -7.290661619999999630e+02 9.743460599422115731e-01 -1.337362867672812761e-01 1.810092845043807241e-01 -2.886537600000000126e+01 0.000000000000000000e+00 0.000000000000000000e+00 0.000000000000000000e+00 1.000000000000000000e+00
-1.930864230285828653e-01 -5.122044842755515276e-02 9.798439155829400393e-01 1.591421510000000126e+02 -1.109751015430923970e-01 -9.910884187635603526e-01 -7.367681474009708797e-02 -7.291033330000000205e+02 9.748857164198928560e-01 -1.229642706465029350e-01 1.856815232187793430e-01 -2.885502800000000079e+01 0.000000000000000000e+00 0.000000000000000000e+00 0.000000000000000000e+00 1.000000000000000000e+00
-1.969571337050285142e-01 -4.840354651990547846e-02 9.792165154688696749e-01 1.588898320000000126e+02 -1.000990304827777122e-01 -9.925683507168401309e-01 -6.919720551915337081e-02 -7.291434329999999591e+02 9.752887119100208668e-01 -1.116475070906079725e-01 1.906482692849457428e-01 -2.884676699999999983e+01 0.000000000000000000e+00 0.000000000000000000e+00 0.000000000000000000e+00 1.000000000000000000e+00
-2.009061374630199681e-01 -4.328608503459999146e-02 9.786536868433426406e-01 1.586143649999999923e+02 -8.917510556926525056e-02 -9.940672488734102474e-01 -6.227443507539677514e-02 -7.291860960000000205e+02 9.755431945723369580e-01 -9.978286205369531203e-02 1.958541701470068175e-01 -2.884125500000000031e+01 0.000000000000000000e+00 0.000000000000000000e+00 0.000000000000000000e+00 1.000000000000000000e+00
-2.076496487800234825e-01 -2.788007443582709438e-02 9.778058727636003145e-01 1.581085359999999866e+02 -7.145112548675283670e-02 -9.964913251084792645e-01 -4.358641589100560598e-02 -7.292614139999999452e+02 9.755902623684851172e-01 -7.891603406786322494e-02 2.049290109740215804e-01 -2.883939000000000163e+01 0.000000000000000000e+00 0.000000000000000000e+00 0.000000000000000000e+00 1.000000000000000000e+00
-2.139884722883282908e-01 -4.583856827214936175e-03 9.768254306601025228e-01 1.576015620000000013e+02 -5.651493425634461498e-02 -9.982559051426982411e-01 -1.706487778253470977e-02 -7.293338619999999537e+02 9.751999774065358562e-01 -5.885691212015285723e-02 2.133561997270578825e-01 -2.884421299999999988e+01 0.000000000000000000e+00 0.000000000000000000e+00 0.000000000000000000e+00 1.000000000000000000e+00
-2.166276190056203588e-01 9.558117160249020305e-03 9.762075174266519051e-01 1.573484950000000140e+02 -5.189954989087017245e-02 -9.986507960714697818e-01 -1.739030461239101516e-03 -7.293734130000000278e+02 9.748737925521852032e-01 -5.104145278272349817e-02 2.168314061494509282e-01 -2.884772500000000051e+01 0.000000000000000000e+00 0.000000000000000000e+00 0.000000000000000000e+00 1.000000000000000000e+00
-2.184467930065394636e-01 2.483256271987896793e-02 9.755328505252509608e-01 1.570966799999999921e+02 -5.110274708318554571e-02 -9.985955982934933139e-01 1.397641976375366135e-02 -7.294194340000000238e+02 9.745098808456025274e-01 -4.679930445662573713e-02 2.194090181297614350e-01 -2.885183299999999917e+01 0.000000000000000000e+00 0.000000000000000000e+00 0.000000000000000000e+00 1.000000000000000000e+00
-2.195059377878459950e-01 3.940215043393961031e-02 9.748151690536310809e-01 1.568686219999999878e+02 -5.306265778374983505e-02 -9.981873006459586195e-01 2.839836576387905903e-02 -7.294660030000000006e+02 9.741670789062844005e-01 -4.549267380925853949e-02 2.211988223406297083e-01 -2.885589999999999833e+01 0.000000000000000000e+00 0.000000000000000000e+00 0.000000000000000000e+00 1.000000000000000000e+00
-2.201295303590962427e-01 5.584717751777373840e-02 9.738706703804062004e-01 1.566184690000000046e+02 -5.771983839553807005e-02 -9.973562265437414531e-01 4.414722675346478831e-02 -7.295217290000000503e+02 9.737614749616440024e-01 -4.649354942061463547e-02 2.227710478109670988e-01 -2.886063000000000045e+01 0.000000000000000000e+00 0.000000000000000000e+00 0.000000000000000000e+00 1.000000000000000000e+00
-2.203041035783837309e-01 7.237968282779434770e-02 9.727421464397812967e-01 1.563688349999999900e+02 -6.438738011188539778e-02 -9.961472692234614179e-01 5.953892257144365735e-02 -7.295809329999999591e+02 9.733038411661861788e-01 -4.951564936854477988e-02 2.241156693289404200e-01 -2.886557799999999929e+01 0.000000000000000000e+00 0.000000000000000000e+00 0.000000000000000000e+00 1.000000000000000000e+00
-2.195920256106284607e-01 8.863235329949555041e-02 9.715573314204442035e-01 1.561206970000000069e+02 -7.326385205709985693e-02 -9.945507007207069483e-01 7.417082767305874236e-02 -7.296442260000000033e+02 9.728369597573771621e-01 -5.489271030423433645e-02 2.248889505633367425e-01 -2.886846399999999946e+01 0.000000000000000000e+00 0.000000000000000000e+00 0.000000000000000000e+00 1.000000000000000000e+00
-2.185201872614034035e-01 1.029021644031312827e-01 9.703917107644688400e-01 1.558958590000000015e+02 -8.254668124780943639e-02 -9.928095150156345250e-01 8.669090096078900520e-02 -7.297045289999999795e+02 9.723348050821867261e-01 -6.115890332217969322e-02 2.254431533008144639e-01 -2.886677200000000099e+01 0.000000000000000000e+00 0.000000000000000000e+00 0.000000000000000000e+00 1.000000000000000000e+00
-2.174385057038321634e-01 1.177920923030051775e-01 9.689404105661835187e-01 1.556482389999999896e+02 -9.318634144071956393e-02 -9.906623450418703403e-01 9.952097208646636106e-02 -7.297714839999999867e+02 9.716155628674222333e-01 -6.865232047805734650e-02 2.263847540953231041e-01 -2.886052899999999966e+01 0.000000000000000000e+00 0.000000000000000000e+00 0.000000000000000000e+00 1.000000000000000000e+00
-2.170976729149142748e-01 1.316687253924249679e-01 9.672290045115805590e-01 1.553986969999999985e+02 -1.030051348773615982e-01 -9.884192002621742246e-01 1.114335081650955489e-01 -7.298367309999999861e+02 9.707000270958199284e-01 -7.543759875962420536e-02 2.281460630595156247e-01 -2.885627600000000115e+01 0.000000000000000000e+00 0.000000000000000000e+00 0.000000000000000000e+00 1.000000000000000000e+00
-2.168007453436850696e-01 1.452679143285606489e-01 9.653469168568636904e-01 1.551258239999999944e+02 -1.138265335820229096e-01 -9.858828461668672771e-01 1.227946818336105306e-01 -7.299076539999999795e+02 9.695570932498628336e-01 -8.326011470414265703e-02 2.302754789992407514e-01 -2.885616299999999868e+01 0.000000000000000000e+00 0.000000000000000000e+00 0.000000000000000000e+00 1.000000000000000000e+00
-2.165417163510801046e-01 1.551579934009708339e-01 9.638649709183918501e-01 1.548981479999999920e+02 -1.228123482293029534e-01 -9.837762729854714339e-01 1.307722135364370875e-01 -7.299664920000000166e+02 9.685178429962623126e-01 -9.005688088424648741e-02 2.320839201738625901e-01 -2.885852799999999974e+01 0.000000000000000000e+00 0.000000000000000000e+00 0.000000000000000000e+00 1.000000000000000000e+00
-2.163238812421908186e-01 1.643473467061567495e-01 9.623896965548629501e-01 1.546473689999999976e+02 -1.324970680581338267e-01 -9.815525372566368256e-01 1.378373808553299829e-01 -7.300307619999999815e+02 9.672892563035698776e-01 -9.769629591599339469e-02 2.341087960841751192e-01 -2.886279700000000048e+01 0.000000000000000000e+00 0.000000000000000000e+00 0.000000000000000000e+00 1.000000000000000000e+00
-2.162346609297043920e-01 1.716334555071008239e-01 9.611371017515178972e-01 1.543961329999999919e+02 -1.417473984691113020e-01 -9.795159088113306600e-01 1.430253803097596421e-01 -7.300939939999999524e+02 9.659970219622079357e-01 -1.053116391297962973e-01 2.361338862254648840e-01 -2.886827900000000113e+01 0.000000000000000000e+00 0.000000000000000000e+00 0.000000000000000000e+00 1.000000000000000000e+00
-2.163244598784694606e-01 1.772760282548165311e-01 9.600921507149645651e-01 1.541215819999999894e+02 -1.512218697841926640e-01 -9.775933724566874261e-01 1.464347780676883148e-01 -7.301616820000000416e+02 9.645390993408516911e-01 -1.135095059233276193e-01 2.382853707380730157e-01 -2.887527499999999847e+01 0.000000000000000000e+00 0.000000000000000000e+00 0.000000000000000000e+00 1.000000000000000000e+00
-2.159769785823134336e-01 1.801726993230777507e-01 9.596310453195489032e-01 1.538707430000000045e+02 -1.609730629569886828e-01 -9.759490194698378085e-01 1.470074297377745309e-01 -7.302260740000000396e+02 9.630377031688321932e-01 -1.227245281697883633e-01 2.397854717467313990e-01 -2.887982600000000133e+01 0.000000000000000000e+00 0.000000000000000000e+00 0.000000000000000000e+00 1.000000000000000000e+00
-2.156947008139968869e-01 1.808439516422593873e-01 9.595682681264385838e-01 1.535971529999999916e+02 -1.712177164082863967e-01 -9.744798204837959998e-01 1.451673966763908918e-01 -7.302962039999999888e+02 9.613325593303767569e-01 -1.329832494124021380e-01 2.411538217549680230e-01 -2.887903800000000132e+01 0.000000000000000000e+00 0.000000000000000000e+00 0.000000000000000000e+00 1.000000000000000000e+00
-2.159273955450073945e-01 1.795322390362959208e-01 9.597622283668824084e-01 1.533683169999999905e+02 -1.780598648147041774e-01 -9.737082026887795561e-01 1.420810351832910989e-01 -7.303513789999999517e+02 9.600364807627462804e-01 -1.402159447537997539e-01 2.422177624400824181e-01 -2.887435500000000133e+01 0.000000000000000000e+00 0.000000000000000000e+00 0.000000000000000000e+00 1.000000000000000000e+00
-2.168939271287950443e-01 1.768867152716248892e-01 9.600354755607023449e-01 1.531378170000000125e+02 -1.822377817584739101e-01 -9.734945138618316118e-01 1.381948710360362820e-01 -7.304003910000000133e+02 9.590341053760287338e-01 -1.449811071875607427e-01 2.433804907634735948e-01 -2.887056400000000167e+01 0.000000000000000000e+00 0.000000000000000000e+00 0.000000000000000000e+00 1.000000000000000000e+00
-2.181618830300347256e-01 1.723380861526574992e-01 9.605753363760848318e-01 1.528836520000000121e+02 -1.858203504382761606e-01 -9.736125213990152183e-01 1.324743580397662046e-01 -7.304512330000000020e+02 9.580585525717023598e-01 -1.495935902246187110e-01 2.444290645727777711e-01 -2.886895000000000167e+01 0.000000000000000000e+00 0.000000000000000000e+00 0.000000000000000000e+00 1.000000000000000000e+00
-2.209350658922309696e-01 1.577561300374970832e-01 9.624451673185270284e-01 1.523742680000000007e+02 -1.907689845044398813e-01 -9.747590913926490463e-01 1.159823620147549944e-01 -7.305452269999999544e+02 9.564491053947095089e-01 -1.579801164164946758e-01 2.454534408124897926e-01 -2.887343600000000166e+01 0.000000000000000000e+00 0.000000000000000000e+00 0.000000000000000000e+00 1.000000000000000000e+00
-2.224505058439791017e-01 1.476099113781686178e-01 9.637048752147552300e-01 1.521190339999999992e+02 -1.919984280488677142e-01 -9.757474443656961594e-01 1.051357619489026868e-01 -7.305881349999999657e+02 9.558516496175133437e-01 -1.616423177164376668e-01 2.453963835241600167e-01 -2.887920400000000143e+01 0.000000000000000000e+00 0.000000000000000000e+00 0.000000000000000000e+00 1.000000000000000000e+00
-2.240445315741536048e-01 1.355711184937743730e-01 9.651033725472442093e-01 1.518634490000000028e+02 -1.923213840967196997e-01 -9.769543024940695597e-01 9.258928694750720445e-02 -7.306281129999999848e+02 9.554143253535818392e-01 -1.648658929817589935e-01 2.449544942239009204e-01 -2.888683299999999932e+01 0.000000000000000000e+00 0.000000000000000000e+00 0.000000000000000000e+00 1.000000000000000000e+00
-2.254731318676582164e-01 1.230659678545422131e-01 9.664453602567576462e-01 1.516309809999999914e+02 -1.923252566648722128e-01 -9.780911141494443850e-01 7.967915706563144518e-02 -7.306630249999999478e+02 9.550774117602093272e-01 -1.679063428757928411e-01 2.442019606135382159e-01 -2.889458799999999883e+01 0.000000000000000000e+00 0.000000000000000000e+00 0.000000000000000000e+00 1.000000000000000000e+00
-2.265450336275380006e-01 1.076681362115610718e-01 9.680314665254572404e-01 1.513762820000000033e+02 -1.943147870205660932e-01 -9.788881937254377830e-01 6.340084960079488130e-02 -7.307051390000000310e+02 9.544208250472381305e-01 -1.737396806422738527e-01 2.426837697219798862e-01 -2.890026299999999893e+01 0.000000000000000000e+00 0.000000000000000000e+00 0.000000000000000000e+00 1.000000000000000000e+00
-2.275650555923146301e-01 9.240442609845658795e-02 9.693686437628780128e-01 1.511445919999999887e+02 -1.952098950123057619e-01 -9.796079487636292216e-01 4.755379699244760561e-02 -7.307415160000000469e+02 9.539954100322239894e-01 -1.784087687209606754e-01 2.409627956364206736e-01 -2.890060000000000073e+01 0.000000000000000000e+00 0.000000000000000000e+00 0.000000000000000000e+00 1.000000000000000000e+00
-2.288469603335366864e-01 7.271091945135015056e-02 9.707431127433456819e-01 1.508663479999999879e+02 -1.947881262952247949e-01 -9.804592375221522493e-01 2.751852851944044942e-02 -7.307816769999999451e+02 9.537749496608181055e-01 -1.827917004407447754e-01 2.385383399990130826e-01 -2.889476600000000062e+01 0.000000000000000000e+00 0.000000000000000000e+00 0.000000000000000000e+00 1.000000000000000000e+00
-2.301246994350782393e-01 5.357799975207674925e-02 9.716851448141425873e-01 1.506108700000000056e+02 -1.922902188356404030e-01 -9.813006986090104800e-01 8.568001494477492375e-03 -7.308135989999999538e+02 9.539743678160625961e-01 -1.848738403669765162e-01 2.361240536199335494e-01 -2.888435199999999980e+01 0.000000000000000000e+00 0.000000000000000000e+00 0.000000000000000000e+00 1.000000000000000000e+00
-2.316979335052105626e-01 3.374367637283322285e-02 9.722023616070164520e-01 1.503543549999999982e+02 -1.859888012751052533e-01 -9.824986662426006268e-01 -1.022431571107472459e-02 -7.308352660000000469e+02 9.548425175963123346e-01 -1.831877046538762932e-01 2.339188565592345559e-01 -2.887595400000000012e+01 0.000000000000000000e+00 0.000000000000000000e+00 0.000000000000000000e+00 1.000000000000000000e+00
-2.330832298060224739e-01 1.326845206746032901e-02 9.723662664669757705e-01 1.500977169999999887e+02 -1.792637802886447029e-01 -9.833570830930938866e-01 -2.955239765680633957e-02 -7.308535769999999729e+02 9.557911409192997310e-01 -1.811982210463861098e-01 2.315825978561592002e-01 -2.887288699999999864e+01 0.000000000000000000e+00 0.000000000000000000e+00 0.000000000000000000e+00 1.000000000000000000e+00
-2.341616280224854962e-01 -5.765042883677629071e-03 9.721805882871803473e-01 1.498643649999999923e+02 -1.729978614858518060e-01 -9.837760192180311503e-01 -4.750246238718287828e-02 -7.308675540000000410e+02 9.566818028389485473e-01 -1.793084166793992296e-01 2.293652541793237687e-01 -2.887436699999999945e+01 0.000000000000000000e+00 0.000000000000000000e+00 0.000000000000000000e+00 1.000000000000000000e+00
-2.352780008237296272e-01 -2.891325732289627692e-02 9.714979597916659770e-01 1.495842739999999935e+02 -1.652944672695945139e-01 -9.838057578654475499e-01 -6.931067652860956052e-02 -7.308812870000000430e+02 9.577692840232716609e-01 -1.768905151266527975e-01 2.266886504432398253e-01 -2.887931800000000138e+01 0.000000000000000000e+00 0.000000000000000000e+00 0.000000000000000000e+00 1.000000000000000000e+00
-2.360953867156749819e-01 -5.018659244299621819e-02 9.704330344287217525e-01 1.493275299999999959e+02 -1.578916837917213878e-01 -9.834128757323779002e-01 -8.927111533519666020e-02 -7.308909300000000258e+02 9.588165541755060417e-01 -1.742998043106632755e-01 2.242551976126162527e-01 -2.888535100000000000e+01 0.000000000000000000e+00 0.000000000000000000e+00 0.000000000000000000e+00 1.000000000000000000e+00
-2.367481268495102986e-01 -7.129155462964084644e-02 9.689519279467568857e-01 1.490708160000000078e+02 -1.502366170738229090e-01 -9.826224090075778017e-01 -1.090053219175921018e-01 -7.308977660000000469e+02 9.598850365139888208e-01 -1.713788655424971497e-01 2.219234127394065226e-01 -2.889199800000000096e+01 0.000000000000000000e+00 0.000000000000000000e+00 0.000000000000000000e+00 1.000000000000000000e+00
-2.371424372055676855e-01 -9.576516339162617630e-02 9.667432430365255902e-01 1.487677919999999858e+02 -1.422058479705385903e-01 -9.809881809078695447e-01 -1.320594022478114027e-01 -7.309057010000000218e+02 9.610103856250377108e-01 -1.687934311507539864e-01 2.190155618242051461e-01 -2.889926499999999976e+01 0.000000000000000000e+00 0.000000000000000000e+00 0.000000000000000000e+00 1.000000000000000000e+00
-2.370981368420414237e-01 -1.158832600521161882e-01 9.645493992252167637e-01 1.485120699999999943e+02 -1.377878995065914269e-01 -9.788116899162520035e-01 -1.514667304488100941e-01 -7.309157099999999900e+02 9.616646859771831313e-01 -1.688157152725558441e-01 2.161071170077961401e-01 -2.890102800000000016e+01 0.000000000000000000e+00 0.000000000000000000e+00 0.000000000000000000e+00 1.000000000000000000e+00
-2.369214882173088232e-01 -1.369087634454352331e-01 9.618337688565200549e-01 1.482332460000000083e+02 -1.320269120698042697e-01 -9.762993414980500884e-01 -1.714890383662645013e-01 -7.309231569999999465e+02 9.625160273523801768e-01 -1.676173806092787766e-01 2.132306516603005575e-01 -2.889639299999999977e+01 0.000000000000000000e+00 0.000000000000000000e+00 0.000000000000000000e+00 1.000000000000000000e+00
-2.366328074531615921e-01 -1.567811395336601854e-01 9.588663038835818497e-01 1.479545439999999985e+02 -1.255185317144786317e-01 -9.736920491036156200e-01 -1.901812075591153561e-01 -7.309272459999999683e+02 9.634573226838207827e-01 -1.653586036435022166e-01 2.107285447394225131e-01 -2.888503800000000155e+01 0.000000000000000000e+00 0.000000000000000000e+00 0.000000000000000000e+00 1.000000000000000000e+00
-2.365259630745120134e-01 -1.753746083597768346e-01 9.556668956986680286e-01 1.476753229999999917e+02 -1.159249988362095890e-01 -9.714564069047442185e-01 -2.069633883771426486e-01 -7.309224239999999782e+02 9.646848518746931056e-01 -1.597378985287401243e-01 2.094443609580418642e-01 -2.887231099999999984e+01 0.000000000000000000e+00 0.000000000000000000e+00 0.000000000000000000e+00 1.000000000000000000e+00
-2.363136895803024107e-01 -1.926361415694193002e-01 9.523902336113024836e-01 1.473961490000000083e+02 -1.050292203215201503e-01 -9.693445720627387185e-01 -2.221260081376334461e-01 -7.309110110000000304e+02 9.659838005865307720e-01 -1.525202202127740048e-01 2.088369685440030210e-01 -2.886429599999999951e+01 0.000000000000000000e+00 0.000000000000000000e+00 0.000000000000000000e+00 1.000000000000000000e+00
-2.359761598500573765e-01 -2.083461186107533336e-01 9.491612860005694818e-01 1.471171720000000107e+02 -9.474547428513882541e-02 -9.671593155262228070e-01 -2.358519736897133900e-01 -7.308973389999999881e+02 9.671290229772370184e-01 -1.455841792595715112e-01 2.084866894178443175e-01 -2.886099600000000009e+01 0.000000000000000000e+00 0.000000000000000000e+00 0.000000000000000000e+00 1.000000000000000000e+00
-2.356149528320126696e-01 -2.212269591529141821e-01 9.463319853761276157e-01 1.468614809999999977e+02 -8.578367913605118578e-02 -9.652112984687959418e-01 -2.469986026318045091e-01 -7.308828119999999444e+02 9.680530741626987012e-01 -1.393764034983536737e-01 2.084405520814331392e-01 -2.886054800000000142e+01 0.000000000000000000e+00 0.000000000000000000e+00 0.000000000000000000e+00 1.000000000000000000e+00
-2.352358160907697393e-01 -2.325841163084672036e-01 9.436994964866298741e-01 1.466058810000000108e+02 -7.720553704260929573e-02 -9.634062367489142353e-01 -2.566860495688401134e-01 -7.308665160000000469e+02 9.688670785397095475e-01 -1.332405787825321208e-01 2.086708707213923153e-01 -2.886130100000000098e+01 0.000000000000000000e+00 0.000000000000000000e+00 0.000000000000000000e+00 1.000000000000000000e+00
-2.348116715245424369e-01 -2.431673412374729670e-01 9.411339559655406140e-01 1.463272399999999891e+02 -6.816548302306678353e-02 -9.617012244559427492e-01 -2.654886472227621086e-01 -7.308466799999999921e+02 9.696478463030183681e-01 -1.264926837229671253e-01 2.092430527508118698e-01 -2.886264399999999952e+01 0.000000000000000000e+00 0.000000000000000000e+00 0.000000000000000000e+00 1.000000000000000000e+00
-2.344807561916195937e-01 -2.505127390813745025e-01 9.392881041159591993e-01 1.460951540000000080e+02 -6.093672812173116238e-02 -9.605378653834730773e-01 -2.713921965171046669e-01 -7.308286739999999782e+02 9.702089930224436776e-01 -1.208733912923258824e-01 2.099622183533690067e-01 -2.886386099999999999e+01 0.000000000000000000e+00 0.000000000000000000e+00 0.000000000000000000e+00 1.000000000000000000e+00
-2.341287068555731599e-01 -2.575395374827635364e-01 9.374738051056684673e-01 1.458167420000000050e+02 -5.263085612133057423e-02 -9.595036794324902640e-01 -2.767357623066598604e-01 -7.308052979999999934e+02 9.707799655998635702e-01 -1.141318351235822981e-01 2.110928293458840532e-01 -2.886521899999999974e+01 0.000000000000000000e+00 0.000000000000000000e+00 0.000000000000000000e+00 1.000000000000000000e+00
-2.338587329125905445e-01 -2.622594952634969001e-01 9.362318357034509209e-01 1.455616760000000056e+02 -4.536270614010141922e-02 -9.589416445205407591e-01 -2.799520446360194703e-01 -7.307824100000000271e+02 9.712117781061782029e-01 -1.079392400768918597e-01 2.123600775086001702e-01 -2.886625899999999945e+01 0.000000000000000000e+00 0.000000000000000000e+00 0.000000000000000000e+00 1.000000000000000000e+00
-2.336523882711775690e-01 -2.653447720632300388e-01 9.354136589733376139e-01 1.453066860000000133e+02 -3.843724389931582608e-02 -9.587701521152955930e-01 -2.815712586437715270e-01 -7.307580570000000080e+02 9.715601575489803965e-01 -1.017445200073482797e-01 2.138198141236563043e-01 -2.886705999999999861e+01 0.000000000000000000e+00 0.000000000000000000e+00 0.000000000000000000e+00 1.000000000000000000e+00
-2.335096026293067839e-01 -2.668145872171022726e-01 9.350311446834647100e-01 1.450518040000000042e+02 -3.185068638485398507e-02 -9.590005962420161678e-01 -2.816085761909090657e-01 -7.307322390000000496e+02 9.718327012694709666e-01 -9.553969047272811710e-02 2.154376204093852720e-01 -2.886759899999999845e+01 0.000000000000000000e+00 0.000000000000000000e+00 0.000000000000000000e+00 1.000000000000000000e+00
-2.334376388818560355e-01 -2.667073097292985695e-01 9.350797183610733976e-01 1.447970119999999952e+02 -2.560425030964216808e-02 -9.596289300215236073e-01 -2.801013013747472025e-01 -7.307054440000000568e+02 9.720346141569987664e-01 -8.932820160904279827e-02 2.171846709092261629e-01 -2.886789500000000075e+01 0.000000000000000000e+00 0.000000000000000000e+00 0.000000000000000000e+00 1.000000000000000000e+00
-2.334331730675716643e-01 -2.650657188132888864e-01 9.355474966144688986e-01 1.445422969999999907e+02 -1.970697480578473271e-02 -9.606411023490072365e-01 -2.770925975584483392e-01 -7.306774289999999610e+02 9.721731269972490042e-01 -8.311941522700055929e-02 2.190218572579279432e-01 -2.886795599999999951e+01 0.000000000000000000e+00 0.000000000000000000e+00 0.000000000000000000e+00 1.000000000000000000e+00
-2.335015586486605121e-01 -2.615938157996051672e-01 9.365071797076881532e-01 1.442645259999999894e+02 -1.365554977566506289e-02 -9.621543775101358831e-01 -2.721625980887287799e-01 -7.306457520000000159e+02 9.722605350773886324e-01 -7.633891126735319055e-02 2.210923394365907901e-01 -2.886777299999999968e+01 0.000000000000000000e+00 0.000000000000000000e+00 0.000000000000000000e+00 1.000000000000000000e+00
-2.334365785351475986e-01 -2.569577720762709627e-01 9.378059858901536261e-01 1.440104369999999960e+02 -9.523755157799643212e-03 -9.638013813036219180e-01 -2.664511127485201247e-01 -7.306180419999999458e+02 9.723253888948381052e-01 -7.113087070203411022e-02 2.225392939318185381e-01 -2.886573599999999828e+01 0.000000000000000000e+00 0.000000000000000000e+00 0.000000000000000000e+00 1.000000000000000000e+00
-2.339924075341549004e-01 -2.337445827899671535e-01 9.437218993075842111e-01 1.432014770000000112e+02 4.375004370418877908e-03 -9.709125274410133066e-01 -2.393944932425600691e-01 -7.305192260000000033e+02 9.722285804033579115e-01 -5.188770639031491105e-02 2.282087933722617978e-01 -2.885004400000000047e+01 0.000000000000000000e+00 0.000000000000000000e+00 0.000000000000000000e+00 1.000000000000000000e+00
-2.343084571287384621e-01 -2.241305127862479318e-01 9.459730758093084502e-01 1.429470829999999921e+02 8.478869772252817238e-03 -9.734949765964194812e-01 -2.285511743765978321e-01 -7.304860230000000456e+02 9.721253292067516538e-01 -4.553069052529733207e-02 2.299984794187872883e-01 -2.884724999999999895e+01 0.000000000000000000e+00 0.000000000000000000e+00 0.000000000000000000e+00 1.000000000000000000e+00
-2.346890971352303401e-01 -2.115736298157698259e-01 9.487663710589820942e-01 1.426464839999999867e+02 1.289801797040894538e-02 -9.766181606452550845e-01 -2.145940573042831589e-01 -7.304461669999999458e+02 9.719849118264570764e-01 -3.812567985568966755e-02 2.319305148471326739e-01 -2.884448199999999929e+01 0.000000000000000000e+00 0.000000000000000000e+00 0.000000000000000000e+00 1.000000000000000000e+00
-2.350395136607280056e-01 -1.989814669290633220e-01 9.514004429454964162e-01 1.423690339999999992e+02 1.658993963465742183e-02 -9.794999938392769945e-01 -2.007598963233815370e-01 -7.304091190000000324e+02 9.718442266747521208e-01 -3.140283247757365281e-02 2.335222927074384613e-01 -2.884221799999999902e+01 0.000000000000000000e+00 0.000000000000000000e+00 0.000000000000000000e+00 1.000000000000000000e+00
-2.353816277491663222e-01 -1.855752378629565436e-01 9.540216561537058215e-01 1.420915070000000071e+02 1.994514830205469658e-02 -9.823173011258176102e-01 -1.861582954587263083e-01 -7.303717040000000225e+02 9.716983484484069677e-01 -2.479013918872773059e-02 2.349207709455287119e-01 -2.884013600000000110e+01 0.000000000000000000e+00 0.000000000000000000e+00 0.000000000000000000e+00 1.000000000000000000e+00
-2.357156607060352516e-01 -1.715047041063887945e-01 9.565690062757091772e-01 1.418138730000000010e+02 2.296373269968783604e-02 -9.850127987099730476e-01 -1.709457614509462542e-01 -7.303345950000000357e+02 9.715507162667397223e-01 -1.832819813638468520e-02 2.361213308336603534e-01 -2.883819199999999938e+01 0.000000000000000000e+00 0.000000000000000000e+00 0.000000000000000000e+00 1.000000000000000000e+00
-2.359978145644852088e-01 -1.581463528461509727e-01 9.587986037757080249e-01 1.415593570000000057e+02 2.552577503404598880e-02 -9.873368595991620644e-01 -1.565706245940650942e-01 -7.303001100000000179e+02 9.714182756823642739e-01 -1.247624776625966270e-02 2.370461493295699107e-01 -2.883652299999999968e+01 0.000000000000000000e+00 0.000000000000000000e+00 0.000000000000000000e+00 1.000000000000000000e+00
-2.362964039120216964e-01 -1.419511649966163636e-01 9.612564050524452508e-01 1.412585300000000075e+02 2.828970439996651709e-02 -9.898572296578818097e-01 -1.392205355505661268e-01 -7.302596439999999802e+02 9.712691193089635355e-01 -5.703652349796375920e-03 2.379154602514586825e-01 -2.883468999999999838e+01 0.000000000000000000e+00 0.000000000000000000e+00 0.000000000000000000e+00 1.000000000000000000e+00
-2.365370513589411527e-01 -1.267586026434879831e-01 9.633184727753787424e-01 1.409806979999999896e+02 3.060602692726858282e-02 -9.919335193056865174e-01 -1.230087980331589226e-01 -7.302225339999999960e+02 9.711403062637988803e-01 3.872127393275623386e-04 2.385086070064338926e-01 -2.883314299999999974e+01 0.000000000000000000e+00 0.000000000000000000e+00 0.000000000000000000e+00 1.000000000000000000e+00
-2.367899612893891170e-01 -1.089234744056585824e-01 9.654357518530012339e-01 1.406563869999999952e+02 3.302876892844622270e-02 -9.940237016612070153e-01 -1.040479743138872787e-01 -7.301799320000000080e+02 9.709992866401300216e-01 7.249638553188803014e-03 2.389724421041204971e-01 -2.883153499999999880e+01 0.000000000000000000e+00 0.000000000000000000e+00 0.000000000000000000e+00 1.000000000000000000e+00
-2.369782659186045193e-01 -9.117451585307277673e-02 9.672272272538485760e-01 1.403320310000000006e+02 3.525135810250891455e-02 -9.957379223296358717e-01 -8.522518281932786599e-02 -7.301376950000000079e+02 9.708751944684440582e-01 1.389955731730182359e-02 2.391822716512308211e-01 -2.883015599999999878e+01 0.000000000000000000e+00 0.000000000000000000e+00 0.000000000000000000e+00 1.000000000000000000e+00
-2.371062681991721321e-01 -7.492879601347726681e-02 9.685898477212286917e-01 1.400305940000000078e+02 3.736914465371515837e-02 -9.969867464461844575e-01 -6.797774958396979317e-02 -7.300984499999999571e+02 9.707647318524257329e-01 2.007742360518163099e-02 2.391918319108453650e-01 -2.882909799999999834e+01 0.000000000000000000e+00 0.000000000000000000e+00 0.000000000000000000e+00 1.000000000000000000e+00
-2.371772094064728276e-01 -5.634618194973561867e-02 9.698309538872458280e-01 1.396827389999999980e+02 4.351245793525576611e-02 -9.979307701245884177e-01 -4.733755425640585879e-02 -7.300466310000000476e+02 9.704914411485505710e-01 3.097233956666592403e-02 2.391381961109024512e-01 -2.882844700000000060e+01 0.000000000000000000e+00 0.000000000000000000e+00 0.000000000000000000e+00 1.000000000000000000e+00
-2.373409004623170115e-01 -4.010918731799698739e-02 9.705980373256616334e-01 1.393807679999999891e+02 5.296350164291949852e-02 -9.981954048748697961e-01 -2.829843070587867437e-02 -7.299932860000000119e+02 9.699815278970301824e-01 4.468989571910839120e-02 2.390369192387616082e-01 -2.882882299999999987e+01 0.000000000000000000e+00 0.000000000000000000e+00 0.000000000000000000e+00 1.000000000000000000e+00
-2.378043754601597559e-01 -2.224180922624837894e-02 9.710583818362037434e-01 1.390547489999999868e+02 6.605413012498902170e-02 -9.977936938816054369e-01 -6.678049380788975142e-03 -7.299304809999999861e+02 9.690644616873711481e-01 6.255434735047925299e-02 2.387488695724467869e-01 -2.883071100000000087e+01 0.000000000000000000e+00 0.000000000000000000e+00 0.000000000000000000e+00 1.000000000000000000e+00
-2.386093479719936516e-01 -5.124874128234903348e-03 9.711021134389268283e-01 1.387509609999999896e+02 7.981942493086879864e-02 -9.967060084918900609e-01 1.435242278746651223e-02 -7.298695069999999987e+02 9.678297569635301301e-01 8.093743448698220710e-02 2.382324353117770410e-01 -2.883427599999999913e+01 0.000000000000000000e+00 0.000000000000000000e+00 0.000000000000000000e+00 1.000000000000000000e+00
-2.399859239233214647e-01 1.408502625637191030e-02 9.706741823876985364e-01 1.384225160000000017e+02 9.588969498533130020e-02 -9.946609815946798605e-01 3.814050456834230940e-02 -7.298023070000000416e+02 9.660289450706380787e-01 1.022308355070275510e-01 2.373540257868931858e-01 -2.884061399999999864e+01 0.000000000000000000e+00 0.000000000000000000e+00 0.000000000000000000e+00 1.000000000000000000e+00
-2.419187508571538636e-01 3.424573479708234447e-02 9.696919859583877921e-01 1.380925599999999918e+02 1.122588855332841418e-01 -9.916780452491518183e-01 6.302854265843398085e-02 -7.297358400000000529e+02 9.637807118855094002e-01 1.241043279625208134e-01 2.360611259365500425e-01 -2.884991799999999884e+01 0.000000000000000000e+00 0.000000000000000000e+00 0.000000000000000000e+00 1.000000000000000000e+00
-2.441959224613079182e-01 5.391968289435584288e-02 9.682257067697814801e-01 1.377848970000000008e+02 1.270643125532780193e-01 -9.880653992409440534e-01 8.707139196197971609e-02 -7.296766360000000304e+02 9.613651813585895045e-01 1.442894127072597843e-01 2.344302741796807921e-01 -2.886144099999999924e+01 0.000000000000000000e+00 0.000000000000000000e+00 0.000000000000000000e+00 1.000000000000000000e+00
-2.474491510674843020e-01 7.785424756667005952e-02 9.657678984993285365e-01 1.374282990000000098e+02 1.435178179271280330e-01 -9.828256662911865060e-01 1.160014897176818716e-01 -7.296121219999999994e+02 9.582126870238243388e-01 1.673093715698955597e-01 2.320259050439617277e-01 -2.887850999999999857e+01 0.000000000000000000e+00 0.000000000000000000e+00 0.000000000000000000e+00 1.000000000000000000e+00
-2.507033545435312094e-01 9.970286503375261344e-02 9.629159707496196541e-01 1.371180420000000026e+02 1.566429275038261626e-01 -9.773960882787188220e-01 1.419854917957836804e-01 -7.295609130000000278e+02 9.553066634770491783e-01 1.864302156881250117e-01 2.294187293897942681e-01 -2.889657599999999960e+01 0.000000000000000000e+00 0.000000000000000000e+00 0.000000000000000000e+00 1.000000000000000000e+00
-2.545674232243668178e-01 1.243941817893583907e-01 9.590211231093201949e-01 1.367830199999999934e+02 1.725345559928091466e-01 -9.699392971407869712e-01 1.716088192675427893e-01 -7.295045780000000377e+02 9.515394127524461343e-01 2.091502985869062026e-01 2.254526526340679404e-01 -2.891685500000000175e+01 0.000000000000000000e+00 0.000000000000000000e+00 0.000000000000000000e+00 1.000000000000000000e+00
-2.581943979036208647e-01 1.464744454399876661e-01 9.549245466131000004e-01 1.364950409999999863e+02 1.865261418496511614e-01 -9.622834977122313171e-01 1.980365330877049412e-01 -7.294564820000000509e+02 9.479154241270000281e-01 2.292503148607693830e-01 2.211348951169117560e-01 -2.892873799999999918e+01 0.000000000000000000e+00 0.000000000000000000e+00 0.000000000000000000e+00 1.000000000000000000e+00
-2.622555171754745174e-01 1.712712752885391931e-01 9.496779422372942925e-01 1.361826480000000004e+02 1.992826227908670589e-01 -9.532980657033540695e-01 2.269564587753260532e-01 -7.294104610000000548e+02 9.441972675053753594e-01 2.487748946081189683e-01 2.158762882951759388e-01 -2.893426499999999990e+01 0.000000000000000000e+00 0.000000000000000000e+00 0.000000000000000000e+00 1.000000000000000000e+00
-2.663263188008416216e-01 1.969059870848678673e-01 9.435562114490724239e-01 1.358701020000000028e+02 2.095503401377730446e-01 -9.436700784041263113e-01 2.560770159012596414e-01 -7.293717649999999821e+02 9.408288616226313517e-01 2.659225740227486590e-01 2.100624615750745217e-01 -2.893420800000000170e+01 0.000000000000000000e+00 0.000000000000000000e+00 0.000000000000000000e+00 1.000000000000000000e+00
-2.704707096392509613e-01 2.253708514271324514e-01 9.359773365601590234e-01 1.355339810000000114e+02 2.158843157561189108e-01 -9.332563974331508083e-01 2.871000850933503878e-01 -7.293439939999999524e+02 9.382108278195003814e-01 2.797149906192124558e-01 2.037644880373946921e-01 -2.893207699999999960e+01 0.000000000000000000e+00 0.000000000000000000e+00 0.000000000000000000e+00 1.000000000000000000e+00
-2.736928841294581916e-01 2.524923604320995496e-01 9.280839472269333257e-01 1.352232820000000117e+02 2.150482382676220938e-01 -9.244355473574760174e-01 3.149177257632149174e-01 -7.293379519999999729e+02 9.374681116682799242e-01 2.857735584432368747e-01 1.987133938611054806e-01 -2.893265200000000092e+01 0.000000000000000000e+00 0.000000000000000000e+00 0.000000000000000000e+00 1.000000000000000000e+00
-2.797961736198112392e-01 3.099999737174990444e-01 9.086331039109581953e-01 1.345801999999999907e+02 2.111050807523247586e-01 -9.034046816612849584e-01 3.732219527747889787e-01 -7.293512570000000323e+02 9.365621955365627249e-01 2.962431390726582014e-01 1.873266036742000651e-01 -2.895704299999999876e+01 0.000000000000000000e+00 0.000000000000000000e+00 0.000000000000000000e+00 1.000000000000000000e+00
-2.837849340009472865e-01 3.440370536560072301e-01 8.950444776354813392e-01 1.341990659999999878e+02 2.135827196659544347e-01 -8.872907285500201136e-01 4.087757146520188400e-01 -7.293606569999999465e+02 9.347986591208676810e-01 3.071704229590928592e-01 1.783193712555080079e-01 -2.898146799999999956e+01 0.000000000000000000e+00 0.000000000000000000e+00 0.000000000000000000e+00 1.000000000000000000e+00
-2.869042241603653176e-01 3.735098878790367172e-01 8.821430325154350216e-01 1.338665310000000090e+02 2.154724701515411400e-01 -8.720982718745723394e-01 4.393361114228802045e-01 -7.293734130000000278e+02 9.334117959216777782e-01 3.161249244364853217e-01 1.697275799164482679e-01 -2.899525300000000172e+01 0.000000000000000000e+00 0.000000000000000000e+00 0.000000000000000000e+00 1.000000000000000000e+00
-2.888093105130237759e-01 3.963696131935545153e-01 8.714816761686868807e-01 1.336067050000000052e+02 2.150818507664910562e-01 -8.601412015327861704e-01 4.624899035617922594e-01 -7.293906859999999597e+02 9.329142402342526230e-01 3.210112819863610301e-01 1.631648773652599471e-01 -2.900231899999999996e+01 0.000000000000000000e+00 0.000000000000000000e+00 0.000000000000000000e+00 1.000000000000000000e+00
-2.903217906191704611e-01 4.188330815729928158e-01 8.604022940879164638e-01 1.333481290000000001e+02 2.134005840408443044e-01 -8.481487901202315882e-01 4.848750566368763559e-01 -7.294141240000000153e+02 9.328308788964402298e-01 3.243801467378332193e-01 1.568568512358853584e-01 -2.900746499999999983e+01 0.000000000000000000e+00 0.000000000000000000e+00 0.000000000000000000e+00 1.000000000000000000e+00
-2.912271555896694397e-01 4.388253600355408457e-01 8.500700249019657040e-01 1.331145319999999970e+02 2.106885845907974231e-01 -8.373483514014968820e-01 5.044383596915701373e-01 -7.294412839999999960e+02 9.331650787348813036e-01 3.260061990129535792e-01 1.514030846279217080e-01 -2.901083200000000062e+01 0.000000000000000000e+00 0.000000000000000000e+00 0.000000000000000000e+00 1.000000000000000000e+00
-2.918006889043504581e-01 4.621481030923810795e-01 8.374195416653829049e-01 1.328359829999999988e+02 2.062002737820321785e-01 -8.245404076676404737e-01 5.268914150140386887e-01 -7.294808349999999564e+02 9.339881182580220820e-01 3.264234166407103954e-01 1.453063936013955781e-01 -2.901356900000000039e+01 0.000000000000000000e+00 0.000000000000000000e+00 0.000000000000000000e+00 1.000000000000000000e+00
-2.918666439221140330e-01 4.827744270435538887e-01 8.256771250061429868e-01 1.325824130000000025e+02 2.010706649597235884e-01 -8.130030921950625045e-01 5.464398958475863433e-01 -7.295233150000000251e+02 9.350852634162813981e-01 3.255070270732026150e-01 1.402167089460770455e-01 -2.901492100000000107e+01 0.000000000000000000e+00 0.000000000000000000e+00 0.000000000000000000e+00 1.000000000000000000e+00
-2.915020874523612804e-01 5.025774269202405442e-01 8.139056843155392240e-01 1.323305819999999926e+02 1.950795579222936449e-01 -8.017431138762736165e-01 5.649353462413367888e-01 -7.295719599999999900e+02 9.364670304350060093e-01 3.234561937916894392e-01 1.356672090301656031e-01 -2.901514999999999844e+01 0.000000000000000000e+00 0.000000000000000000e+00 0.000000000000000000e+00 1.000000000000000000e+00
-2.907283583045037756e-01 5.214688761461148125e-01 8.022139570516561013e-01 1.320805049999999881e+02 1.883321058483184152e-01 -7.908386339219460881e-01 5.823274620033028759e-01 -7.296261600000000271e+02 9.380874370677320107e-01 3.203817508962993887e-01 1.317098861449500780e-01 -2.901417000000000002e+01 0.000000000000000000e+00 0.000000000000000000e+00 0.000000000000000000e+00 1.000000000000000000e+00
-2.896979574849952721e-01 5.377822233827506127e-01 7.917483019511484255e-01 1.318546910000000025e+02 1.816304577426105793e-01 -7.813002194358461550e-01 5.971434868854454958e-01 -7.296799320000000080e+02 9.397262741081742199e-01 3.167968549765033948e-01 1.286634463542953855e-01 -2.901218199999999925e+01 0.000000000000000000e+00 0.000000000000000000e+00 0.000000000000000000e+00 1.000000000000000000e+00
-2.883718894275446587e-01 5.532194701480542820e-01 7.815304672481386827e-01 1.316303560000000061e+02 1.744532329948814964e-01 -7.721877218746419080e-01 6.109764248182447677e-01 -7.297380369999999630e+02 9.414922850908664653e-01 3.125289427159615441e-01 1.261663072266984154e-01 -2.900908099999999834e+01 0.000000000000000000e+00 0.000000000000000000e+00 0.000000000000000000e+00 1.000000000000000000e+00
-2.868298860704715514e-01 5.677289722145459905e-01 7.716297237438533019e-01 1.314074099999999987e+02 1.669372850684976151e-01 -7.635292655374780191e-01 6.238228943552474037e-01 -7.298002320000000509e+02 9.433242068932393698e-01 3.077448208760211745e-01 1.242278789693608276e-01 -2.900487700000000046e+01 0.000000000000000000e+00 0.000000000000000000e+00 0.000000000000000000e+00 1.000000000000000000e+00
-2.848048899970567760e-01 5.825849554081568016e-01 7.612364575910959275e-01 1.311639710000000036e+02 1.581960740546137500e-01 -7.546706038714479092e-01 6.367466386295348446e-01 -7.298731689999999617e+02 9.454417892115154487e-01 3.017731753890331436e-01 1.227712255707675837e-01 -2.899883700000000175e+01 0.000000000000000000e+00 0.000000000000000000e+00 0.000000000000000000e+00 1.000000000000000000e+00
-2.826998380898087526e-01 5.950466763404325121e-01 7.523298841068325471e-01 1.309443210000000022e+02 1.498930711855924469e-01 -7.472829407455174877e-01 6.473795437618352633e-01 -7.299436650000000100e+02 9.474243340523539336e-01 2.957831290775991273e-01 1.220633925405873316e-01 -2.899205600000000160e+01 0.000000000000000000e+00 0.000000000000000000e+00 0.000000000000000000e+00 1.000000000000000000e+00
-2.801645600582591822e-01 6.075681577739432404e-01 7.432151458000160194e-01 1.307043459999999868e+02 1.404728919156105482e-01 -7.399390763229620749e-01 6.578430891688282767e-01 -7.300253910000000133e+02 9.496184422831241978e-01 2.887059005103612686e-01 1.219578496295916636e-01 -2.898321699999999979e+01 0.000000000000000000e+00 0.000000000000000000e+00 0.000000000000000000e+00 1.000000000000000000e+00
-2.776830250745285777e-01 6.178532320735301564e-01 7.356286571373840122e-01 1.304877620000000036e+02 1.316918100625885935e-01 -7.340325404425058764e-01 6.662233084589279652e-01 -7.301032709999999497e+02 9.516035964349323084e-01 2.818751730603694661e-01 1.224621658484324888e-01 -2.897393399999999986e+01 0.000000000000000000e+00 0.000000000000000000e+00 0.000000000000000000e+00 1.000000000000000000e+00
-2.750572444952111839e-01 6.270780089593660511e-01 7.287775263619606925e-01 1.302725979999999879e+02 1.227472401513159950e-01 -7.289079644821497839e-01 6.735178500602071461e-01 -7.301845090000000482e+02 9.535599757151809186e-01 2.747113940011330913e-01 1.235193212417290548e-01 -2.896349500000000177e+01 0.000000000000000000e+00 0.000000000000000000e+00 0.000000000000000000e+00 1.000000000000000000e+00
-2.691735214579911717e-01 6.429701695998792932e-01 7.170320608944950047e-01 1.298253630000000101e+02 1.035719375321854652e-01 -7.208675355361710002e-01 6.852903399040701782e-01 -7.303654790000000503e+02 9.575063807107152547e-01 2.587264138326612062e-01 1.274447868041574394e-01 -2.893797299999999950e+01 0.000000000000000000e+00 0.000000000000000000e+00 0.000000000000000000e+00 1.000000000000000000e+00
-2.655015377424303491e-01 6.491213468684504662e-01 7.128466949464615787e-01 1.296160580000000095e+02 9.193762219404755243e-02 -7.189669423748581423e-01 6.889368689491452979e-01 -7.304614870000000337e+02 9.597168369272832678e-01 2.484512282357165813e-01 1.312081556400152837e-01 -2.892403399999999891e+01 0.000000000000000000e+00 0.000000000000000000e+00 0.000000000000000000e+00 1.000000000000000000e+00
-2.611583713040408483e-01 6.545257925169031266e-01 7.095014390598094467e-01 1.294095000000000084e+02 7.800432446831429001e-02 -7.182958393068650249e-01 6.913511499944786642e-01 -7.305655520000000251e+02 9.621390910165029675e-01 2.358963207948909513e-01 1.365331292154807752e-01 -2.891149499999999861e+01 0.000000000000000000e+00 0.000000000000000000e+00 0.000000000000000000e+00 1.000000000000000000e+00
-2.574672765551949682e-01 6.585617349658405839e-01 7.071117611396607883e-01 1.292243039999999894e+02 6.614430221004818922e-02 -7.180543238478156454e-01 6.928368634019137495e-01 -7.306609499999999571e+02 9.640205043402326757e-01 2.251542343422355263e-01 1.413153847582248324e-01 -2.890316599999999880e+01 0.000000000000000000e+00 0.000000000000000000e+00 0.000000000000000000e+00 1.000000000000000000e+00
-2.531944577865810619e-01 6.624308189771899169e-01 7.050375710665129914e-01 1.289989469999999869e+02 5.265730726664874517e-02 -7.182674738762191424e-01 6.937716079250434431e-01 -7.307791750000000093e+02 9.659812495786782582e-01 2.127845061104870206e-01 1.469795204160469493e-01 -2.889679699999999940e+01 0.000000000000000000e+00 0.000000000000000000e+00 0.000000000000000000e+00 1.000000000000000000e+00
-2.495101048474681338e-01 6.649442886952965370e-01 7.039842331405663511e-01 1.287950590000000091e+02 4.119670436765060506e-02 -7.190300436564764919e-01 6.937568939251053113e-01 -7.308884890000000496e+02 9.674954982470200804e-01 2.021011856740860257e-01 1.520117482988691260e-01 -2.889450599999999980e+01 0.000000000000000000e+00 0.000000000000000000e+00 0.000000000000000000e+00 1.000000000000000000e+00
-2.459484221693892803e-01 6.664481345087164277e-01 7.038154997172478833e-01 1.285922390000000064e+02 3.030127906802093651e-02 -7.204783573688192666e-01 6.928151045192141311e-01 -7.309997560000000476e+02 9.688091690932891797e-01 1.917232916809522569e-01 1.570062842939439207e-01 -2.889519699999999958e+01 0.000000000000000000e+00 0.000000000000000000e+00 0.000000000000000000e+00 1.000000000000000000e+00
-2.383287590903321318e-01 6.657093809144773999e-01 7.071282929942244166e-01 1.281292569999999955e+02 7.411597682842552270e-03 -7.268411702515801265e-01 6.867655942511252665e-01 -7.312614750000000186e+02 9.711562545802041591e-01 1.689169422816336197e-01 1.682931840567916115e-01 -2.890406000000000120e+01 0.000000000000000000e+00 0.000000000000000000e+00 0.000000000000000000e+00 1.000000000000000000e+00
-2.360397546854041406e-01 6.634546687310816093e-01 7.100092511700007991e-01 1.279275279999999952e+02 1.104308528559527769e-03 -7.304714679846092684e-01 6.829423218421040165e-01 -7.313710939999999709e+02 9.717427718849923624e-01 1.619856073833138010e-01 1.716876474587817614e-01 -2.890621600000000058e+01 0.000000000000000000e+00 0.000000000000000000e+00 0.000000000000000000e+00 1.000000000000000000e+00
-2.337145935472217106e-01 6.601721914940074099e-01 7.138278268189439668e-01 1.277266769999999951e+02 -5.246934650641743580e-03 -7.350058590649950485e-01 6.780404536728616982e-01 -7.314819340000000238e+02 9.722910872983607788e-01 1.547225410795980971e-01 1.752454759531418549e-01 -2.890390800000000127e+01 0.000000000000000000e+00 0.000000000000000000e+00 0.000000000000000000e+00 1.000000000000000000e+00
-2.310007013011303179e-01 6.554103103751158788e-01 7.190799684683062409e-01 1.275069730000000021e+02 -1.275701871704043588e-02 -7.410458969916984273e-01 6.713331788502802100e-01 -7.316063840000000482e+02 9.728699473577335777e-01 1.459051185043328536e-01 1.795432034982041292e-01 -2.889608399999999833e+01 0.000000000000000000e+00 0.000000000000000000e+00 0.000000000000000000e+00 1.000000000000000000e+00
-2.284956142096127574e-01 6.500480703587165898e-01 7.247256449925593147e-01 1.273080669999999941e+02 -1.981680831376947394e-02 -7.473706604744635440e-01 6.641117300351045971e-01 -7.317213130000000092e+02 9.733432325727792156e-01 1.373848684712892787e-01 1.836527961123909092e-01 -2.888430800000000076e+01 0.000000000000000000e+00 0.000000000000000000e+00 0.000000000000000000e+00 1.000000000000000000e+00
-2.254781130757101959e-01 6.431127617986970302e-01 7.318234733427657623e-01 1.270906300000000044e+02 -2.880729586848007617e-02 -7.552399455385823135e-01 6.548150611948577726e-01 -7.318518679999999677e+02 9.738222426236542439e-01 1.265646090916884292e-01 1.888164174453720312e-01 -2.886816400000000016e+01 0.000000000000000000e+00 0.000000000000000000e+00 0.000000000000000000e+00 1.000000000000000000e+00
-2.224575182513735538e-01 6.359862161622729104e-01 7.389412597933845417e-01 1.268943409999999972e+02 -3.858072441620891135e-02 -7.630821609294666796e-01 6.451489311583302744e-01 -7.319758299999999736e+02 9.741787209115996271e-01 1.150093410241536107e-01 1.942901726805285612e-01 -2.885639199999999960e+01 0.000000000000000000e+00 0.000000000000000000e+00 0.000000000000000000e+00 1.000000000000000000e+00
-2.193616695011504636e-01 6.271531242244964277e-01 7.473683273521301018e-01 1.266787869999999998e+02 -4.864139211665707840e-02 -7.721033887858668177e-01 6.336326790801856124e-01 -7.321133419999999887e+02 9.744303325156811191e-01 1.026416864672111684e-01 1.998754894241539792e-01 -2.884805300000000017e+01 0.000000000000000000e+00 0.000000000000000000e+00 0.000000000000000000e+00 1.000000000000000000e+00
-2.167607969961677927e-01 6.182041834381436507e-01 7.555384467154298012e-01 1.264830549999999931e+02 -5.704300760271019399e-02 -7.806374317278844677e-01 6.223755260844774373e-01 -7.322386470000000145e+02 9.745567465105475780e-01 9.180842970485242338e-02 2.044758178022669792e-01 -2.884379600000000110e+01 0.000000000000000000e+00 0.000000000000000000e+00 0.000000000000000000e+00 1.000000000000000000e+00
-2.150425298276736341e-01 6.074566924641797705e-01 7.646914914825411191e-01 1.262659450000000021e+02 -6.400795283217780574e-02 -7.900933763927577846e-01 6.096354964686077071e-01 -7.323734739999999874e+02 9.745048446978332723e-01 8.215122251537704257e-02 2.087857377784249624e-01 -2.884162099999999995e+01 0.000000000000000000e+00 0.000000000000000000e+00 0.000000000000000000e+00 1.000000000000000000e+00
-2.154437023162188436e-01 5.971075308015416638e-01 7.726879109914730481e-01 1.260648730000000057e+02 -6.665838869957857460e-02 -7.984167598473314031e-01 5.984039913059275850e-01 -7.324896850000000086e+02 9.742385079374846768e-01 7.741624025341647952e-02 2.118160886164432433e-01 -2.884148400000000123e+01 0.000000000000000000e+00 0.000000000000000000e+00 0.000000000000000000e+00 1.000000000000000000e+00
-2.173807054428606722e-01 5.864801997792967736e-01 7.802477838276766775e-01 1.258608020000000067e+02 -6.644396066565155801e-02 -8.063999009458331368e-01 5.876260714481720271e-01 -7.326010129999999663e+02 9.738227913702912630e-01 7.589581688991259290e-02 2.142638466619772031e-01 -2.884253100000000103e+01 0.000000000000000000e+00 0.000000000000000000e+00 0.000000000000000000e+00 1.000000000000000000e+00
-2.209581252311630661e-01 5.747599366438203017e-01 7.879267238287591679e-01 1.256334229999999934e+02 -6.359573926342360073e-02 -8.146668912209893421e-01 5.764316423444048043e-01 -7.327188720000000330e+02 9.732076288448773260e-01 7.725847252904263773e-02 2.165595520419519027e-01 -2.884468299999999985e+01 0.000000000000000000e+00 0.000000000000000000e+00 0.000000000000000000e+00 1.000000000000000000e+00
-2.257397337347088473e-01 5.633040457554281399e-01 7.948145221678759587e-01 1.254035870000000017e+02 -5.866506593251041846e-02 -8.222538830546933797e-01 5.660891818791563557e-01 -7.328332520000000159e+02 9.724196535717060108e-01 8.116097484040474264e-02 2.186616416073890456e-01 -2.884767000000000081e+01 0.000000000000000000e+00 0.000000000000000000e+00 0.000000000000000000e+00 1.000000000000000000e+00
-2.314240513815359612e-01 5.524037444183564904e-01 8.008077244849322041e-01 1.251718369999999965e+02 -5.227452037878727031e-02 -8.290256281460322008e-01 5.567619620594103091e-01 -7.329450679999999920e+02 9.714475194066448660e-01 8.698626920184390765e-02 2.207331103595932265e-01 -2.885142700000000104e+01 0.000000000000000000e+00 0.000000000000000000e+00 0.000000000000000000e+00 1.000000000000000000e+00
-2.378753563245601388e-01 5.423261709425076793e-01 8.057900713984389451e-01 1.249383930000000049e+02 -4.477051893493880219e-02 -8.348435802133984396e-01 5.486636467005729934e-01 -7.330551150000000007e+02 9.702633227571573205e-01 9.443792081210189426e-02 2.228689382236280769e-01 -2.885598399999999941e+01 0.000000000000000000e+00 0.000000000000000000e+00 0.000000000000000000e+00 1.000000000000000000e+00
-2.442167922363858990e-01 5.340928682771663993e-01 8.093843131944425950e-01 1.247251049999999992e+02 -3.734774799028178771e-02 -8.392183207936033673e-01 5.425106042875282863e-01 -7.331542970000000423e+02 9.690011889104287457e-01 1.022615181768500858e-01 2.248983721380424516e-01 -2.886085299999999876e+01 0.000000000000000000e+00 0.000000000000000000e+00 0.000000000000000000e+00 1.000000000000000000e+00
-2.508265640962712428e-01 5.269208240723719516e-01 8.120594066338692185e-01 1.245112000000000023e+02 -2.970787146466574713e-02 -8.426714236170680383e-01 5.376079558490767241e-01 -7.332533570000000509e+02 9.675760833736529731e-01 1.107217999224920646e-01 2.270180739615803855e-01 -2.886644000000000077e+01 0.000000000000000000e+00 0.000000000000000000e+00 0.000000000000000000e+00 1.000000000000000000e+00
-2.576351848540985312e-01 5.209653501802635756e-01 8.137685269391715659e-01 1.242968060000000037e+02 -2.202734661538288674e-02 -8.451470740100526235e-01 5.340797873851170774e-01 -7.333524169999999458e+02 9.659911529234000982e-01 1.196725833422236374e-01 2.292151069845054234e-01 -2.887280700000000166e+01 0.000000000000000000e+00 0.000000000000000000e+00 0.000000000000000000e+00 1.000000000000000000e+00
-2.644653770883758082e-01 5.163675161242031741e-01 8.145076136005261480e-01 1.240823520000000002e+02 -1.463533174294551209e-02 -8.466303460723716423e-01 5.319801351311439497e-01 -7.334524539999999888e+02 9.642841237862816994e-01 1.287697379087845428e-01 2.314616236282503181e-01 -2.887996499999999855e+01 0.000000000000000000e+00 0.000000000000000000e+00 0.000000000000000000e+00 1.000000000000000000e+00
-2.719789019434169508e-01 5.131435516371082306e-01 8.140707415887804554e-01 1.238664019999999937e+02 -5.811706839515040635e-03 -8.468212129520530373e-01 5.318458962500552945e-01 -7.335494999999999663e+02 9.622856649463631395e-01 1.399197223684619518e-01 2.332997435297943789e-01 -2.888639600000000129e+01 0.000000000000000000e+00 0.000000000000000000e+00 0.000000000000000000e+00 1.000000000000000000e+00
-2.797004991971903665e-01 5.114005114994168988e-01 8.125497816053962596e-01 1.236498639999999938e+02 3.359040186219131030e-03 -8.458026238125840868e-01 5.334853684973710486e-01 -7.336454469999999901e+02 9.600814275871968340e-01 1.519455112528279028e-01 2.348536012332936018e-01 -2.888922499999999971e+01 0.000000000000000000e+00 0.000000000000000000e+00 0.000000000000000000e+00 1.000000000000000000e+00
-2.939965481421158433e-01 5.128079592435381695e-01 8.065940903682586871e-01 1.232187729999999988e+02 1.840445376095889429e-02 -8.406947869159346887e-01 5.411964073551598364e-01 -7.338434449999999742e+02 9.556292721355292841e-01 1.739547992693766809e-01 2.377234150202069685e-01 -2.888325299999999984e+01 0.000000000000000000e+00 0.000000000000000000e+00 0.000000000000000000e+00 1.000000000000000000e+00
-3.048263418614613474e-01 5.207901762640587684e-01 7.974073573865553266e-01 1.227760930000000030e+02 2.509940046259923063e-02 -8.325704887896946405e-01 5.533501615549656361e-01 -7.340725099999999657e+02 9.520771614757793655e-01 1.886901521101170265e-01 2.407178952485321821e-01 -2.887460099999999841e+01 0.000000000000000000e+00 0.000000000000000000e+00 0.000000000000000000e+00 1.000000000000000000e+00
-3.093146574610264321e-01 5.265787198871439978e-01 7.918581277235112736e-01 1.225676349999999957e+02 2.714727793157398206e-02 -8.274647487836627180e-01 5.608610476947887280e-01 -7.341856080000000020e+02 9.505721792587209507e-01 1.949793355266319361e-01 2.416517964694641363e-01 -2.887360400000000027e+01 0.000000000000000000e+00 0.000000000000000000e+00 0.000000000000000000e+00 1.000000000000000000e+00
-3.130445392226293144e-01 5.328451764655837142e-01 7.861800902975428773e-01 1.223812479999999994e+02 2.853582907993518214e-02 -8.221351337936992909e-01 5.685767566835077114e-01 -7.342893679999999677e+02 9.493096559719660377e-01 2.004241494914643651e-01 2.421597352554935023e-01 -2.887449099999999902e+01 0.000000000000000000e+00 0.000000000000000000e+00 0.000000000000000000e+00 1.000000000000000000e+00
-3.204173659691427756e-01 5.512350820628331149e-01 7.703717257847527700e-01 1.219514850000000052e+02 2.986678012762844503e-02 -8.069659803733255643e-01 5.898422517630674822e-01 -7.345394290000000410e+02 9.468055170045243107e-01 2.120042235977848688e-01 2.421022968633220196e-01 -2.888313700000000139e+01 0.000000000000000000e+00 0.000000000000000000e+00 0.000000000000000000e+00 1.000000000000000000e+00
-3.234302397708250787e-01 5.628930377454504086e-01 7.606210015898099419e-01 1.217295759999999945e+02 2.942361291050821226e-02 -7.974536873257489500e-01 6.026623163711658515e-01 -7.346750489999999445e+02 9.457944443720734951e-01 2.172994354071486889e-01 2.413582904452533651e-01 -2.889131700000000080e+01 0.000000000000000000e+00 0.000000000000000000e+00 0.000000000000000000e+00 1.000000000000000000e+00
-3.255881051830729622e-01 5.746621279831792828e-01 7.508367495169239181e-01 1.215299909999999954e+02 2.830696193895021473e-02 -7.878259384513535135e-01 6.152471101996583869e-01 -7.348014530000000377e+02 9.450878803947719842e-01 2.215710481202088356e-01 2.402398155298764715e-01 -2.890085600000000099e+01 0.000000000000000000e+00 0.000000000000000000e+00 0.000000000000000000e+00 1.000000000000000000e+00
-3.271652925792553623e-01 5.875069099636052172e-01 7.401341108721762874e-01 1.213324889999999954e+02 2.651525532663606688e-02 -7.772220934763695022e-01 6.286674467850019710e-01 -7.349306639999999788e+02 9.445950521607097139e-01 2.253030140881970844e-01 2.387021978874098171e-01 -2.891238399999999942e+01 0.000000000000000000e+00 0.000000000000000000e+00 0.000000000000000000e+00 1.000000000000000000e+00
-3.303722320001434287e-01 6.141661194396510481e-01 7.166967043706031770e-01 1.209589919999999950e+02 2.404657842884072583e-02 -7.536092947372732276e-01 6.568826325542906908e-01 -7.351780400000000100e+02 9.435443552844291482e-01 2.342498849904304514e-01 2.342029909989646608e-01 -2.893768700000000038e+01 0.000000000000000000e+00 0.000000000000000000e+00 0.000000000000000000e+00 1.000000000000000000e+00
-3.325941954035567805e-01 6.289909697758300222e-01 7.026745058163996749e-01 1.207617189999999994e+02 2.385596867872913363e-02 -7.392428086221057848e-01 6.730163167850393702e-01 -7.353067630000000463e+02 9.427682609964445071e-01 2.406043013766829275e-01 2.308626782673591227e-01 -2.894676799999999872e+01 0.000000000000000000e+00 0.000000000000000000e+00 0.000000000000000000e+00 1.000000000000000000e+00
-3.338184158785794109e-01 6.428849716555602445e-01 6.893940661477625520e-01 1.205859379999999987e+02 2.280881781755578208e-02 -7.256230460623932510e-01 6.877142959491968632e-01 -7.354248049999999921e+02 9.423614078739014355e-01 2.452959605100817064e-01 2.275628895654013828e-01 -2.895066599999999823e+01 0.000000000000000000e+00 0.000000000000000000e+00 0.000000000000000000e+00 1.000000000000000000e+00
-3.341895565124819445e-01 6.588012472298350186e-01 6.740165109004410127e-01 1.203928910000000059e+02 2.070824288384298661e-02 -7.098273606388983969e-01 7.040712227928924705e-01 -7.355587160000000040e+02 9.422783606740920970e-01 2.492509473138044274e-01 2.235742746125248814e-01 -2.895017100000000099e+01 0.000000000000000000e+00 0.000000000000000000e+00 0.000000000000000000e+00 1.000000000000000000e+00
-3.335772799793134125e-01 6.750486085087978871e-01 6.580543856186495955e-01 1.202022630000000021e+02 1.776796540006092551e-02 -6.934100124705241397e-01 7.203241312153647602e-01 -7.356950679999999920e+02 9.425553021903516626e-01 2.519760519493138839e-01 2.193115855509957246e-01 -2.894479799999999869e+01 0.000000000000000000e+00 0.000000000000000000e+00 0.000000000000000000e+00 1.000000000000000000e+00
-3.322929601292718971e-01 6.898055887163959676e-01 6.432337354524815254e-01 1.200327680000000043e+02 1.454508438817347926e-02 -6.781578841484527942e-01 7.347722944473582540e-01 -7.358198849999999993e+02 9.430640641911172128e-01 2.535155497063659724e-01 2.153138102593794567e-01 -2.893697900000000089e+01 0.000000000000000000e+00 0.000000000000000000e+00 0.000000000000000000e+00 1.000000000000000000e+00
-3.298277260238947628e-01 7.078411060612352923e-01 6.246396078667392215e-01 1.198284840000000031e+02 9.972792552299158952e-03 -6.590162347397704456e-01 7.520625943085618159e-01 -7.359755249999999478e+02 9.439884610283196809e-01 2.542804965376282977e-01 2.103026736063090540e-01 -2.892519800000000174e+01 0.000000000000000000e+00 0.000000000000000000e+00 0.000000000000000000e+00 1.000000000000000000e+00
-3.265775850245250522e-01 7.241375591522278832e-01 6.074305527256614878e-01 1.196461029999999965e+02 5.043939435284139350e-03 -6.413233866088038360e-01 7.672541120538800552e-01 -7.361206049999999550e+02 9.451569391558855004e-01 2.536318379337819118e-01 2.057893368272746271e-01 -2.891329599999999900e+01 0.000000000000000000e+00 0.000000000000000000e+00 0.000000000000000000e+00 1.000000000000000000e+00
-3.202186168849405767e-01 7.407646319511880240e-01 5.905317920743273774e-01 1.194719769999999954e+02 -3.218740494061234081e-03 -6.242025403826806373e-01 7.812559300827354170e-01 -7.362752080000000205e+02 9.473382062969526451e-01 2.482719247720711619e-01 2.022656032548378890e-01 -2.890227499999999949e+01 0.000000000000000000e+00 0.000000000000000000e+00 0.000000000000000000e+00 1.000000000000000000e+00
-3.132990423308639194e-01 7.569426314594260852e-01 5.734819637563530748e-01 1.193012389999999954e+02 -1.176325419011131634e-02 -6.069317774124911580e-01 7.946668757522066251e-01 -7.364333500000000186e+02 9.495816636421652301e-01 2.422223570321158093e-01 1.990552532046915291e-01 -2.889605299999999843e+01 0.000000000000000000e+00 0.000000000000000000e+00 0.000000000000000000e+00 1.000000000000000000e+00
-3.064681583190181358e-01 7.724204229363660357e-01 5.562768718609064633e-01 1.191325149999999979e+02 -1.983676031491010683e-02 -5.894532013998770026e-01 8.075589305429329290e-01 -7.365935060000000476e+02 9.516741936591318618e-01 2.364563672017357399e-01 1.959709558403996410e-01 -2.889483800000000002e+01 0.000000000000000000e+00 0.000000000000000000e+00 0.000000000000000000e+00 1.000000000000000000e+00
-2.989912989981337033e-01 7.885734760552398637e-01 5.373602850840065726e-01 1.189493939999999981e+02 -2.832617322576141961e-02 -5.702058814343166082e-01 8.210133255240736894e-01 -7.367722780000000284e+02 9.538353270003124829e-01 2.302544801732862578e-01 1.928238660704036933e-01 -2.889876200000000139e+01 0.000000000000000000e+00 0.000000000000000000e+00 0.000000000000000000e+00 1.000000000000000000e+00
-2.913478546572154104e-01 8.037527992280888434e-01 5.187464364404343886e-01 1.187691800000000057e+02 -3.660101697037165813e-02 -5.512405878267008230e-01 8.335431481868278425e-01 -7.369537960000000112e+02 9.559167291889878459e-01 2.238643608649775185e-01 1.900209325078226485e-01 -2.890688899999999961e+01 0.000000000000000000e+00 0.000000000000000000e+00 0.000000000000000000e+00 1.000000000000000000e+00
-2.842489539812945165e-01 8.166485368014484436e-01 5.022824897411750644e-01 1.186076889999999935e+02 -4.398496981971827813e-02 -5.344489617543765059e-01 8.440554660148986699e-01 -7.371209109999999782e+02 9.577410164499058354e-01 2.178290031646903935e-01 1.878368195795991347e-01 -2.891615499999999983e+01 0.000000000000000000e+00 0.000000000000000000e+00 0.000000000000000000e+00 1.000000000000000000e+00
-2.781626508176960333e-01 8.273979890368240442e-01 4.878914914485519283e-01 1.184632799999999975e+02 -5.009538677305791499e-02 -5.197429206001094038e-01 8.528527122018938478e-01 -7.372720950000000357e+02 9.592267677218617727e-01 2.127906582157410575e-01 1.860218908139077976e-01 -2.892508499999999927e+01 0.000000000000000000e+00 0.000000000000000000e+00 0.000000000000000000e+00 1.000000000000000000e+00
-2.736016970368289059e-01 8.379825081766294481e-01 4.721519113257645062e-01 1.182995070000000055e+02 -5.418770859979044063e-02 -5.035319238853886992e-01 8.622756484239731956e-01 -7.374358519999999544e+02 9.603154708819762186e-01 2.103352505365764236e-01 1.831755408520584216e-01 -2.893320999999999898e+01 0.000000000000000000e+00 0.000000000000000000e+00 0.000000000000000000e+00 1.000000000000000000e+00
-2.624747512566054652e-01 8.582408099940308510e-01 4.410552312506598738e-01 1.179457859999999982e+02 -6.370584788455974090e-02 -4.714963977833949160e-01 8.795639327658859585e-01 -7.378011470000000145e+02 9.628336148567375741e-01 2.027655269962637674e-01 1.784308582163831036e-01 -2.893425600000000131e+01 0.000000000000000000e+00 0.000000000000000000e+00 0.000000000000000000e+00 1.000000000000000000e+00
-2.562581671494946756e-01 8.668573243460071520e-01 4.276565572943589189e-01 1.177726059999999961e+02 -6.899671292827125324e-02 -4.577055629012914961e-01 8.864226256669590631e-01 -7.379868770000000495e+02 9.641427308102652471e-01 1.976461406577257884e-01 1.771010946008834408e-01 -2.892599900000000090e+01 0.000000000000000000e+00 0.000000000000000000e+00 0.000000000000000000e+00 1.000000000000000000e+00
-2.503739864830350492e-01 8.738143735866314987e-01 4.168468632555554776e-01 1.176170809999999989e+02 -7.399733583149253890e-02 -4.465729852401637001e-01 8.916820975793614545e-01 -7.381572270000000344e+02 9.653171816467549515e-01 1.924084441158738779e-01 1.764701942268846468e-01 -2.891353200000000001e+01 0.000000000000000000e+00 0.000000000000000000e+00 0.000000000000000000e+00 1.000000000000000000e+00
-2.443444310590238144e-01 8.799472988056370459e-01 4.074169244583558114e-01 1.174632799999999975e+02 -7.911588279959969050e-02 -4.368424303698881239e-01 8.960521012292590459e-01 -7.383289180000000442e+02 9.664556255200145163e-01 1.867121912280854112e-01 1.763578224733026167e-01 -2.889653799999999961e+01 0.000000000000000000e+00 0.000000000000000000e+00 0.000000000000000000e+00 1.000000000000000000e+00
-2.374851089046149666e-01 8.854379964596776897e-01 3.995001595419397367e-01 1.173128509999999949e+02 -8.512540295702186732e-02 -4.286537191480926934e-01 8.994496399643023832e-01 -7.385039060000000291e+02 9.676541163142790003e-01 1.795982836387369219e-01 1.771721414163411612e-01 -2.887681800000000010e+01 0.000000000000000000e+00 0.000000000000000000e+00 0.000000000000000000e+00 1.000000000000000000e+00
-2.290892599437303057e-01 8.905210596713013516e-01 3.930526087692798876e-01 1.171676410000000033e+02 -9.287706643818660623e-02 -4.219462519154126845e-01 9.018509915858450299e-01 -7.386842649999999821e+02 9.689643757684132108e-01 1.700988029835535653e-01 1.793723382110284370e-01 -2.885829000000000022e+01 0.000000000000000000e+00 0.000000000000000000e+00 0.000000000000000000e+00 1.000000000000000000e+00
-2.203066574845110592e-01 8.952689817692531804e-01 3.872446603245118801e-01 1.170094679999999983e+02 -1.010172812633393646e-01 -4.158043584768428280e-01 9.038264459274381046e-01 -7.388839719999999716e+02 9.701857995013971614e-01 1.600005804786515662e-01 1.820421069212527776e-01 -2.884117900000000034e+01 0.000000000000000000e+00 0.000000000000000000e+00 0.000000000000000000e+00 1.000000000000000000e+00
-2.136248402360737819e-01 8.984944830416896622e-01 3.834997934520413820e-01 1.168808750000000032e+02 -1.071619540447496521e-01 -4.117451165895655851e-01 9.049763944821741513e-01 -7.390480959999999868e+02 9.710204648921785253e-01 1.522288504465939551e-01 1.842434092506042009e-01 -2.882979200000000120e+01 0.000000000000000000e+00 0.000000000000000000e+00 0.000000000000000000e+00 1.000000000000000000e+00
-2.058920738250696880e-01 9.016851122250357786e-01 3.802267906496550887e-01 1.167250059999999934e+02 -1.142038035133609575e-01 -4.080370243463325997e-01 9.057942801904150798e-01 -7.392495119999999815e+02 9.718878254197311772e-01 1.430725171174216936e-01 1.869874585275476120e-01 -2.881894499999999937e+01 0.000000000000000000e+00 0.000000000000000000e+00 0.000000000000000000e+00 1.000000000000000000e+00
-1.924310402070512904e-01 9.055230081768543826e-01 3.781512613058062855e-01 1.164312589999999972e+02 -1.265010319375226566e-01 -4.050285612806092672e-01 9.055105485115571007e-01 -7.396373290000000225e+02 9.731226971371973455e-01 1.264118119848762767e-01 1.924896623383349492e-01 -2.880713799999999836e+01 0.000000000000000000e+00 0.000000000000000000e+00 0.000000000000000000e+00 1.000000000000000000e+00
-1.873734941687473787e-01 9.062014011241188438e-01 3.790648945545848636e-01 1.162914659999999998e+02 -1.314296203657183693e-01 -4.055583406253646106e-01 9.045709962406069948e-01 -7.398223269999999729e+02 9.734564338343640877e-01 1.196722731040272270e-01 1.950925894968785768e-01 -2.880539699999999925e+01 0.000000000000000000e+00 0.000000000000000000e+00 0.000000000000000000e+00 1.000000000000000000e+00
-1.854922641096801439e-01 9.060297072754819325e-01 3.803981985890168560e-01 1.161616290000000049e+02 -1.341159130454508408e-01 -4.068366565449047512e-01 9.036021562387664963e-01 -7.399865720000000238e+02 9.734503283801643203e-01 1.165937580905068716e-01 1.969780539828805688e-01 -2.880640400000000056e+01 0.000000000000000000e+00 0.000000000000000000e+00 0.000000000000000000e+00 1.000000000000000000e+00
-1.863083103654226413e-01 9.050829325991001095e-01 3.822487391824780367e-01 1.160128399999999971e+02 -1.352236897216172462e-01 -4.089800331524579002e-01 9.024687729892297838e-01 -7.401663819999999987e+02 9.731411856595388876e-01 1.164483473494887789e-01 1.985850325999410637e-01 -2.880983200000000011e+01 0.000000000000000000e+00 0.000000000000000000e+00 0.000000000000000000e+00 1.000000000000000000e+00
-1.900553695249167230e-01 9.033113374720853628e-01 3.845875506424251689e-01 1.158448790000000059e+02 -1.346822303017631839e-01 -4.120125687369026179e-01 9.011694291551184399e-01 -7.403617550000000165e+02 9.724914669834847647e-01 1.194749797958201687e-01 1.999651865878112889e-01 -2.881564300000000145e+01 0.000000000000000000e+00 0.000000000000000000e+00 0.000000000000000000e+00 1.000000000000000000e+00
-1.947914754012496641e-01 9.014235200617379817e-01 3.866418479555849830e-01 1.157050930000000051e+02 -1.332639620219169818e-01 -4.148601072842612592e-01 9.000732235825661398e-01 -7.405207520000000159e+02 9.717494520385515644e-01 1.238011666487701112e-01 2.009384821261922249e-01 -2.882162900000000150e+01 0.000000000000000000e+00 0.000000000000000000e+00 0.000000000000000000e+00 1.000000000000000000e+00
-2.017017736587383425e-01 8.989476760325934013e-01 3.888566191522497273e-01 1.155474700000000041e+02 -1.308082953623126987e-01 -4.181838227636236471e-01 8.988945879485576995e-01 -7.406962889999999788e+02 9.706727483386581312e-01 1.304429612298070862e-01 2.019382318885505068e-01 -2.882950400000000002e+01 0.000000000000000000e+00 0.000000000000000000e+00 0.000000000000000000e+00 1.000000000000000000e+00
-2.098769938523909473e-01 8.961974581697687015e-01 3.908730784046523521e-01 1.153882679999999965e+02 -1.277354177452538764e-01 -4.214835574757402337e-01 8.977946724229546316e-01 -7.408716429999999491e+02 9.693478789912985949e-01 1.384981109894301010e-01 2.029358587027699223e-01 -2.883857199999999921e+01 0.000000000000000000e+00 0.000000000000000000e+00 0.000000000000000000e+00 1.000000000000000000e+00
-2.189205400196326257e-01 8.932888742633317003e-01 3.925669169388348867e-01 1.152283019999999993e+02 -1.243284984738454169e-01 -4.245843900832290685e-01 8.968113068895215978e-01 -7.410471189999999524e+02 9.677893477532968358e-01 1.475231602664544561e-01 2.040115084014785807e-01 -2.884878900000000002e+01 0.000000000000000000e+00 0.000000000000000000e+00 0.000000000000000000e+00 1.000000000000000000e+00
-2.296250953306090137e-01 8.900292853610060062e-01 3.938530015046042831e-01 1.150518950000000018e+02 -1.203826337851360284e-01 -4.275311021864085514e-01 8.959493167284791060e-01 -7.412407839999999624e+02 9.658055379202186153e-01 1.583193856198656380e-01 2.053159396140147031e-01 -2.886140100000000075e+01 0.000000000000000000e+00 0.000000000000000000e+00 0.000000000000000000e+00 1.000000000000000000e+00
-2.386975173480240797e-01 8.874176345736521920e-01 3.943519203193940892e-01 1.149077989999999971e+02 -1.171813350991564029e-01 -4.294445531728952603e-01 8.954584917540912015e-01 -7.414001459999999497e+02 9.639979408257410842e-01 1.675330343479649597e-01 2.064961318908774546e-01 -2.887279300000000148e+01 0.000000000000000000e+00 0.000000000000000000e+00 0.000000000000000000e+00 1.000000000000000000e+00
-2.499587634558779470e-01 8.844105634027941143e-01 3.941301459076185787e-01 1.147323910000000069e+02 -1.134382892859543968e-01 -4.309967824686685711e-01 8.951946872192280136e-01 -7.415961300000000165e+02 9.615884624388360002e-01 1.790523075618057902e-01 2.080574441381704831e-01 -2.888805400000000034e+01 0.000000000000000000e+00 0.000000000000000000e+00 0.000000000000000000e+00 1.000000000000000000e+00
-2.601408500398776358e-01 8.819612679756585472e-01 3.930280650682574373e-01 1.145741270000000043e+02 -1.103286955772709854e-01 -4.315268954870589146e-01 8.953279384692061083e-01 -7.417759399999999914e+02 9.592467446245245277e-01 1.895490972335909241e-01 2.095634096525033352e-01 -2.890319999999999823e+01 0.000000000000000000e+00 0.000000000000000000e+00 0.000000000000000000e+00 1.000000000000000000e+00
-2.734121875291627424e-01 8.792000670628626890e-01 3.901961273349285331e-01 1.143965529999999973e+02 -1.054595315737497652e-01 -4.306063006111608971e-01 8.963573512133515830e-01 -7.419713130000000092e+02 9.560983542035637051e-01 2.039251233924556650e-01 2.104530378459965878e-01 -2.891955600000000004e+01 0.000000000000000000e+00 0.000000000000000000e+00 0.000000000000000000e+00 1.000000000000000000e+00
-2.847427445880900132e-01 8.771136827942098702e-01 3.867727457559799187e-01 1.142504880000000043e+02 -1.012234297701201657e-01 -4.287305882215149966e-01 8.977437830410229802e-01 -7.421308589999999867e+02 9.532446625447295041e-01 2.164755648529687049e-01 2.108623796497915148e-01 -2.892966699999999847e+01 0.000000000000000000e+00 0.000000000000000000e+00 0.000000000000000000e+00 1.000000000000000000e+00
-2.975527397340460567e-01 8.751741523450017324e-01 3.814873132149623758e-01 1.140743329999999958e+02 -9.702614989805102841e-02 -4.252384741879915442e-01 8.998656379183671561e-01 -7.423279420000000073e+02 9.497622298832082421e-01 2.307432407189355938e-01 2.114456515272882253e-01 -2.893703800000000115e+01 0.000000000000000000e+00 0.000000000000000000e+00 0.000000000000000000e+00 1.000000000000000000e+00
-3.071778602115653456e-01 8.741380464247221482e-01 3.761973391567439151e-01 1.139321819999999974e+02 -9.434659798328121072e-02 -4.213352825839678517e-01 9.019840902692625173e-01 -7.424909059999999954e+02 9.469638227750969417e-01 2.415766036739860345e-01 2.118968213837025827e-01 -2.893894200000000083e+01 0.000000000000000000e+00 0.000000000000000000e+00 0.000000000000000000e+00 1.000000000000000000e+00
-3.177089622584432504e-01 8.736310835624043758e-01 3.685508718402970563e-01 1.137614750000000043e+02 -9.199472482300868892e-02 -4.152566639963143347e-01 9.050408132296530184e-01 -7.426923829999999498e+02 9.437149918833560580e-01 2.536348415345024421e-01 2.123002149183223497e-01 -2.893693400000000082e+01 0.000000000000000000e+00 0.000000000000000000e+00 0.000000000000000000e+00 1.000000000000000000e+00
-3.267912708916581588e-01 8.740135100918310362e-01 3.595940064099679701e-01 1.135948489999999964e+02 -9.061355089907274785e-02 -4.077064486819562683e-01 9.086058750066549061e-01 -7.428966060000000198e+02 9.407426054253503755e-01 2.643403788302206570e-01 2.124323761986843806e-01 -2.893254999999999910e+01 0.000000000000000000e+00 0.000000000000000000e+00 0.000000000000000000e+00 1.000000000000000000e+00
-3.332078138822963109e-01 8.749834795178588198e-01 3.512498588449554093e-01 1.134618229999999954e+02 -9.015405907088980264e-02 -4.003995760760314382e-01 9.118949638588734752e-01 -7.430659180000000106e+02 9.385333230103355406e-01 2.721839268747411333e-01 2.122995797221984282e-01 -2.892850699999999975e+01 0.000000000000000000e+00 0.000000000000000000e+00 0.000000000000000000e+00 1.000000000000000000e+00
-3.362799062978353293e-01 8.771975495819482882e-01 3.426956136686671872e-01 1.133371580000000023e+02 -9.170965231392902428e-02 -3.926603683825437008e-01 9.150995436421893725e-01 -7.432404790000000503e+02 9.372860632127084646e-01 2.763010932101253037e-01 2.124912741693462948e-01 -2.892354200000000120e+01 0.000000000000000000e+00 0.000000000000000000e+00 0.000000000000000000e+00 1.000000000000000000e+00
-3.373457317774568587e-01 8.810326719026315700e-01 3.316312534904423681e-01 1.131928180000000026e+02 -9.517893440281227635e-02 -3.823975827971042851e-01 9.190827270256345383e-01 -7.434582520000000159e+02 9.365569004056706337e-01 2.784843257905940672e-01 2.128559432843747934e-01 -2.891857299999999853e+01 0.000000000000000000e+00 0.000000000000000000e+00 0.000000000000000000e+00 1.000000000000000000e+00
-3.378801978443133347e-01 8.849371173420941261e-01 3.205047117515630317e-01 1.130649719999999974e+02 -9.844711586832377570e-02 -3.718932371868937103e-01 9.230404029682892642e-01 -7.436582029999999577e+02 9.360262481799838108e-01 2.803243094790704437e-01 2.127748674848273513e-01 -2.891675899999999899e+01 0.000000000000000000e+00 0.000000000000000000e+00 0.000000000000000000e+00 1.000000000000000000e+00
-3.380510467929933593e-01 8.891740464734511074e-01 3.083682941552040035e-01 1.129402539999999959e+02 -1.017531326935576796e-01 -3.602693800332052998e-01 9.272821974984406523e-01 -7.438594970000000330e+02 9.356109179296747680e-01 2.820912775831945218e-01 2.122656857861685009e-01 -2.891762400000000000e+01 0.000000000000000000e+00 0.000000000000000000e+00 0.000000000000000000e+00 1.000000000000000000e+00
-3.377057283680752198e-01 8.937361269270073239e-01 2.952805046949426027e-01 1.128190919999999977e+02 -1.051496633714121831e-01 -3.475683177383322997e-01 9.317402067086213435e-01 -7.440627439999999524e+02 9.353600319236793359e-01 2.836053594875420636e-01 2.113518647887346613e-01 -2.892113300000000109e+01 0.000000000000000000e+00 0.000000000000000000e+00 0.000000000000000000e+00 1.000000000000000000e+00
-3.367939705352401836e-01 8.985804642663519637e-01 2.812880563585575255e-01 1.127016679999999980e+02 -1.086516335516640175e-01 -3.338343300413633141e-01 9.363490068411399747e-01 -7.442674560000000383e+02 9.352885351257453905e-01 2.847942929988263594e-01 2.100656248357543332e-01 -2.892735100000000159e+01 0.000000000000000000e+00 0.000000000000000000e+00 0.000000000000000000e+00 1.000000000000000000e+00
-3.350148141566606230e-01 9.041988788612924655e-01 2.649329382344895456e-01 1.125771940000000058e+02 -1.126492107464173720e-01 -3.176025210200266735e-01 9.415087859175468310e-01 -7.444947509999999511e+02 9.354545577492192621e-01 2.855749045481855153e-01 2.082588396167311950e-01 -2.893739100000000164e+01 0.000000000000000000e+00 0.000000000000000000e+00 0.000000000000000000e+00 1.000000000000000000e+00
-3.326446663090842915e-01 9.095142634146433647e-01 2.492615706871730286e-01 1.124684910000000002e+02 -1.164149613034868858e-01 -3.018949549450026248e-01 9.462066333330485524e-01 -7.447033689999999524e+02 9.358392398060819684e-01 2.857328136985204381e-01 2.063048143284615665e-01 -2.894955799999999968e+01 0.000000000000000000e+00 0.000000000000000000e+00 0.000000000000000000e+00 1.000000000000000000e+00
-3.317634299003456300e-01 9.138536642102776941e-01 2.341036244704636782e-01 1.123700869999999981e+02 -1.190304635788146381e-01 -2.867267530198806536e-01 9.505890373041807617e-01 -7.448906250000000000e+02 9.358230470131472245e-01 2.875052164955025358e-01 2.039018763202125606e-01 -2.896272899999999950e+01 0.000000000000000000e+00 0.000000000000000000e+00 0.000000000000000000e+00 1.000000000000000000e+00
-3.328173625270657854e-01 9.183435479640262855e-01 2.141908754204333576e-01 1.122464449999999943e+02 -1.208676422612569024e-01 -2.668100430277394186e-01 9.561398506462015501e-01 -7.451173099999999749e+02 9.352131394793019581e-01 2.923311971931490949e-01 1.997970342444744807e-01 -2.897599800000000059e+01 0.000000000000000000e+00 0.000000000000000000e+00 0.000000000000000000e+00 1.000000000000000000e+00
-3.320775782996486236e-01 9.231238231586920140e-01 1.938217972972094416e-01 1.121275940000000020e+02 -1.232150317667889960e-01 -2.461747482745734739e-01 9.613615601107938780e-01 -7.453457029999999577e+02 9.351697909670468878e-01 2.953648598408926684e-01 1.954918454407239548e-01 -2.898293899999999823e+01 0.000000000000000000e+00 0.000000000000000000e+00 0.000000000000000000e+00 1.000000000000000000e+00
-3.297065670480308075e-01 9.280756301400641117e-01 1.731161586494036619e-01 1.120137179999999972e+02 -1.259774850774315613e-01 -2.249793847418107839e-01 9.661852564051895964e-01 -7.455757449999999835e+02 9.356405575320942969e-01 2.967488857288588799e-01 1.910938144464983668e-01 -2.898506899999999931e+01 0.000000000000000000e+00 0.000000000000000000e+00 0.000000000000000000e+00 1.000000000000000000e+00
-3.262668295378536309e-01 9.326292422582609376e-01 1.541189554470822620e-01 1.119147109999999969e+02 -1.287562230848267597e-01 -2.053675230142277264e-01 9.701783421144440922e-01 -7.457866209999999683e+02 9.364677201912769977e-01 2.966932371588257289e-01 1.870864293955317725e-01 -2.898415400000000020e+01 0.000000000000000000e+00 0.000000000000000000e+00 0.000000000000000000e+00 1.000000000000000000e+00
-3.212416059917625466e-01 9.375889552342533406e-01 1.331569810508428375e-01 1.118107600000000019e+02 -1.320097445719303209e-01 -1.835724436266552295e-01 9.741019378273468865e-01 -7.460201419999999644e+02 9.377511705766552463e-01 2.953440518508537727e-01 1.827419851003958262e-01 -2.898091499999999954e+01 0.000000000000000000e+00 0.000000000000000000e+00 0.000000000000000000e+00 1.000000000000000000e+00
-3.156455087073650190e-01 9.419842019343627193e-01 1.141651266322185054e-01 1.117207339999999931e+02 -1.350919116136137799e-01 -1.637025075185352674e-01 9.772162833522184400e-01 -7.462338869999999815e+02 9.392114182916688758e-01 2.930311456794749136e-01 1.789264078114967127e-01 -2.897639099999999956e+01 0.000000000000000000e+00 0.000000000000000000e+00 0.000000000000000000e+00 1.000000000000000000e+00
-3.098743400403930481e-01 9.457933278528256604e-01 9.722589353463412243e-02 1.116432570000000055e+02 -1.379228688498668198e-01 -1.458934231527984071e-01 9.796389086438843652e-01 -7.464273070000000416e+02 9.407205619272669406e-01 2.901552861311261222e-01 1.756551573322316373e-01 -2.897125199999999978e+01 0.000000000000000000e+00 0.000000000000000000e+00 0.000000000000000000e+00 1.000000000000000000e+00
-3.027599996835800833e-01 9.498141104879194163e-01 7.867361762141594772e-02 1.115609510000000029e+02 -1.410964605217608914e-01 -1.263072584738343385e-01 9.819054258354288356e-01 -7.466433719999999994e+02 9.425646775791194365e-01 2.861811174324159213e-01 1.722561946790421294e-01 -2.896449700000000149e+01 0.000000000000000000e+00 0.000000000000000000e+00 0.000000000000000000e+00 1.000000000000000000e+00
-2.950391625748716717e-01 9.535672908756938071e-01 6.050879538636011468e-02 1.114824219999999997e+02 -1.442732447083008296e-01 -1.070616868727931048e-01 9.837291426329153321e-01 -7.468605959999999868e+02 9.445301072006424548e-01 2.815088221991310369e-01 1.691616375411424400e-01 -2.895675699999999964e+01 0.000000000000000000e+00 0.000000000000000000e+00 0.000000000000000000e+00 1.000000000000000000e+00
-2.766259430314909618e-01 9.606694041258262429e-01 2.433893215545873678e-02 1.113305050000000023e+02 -1.509094582271827134e-01 -6.843970701884710683e-02 9.861756141381474716e-01 -7.473201900000000251e+02 9.490544889833860687e-01 2.691287841902164080e-01 1.639062978069463772e-01 -2.893725799999999992e+01 0.000000000000000000e+00 0.000000000000000000e+00 0.000000000000000000e+00 1.000000000000000000e+00
-2.634926399353184623e-01 9.646206182542083063e-01 8.870825146843175357e-03 1.112717970000000065e+02 -1.553934824040998919e-01 -5.151888815063129790e-02 9.865083222102335458e-01 -7.475435790000000225e+02 9.520632827319011060e-01 2.585592137259702938e-01 1.634706049146595064e-01 -2.892691800000000057e+01 0.000000000000000000e+00 0.000000000000000000e+00 0.000000000000000000e+00 1.000000000000000000e+00
-2.494320217040941479e-01 9.683753569437167918e-01 -5.730149451582788878e-03 1.112186279999999954e+02 -1.601047349941255304e-01 -3.540223915063409055e-02 9.864649792545006068e-01 -7.477688600000000179e+02 9.550655162767993644e-01 2.469733781751597412e-01 1.638719319825099607e-01 -2.891974099999999837e+01 0.000000000000000000e+00 0.000000000000000000e+00 0.000000000000000000e+00 1.000000000000000000e+00
-2.347690267809575404e-01 9.718246008162705341e-01 -2.098688429991507620e-02 1.111626660000000015e+02 -1.648239575782164401e-01 -1.852120561552303424e-02 9.861490901231930728e-01 -7.480173340000000053e+02 9.579752434549526630e-01 2.349764034766970711e-01 1.645281821955745516e-01 -2.891645099999999857e+01 0.000000000000000000e+00 0.000000000000000000e+00 0.000000000000000000e+00 1.000000000000000000e+00
-2.219848528396394793e-01 9.744582648581940898e-01 -3.396785479422126386e-02 1.111143040000000042e+02 -1.687572683327328016e-01 -4.085520665150499386e-03 9.856491733399712629e-01 -7.482436519999999973e+02 9.603352068390690333e-01 2.245315090815815928e-01 1.653538385853501880e-01 -2.891731499999999855e+01 0.000000000000000000e+00 0.000000000000000000e+00 0.000000000000000000e+00 1.000000000000000000e+00
-2.099328272660120065e-01 9.766338528479737713e-01 -4.598397011374333321e-02 1.110677490000000063e+02 -1.723173770742759681e-01 9.337182914296332514e-03 9.849972276983662844e-01 -7.484703980000000456e+02 9.624109982717056200e-01 2.147070899773638186e-01 1.663308026768090253e-01 -2.892134300000000025e+01 0.000000000000000000e+00 0.000000000000000000e+00 0.000000000000000000e+00 1.000000000000000000e+00
-1.993091311053247772e-01 9.780657319559966645e-01 -6.052515370836597519e-02 1.110001910000000009e+02 -1.749270365382567527e-01 2.526186735516267046e-02 9.842572681701029502e-01 -7.487615970000000516e+02 9.641972838304326832e-01 2.067589466773108176e-01 1.660552191980280146e-01 -2.892528300000000030e+01 0.000000000000000000e+00 0.000000000000000000e+00 0.000000000000000000e+00 1.000000000000000000e+00
-1.901488713800329466e-01 9.791960526445941948e-01 -7.084135231730542825e-02 1.109456710000000044e+02 -1.770045190320452821e-01 3.678206555443247483e-02 9.835224857092914608e-01 -7.490084229999999934e+02 9.656670269586373756e-01 1.995549301290106547e-01 1.663280580842320666e-01 -2.892251600000000167e+01 0.000000000000000000e+00 0.000000000000000000e+00 0.000000000000000000e+00 1.000000000000000000e+00
-1.690334958320174330e-01 9.817969253768957794e-01 -8.661682635193745927e-02 1.108362730000000056e+02 -1.819700494109909306e-01 5.528325504137857060e-02 9.817487778598920078e-01 -7.495485840000000053e+02 9.686663916974559418e-01 1.817100961215535326e-01 1.693129131617754912e-01 -2.889685400000000115e+01 0.000000000000000000e+00 0.000000000000000000e+00 0.000000000000000000e+00 1.000000000000000000e+00
-1.568632349249973745e-01 9.834375572032916235e-01 -9.079921040894212148e-02 1.107890009999999990e+02 -1.850854209183178667e-01 6.103595696543892557e-02 9.808251622592081276e-01 -7.498204349999999749e+02 9.701223183147340556e-01 1.706610179254048343e-01 1.724456565655118623e-01 -2.887622999999999962e+01 0.000000000000000000e+00 0.000000000000000000e+00 0.000000000000000000e+00 1.000000000000000000e+00
-1.308456446398046369e-01 9.870561329748273049e-01 -9.273406944361950455e-02 1.107198869999999999e+02 -1.925183142298386163e-01 6.646045393641619725e-02 9.790401966970848635e-01 -7.503250729999999749e+02 9.725307789293330396e-01 1.459561523860696264e-01 1.813303218321727917e-01 -2.884582899999999839e+01 0.000000000000000000e+00 0.000000000000000000e+00 0.000000000000000000e+00 1.000000000000000000e+00
-1.191095403672854380e-01 9.886588459153637931e-01 -9.146914117228155394e-02 1.106874159999999989e+02 -1.958570994807378174e-01 6.691900232481187705e-02 9.783464844884168787e-01 -7.505776980000000549e+02 9.733719299304280925e-01 1.344452807693620744e-01 1.856651623282112307e-01 -2.883623700000000056e+01 0.000000000000000000e+00 0.000000000000000000e+00 0.000000000000000000e+00 1.000000000000000000e+00
-1.071626050855087331e-01 9.903106631163535178e-01 -8.832308072828737311e-02 1.106535339999999934e+02 -1.992550219008731860e-01 6.564093489482286659e-02 9.777467483522592762e-01 -7.508537599999999657e+02 9.740706403123799983e-01 1.223767060521809280e-01 1.902901192843396982e-01 -2.882986999999999966e+01 0.000000000000000000e+00 0.000000000000000000e+00 0.000000000000000000e+00 1.000000000000000000e+00
-9.690580758927269667e-02 9.917716972400432152e-01 -8.365503576638189109e-02 1.106239549999999952e+02 -2.022126903576716983e-01 6.267905247723881690e-02 9.773338038965335706e-01 -7.511069949999999835e+02 9.745354238373189482e-01 1.116254313951768329e-01 1.944748589202661693e-01 -2.882739600000000024e+01 0.000000000000000000e+00 0.000000000000000000e+00 0.000000000000000000e+00 1.000000000000000000e+00
-7.815634573812224595e-02 9.945670847854495289e-01 -6.875972281965747612e-02 1.105687410000000028e+02 -2.079024811441983478e-01 5.119434802974487386e-02 9.768089358026451618e-01 -7.516145629999999755e+02 9.750221248540722474e-01 9.063913388367283996e-02 2.027718014267967384e-01 -2.882956700000000083e+01 0.000000000000000000e+00 0.000000000000000000e+00 0.000000000000000000e+00 1.000000000000000000e+00
-6.733754786840767670e-02 9.961838757249632526e-01 -5.552783439555986078e-02 1.105358350000000058e+02 -2.114397340771769218e-01 4.014196880359294228e-02 9.765663629236591703e-01 -7.519384770000000344e+02 9.750686609159595619e-01 7.750037474852727870e-02 2.079297920294135849e-01 -2.883302499999999924e+01 0.000000000000000000e+00 0.000000000000000000e+00 0.000000000000000000e+00 1.000000000000000000e+00
-5.871145966042645714e-02 9.973900074641464109e-01 -4.202543890564186535e-02 1.105086589999999944e+02 -2.144244547283419844e-01 2.851570745920317673e-02 9.763242328461145814e-01 -7.522162479999999505e+02 9.749744190074913774e-01 6.633270263430296465e-02 2.121906096938170894e-01 -2.883626200000000139e+01 0.000000000000000000e+00 0.000000000000000000e+00 0.000000000000000000e+00 1.000000000000000000e+00
-5.117015666925589512e-02 9.983295480899168073e-01 -2.682775572100948303e-02 1.104811629999999951e+02 -2.172752511023424149e-01 1.509092095735359296e-02 9.759937137928054174e-01 -7.524944460000000390e+02 9.747682187704200807e-01 5.577075860378144512e-02 2.161400984544535331e-01 -2.883956500000000034e+01 0.000000000000000000e+00 0.000000000000000000e+00 0.000000000000000000e+00 1.000000000000000000e+00
-4.745738956376061024e-02 9.988126148409079974e-01 -1.100711635541806732e-02 1.104473569999999967e+02 -2.195075494592802490e-01 3.217878232572579655e-04 9.756107482920524099e-01 -7.527714839999999867e+02 9.744558645244920658e-01 4.871608448207881414e-02 2.192316382426583998e-01 -2.884325600000000023e+01 0.000000000000000000e+00 0.000000000000000000e+00 0.000000000000000000e+00 1.000000000000000000e+00
-4.745093051749604829e-02 9.988611591346514551e-01 4.979353894277838144e-03 1.104071430000000049e+02 -2.210774078433024870e-01 -1.536336863176934742e-02 9.751352453098856010e-01 -7.530479739999999538e+02 9.741012210927106896e-01 4.517025211867947698e-02 2.215546419943059675e-01 -2.884724999999999895e+01 0.000000000000000000e+00 0.000000000000000000e+00 0.000000000000000000e+00 1.000000000000000000e+00
-5.065181873615182129e-02 9.984696424454128083e-01 2.219834168692985665e-02 1.103580249999999978e+02 -2.221924012848229824e-01 -3.293594685324124915e-02 9.744463865273270686e-01 -7.533463749999999663e+02 9.736862585401955261e-01 4.442517889452035629e-02 2.235206330748588099e-01 -2.885178600000000060e+01 0.000000000000000000e+00 0.000000000000000000e+00 0.000000000000000000e+00 1.000000000000000000e+00
-5.534144591816730907e-02 9.978022620712645452e-01 3.644132501919605804e-02 1.103130040000000065e+02 -2.227709134309157069e-01 -4.791641802995311172e-02 9.736925269366787372e-01 -7.535986329999999498e+02 9.732987437024885891e-01 4.576748505923072807e-02 2.249330852020464122e-01 -2.885575299999999999e+01 0.000000000000000000e+00 0.000000000000000000e+00 0.000000000000000000e+00 1.000000000000000000e+00
-6.198197818721845609e-02 9.967538859919891081e-01 5.138020182782526701e-02 1.102612000000000023e+02 -2.231144012315992575e-01 -6.401378045786570992e-02 9.726881308387376190e-01 -7.538737180000000535e+02 9.728197152314832508e-01 4.882547154263899847e-02 2.263578471923932134e-01 -2.886020900000000111e+01 0.000000000000000000e+00 0.000000000000000000e+00 0.000000000000000000e+00 1.000000000000000000e+00
-6.909301339298978828e-02 9.955359901889245799e-01 6.429811613751590382e-02 1.102118760000000037e+02 -2.232394817372648221e-01 -7.824679112631272027e-02 9.716180182932552256e-01 -7.541256710000000112e+02 9.723118271902041476e-01 5.277813862758451435e-02 2.276492450878191409e-01 -2.886443099999999973e+01 0.000000000000000000e+00 0.000000000000000000e+00 0.000000000000000000e+00 1.000000000000000000e+00
-7.832873445195337458e-02 9.939385327554346450e-01 7.714144452322141410e-02 1.101550979999999953e+02 -2.227246645692891325e-01 -9.287041233803111639e-02 9.704477370289765759e-01 -7.543992309999999861e+02 9.717295576196356421e-01 5.883264073741689693e-02 2.286490481769146155e-01 -2.886693800000000110e+01 0.000000000000000000e+00 0.000000000000000000e+00 0.000000000000000000e+00 1.000000000000000000e+00
-8.755117677429463674e-02 9.922962169004674315e-01 8.765277731171111641e-02 1.101012649999999979e+02 -2.219241808556215445e-01 -1.052083187454312951e-01 9.693713775526492382e-01 -7.546493530000000192e+02 9.711253520514215865e-01 6.541733403143179526e-02 2.294256372143759770e-01 -2.886401000000000039e+01 0.000000000000000000e+00 0.000000000000000000e+00 0.000000000000000000e+00 1.000000000000000000e+00
-9.652336946161615971e-02 9.905952212277839841e-01 9.697601161346219856e-02 1.100477139999999991e+02 -2.213598037320657075e-01 -1.163553703319886723e-01 9.682258337219717959e-01 -7.549001459999999497e+02 9.704035636988757041e-01 7.198982897315264751e-02 2.305089761483021804e-01 -2.885664600000000135e+01 0.000000000000000000e+00 0.000000000000000000e+00 0.000000000000000000e+00 1.000000000000000000e+00
-1.122107560089196654e-01 9.872778498043637274e-01 1.126551974903041708e-01 1.099427799999999991e+02 -2.217579716288851643e-01 -1.353923257756379228e-01 9.656564193024901321e-01 -7.554290160000000469e+02 9.686238424976693073e-01 8.337484876589740246e-02 2.341292086398329975e-01 -2.884975999999999985e+01 0.000000000000000000e+00 0.000000000000000000e+00 0.000000000000000000e+00 1.000000000000000000e+00
-1.235310868606445123e-01 9.850612635070379319e-01 1.199765715335536775e-01 1.098631969999999995e+02 -2.221830455124310100e-01 -1.452886624748960243e-01 9.641192347645993754e-01 -7.558438109999999597e+02 9.671477471750884458e-01 9.244193688025881261e-02 2.368115779263703091e-01 -2.885278500000000079e+01 0.000000000000000000e+00 0.000000000000000000e+00 0.000000000000000000e+00 1.000000000000000000e+00
-1.344325846014663983e-01 9.833059380858804044e-01 1.226267194473370514e-01 1.097785109999999946e+02 -2.229384495945700984e-01 -1.505897321293395152e-01 9.631309258193211376e-01 -7.563058469999999716e+02 9.655186833457644058e-01 1.021379689550369063e-01 2.394608682185901394e-01 -2.886000800000000055e+01 0.000000000000000000e+00 0.000000000000000000e+00 0.000000000000000000e+00 1.000000000000000000e+00
-1.399768571955831986e-01 9.826857553923096233e-01 1.213885727681706661e-01 1.097299419999999941e+02 -2.235817361443648843e-01 -1.507982513672670166e-01 9.629491651417776410e-01 -7.565832520000000159e+02 9.645816122611496901e-01 1.076503299280625048e-01 2.408188525719287265e-01 -2.886540799999999862e+01 0.000000000000000000e+00 0.000000000000000000e+00 0.000000000000000000e+00 1.000000000000000000e+00
-1.446422236730464383e-01 9.824153299896256630e-01 1.180624687709486142e-01 1.096833879999999937e+02 -2.243653179808066667e-01 -1.487726528036064921e-01 9.630819808641157831e-01 -7.568613279999999577e+02 9.637109687132796587e-01 1.128131959442351118e-01 2.419387352255932544e-01 -2.887132099999999824e+01 0.000000000000000000e+00 0.000000000000000000e+00 0.000000000000000000e+00 1.000000000000000000e+00
-1.478908878919285574e-01 9.824440885814714752e-01 1.137185037267843812e-01 1.096461110000000048e+02 -2.251126232767127755e-01 -1.454037156412330556e-01 9.634220603241343550e-01 -7.570932619999999815e+02 9.630434009534635242e-01 1.168818732269683025e-01 2.426644506122416223e-01 -2.887648400000000137e+01 0.000000000000000000e+00 0.000000000000000000e+00 0.000000000000000000e+00 1.000000000000000000e+00
-1.527407152855513595e-01 9.824740360483410484e-01 1.068412017198479558e-01 1.096023639999999943e+02 -2.254994092116778259e-01 -1.399053791147382431e-01 9.641454772698700992e-01 -7.573474119999999630e+02 9.621955572227729458e-01 1.231716419702378329e-01 2.429165623729949430e-01 -2.887955099999999931e+01 0.000000000000000000e+00 0.000000000000000000e+00 0.000000000000000000e+00 1.000000000000000000e+00
-1.591990859248733903e-01 9.831745897574708515e-01 8.957330571053545576e-02 1.095241319999999945e+02 -2.266502010679513623e-01 -1.247049303765951078e-01 9.659598162944591504e-01 -7.578331910000000562e+02 9.608773789597409021e-01 1.334781120446226765e-01 2.426896293797103643e-01 -2.887151499999999871e+01 0.000000000000000000e+00 0.000000000000000000e+00 0.000000000000000000e+00 1.000000000000000000e+00
-1.587532509299190708e-01 9.841251730687075039e-01 7.934134515918539465e-02 1.094920350000000013e+02 -2.279640868473827298e-01 -1.147254004154273088e-01 9.668869931938059992e-01 -7.580890500000000429e+02 9.606402971076226649e-01 1.354094761529144875e-01 2.425582267023162208e-01 -2.886694699999999969e+01 0.000000000000000000e+00 0.000000000000000000e+00 0.000000000000000000e+00 1.000000000000000000e+00
-1.576792079234663746e-01 9.850772393279680905e-01 6.899347756576496016e-02 1.094653169999999989e+02 -2.291666903421019641e-01 -1.044632091038664445e-01 9.677655015453739962e-01 -7.583222660000000133e+02 9.605310486529186065e-01 1.367854908303923755e-01 2.422185667367661999e-01 -2.886596099999999865e+01 0.000000000000000000e+00 0.000000000000000000e+00 0.000000000000000000e+00 1.000000000000000000e+00
-1.561743912961351677e-01 9.860471701951809553e-01 5.762410652979893522e-02 1.094404370000000029e+02 -2.303190500494380344e-01 -9.308650350996858225e-02 9.686526921702192094e-01 -7.585552979999999934e+02 9.605012726111332722e-01 1.380068151011555888e-01 2.416431755668455306e-01 -2.886746000000000123e+01 0.000000000000000000e+00 0.000000000000000000e+00 0.000000000000000000e+00 1.000000000000000000e+00
-1.540922594450200855e-01 9.870752246592859880e-01 4.402358961907915091e-02 1.094150089999999977e+02 -2.315650045397185663e-01 -7.939265103074472085e-02 9.695743682847803857e-01 -7.588117069999999558e+02 9.605379868863329618e-01 1.392095823789830100e-01 2.408058718599286330e-01 -2.887088400000000021e+01 0.000000000000000000e+00 0.000000000000000000e+00 0.000000000000000000e+00 1.000000000000000000e+00
-1.513380660763350427e-01 9.880415621969926843e-01 2.950696744161829255e-02 1.093920289999999937e+02 -2.327410922310633179e-01 -6.462868005077160305e-02 9.703889517621201444e-01 -7.590683589999999867e+02 9.606916121958004595e-01 1.399893034707325734e-01 2.397386518073642003e-01 -2.887529599999999874e+01 0.000000000000000000e+00 0.000000000000000000e+00 0.000000000000000000e+00 1.000000000000000000e+00
-1.483732035497726254e-01 9.888080651793568210e-01 1.562058592482118424e-02 1.093730769999999950e+02 -2.337574740423612463e-01 -5.041497238630238131e-02 9.709870101544217924e-01 -7.593019410000000562e+02 9.609072982331400281e-01 1.404170245929793892e-01 2.386215065888699360e-01 -2.887978199999999873e+01 0.000000000000000000e+00 0.000000000000000000e+00 0.000000000000000000e+00 1.000000000000000000e+00
-1.450719689346646191e-01 9.894203972361106381e-01 1.183791601753414469e-03 1.093557509999999979e+02 -2.346990504149164547e-01 -3.557457338089903276e-02 9.714169061031948660e-01 -7.595354610000000548e+02 9.611818139997010402e-01 1.406475284599900677e-01 2.373769010968423965e-01 -2.888445700000000116e+01 0.000000000000000000e+00 0.000000000000000000e+00 0.000000000000000000e+00 1.000000000000000000e+00
-1.434598512151578076e-01 9.895306269099808372e-01 -1.576101191119533285e-02 1.093332599999999957e+02 -2.352683652532760461e-01 -1.863082500130308627e-02 9.717518657923027714e-01 -7.597914429999999584e+02 9.612845923036401619e-01 1.431154455917000301e-01 2.354780283438632216e-01 -2.888710199999999872e+01 0.000000000000000000e+00 0.000000000000000000e+00 0.000000000000000000e+00 1.000000000000000000e+00
-1.413153340966529226e-01 9.893595162907528051e-01 -3.460814751007851298e-02 1.093101730000000060e+02 -2.357487258673535147e-01 3.211896425992510906e-04 9.718139920216899430e-01 -7.600707400000000007e+02 9.614845368496942601e-01 1.454910456424774456e-01 2.331948563686337961e-01 -2.888384100000000032e+01 0.000000000000000000e+00 0.000000000000000000e+00 0.000000000000000000e+00 1.000000000000000000e+00
-1.386935916758985088e-01 9.890568776525698880e-01 -5.030487447741371909e-02 1.092932660000000027e+02 -2.361071829253051368e-01 1.630762468575458479e-02 9.715901705699707680e-01 -7.603035280000000284e+02 9.617782934747047818e-01 1.466306725936214472e-01 2.312616700960766769e-01 -2.887603199999999859e+01 0.000000000000000000e+00 0.000000000000000000e+00 0.000000000000000000e+00 1.000000000000000000e+00
-1.329516005950756030e-01 9.888607912701985470e-01 -6.691940964835457750e-02 1.092820889999999991e+02 -2.367076273287501142e-01 3.388486106527469066e-02 9.709898636726237431e-01 -7.605600590000000238e+02 9.624413598051577701e-01 1.449349912169723420e-01 2.295658451454291593e-01 -2.886676999999999893e+01 0.000000000000000000e+00 0.000000000000000000e+00 0.000000000000000000e+00 1.000000000000000000e+00
-1.258838927820105091e-01 9.885579759687648238e-01 -8.310459485844340355e-02 1.092760700000000043e+02 -2.373141053241678566e-01 5.133106765115291736e-02 9.700758408021418200e-01 -7.608168329999999742e+02 9.632420573003634967e-01 1.418388157111144521e-01 2.281369970115137980e-01 -2.886250100000000174e+01 0.000000000000000000e+00 0.000000000000000000e+00 0.000000000000000000e+00 1.000000000000000000e+00
-1.189436456788854346e-01 9.879481028551935218e-01 -9.905026611493822353e-02 1.092719730000000027e+02 -2.377507005022292952e-01 6.851728406900986501e-02 9.689065931216002125e-01 -7.610733639999999696e+02 9.640160857388819782e-01 1.387945526619503989e-01 2.267356579544868023e-01 -2.886150400000000005e+01 0.000000000000000000e+00 0.000000000000000000e+00 0.000000000000000000e+00 1.000000000000000000e+00
-1.120204944415941206e-01 9.870796551201805880e-01 -1.145651049529757826e-01 1.092698139999999967e+02 -2.380501545132718277e-01 8.527727153979558494e-02 9.675018919335174328e-01 -7.613298340000000053e+02 9.647712333819186137e-01 1.356522812434553527e-01 2.254216622957480043e-01 -2.886222599999999971e+01 0.000000000000000000e+00 0.000000000000000000e+00 0.000000000000000000e+00 1.000000000000000000e+00
-1.057486304494839602e-01 9.860978451627228081e-01 -1.281728010285089758e-01 1.092694780000000065e+02 -2.382260447137741766e-01 1.000192021109116147e-01 9.660458119722521442e-01 -7.615634770000000344e+02 9.654354348055025348e-01 1.326921209964326276e-01 2.243372957120120526e-01 -2.886364700000000028e+01 0.000000000000000000e+00 0.000000000000000000e+00 0.000000000000000000e+00 1.000000000000000000e+00
-9.891021747262873642e-02 9.848435549715124360e-01 -1.424778618262873553e-01 1.092707900000000052e+02 -2.383360643189931238e-01 1.155665818327485661e-01 9.642822644892040662e-01 -7.618203740000000153e+02 9.661328528336305954e-01 1.293349813258887204e-01 2.232930211201907822e-01 -2.886561199999999872e+01 0.000000000000000000e+00 0.000000000000000000e+00 0.000000000000000000e+00 1.000000000000000000e+00
-9.204821227952142415e-02 9.834699656546281865e-01 -1.559293213973186876e-01 1.092740629999999982e+02 -2.383484693314024128e-01 1.302806313014323869e-01 9.624016647300012162e-01 -7.620771479999999656e+02 9.668077025880179587e-01 1.257528678121672128e-01 2.224164617412432987e-01 -2.886768500000000159e+01 0.000000000000000000e+00 0.000000000000000000e+00 0.000000000000000000e+00 1.000000000000000000e+00
-8.463346429586077191e-02 9.818861602802836375e-01 -1.695191581247438295e-01 1.092796330000000040e+02 -2.382827235839116709e-01 1.452489810219216859e-01 9.602729180569065104e-01 -7.623572390000000496e+02 9.675011733133526137e-01 1.216647104222670639e-01 2.216735840716063666e-01 -2.886990199999999973e+01 0.000000000000000000e+00 0.000000000000000000e+00 0.000000000000000000e+00 1.000000000000000000e+00
-7.796380806363772953e-02 9.804080035048938768e-01 -1.808916562358930946e-01 1.092864840000000015e+02 -2.381748501580923105e-01 1.578734393082228682e-01 9.583051277715064487e-01 -7.626138310000000047e+02 9.680880049790858699e-01 1.177969601668105160e-01 2.212001148079998925e-01 -2.887180499999999839e+01 0.000000000000000000e+00 0.000000000000000000e+00 0.000000000000000000e+00 1.000000000000000000e+00
-7.079960854957839667e-02 9.788378743052248421e-01 -1.919995605590153476e-01 1.092958679999999987e+02 -2.380092622202533703e-01 1.703454530518181131e-01 9.562081456053077577e-01 -7.628936770000000251e+02 9.686790007668159008e-01 1.133968361560382387e-01 2.209120889023584722e-01 -2.887367400000000117e+01 0.000000000000000000e+00 0.000000000000000000e+00 0.000000000000000000e+00 1.000000000000000000e+00
-6.363695480275449734e-02 9.772115696488195002e-01 -2.025040397817349236e-01 1.093073200000000043e+02 -2.377367927597545116e-01 1.822294621442228368e-01 9.540826172271101857e-01 -7.631965330000000449e+02 9.692427742066161978e-01 1.088575733291787251e-01 2.207226163698336463e-01 -2.887507199999999941e+01 0.000000000000000000e+00 0.000000000000000000e+00 0.000000000000000000e+00 1.000000000000000000e+00
-5.973676483028311779e-02 9.757737188760665648e-01 -2.104689252084084861e-01 1.093141480000000030e+02 -2.372229637436359395e-01 1.909279099318601514e-01 9.525081620026871754e-01 -7.634521479999999656e+02 9.696168234928153051e-01 1.068278182863560133e-01 2.200705178797929262e-01 -2.887229699999999966e+01 0.000000000000000000e+00 0.000000000000000000e+00 0.000000000000000000e+00 1.000000000000000000e+00
-5.451514404483348564e-02 9.745573842785295593e-01 -2.174074603548866724e-01 1.093252329999999972e+02 -2.367824336982959910e-01 1.989035166310377800e-01 9.509844741969863957e-01 -7.637311399999999821e+02 9.700320500693176973e-01 1.033213231622447936e-01 2.199148153679506557e-01 -2.886445200000000000e+01 0.000000000000000000e+00 0.000000000000000000e+00 0.000000000000000000e+00 1.000000000000000000e+00
-4.846132925620483256e-02 9.739416002399436945e-01 -2.215609597577601342e-01 1.093398739999999947e+02 -2.366668237349456860e-01 2.043081608009627848e-01 9.498668274939072731e-01 -7.639640500000000429e+02 9.703815301776586022e-01 9.846793768626405097e-02 2.205986199818125715e-01 -2.885942599999999914e+01 0.000000000000000000e+00 0.000000000000000000e+00 0.000000000000000000e+00 1.000000000000000000e+00
-4.161716592414832494e-02 9.734367225046101080e-01 -2.251420857590262781e-01 1.093588029999999947e+02 -2.365432936621889581e-01 2.093318032478610480e-01 9.488031757811745681e-01 -7.642434080000000449e+02 9.707292525333135469e-01 9.274234970325911931e-02 2.215481321239993751e-01 -2.885561799999999977e+01 0.000000000000000000e+00 0.000000000000000000e+00 0.000000000000000000e+00 1.000000000000000000e+00
-3.522172230133685522e-02 9.732132523560320658e-01 -2.271902192364849138e-01 1.093790659999999946e+02 -2.364217093770289990e-01 2.127642447845338736e-01 9.480696975837329399e-01 -7.645225830000000542e+02 9.710119492639477379e-01 8.710534759623833612e-02 2.225948175649364313e-01 -2.885309000000000168e+01 0.000000000000000000e+00 0.000000000000000000e+00 0.000000000000000000e+00 1.000000000000000000e+00
-2.874286296826150666e-02 9.733093214624144451e-01 -2.276901679536522116e-01 1.094024200000000064e+02 -2.363253203649213208e-01 2.147098151774421981e-01 9.476550206804617016e-01 -7.648250120000000152e+02 9.712487790379997765e-01 8.104727028619307383e-02 2.238462624131832279e-01 -2.885101500000000030e+01 0.000000000000000000e+00 0.000000000000000000e+00 0.000000000000000000e+00 1.000000000000000000e+00
-1.305451744554175786e-02 9.753854665689333237e-01 -2.201199018270911245e-01 1.094739229999999992e+02 -2.363209621208851585e-01 2.108925340137214333e-01 9.485129108027630096e-01 -7.656616209999999683e+02 9.715873519331770236e-01 6.440132532312919933e-02 2.277509316338821588e-01 -2.884615900000000011e+01 0.000000000000000000e+00 0.000000000000000000e+00 0.000000000000000000e+00 1.000000000000000000e+00
-4.299006433573226982e-03 9.780383507797548726e-01 -2.083806683636971746e-01 1.095263139999999993e+02 -2.365346408939502654e-01 2.014746716571925167e-01 9.505047713387851926e-01 -7.662191159999999854e+02 9.716135457067557324e-01 5.337547268777587117e-02 2.304738091725443971e-01 -2.884282100000000071e+01 0.000000000000000000e+00 0.000000000000000000e+00 0.000000000000000000e+00 1.000000000000000000e+00
-7.031471488037066564e-04 9.795041877544821141e-01 -2.014225701244016231e-01 1.095513459999999952e+02 -2.366799712848075554e-01 1.955367201387500087e-01 9.517079290780354750e-01 -7.664746089999999867e+02 9.715874107751241162e-01 4.834187882998058905e-02 2.316915319438275778e-01 -2.884123200000000153e+01 0.000000000000000000e+00 0.000000000000000000e+00 0.000000000000000000e+00 1.000000000000000000e+00
2.636815675738590770e-03 9.810811504297269892e-01 -1.935789851057605482e-01 1.095769200000000012e+02 -2.368504136418923545e-01 1.886842484061425074e-01 9.530478141001500481e-01 -7.667299799999999550e+02 9.715425511838158279e-01 4.333625127872942073e-02 2.328670018795067076e-01 -2.883961299999999994e+01 0.000000000000000000e+00 0.000000000000000000e+00 0.000000000000000000e+00 1.000000000000000000e+00
5.741192494851499184e-03 9.827351563536137480e-01 -1.849287732489882652e-01 1.096029359999999997e+02 -2.370343129119532599e-01 1.809987330425336938e-01 9.544915888258816983e-01 -7.669854739999999538e+02 9.714843144441888123e-01 3.835454475855826217e-02 2.339811011284210762e-01 -2.883798200000000023e+01 0.000000000000000000e+00 0.000000000000000000e+00 0.000000000000000000e+00 1.000000000000000000e+00
8.870190898749741315e-03 9.845869017028168191e-01 -1.746709841635610272e-01 1.096317750000000046e+02 -2.372481516968653614e-01 1.717624079633424117e-01 9.561438122620755653e-01 -7.672639769999999544e+02 9.714085825386971074e-01 3.295919000645430863e-02 2.351149879618004146e-01 -2.883620300000000114e+01 0.000000000000000000e+00 0.000000000000000000e+00 0.000000000000000000e+00 1.000000000000000000e+00
1.172463861517752948e-02 9.864444480035627905e-01 -1.636761554176114353e-01 1.096609190000000069e+02 -2.374707297652418059e-01 1.617513190525985134e-01 9.578330560643166791e-01 -7.675426639999999452e+02 9.713239343051871533e-01 2.763804963616411925e-02 2.361481587016971417e-01 -2.883444000000000074e+01 0.000000000000000000e+00 0.000000000000000000e+00 0.000000000000000000e+00 1.000000000000000000e+00
1.433526423531239491e-02 9.882676403156922529e-01 -1.520577893570648764e-01 1.096903080000000017e+02 -2.376953548103457603e-01 1.510821858921558292e-01 9.595181558509625619e-01 -7.678212280000000192e+02 9.712339669208895909e-01 2.238848389020109408e-02 2.370724304684342365e-01 -2.883271399999999929e+01 0.000000000000000000e+00 0.000000000000000000e+00 0.000000000000000000e+00 1.000000000000000000e+00
1.676970367418034735e-02 9.900202520526797390e-01 -1.399238277214721604e-01 1.097199399999999940e+02 -2.379023488346782567e-01 1.398753009017050242e-01 9.611645918450180126e-01 -7.680998540000000503e+02 9.711442989883752874e-01 1.716976188552160609e-02 2.378738107046911576e-01 -2.883102999999999838e+01 0.000000000000000000e+00 0.000000000000000000e+00 0.000000000000000000e+00 1.000000000000000000e+00
1.899127947533774119e-02 9.916691000102189069e-01 -1.274037966028169211e-01 1.097496260000000063e+02 -2.380970542054656192e-01 1.282465315299305963e-01 9.627370460978543765e-01 -7.683784789999999703e+02 9.710556750684118388e-01 1.205086036201757915e-02 2.385490571810460203e-01 -2.882941399999999987e+01 0.000000000000000000e+00 0.000000000000000000e+00 0.000000000000000000e+00 1.000000000000000000e+00
2.082995889969291303e-02 9.930658642022871518e-01 -1.156991882789240034e-01 1.097767329999999930e+02 -2.382677339206631939e-01 1.173207435971080348e-01 9.640873041867805693e-01 -7.686339110000000119e+02 9.709761067011635216e-01 7.485484485752980088e-03 2.390593393646531228e-01 -2.882800500000000099e+01 0.000000000000000000e+00 0.000000000000000000e+00 0.000000000000000000e+00 1.000000000000000000e+00
2.273130937614115110e-02 9.944460083275339368e-01 -1.027639240953794331e-01 1.098062970000000007e+02 -2.384295239524467092e-01 1.052169309139671383e-01 9.654432969143530441e-01 -7.689125370000000430e+02 9.708937375850439366e-01 2.556163234264774431e-03 2.394970069701581328e-01 -2.882655700000000110e+01 0.000000000000000000e+00 0.000000000000000000e+00 0.000000000000000000e+00 1.000000000000000000e+00
2.432920502295998766e-02 9.955664567692475986e-01 -9.085989180533349252e-02 1.098331830000000053e+02 -2.385548990748799225e-01 9.404276713078971173e-02 9.665648028341183862e-01 -7.691680300000000443e+02 9.708242116420072731e-01 -1.840680936552319125e-03 2.397852413793750692e-01 -2.882532099999999886e+01 0.000000000000000000e+00 0.000000000000000000e+00 0.000000000000000000e+00 1.000000000000000000e+00
2.581845863730891644e-02 9.965407863561807078e-01 -7.899283715754451540e-02 1.098598250000000007e+02 -2.386631891568328223e-01 8.287886465984206641e-02 9.675592880718913991e-01 -7.694235230000000456e+02 9.707591304412661604e-01 -6.128207021662279708e-03 2.399774067357514085e-01 -2.882417699999999883e+01 0.000000000000000000e+00 0.000000000000000000e+00 0.000000000000000000e+00 1.000000000000000000e+00
2.732501476932464035e-02 9.974333160924148123e-01 -6.618250159026073387e-02 1.098885499999999951e+02 -2.387594767676995966e-01 7.080319789200922864e-02 9.684940988059136391e-01 -7.697022709999999961e+02 9.706942133450008336e-01 -1.066241610300727727e-02 2.400813550890110726e-01 -2.882304600000000150e+01 0.000000000000000000e+00 0.000000000000000000e+00 0.000000000000000000e+00 1.000000000000000000e+00
2.854054372504405412e-02 9.980969563956255675e-01 -5.466171418522480785e-02 1.099143750000000068e+02 -2.388320809794383104e-01 5.990914659356810779e-02 9.692110870442316450e-01 -7.699578860000000304e+02 9.706413727319218587e-01 -1.460684045982280077e-02 2.400874127330948071e-01 -2.882211699999999865e+01 0.000000000000000000e+00 0.000000000000000000e+00 0.000000000000000000e+00 1.000000000000000000e+00
2.732044813500494884e-02 9.986940332824429944e-01 -4.317199323344883544e-02 1.099368740000000031e+02 -2.389726321412630194e-01 4.846102961020631872e-02 9.698162762588566910e-01 -7.702369380000000092e+02 9.706418877223355057e-01 -1.617889041823167284e-02 2.399845188833141241e-01 -2.882111899999999949e+01 0.000000000000000000e+00 0.000000000000000000e+00 0.000000000000000000e+00 1.000000000000000000e+00
2.371149157288165998e-02 9.991109651990397467e-01 -3.485748680602340777e-02 1.099497989999999987e+02 -2.391729599662168471e-01 3.952405138600945111e-02 9.701722241865278207e-01 -7.704702760000000126e+02 9.706874164160095297e-01 -1.466726222166270244e-02 2.398975010927236751e-01 -2.882022500000000065e+01 0.000000000000000000e+00 0.000000000000000000e+00 0.000000000000000000e+00 1.000000000000000000e+00
8.899501754959016075e-03 9.997499185436873326e-01 -2.051582902063636693e-02 1.099640500000000003e+02 -2.400417565721604252e-01 2.205262624147763528e-02 9.705120487544733887e-01 -7.710080570000000080e+02 9.707217695973779925e-01 -3.712418045451693072e-03 2.401779839660385107e-01 -2.881804800000000100e+01 0.000000000000000000e+00 0.000000000000000000e+00 0.000000000000000000e+00 1.000000000000000000e+00
-1.184558944900160338e-03 9.998731653918802031e-01 -1.588237857903385120e-02 1.099652940000000001e+02 -2.407624847807006141e-01 1.513003211986513330e-02 9.704661292648366633e-01 -7.712893070000000080e+02 9.705833414716785734e-01 4.973455265059267827e-03 2.407140253504093108e-01 -2.881703399999999959e+01 0.000000000000000000e+00 0.000000000000000000e+00 0.000000000000000000e+00 1.000000000000000000e+00
-1.124068888209439621e-02 9.998460585246187193e-01 -1.347242243400464945e-02 1.099639509999999945e+02 -2.416121098402146394e-01 1.035823695790893950e-02 9.703176259893888655e-01 -7.715474239999999782e+02 9.703078044064241681e-01 1.416213895949769430e-02 2.414584819965450158e-01 -2.881631499999999946e+01 0.000000000000000000e+00 0.000000000000000000e+00 0.000000000000000000e+00 1.000000000000000000e+00
-2.171022278886197698e-02 9.996811562929516226e-01 -1.289387370983918757e-02 1.099609910000000070e+02 -2.426514981325472720e-01 7.242463813144583984e-03 9.700864895317045100e-01 -7.718060910000000376e+02 9.698705669729793533e-01 2.418951158462273598e-02 2.424168947264382368e-01 -2.881591999999999842e+01 0.000000000000000000e+00 0.000000000000000000e+00 0.000000000000000000e+00 1.000000000000000000e+00
-3.230330761480620927e-02 9.993772414102097823e-01 -1.419949535942793828e-02 1.099570690000000042e+02 -2.438797040204641053e-01 5.896044780891174231e-03 9.697875677811261808e-01 -7.720650630000000092e+02 9.692673451035240806e-01 3.479031484854566703e-02 2.435373640916420057e-01 -2.881596199999999897e+01 0.000000000000000000e+00 0.000000000000000000e+00 0.000000000000000000e+00 1.000000000000000000e+00
-4.281811987625111504e-02 9.989305752227344293e-01 -1.744461221810678087e-02 1.099526209999999935e+02 -2.453003827435844553e-01 6.414817841557896028e-03 9.694258983222547865e-01 -7.723245239999999967e+02 9.685010742565618447e-01 4.578816437941973794e-02 2.447633819970816416e-01 -2.881652499999999861e+01 0.000000000000000000e+00 0.000000000000000000e+00 0.000000000000000000e+00 1.000000000000000000e+00
-5.391117660097749509e-02 9.982762346363804884e-01 -2.319793951428444911e-02 1.099478990000000067e+02 -2.470536585101553162e-01 9.174699177186662613e-03 9.689583658299028013e-01 -7.726078489999999874e+02 9.675009430766698948e-01 5.796882140615178258e-02 2.461331771430579352e-01 -2.881784599999999941e+01 0.000000000000000000e+00 0.000000000000000000e+00 0.000000000000000000e+00 1.000000000000000000e+00
-6.360360022631961208e-02 9.975085971083830216e-01 -3.051525410539046579e-02 1.099440689999999989e+02 -2.488356300323897319e-01 1.375987573714143597e-02 9.684479826227543331e-01 -7.728680419999999458e+02 9.664550746230445855e-01 6.919006080763662192e-02 2.473405025886407094e-01 -2.881979199999999963e+01 0.000000000000000000e+00 0.000000000000000000e+00 0.000000000000000000e+00 1.000000000000000000e+00
-7.268171611577445290e-02 9.965626754692493705e-01 -3.975175472903635931e-02 1.099411769999999962e+02 -2.507591222631180838e-01 2.031742466429176108e-02 9.678362799858463150e-01 -7.731286010000000033e+02 9.653171658808811229e-01 8.031211687275041644e-02 2.484204764891999040e-01 -2.882249499999999998e+01 0.000000000000000000e+00 0.000000000000000000e+00 0.000000000000000000e+00 1.000000000000000000e+00
-8.103276714451035367e-02 9.954129728207224970e-01 -5.085965187764796003e-02 1.099396059999999977e+02 -2.527980917889572909e-01 2.883315626771831841e-02 9.670893308725433402e-01 -7.733889769999999544e+02 9.641197101173514250e-01 9.122314750025528607e-02 2.493020696331684216e-01 -2.882599599999999995e+01 0.000000000000000000e+00 0.000000000000000000e+00 0.000000000000000000e+00 1.000000000000000000e+00
-8.860268505293322772e-02 9.940231865240996001e-01 -6.377671090520209418e-02 1.099395980000000037e+02 -2.549286215748430284e-01 3.926597845494672612e-02 9.661622952889052929e-01 -7.736493530000000192e+02 9.628919784188467723e-01 1.018630825591423927e-01 2.499258896316829404e-01 -2.883032599999999945e+01 0.000000000000000000e+00 0.000000000000000000e+00 0.000000000000000000e+00 1.000000000000000000e+00
-9.527453623665943505e-02 9.923592420328732899e-01 -7.839577473838021948e-02 1.099415659999999946e+02 -2.571043507287376628e-01 5.155091635352243573e-02 9.650076973058123730e-01 -7.739099730000000363e+02 9.616756810802921107e-01 1.120965555896054622e-01 2.502283889643673875e-01 -2.883548000000000044e+01 0.000000000000000000e+00 0.000000000000000000e+00 0.000000000000000000e+00 1.000000000000000000e+00
-1.010623657403181830e-01 9.903702738002251316e-01 -9.462092265369892452e-02 1.099456710000000044e+02 -2.593031363753104390e-01 6.559937878777416520e-02 9.635655685881399091e-01 -7.741708370000000059e+02 9.604937697335143021e-01 1.219157179182620010e-01 2.501764897578855895e-01 -2.884147099999999853e+01 0.000000000000000000e+00 0.000000000000000000e+00 0.000000000000000000e+00 1.000000000000000000e+00
-1.054768933041373979e-01 9.882481856588871683e-01 -1.106352047082008183e-01 1.099515690000000063e+02 -2.612757150658626681e-01 7.980589610793489830e-02 9.619594688256005721e-01 -7.744079590000000053e+02 9.594840413971092996e-01 1.303707884778157466e-01 2.497875733817494504e-01 -2.884760299999999944e+01 0.000000000000000000e+00 0.000000000000000000e+00 0.000000000000000000e+00 1.000000000000000000e+00
-1.127167629603902377e-01 9.820124752550251079e-01 -1.514807901723177475e-01 1.099734040000000022e+02 -2.656065425560477644e-01 1.171265638202219350e-01 9.569401928015615066e-01 -7.749523930000000291e+02 9.574696318417380558e-01 1.480974898206111612e-01 2.476268111689046147e-01 -2.886408799999999886e+01 0.000000000000000000e+00 0.000000000000000000e+00 0.000000000000000000e+00 1.000000000000000000e+00
-1.147541781943116623e-01 9.782769299525242435e-01 -1.726433517677750107e-01 1.099882810000000006e+02 -2.674974542532504440e-01 1.369417389091855952e-01 9.537777896934684918e-01 -7.752126459999999497e+02 9.567008887604202538e-01 1.556316435278892740e-01 2.459719516079620361e-01 -2.887304100000000062e+01 0.000000000000000000e+00 0.000000000000000000e+00 0.000000000000000000e+00 1.000000000000000000e+00
-1.159356494191984832e-01 9.740012483380016128e-01 -1.946291176308497795e-01 1.100061489999999935e+02 -2.692291125248312267e-01 1.577987843792756917e-01 9.500606447051231918e-01 -7.754724119999999630e+02 9.560724921065558712e-01 1.625457224427555025e-01 2.439349871435465000e-01 -2.888261200000000173e+01 0.000000000000000000e+00 0.000000000000000000e+00 0.000000000000000000e+00 1.000000000000000000e+00
-1.163712377226496786e-01 9.691507476750782502e-01 -2.172661117425707666e-01 1.100269090000000034e+02 -2.707760299151748540e-01 1.795081951293380218e-01 9.457574475016223836e-01 -7.757317500000000337e+02 9.555825849471488720e-01 1.688894199239377447e-01 2.415332009962211091e-01 -2.889267500000000055e+01 0.000000000000000000e+00 0.000000000000000000e+00 0.000000000000000000e+00 1.000000000000000000e+00
-1.192436750397531386e-01 9.625958987945485434e-01 -2.432901181448378636e-01 1.100456850000000060e+02 -2.726254485738585087e-01 2.038756365886920940e-01 9.402712851063028676e-01 -7.760150760000000218e+02 9.547022105101234946e-01 1.784484811632505719e-01 2.381172585463155467e-01 -2.890117499999999851e+01 0.000000000000000000e+00 0.000000000000000000e+00 0.000000000000000000e+00 1.000000000000000000e+00
-1.211242788105000856e-01 9.565496036985485784e-01 -2.652202193400530206e-01 1.100630570000000006e+02 -2.739864095417087753e-01 2.245907014705003646e-01 9.351419486898402411e-01 -7.762510989999999538e+02 9.540756555268976591e-01 1.859351297553482052e-01 2.348782047227511716e-01 -2.890337600000000151e+01 0.000000000000000000e+00 0.000000000000000000e+00 0.000000000000000000e+00 1.000000000000000000e+00
-1.220333956004447384e-01 9.487818394476535966e-01 -2.914118588742613536e-01 1.100876080000000030e+02 -2.752513258119239081e-01 2.497387685418030745e-01 9.283680601604097360e-01 -7.765332029999999577e+02 9.535955945771790176e-01 1.935034072608304845e-01 2.306769892760127116e-01 -2.889977599999999924e+01 0.000000000000000000e+00 0.000000000000000000e+00 0.000000000000000000e+00 1.000000000000000000e+00
-1.211516172678640535e-01 9.413199740573792162e-01 -3.150222088583527480e-01 1.101148989999999941e+02 -2.759882537314197193e-01 2.729033341108403343e-01 9.216041742708571682e-01 -7.767911380000000463e+02 9.534950285322216779e-01 1.985962655031601742e-01 2.267305755572809334e-01 -2.889120499999999936e+01 0.000000000000000000e+00 0.000000000000000000e+00 0.000000000000000000e+00 1.000000000000000000e+00
-1.159181391177568354e-01 9.341972836461316376e-01 -3.373994965195796225e-01 1.101541899999999998e+02 -2.757394160576787101e-01 2.960708284964549408e-01 9.144997752572679994e-01 -7.770467529999999670e+02 9.542173544091760995e-01 1.990414523198930086e-01 2.232750339888923685e-01 -2.888491799999999898e+01 0.000000000000000000e+00 0.000000000000000000e+00 0.000000000000000000e+00 1.000000000000000000e+00
-1.053570439966485806e-01 9.193972803121066573e-01 -3.789571667550170053e-01 1.102402189999999962e+02 -2.746019562975618444e-01 3.393630219162311334e-01 8.996813352256651797e-01 -7.775322270000000344e+02 9.557686220408369016e-01 1.988501453622429360e-01 2.167140069574983174e-01 -2.888915099999999825e+01 0.000000000000000000e+00 0.000000000000000000e+00 0.000000000000000000e+00 1.000000000000000000e+00
-1.002171246752012190e-01 9.119030573442330478e-01 -3.979815849107537495e-01 1.102854920000000050e+02 -2.738211268129169262e-01 3.592716194171095001e-01 8.921579983345506726e-01 -7.777623290000000225e+02 9.565450948244622609e-01 1.983852753801247926e-01 2.136931540307560051e-01 -2.889568099999999973e+01 0.000000000000000000e+00 0.000000000000000000e+00 0.000000000000000000e+00 1.000000000000000000e+00
-9.440077009272690445e-02 9.034679394356287530e-01 -4.181317699216826056e-01 1.103383869999999973e+02 -2.727812695249923758e-01 3.804588297735345126e-01 8.836523399186388961e-01 -7.780145260000000462e+02 9.574334825993047193e-01 1.974759764105282200e-01 2.105335249751803806e-01 -2.890430999999999884e+01 0.000000000000000000e+00 0.000000000000000000e+00 0.000000000000000000e+00 1.000000000000000000e+00
-8.974942632885951621e-02 8.955517320629549083e-01 -4.358120416793021534e-01 1.103874890000000022e+02 -2.718522675887863893e-01 3.989342289370139127e-01 8.757555741125859772e-01 -7.782435910000000376e+02 9.581447620691121436e-01 1.970750521539226807e-01 2.076536509143366849e-01 -2.891263400000000061e+01 0.000000000000000000e+00 0.000000000000000000e+00 0.000000000000000000e+00 1.000000000000000000e+00
-8.793089975405443681e-02 8.870282632834050052e-01 -4.532648420127780020e-01 1.104322659999999985e+02 -2.713954138738132182e-01 4.164805260347161919e-01 8.676914778664750472e-01 -7.784732669999999644e+02 9.584428445122348261e-01 1.993108917502308119e-01 2.041138952472949519e-01 -2.891850900000000024e+01 0.000000000000000000e+00 0.000000000000000000e+00 0.000000000000000000e+00 1.000000000000000000e+00
-8.539073355751503058e-02 8.778574429978460714e-01 -4.712480582408724028e-01 1.104842150000000061e+02 -2.706334195415397992e-01 4.347571970695334187e-01 8.589200962973770892e-01 -7.787249150000000100e+02 9.588878844003412283e-01 2.008792905441624810e-01 2.004533256913229033e-01 -2.891945499999999925e+01 0.000000000000000000e+00 0.000000000000000000e+00 0.000000000000000000e+00 1.000000000000000000e+00
-8.204550289514811467e-02 8.690671653535884111e-01 -4.878430050323167011e-01 1.105394670000000019e+02 -2.695751146628128647e-01 4.518949561893228495e-01 8.503647488726124859e-01 -7.789757690000000139e+02 9.594778752056837279e-01 2.012789374845977419e-01 1.972029318135453957e-01 -2.891449700000000078e+01 0.000000000000000000e+00 0.000000000000000000e+00 0.000000000000000000e+00 1.000000000000000000e+00
-7.807952001636253581e-02 8.607375555056209215e-01 -5.030252966762427391e-01 1.105977330000000052e+02 -2.682635968145327676e-01 4.678159726762470827e-01 8.421299533522758063e-01 -7.792252200000000357e+02 9.601761459118549613e-01 2.006964779242138563e-01 1.943777059507374450e-01 -2.890369799999999856e+01 0.000000000000000000e+00 0.000000000000000000e+00 0.000000000000000000e+00 1.000000000000000000e+00
-7.334772256785071498e-02 8.529992245049285993e-01 -5.167324593908340091e-01 1.106593929999999943e+02 -2.666647471847268802e-01 4.824886510081355384e-01 8.343228477377657715e-01 -7.794737549999999828e+02 9.609942893706575617e-01 1.989900114134876552e-01 1.920753788350935964e-01 -2.888744200000000006e+01 0.000000000000000000e+00 0.000000000000000000e+00 0.000000000000000000e+00 1.000000000000000000e+00
-6.583305550860168998e-02 8.470122281084039306e-01 -5.274810842459076721e-01 1.107246250000000032e+02 -2.643730515404606463e-01 4.949301761042080305e-01 8.277384915543328781e-01 -7.796970830000000205e+02 9.621709299399905380e-01 1.939443379330640371e-01 1.913444416807532078e-01 -2.887203200000000081e+01 0.000000000000000000e+00 0.000000000000000000e+00 0.000000000000000000e+00 1.000000000000000000e+00
-5.704921087637387922e-02 8.409472369412971382e-01 -5.381014144370748209e-01 1.108008580000000052e+02 -2.617116935384452003e-01 5.075345195527504183e-01 8.209236876394768734e-01 -7.799415279999999484e+02 9.634585497070549120e-01 1.876604810373146970e-01 1.911312817233791483e-01 -2.885858899999999849e+01 0.000000000000000000e+00 0.000000000000000000e+00 0.000000000000000000e+00 1.000000000000000000e+00
-4.954079531320570995e-02 8.357809806359486338e-01 -5.468234285461319732e-01 1.108721919999999983e+02 -2.593433107205845300e-01 5.179517389925576420e-01 8.151484792717652583e-01 -7.801629639999999881e+02 9.645137411069999445e-01 1.821981023002082756e-01 1.910944654718745028e-01 -2.884991099999999875e+01 0.000000000000000000e+00 0.000000000000000000e+00 0.000000000000000000e+00 1.000000000000000000e+00
-4.173151486938375676e-02 8.305612822759605995e-01 -5.553615372447194831e-01 1.109529950000000014e+02 -2.568038575617307417e-01 5.282550738196776230e-01 8.093196869749190725e-01 -7.804057010000000218e+02 9.655621468388869699e-01 1.763931216569357141e-01 1.912464567619509836e-01 -2.884413899999999842e+01 0.000000000000000000e+00 0.000000000000000000e+00 0.000000000000000000e+00 1.000000000000000000e+00
-3.366367126555125378e-02 8.255631945632007085e-01 -5.633046857780679151e-01 1.110439609999999959e+02 -2.541470296485400238e-01 5.380253842111238916e-01 8.037026647120790734e-01 -7.806694949999999835e+02 9.665795593523323070e-01 1.702177949777151644e-01 1.917025240187919533e-01 -2.884199100000000016e+01 0.000000000000000000e+00 0.000000000000000000e+00 0.000000000000000000e+00 1.000000000000000000e+00
-2.655392585203747435e-02 8.217877760811620469e-01 -5.691746130190824537e-01 1.111300959999999947e+02 -2.518066899269521541e-01 5.455168299294445022e-01 7.993777449815333558e-01 -7.809103999999999814e+02 9.674131898676368024e-01 1.645485926627975881e-01 1.924460462644437542e-01 -2.884320299999999904e+01 0.000000000000000000e+00 0.000000000000000000e+00 0.000000000000000000e+00 1.000000000000000000e+00
-1.962407634666069045e-02 8.188750240973414751e-01 -5.736362876746192718e-01 1.112187579999999940e+02 -2.495454674424637531e-01 5.515764307353906437e-01 7.959211649002235767e-01 -7.811502689999999802e+02 9.681642191831210109e-01 1.587675532556475644e-01 1.935223726775599784e-01 -2.884619100000000103e+01 0.000000000000000000e+00 0.000000000000000000e+00 0.000000000000000000e+00 1.000000000000000000e+00
-1.409626664104246530e-02 8.171495946859317350e-01 -5.762532734582959115e-01 1.112929759999999959e+02 -2.477796071250304433e-01 5.554808017126127151e-01 7.937545875279576890e-01 -7.813460079999999834e+02 9.687138698087014443e-01 1.539727860153541905e-01 1.946428000387370461e-01 -2.884922999999999860e+01 0.000000000000000000e+00 0.000000000000000000e+00 0.000000000000000000e+00 1.000000000000000000e+00
-7.497263883511129379e-03 8.158579812016362176e-01 -5.782037232186003628e-01 1.113856349999999935e+02 -2.457222261261056695e-01 5.589878076958587627e-01 7.919300590550966135e-01 -7.815844120000000430e+02 9.693112908771321923e-01 1.480148146536977571e-01 1.962835602416553027e-01 -2.885314400000000035e+01 0.000000000000000000e+00 0.000000000000000000e+00 0.000000000000000000e+00 1.000000000000000000e+00
-1.642138464881592874e-03 8.154636967112887103e-01 -5.788058938255742358e-01 1.114716109999999958e+02 -2.439528702798066662e-01 5.609925123195141916e-01 7.910590358523716947e-01 -7.818005980000000363e+02 9.697856982155934613e-01 1.425003876043831608e-01 1.980134820387101646e-01 -2.885661899999999847e+01 0.000000000000000000e+00 0.000000000000000000e+00 0.000000000000000000e+00 1.000000000000000000e+00
4.635407926362911102e-03 8.158719788657173844e-01 -5.782139976644412593e-01 1.115679860000000048e+02 -2.421112783404677504e-01 5.619325692945171813e-01 7.909575946069468122e-01 -7.820374759999999696e+02 9.702374152204710223e-01 1.363257190254321127e-01 2.001365944511351302e-01 -2.886017000000000010e+01 0.000000000000000000e+00 0.000000000000000000e+00 0.000000000000000000e+00 1.000000000000000000e+00
9.642983173174413114e-03 8.168452700608644923e-01 -5.767762284064028577e-01 1.116481780000000015e+02 -2.406866399090276110e-01 5.617411176612741031e-01 7.915281789664626588e-01 -7.822308960000000297e+02 9.705549722941115842e-01 1.311896394836720159e-01 2.020206035218195528e-01 -2.886279700000000048e+01 0.000000000000000000e+00 0.000000000000000000e+00 0.000000000000000000e+00 1.000000000000000000e+00
1.560386959497261916e-02 8.187810575994464157e-01 -5.738938046102217694e-01 1.117477420000000023e+02 -2.390442126454782601e-01 5.603744170736576491e-01 7.929933020461534809e-01 -7.824666750000000093e+02 9.708833007392632108e-01 1.248122285903533468e-01 2.044688825712678015e-01 -2.886563100000000048e+01 0.000000000000000000e+00 0.000000000000000000e+00 0.000000000000000000e+00 1.000000000000000000e+00
2.138136552707214921e-02 8.214907499209991304e-01 -5.698208358795175954e-01 1.118488849999999957e+02 -2.375073184972890661e-01 5.578084649481908075e-01 7.952609572287390183e-01 -7.827017210000000205e+02 9.711504058941771156e-01 1.183328535377110580e-01 2.070367718672158353e-01 -2.886803600000000003e+01 0.000000000000000000e+00 0.000000000000000000e+00 0.000000000000000000e+00 1.000000000000000000e+00
2.646991452990399285e-02 8.245778046605471978e-01 -5.651290009245429902e-01 1.119421080000000046e+02 -2.361964165175888808e-01 5.544789215187285736e-01 7.979751740597431642e-01 -7.829149780000000192e+02 9.713447361513981582e-01 1.123591102341956471e-01 2.094393322619957365e-01 -2.886985999999999919e+01 0.000000000000000000e+00 0.000000000000000000e+00 0.000000000000000000e+00 1.000000000000000000e+00
3.237115738128271136e-02 8.289933885958121751e-01 -5.583207589139324023e-01 1.120554960000000051e+02 -2.347174264489461093e-01 5.492966486916101010e-01 8.019856117520749450e-01 -7.831700439999999617e+02 9.715244916578172907e-01 1.050864092097499869e-01 2.123605629782072679e-01 -2.887161800000000156e+01 0.000000000000000000e+00 0.000000000000000000e+00 0.000000000000000000e+00 1.000000000000000000e+00
3.707950943104965091e-02 8.331992491997868289e-01 -5.517283037086863073e-01 1.121510930000000030e+02 -2.335713617874317083e-01 5.440411933460087557e-01 8.058930443274813227e-01 -7.833823240000000396e+02 9.716324042214307122e-01 9.898581249634941237e-02 2.147842638354127143e-01 -2.887273199999999918e+01 0.000000000000000000e+00 0.000000000000000000e+00 0.000000000000000000e+00 1.000000000000000000e+00
3.906275787069479755e-02 8.383891716844528164e-01 -5.436705783374637946e-01 1.122595979999999969e+02 -2.333543429576901973e-01 5.366953019597685559e-01 8.108661439948627869e-01 -7.836386720000000423e+02 9.716068400182864551e-01 9.519322274495106706e-02 2.166065529320614913e-01 -2.887138900000000064e+01 0.000000000000000000e+00 0.000000000000000000e+00 0.000000000000000000e+00 1.000000000000000000e+00
3.691194357384175451e-02 8.430109903481159961e-01 -5.366283430586670233e-01 1.123517760000000010e+02 -2.349977563112704004e-01 5.292578875983475761e-01 8.152681417445452050e-01 -7.838771970000000238e+02 9.712947868439686383e-01 9.601332494619596591e-02 2.176416285605901335e-01 -2.886579300000000003e+01 0.000000000000000000e+00 0.000000000000000000e+00 0.000000000000000000e+00 1.000000000000000000e+00
3.371854503150184534e-02 8.475420892846181609e-01 -5.296559889324602421e-01 1.124430470000000071e+02 -2.379250560526468550e-01 5.215283837224501395e-01 8.193899027167672600e-01 -7.841177370000000337e+02 9.706980619241510899e-01 9.838979552226251313e-02 2.192366773917720779e-01 -2.886151299999999864e+01 0.000000000000000000e+00 0.000000000000000000e+00 0.000000000000000000e+00 1.000000000000000000e+00
2.828130661596450768e-02 8.516505680359500730e-01 -5.233464222292318890e-01 1.125310130000000015e+02 -2.421756870506218129e-01 5.137958440282966999e-01 8.230217295192208127e-01 -7.843608400000000529e+02 9.698201401794319665e-01 1.034656494847145392e-01 2.207798792441311164e-01 -2.886080600000000018e+01 0.000000000000000000e+00 0.000000000000000000e+00 0.000000000000000000e+00 1.000000000000000000e+00
2.090925916060704104e-02 8.551602188172013896e-01 -5.179418915610812801e-01 1.126160809999999941e+02 -2.474893206760422348e-01 5.063588482597524143e-01 8.260446434305885877e-01 -7.846058960000000297e+02 9.686649777052259713e-01 1.109131053643948595e-01 2.222306100107744598e-01 -2.886269000000000062e+01 0.000000000000000000e+00 0.000000000000000000e+00 0.000000000000000000e+00 1.000000000000000000e+00
1.220150033134503875e-02 8.579404683282068067e-01 -5.136042018855000446e-01 1.126993259999999992e+02 -2.536741190146376557e-01 4.994944132363257072e-01 8.283445976692588308e-01 -7.848524780000000192e+02 9.672127815180131538e-01 1.201810465525909866e-01 2.237318737187715123e-01 -2.886662899999999965e+01 0.000000000000000000e+00 0.000000000000000000e+00 0.000000000000000000e+00 1.000000000000000000e+00
2.735815375250472137e-03 8.598908433876388813e-01 -5.104706189119291304e-01 1.127818599999999947e+02 -2.604865567954372518e-01 4.934623939855027341e-01 8.298443344693957613e-01 -7.851002809999999954e+02 9.654735983148842182e-01 1.307004329762983530e-01 2.253400270185440535e-01 -2.887233399999999861e+01 0.000000000000000000e+00 0.000000000000000000e+00 0.000000000000000000e+00 1.000000000000000000e+00
-6.127239976741583050e-03 8.608734019172187280e-01 -5.087823137666469542e-01 1.128570560000000000e+02 -2.670512466844382482e-01 4.889043334906560956e-01 8.304554077964361181e-01 -7.853260500000000093e+02 9.636628500541852826e-01 1.409593507559275816e-01 2.269016810425005248e-01 -2.887895400000000024e+01 0.000000000000000000e+00 0.000000000000000000e+00 0.000000000000000000e+00 1.000000000000000000e+00
-1.608846348989845243e-02 8.609718720743213538e-01 -5.083980692718771399e-01 1.129400940000000020e+02 -2.746965265795213162e-01 4.850926009977737374e-01 8.301969565966625941e-01 -7.855751340000000482e+02 9.613963696767741096e-01 1.530117771743497723e-01 2.287015881411115503e-01 -2.888778699999999944e+01 0.000000000000000000e+00 0.000000000000000000e+00 0.000000000000000000e+00 1.000000000000000000e+00
-2.844386377511959330e-02 8.595524547937763993e-01 -5.102553518303705182e-01 1.130184330000000017e+02 -2.834767411032425022e-01 4.825686384836315179e-01 8.287149367578330317e-01 -7.858265380000000278e+02 9.585571886262329588e-01 1.682173790369084765e-01 2.299370120770586612e-01 -2.889523300000000106e+01 0.000000000000000000e+00 0.000000000000000000e+00 0.000000000000000000e+00 1.000000000000000000e+00
-4.051314625897872723e-02 8.569180138862872997e-01 -5.138581540244155921e-01 1.130971980000000059e+02 -2.924093350871997399e-01 4.815969509311656127e-01 8.261725955317489323e-01 -7.860782470000000330e+02 9.554346998796208190e-01 1.837277723453530354e-01 2.310598189537804714e-01 -2.889794200000000046e+01 0.000000000000000000e+00 0.000000000000000000e+00 0.000000000000000000e+00 1.000000000000000000e+00
-5.044112285877577762e-02 8.535564678076963396e-01 -5.185528414620779181e-01 1.131708069999999964e+02 -3.003673828844916627e-01 4.822106023578076606e-01 8.229534435633898415e-01 -7.863067630000000463e+02 9.524889124939288632e-01 1.972670556311146295e-01 2.320572781421941511e-01 -2.889595399999999970e+01 0.000000000000000000e+00 0.000000000000000000e+00 0.000000000000000000e+00 1.000000000000000000e+00
-5.817412877612815336e-02 8.493320061392706233e-01 -5.246436067356399224e-01 1.132588810000000024e+02 -3.079150373121519735e-01 4.846455634513389121e-01 8.187227904632865538e-01 -7.865553589999999531e+02 9.496336664936615435e-01 2.091741407879487702e-01 2.333282629417809950e-01 -2.889067999999999969e+01 0.000000000000000000e+00 0.000000000000000000e+00 0.000000000000000000e+00 1.000000000000000000e+00
-6.255218145223534476e-02 8.451394186574234801e-01 -5.308734195897917285e-01 1.133458480000000037e+02 -3.137335289932555171e-01 4.883001667540299295e-01 8.143305348158231816e-01 -7.867785639999999603e+02 9.474484141002108561e-01 2.174909427525177907e-01 2.346043316727470240e-01 -2.888713999999999871e+01 0.000000000000000000e+00 0.000000000000000000e+00 0.000000000000000000e+00 1.000000000000000000e+00
-6.692686663979624528e-02 8.391179557818815304e-01 -5.398164973453618565e-01 1.134539950000000061e+02 -3.203759147682236907e-01 4.943071338274636628e-01 8.080963622512489231e-01 -7.870447390000000496e+02 9.449233131626093574e-01 2.270275616124926010e-01 2.357507550572915389e-01 -2.888575200000000009e+01 0.000000000000000000e+00 0.000000000000000000e+00 0.000000000000000000e+00 1.000000000000000000e+00
-7.042183914905109088e-02 8.319549676143768169e-01 -5.503559724692981270e-01 1.135661999999999949e+02 -3.266190683376167803e-01 5.020804585002976994e-01 8.007716262395905282e-01 -7.873089599999999564e+02 9.425289113704327093e-01 2.361485656401336453e-01 2.363749271326700541e-01 -2.888740299999999905e+01 0.000000000000000000e+00 0.000000000000000000e+00 0.000000000000000000e+00 1.000000000000000000e+00
-7.293146938682132374e-02 8.236248330427977660e-01 -5.624261152972030997e-01 1.136828000000000003e+02 -3.324079260385667811e-01 5.116099374952952639e-01 7.923132225091280567e-01 -7.875709229999999934e+02 9.403116352996053751e-01 2.447394660680693446e-01 2.364669580911854252e-01 -2.889196400000000153e+01 0.000000000000000000e+00 0.000000000000000000e+00 0.000000000000000000e+00 1.000000000000000000e+00
-7.429234562179298784e-02 8.149677551345009263e-01 -5.747244604791448275e-01 1.137938390000000055e+02 -3.371306469152632324e-01 5.218600216834948791e-01 7.835847399477597897e-01 -7.878087160000000040e+02 9.385220158805589463e-01 2.519715774835214472e-01 2.359804014064675881e-01 -2.889862300000000062e+01 0.000000000000000000e+00 0.000000000000000000e+00 0.000000000000000000e+00 1.000000000000000000e+00
-7.467987352826138681e-02 8.043982829836826554e-01 -5.893779083259782503e-01 1.139197999999999951e+02 -3.415939383003218643e-01 5.346353238272520958e-01 7.729674325821267455e-01 -7.880652469999999994e+02 9.368759244458564339e-01 2.590530309589751945e-01 2.348510790792527891e-01 -2.890856199999999987e+01 0.000000000000000000e+00 0.000000000000000000e+00 0.000000000000000000e+00 1.000000000000000000e+00
-7.382326291296970044e-02 7.915986330913724611e-01 -6.065655199075807857e-01 1.140620959999999968e+02 -3.455716999476743934e-01 5.502364066546301391e-01 7.601447868577904110e-01 -7.883396000000000186e+02 9.354840063027038966e-01 2.657282462962335945e-01 2.329338384008884377e-01 -2.892256499999999875e+01 0.000000000000000000e+00 0.000000000000000000e+00 0.000000000000000000e+00 1.000000000000000000e+00
-7.187103417772916503e-02 7.785271772908841648e-01 -6.234821478324074073e-01 1.141990129999999937e+02 -3.483724145998096655e-01 5.661361031616514161e-01 7.470786929385943020e-01 -7.885891110000000026e+02 9.345968195923427535e-01 2.708972995738941902e-01 2.305286053648219202e-01 -2.893861000000000061e+01 0.000000000000000000e+00 0.000000000000000000e+00 0.000000000000000000e+00 1.000000000000000000e+00
-7.268439007794713635e-02 7.459281246358552275e-01 -6.620484969518719565e-01 1.144684910000000002e+02 -3.563803668663506619e-01 6.005552409075592957e-01 7.157698210532970062e-01 -7.890904540000000225e+02 9.315095348686465160e-01 2.879663791064843714e-01 2.221831473201745510e-01 -2.896825799999999873e+01 0.000000000000000000e+00 0.000000000000000000e+00 0.000000000000000000e+00 1.000000000000000000e+00
-7.137502481378965591e-02 7.275891580662398050e-01 -6.822899844620992083e-01 1.146084290000000010e+02 -3.587942007399319566e-01 6.195195183258711547e-01 6.981849954909330469e-01 -7.893370969999999716e+02 9.306837955762551351e-01 2.946346610257204457e-01 2.168365494422803963e-01 -2.897338299999999833e+01 0.000000000000000000e+00 0.000000000000000000e+00 0.000000000000000000e+00 1.000000000000000000e+00
-6.878160890616302758e-02 7.098781491628067819e-01 -7.009579899091443744e-01 1.147413480000000021e+02 -3.596852281953570873e-01 6.377208406958199127e-01 6.811304324138447441e-01 -7.895595090000000482e+02 9.305351293177136496e-01 2.989734815722040473e-01 2.114692186164724430e-01 -2.897427199999999914e+01 0.000000000000000000e+00 0.000000000000000000e+00 0.000000000000000000e+00 1.000000000000000000e+00
-6.465510293405662967e-02 6.896708766429455739e-01 -7.212307533481483457e-01 1.148915789999999930e+02 -3.592815644313847034e-01 6.581871083562088609e-01 6.615938994983471266e-01 -7.897979739999999538e+02 9.309868286524376479e-01 3.019003350515585549e-01 2.052308762624023286e-01 -2.897276099999999843e+01 0.000000000000000000e+00 0.000000000000000000e+00 0.000000000000000000e+00 1.000000000000000000e+00
-5.987814533633339931e-02 6.704367766447719701e-01 -7.395465747559438752e-01 1.150340039999999959e+02 -3.577443955688445199e-01 6.772485721432346395e-01 6.429255936490876344e-01 -7.900125729999999749e+02 9.318978244154038082e-01 3.030658345180430313e-01 1.992926109962915859e-01 -2.896992699999999843e+01 0.000000000000000000e+00 0.000000000000000000e+00 0.000000000000000000e+00 1.000000000000000000e+00
-5.325028102605161573e-02 6.469761106588722832e-01 -7.606486178304436852e-01 1.152079090000000008e+02 -3.546446499975826061e-01 6.998192945496086725e-01 6.200646153459972165e-01 -7.902614750000000186e+02 9.334835723239793825e-01 3.027785778631077451e-01 1.921810422191931322e-01 -2.896530900000000130e+01 0.000000000000000000e+00 0.000000000000000000e+00 0.000000000000000000e+00 1.000000000000000000e+00
-4.567153948506275096e-02 6.229887979652577457e-01 -7.808963235224428701e-01 1.153877789999999948e+02 -3.501271413936856147e-01 7.221414983828341461e-01 5.965925252405374080e-01 -7.905050049999999828e+02 9.355881013248033007e-01 3.006602965527681581e-01 1.851439729946701140e-01 -2.895946899999999857e+01 0.000000000000000000e+00 0.000000000000000000e+00 0.000000000000000000e+00 1.000000000000000000e+00
-3.865471249427676614e-02 6.024764766991528298e-01 -7.972000427911178910e-01 1.155444490000000002e+02 -3.453133494308250895e-01 7.405920785929233086e-01 5.764391241321830117e-01 -7.907067260000000033e+02 9.376910492837444711e-01 2.975659055563801836e-01 1.794157962487186175e-01 -2.895362700000000089e+01 0.000000000000000000e+00 0.000000000000000000e+00 0.000000000000000000e+00 1.000000000000000000e+00
-2.547249218781288960e-02 5.795896457725741024e-01 -8.145102790357919842e-01 1.157443849999999941e+02 -3.350779198389087776e-01 7.626911873845922951e-01 5.531952099596583183e-01 -7.909327389999999696e+02 9.418460276383670005e-01 2.870156706507552835e-01 1.747800475532764186e-01 -2.894607200000000091e+01 0.000000000000000000e+00 0.000000000000000000e+00 0.000000000000000000e+00 1.000000000000000000e+00
-1.470509329229957585e-02 5.621436845373324331e-01 -8.269088451371509052e-01 1.159034960000000041e+02 -3.263269130939896456e-01 7.790176773305401703e-01 5.353897684837446436e-01 -7.911018679999999677e+02 9.451425850218644342e-01 2.777155673370186317e-01 1.719870856688530680e-01 -2.894455500000000114e+01 0.000000000000000000e+00 0.000000000000000000e+00 0.000000000000000000e+00 1.000000000000000000e+00
-3.879087747791054586e-03 5.387731041900085671e-01 -8.424419830942111442e-01 1.161082690000000071e+02 -3.171349142650629060e-01 7.982980263665542253e-01 5.120016672368902233e-01 -7.913229370000000245e+02 9.483725000401139749e-01 2.691538654760994298e-01 1.677670941124558834e-01 -2.894787200000000027e+01 0.000000000000000000e+00 0.000000000000000000e+00 0.000000000000000000e+00 1.000000000000000000e+00
1.777052348771679391e-03 5.205415887204634107e-01 -8.538344666838681984e-01 1.162621539999999953e+02 -3.118982925204695777e-01 8.115310165001741183e-01 4.941020789077998354e-01 -7.914952389999999696e+02 9.501138338155934449e-01 2.654314669939681903e-01 1.637981658067777513e-01 -2.894779799999999881e+01 0.000000000000000000e+00 0.000000000000000000e+00 0.000000000000000000e+00 1.000000000000000000e+00
9.071255730505267678e-03 4.997159678711917130e-01 -8.661418265930990179e-01 1.164498439999999988e+02 -3.047649939824225718e-01 8.263494618449287454e-01 4.735661150795006935e-01 -7.916985469999999623e+02 9.523843818345437695e-01 2.596738692343822374e-01 1.597919612323449590e-01 -2.894173199999999824e+01 0.000000000000000000e+00 0.000000000000000000e+00 0.000000000000000000e+00 1.000000000000000000e+00
1.676571347776179000e-02 4.802236893848628729e-01 -8.769858145974611663e-01 1.166409230000000008e+02 -2.969436983003524433e-01 8.399271472588384357e-01 4.542541439957802352e-01 -7.918983150000000251e+02 9.547477943893303287e-01 2.527995163191981698e-01 1.566813762305164781e-01 -2.893124399999999952e+01 0.000000000000000000e+00 0.000000000000000000e+00 0.000000000000000000e+00 1.000000000000000000e+00
2.788381941515527540e-02 4.629294094626406064e-01 -8.859564630778387073e-01 1.168424069999999944e+02 -2.858576835351041012e-01 8.529809711288081076e-01 4.367022414141010223e-01 -7.920882569999999987e+02 9.578663149828201551e-01 2.410805358106005714e-01 1.561162959927836491e-01 -2.891866299999999868e+01 0.000000000000000000e+00 0.000000000000000000e+00 0.000000000000000000e+00 1.000000000000000000e+00
3.897228855204681874e-02 4.483770717201978062e-01 -8.929944917414869288e-01 1.170323869999999999e+02 -2.747972008292937085e-01 8.640247744570953570e-01 4.218384614289575896e-01 -7.922573849999999993e+02 9.607120583928363544e-01 2.289523764453776367e-01 1.568857870510049768e-01 -2.890987799999999908e+01 0.000000000000000000e+00 0.000000000000000000e+00 0.000000000000000000e+00 1.000000000000000000e+00
5.115049072345495551e-02 4.324376481663806393e-01 -9.002118127124743019e-01 1.172591089999999951e+02 -2.623861583884198323e-01 8.755443621887049055e-01 4.056791512091061369e-01 -7.924548340000000053e+02 9.636063154550806864e-01 2.154524316128814398e-01 1.582501770210063552e-01 -2.890414200000000022e+01 0.000000000000000000e+00 0.000000000000000000e+00 0.000000000000000000e+00 1.000000000000000000e+00
6.080965251635306323e-02 4.202147302992924605e-01 -9.053848720849787535e-01 1.174528880000000015e+02 -2.523297685764247511e-01 8.840730814853458019e-01 3.933757421132791365e-01 -7.926195679999999584e+02 9.657286751727983676e-01 2.045345130595275784e-01 1.597928625330106156e-01 -2.890291399999999911e+01 0.000000000000000000e+00 0.000000000000000000e+00 0.000000000000000000e+00 1.000000000000000000e+00
7.486442203744536616e-02 4.041303660462463587e-01 -9.116325825420709128e-01 1.177560200000000066e+02 -2.374829922157266071e-01 8.951203702074398416e-01 3.773080323130695857e-01 -7.928699339999999438e+02 9.685025279890929761e-01 1.882502857342376879e-01 1.629867577434236381e-01 -2.890651700000000091e+01 0.000000000000000000e+00 0.000000000000000000e+00 0.000000000000000000e+00 1.000000000000000000e+00
8.580495183227992984e-02 3.918875757358881717e-01 -9.160030776285135179e-01 1.180584180000000032e+02 -2.255074646930265159e-01 9.031727224631762585e-01 3.652744403406536500e-01 -7.931197509999999511e+02 9.704555083097747836e-01 1.752231759280228895e-01 1.658702655960784811e-01 -2.891363099999999875e+01 0.000000000000000000e+00 0.000000000000000000e+00 0.000000000000000000e+00 1.000000000000000000e+00
9.148665955319873477e-02 3.860144813291929156e-01 -9.179449936286765421e-01 1.182698290000000014e+02 -2.187862643837787668e-01 9.070787318048574299e-01 3.596397431100777364e-01 -7.932966310000000476e+02 9.714745295893187915e-01 1.679315173260982064e-01 1.674402694926342972e-01 -2.891359699999999933e+01 0.000000000000000000e+00 0.000000000000000000e+00 0.000000000000000000e+00 1.000000000000000000e+00
9.659953649363783867e-02 3.832168536994039476e-01 -9.185931485646645633e-01 1.184479369999999960e+02 -2.129909704874195231e-01 9.094894209660349116e-01 3.570207832069359211e-01 -7.934417720000000145e+02 9.722671320373026393e-01 1.611640040194967649e-01 1.694779860877574373e-01 -2.890885199999999955e+01 0.000000000000000000e+00 0.000000000000000000e+00 0.000000000000000000e+00 1.000000000000000000e+00
1.076758296655357383e-01 3.833056188419807775e-01 -9.173236714867902819e-01 1.188428650000000033e+02 -2.014889495584477330e-01 9.119537443779270891e-01 3.574109278140665813e-01 -7.937581790000000410e+02 9.735543738855432228e-01 1.463460647890634236e-01 1.754272225428066823e-01 -2.888395500000000027e+01 0.000000000000000000e+00 0.000000000000000000e+00 0.000000000000000000e+00 1.000000000000000000e+00
1.123786456940278344e-01 3.857162713058239767e-01 -9.157477808009736320e-01 1.190406720000000007e+02 -1.984925310701900758e-01 9.117252672656721568e-01 3.596633872646594621e-01 -7.939191889999999603e+02 9.736384108596608522e-01 1.413506104665657737e-01 1.790202497467909271e-01 -2.886832000000000065e+01 0.000000000000000000e+00 0.000000000000000000e+00 0.000000000000000000e+00 1.000000000000000000e+00
1.172496756086106595e-01 3.923815733751431778e-01 -9.122988624597327956e-01 1.194154659999999950e+02 -2.005388043705405576e-01 9.090656580855938085e-01 3.652174930517980145e-01 -7.942365720000000238e+02 9.726441803204857184e-01 1.401296905193656905e-01 1.852753850991468720e-01 -2.885178200000000004e+01 0.000000000000000000e+00 0.000000000000000000e+00 0.000000000000000000e+00 1.000000000000000000e+00
1.171144197244359253e-01 3.965121746714806994e-01 -9.105285871568787881e-01 1.196092220000000026e+02 -2.054938168060868875e-01 9.066712641426765140e-01 3.684012894010921246e-01 -7.944076539999999795e+02 9.716257015677770559e-01 1.439628914519778813e-01 1.876650791642147098e-01 -2.885146299999999897e+01 0.000000000000000000e+00 0.000000000000000000e+00 0.000000000000000000e+00 1.000000000000000000e+00
1.156474305661850943e-01 4.008312438494361918e-01 -9.088234073556609172e-01 1.198021849999999944e+02 -2.125998615707360151e-01 9.037476444240680751e-01 3.715393573473102506e-01 -7.945812989999999445e+02 9.702715963396761900e-01 1.502481585646300299e-01 1.897327599135018028e-01 -2.885695600000000027e+01 0.000000000000000000e+00 0.000000000000000000e+00 0.000000000000000000e+00 1.000000000000000000e+00
1.132332527709948300e-01 4.055444853954934814e-01 -9.070346745478943262e-01 1.200129170000000016e+02 -2.218352185730491088e-01 9.001802557133964378e-01 3.747861297118824098e-01 -7.947717900000000100e+02 9.684871533828147694e-01 1.587739827209381505e-01 1.918943879934578156e-01 -2.886753699999999867e+01 0.000000000000000000e+00 0.000000000000000000e+00 0.000000000000000000e+00 1.000000000000000000e+00
1.108319134359521119e-01 4.092372130021558752e-01 -9.056716791742766004e-01 1.201890870000000007e+02 -2.304206262673234029e-01 8.970361038429668366e-01 3.771373269683132023e-01 -7.949309690000000046e+02 9.667588230550058226e-01 1.668865839318967592e-01 1.937169227218982215e-01 -2.887891000000000119e+01 0.000000000000000000e+00 0.000000000000000000e+00 0.000000000000000000e+00 1.000000000000000000e+00
1.083113804112775247e-01 4.125450148587144206e-01 -9.044751271254650726e-01 1.203661419999999964e+02 -2.394697690585408933e-01 8.938634318293301462e-01 3.790282244706074666e-01 -7.950899050000000443e+02 9.648434456327369402e-01 1.755413796046825237e-01 1.956076416350652769e-01 -2.889203799999999944e+01 0.000000000000000000e+00 0.000000000000000000e+00 0.000000000000000000e+00 1.000000000000000000e+00
1.048512349855353909e-01 4.153952845844361974e-01 -9.035778749322181946e-01 1.205606159999999960e+02 -2.505496840908255640e-01 8.903119887619479478e-01 3.802228536907437118e-01 -7.952657470000000330e+02 9.624089953465707614e-01 1.865243153365278017e-01 1.974274688695674129e-01 -2.890776599999999874e+01 0.000000000000000000e+00 0.000000000000000000e+00 0.000000000000000000e+00 1.000000000000000000e+00
9.948617430794048921e-02 4.169596894895117312e-01 -9.034639552646138716e-01 1.207517090000000053e+02 -2.639394513576651113e-01 8.865014715159724723e-01 3.800672401260470901e-01 -7.954457400000000007e+02 9.593948442318130931e-01 2.006483449740504854e-01 1.982467516016078735e-01 -2.892069400000000101e+01 0.000000000000000000e+00 0.000000000000000000e+00 0.000000000000000000e+00 1.000000000000000000e+00
9.477221781337252793e-02 4.175175396024462526e-01 -9.037130799402283143e-01 1.209444730000000021e+02 -2.768603863108556884e-01 8.830395500064999181e-01 3.789320250600640705e-01 -7.956245119999999815e+02 9.562251582250581583e-01 2.142901240109701400e-01 1.992816838769299048e-01 -2.892839599999999933e+01 0.000000000000000000e+00 0.000000000000000000e+00 0.000000000000000000e+00 1.000000000000000000e+00
9.094574055431636772e-02 4.169700786932877823e-01 -9.043587925981264597e-01 1.211393740000000037e+02 -2.889347629831311992e-01 8.801076497703542723e-01 3.767323022460192794e-01 -7.958011470000000145e+02 9.530191892165180700e-01 2.270384951725535616e-01 2.005191928341863994e-01 -2.893063700000000082e+01 0.000000000000000000e+00 0.000000000000000000e+00 0.000000000000000000e+00 1.000000000000000000e+00
8.770494671549577959e-02 4.149395982847495779e-01 -9.056119323953957245e-01 1.213543399999999934e+02 -3.011580203288302116e-01 8.776184278457924703e-01 3.729473714843684062e-01 -7.959913940000000139e+02 9.495323528523142986e-01 2.400229674026430615e-01 2.019338654262275989e-01 -2.892748100000000022e+01 0.000000000000000000e+00 0.000000000000000000e+00 0.000000000000000000e+00 1.000000000000000000e+00
8.563501909414483748e-02 4.117071415084798125e-01 -9.072837886436978527e-01 1.215540699999999958e+02 -3.111513719352634877e-01 8.761340649430278127e-01 3.682036447255919165e-01 -7.961622310000000198e+02 9.464943038642911199e-01 2.507714694245004039e-01 2.031309992963360456e-01 -2.892188799999999915e+01 0.000000000000000000e+00 0.000000000000000000e+00 0.000000000000000000e+00 1.000000000000000000e+00
8.597690761544346527e-02 4.076593658343034554e-01 -9.090774514882982160e-01 1.217600249999999988e+02 -3.176970248616012849e-01 8.760401310196812563e-01 3.627978627791337285e-01 -7.963242800000000443e+02 9.442862763754289457e-01 2.576189633753570574e-01 2.048313890946254490e-01 -2.891503099999999904e+01 0.000000000000000000e+00 0.000000000000000000e+00 0.000000000000000000e+00 1.000000000000000000e+00
8.837631403981416334e-02 4.028501563921330630e-01 -9.109892307879221551e-01 1.219718929999999943e+02 -3.212300796575998652e-01 8.772310465781133493e-01 3.567589197800666856e-01 -7.964777219999999716e+02 9.428684229731676414e-01 2.611081048422317918e-01 2.069340342857837189e-01 -2.890948699999999860e+01 0.000000000000000000e+00 0.000000000000000000e+00 0.000000000000000000e+00 1.000000000000000000e+00
9.089581411818981049e-02 3.967134263960354623e-01 -9.134311185266842381e-01 1.221857600000000019e+02 -3.244031121175960930e-01 8.789935214032312816e-01 3.494753355811623940e-01 -7.966279299999999921e+02 9.415415932523695242e-01 2.645540524132357074e-01 2.085919018742699027e-01 -2.890718800000000144e+01 0.000000000000000000e+00 0.000000000000000000e+00 0.000000000000000000e+00 1.000000000000000000e+00
9.352771238476131899e-02 3.892485484331530410e-01 -9.163722685452437844e-01 1.224015729999999991e+02 -3.270303806544458958e-01 8.813481154087825509e-01 3.409935917204239830e-01 -7.967744139999999788e+02 9.403742324974038169e-01 2.677892212320547305e-01 2.097265740120886068e-01 -2.890802000000000049e+01 0.000000000000000000e+00 0.000000000000000000e+00 0.000000000000000000e+00 1.000000000000000000e+00
9.633849277146866452e-02 3.804552639371233669e-01 -9.197677353294450020e-01 1.226194689999999952e+02 -3.290593662044158929e-01 8.842813472010925269e-01 3.313101756743511150e-01 -7.969171139999999696e+02 9.393821524404591949e-01 2.707402650784605513e-01 2.103827001955604903e-01 -2.891191699999999898e+01 0.000000000000000000e+00 0.000000000000000000e+00 0.000000000000000000e+00 1.000000000000000000e+00
9.909372391726306573e-02 3.713336340831450144e-01 -9.231964937535317439e-01 1.228194579999999974e+02 -3.302592998533037116e-01 8.874475641312951080e-01 3.215052344485807012e-01 -7.970428470000000516e+02 9.386741866806689316e-01 2.730350767136636714e-01 2.105768699153564572e-01 -2.891806400000000110e+01 0.000000000000000000e+00 0.000000000000000000e+00 0.000000000000000000e+00 1.000000000000000000e+00
1.029875719264495282e-01 3.579058795293434403e-01 -9.280608500669669247e-01 1.230822220000000016e+02 -3.308193816048134450e-01 8.922319108804870336e-01 3.073772177002769834e-01 -7.972010500000000093e+02 9.380576191169192057e-01 2.753644831943323212e-01 2.102909998355018684e-01 -2.892979199999999906e+01 0.000000000000000000e+00 0.000000000000000000e+00 0.000000000000000000e+00 1.000000000000000000e+00
1.062300352799068759e-01 3.464114131903087701e-01 -9.320484496075955860e-01 1.232865369999999956e+02 -3.304025947004199937e-01 8.963891950555515908e-01 2.955004846068615687e-01 -7.973181150000000343e+02 9.378428999676116096e-01 2.765601992318367786e-01 2.096786855671958771e-01 -2.894174200000000141e+01 0.000000000000000000e+00 0.000000000000000000e+00 0.000000000000000000e+00 1.000000000000000000e+00
1.088276229606546797e-01 3.350655156573604243e-01 -9.358886946095676951e-01 1.234709090000000060e+02 -3.302949485569830479e-01 9.001785090485734386e-01 2.838730328946853509e-01 -7.974221800000000258e+02 9.375829538971329757e-01 2.782260808485688131e-01 2.086347346372893763e-01 -2.895460299999999876e+01 0.000000000000000000e+00 0.000000000000000000e+00 0.000000000000000000e+00 1.000000000000000000e+00
1.101852900942072444e-01 3.194011051018707525e-01 -9.411918698684980100e-01 1.236931000000000012e+02 -3.330356162077482973e-01 9.040799611303729222e-01 2.678184127718425400e-01 -7.975541990000000396e+02 9.364542061328899880e-01 2.839407648475423263e-01 2.059882566405469295e-01 -2.896869999999999834e+01 0.000000000000000000e+00 0.000000000000000000e+00 0.000000000000000000e+00 1.000000000000000000e+00
1.177878134725072745e-01 2.646898776072512671e-01 -9.571130025705553157e-01 1.243913040000000052e+02 -3.312721289572803096e-01 9.190849263769296229e-01 2.134049546819960785e-01 -7.979342040000000225e+02 9.361542648375195119e-01 2.919283590180510313e-01 1.959413831418749807e-01 -2.897850199999999887e+01 0.000000000000000000e+00 0.000000000000000000e+00 0.000000000000000000e+00 1.000000000000000000e+00
1.213996585889709490e-01 2.436851165595962376e-01 -9.622264218269094282e-01 1.246421739999999971e+02 -3.272374462750861079e-01 9.250270447655717376e-01 1.929782894722441300e-01 -7.980569460000000390e+02 9.371114003414116045e-01 2.914490185600375760e-01 1.920408626583142153e-01 -2.897494500000000173e+01 0.000000000000000000e+00 0.000000000000000000e+00 0.000000000000000000e+00 1.000000000000000000e+00
1.246168486429803379e-01 2.257228762665829669e-01 -9.661882964330674728e-01 1.248528589999999951e+02 -3.228100151452676370e-01 9.300240388605012232e-01 1.756387806366029591e-01 -7.981547239999999874e+02 9.382240324976782730e-01 2.900077072623097330e-01 1.887622699912613888e-01 -2.897050300000000078e+01 0.000000000000000000e+00 0.000000000000000000e+00 0.000000000000000000e+00 1.000000000000000000e+00
1.283172127729079737e-01 2.056767256118096632e-01 -9.701710042295619285e-01 1.250862659999999948e+02 -3.167359024936380885e-01 9.355239834396994469e-01 1.564392677068572879e-01 -7.982575070000000323e+02 9.397941588335889662e-01 2.872141377974307686e-01 1.851890333457832938e-01 -2.896425400000000039e+01 0.000000000000000000e+00 0.000000000000000000e+00 0.000000000000000000e+00 1.000000000000000000e+00
1.328081731652016595e-01 1.818095423351390738e-01 -9.743240115364135701e-01 1.253641590000000008e+02 -3.082612539199257040e-01 9.418549091558998665e-01 1.337323051122904505e-01 -7.983726199999999835e+02 9.419856625619293933e-01 2.825855983853722830e-01 1.811308673665098512e-01 -2.895534899999999823e+01 0.000000000000000000e+00 0.000000000000000000e+00 0.000000000000000000e+00 1.000000000000000000e+00
1.404950026050137968e-01 1.417909772007409641e-01 -9.798757436672651533e-01 1.258390119999999968e+02 -2.912529714764814925e-01 9.518199550535904052e-01 9.597124448448496326e-02 -7.985528560000000198e+02 9.462731428341062401e-01 2.719082417769639326e-01 1.750229905030281641e-01 -2.893685899999999833e+01 0.000000000000000000e+00 0.000000000000000000e+00 0.000000000000000000e+00 1.000000000000000000e+00
1.466366211984800327e-01 1.193330665405900604e-01 -9.819660485747522261e-01 1.261257549999999981e+02 -2.760147976483967036e-01 9.582048491569981064e-01 7.522830937306237975e-02 -7.986425779999999577e+02 9.499018543000156134e-01 2.600059350900161270e-01 1.734456137103451145e-01 -2.892463300000000004e+01 0.000000000000000000e+00 0.000000000000000000e+00 0.000000000000000000e+00 1.000000000000000000e+00
1.523676664914746515e-01 1.010821845394730412e-01 -9.831411323796144242e-01 1.263715590000000049e+02 -2.612705691811271214e-01 9.634870476308541321e-01 5.856960583229105233e-02 -7.987099610000000212e+02 9.531640907460332546e-01 2.479417290742080837e-01 1.732140730309734145e-01 -2.891879300000000086e+01 0.000000000000000000e+00 0.000000000000000000e+00 0.000000000000000000e+00 1.000000000000000000e+00
1.580259609998684311e-01 8.182518024784984911e-02 -9.840388384243149433e-01 1.266405639999999977e+02 -2.460226710994287136e-01 9.683958615814953763e-01 4.101585762769691113e-02 -7.987803959999999961e+02 9.562952687089748549e-01 2.356142931768785143e-01 1.731625360624795551e-01 -2.891864800000000102e+01 0.000000000000000000e+00 0.000000000000000000e+00 0.000000000000000000e+00 1.000000000000000000e+00
1.627963657083991711e-01 6.501893615154284711e-02 -9.845150487696258113e-01 1.268880309999999980e+02 -2.325227038690018122e-01 9.722497780617251895e-01 2.575968253636877481e-02 -7.988416140000000496e+02 9.588694048188134422e-01 2.247285184409126280e-01 1.733971092658892488e-01 -2.892360299999999995e+01 0.000000000000000000e+00 0.000000000000000000e+00 0.000000000000000000e+00 1.000000000000000000e+00
1.667033604709607930e-01 4.772611389626224554e-02 -9.848513632320613498e-01 1.271567919999999958e+02 -2.204109108353358715e-01 9.753562821874695032e-01 9.957569089628720560e-03 -7.989097289999999703e+02 9.610562002257861947e-01 2.154120257780380021e-01 1.731145261316200390e-01 -2.893200099999999964e+01 0.000000000000000000e+00 0.000000000000000000e+00 0.000000000000000000e+00 1.000000000000000000e+00
1.692727423037553303e-01 3.178933088403623763e-02 -9.850564334873976868e-01 1.274235000000000042e+02 -2.109272388462742065e-01 9.774904619689211982e-01 -4.700709783860085311e-03 -7.989808960000000297e+02 9.627338358163450849e-01 2.085709356591434194e-01 1.721677268613842626e-01 -2.893580800000000153e+01 0.000000000000000000e+00 0.000000000000000000e+00 0.000000000000000000e+00 1.000000000000000000e+00
1.717705813541645643e-01 1.883135622638504314e-02 -9.849569774380640963e-01 1.276687469999999962e+02 -2.015409458164969525e-01 9.793423891416859206e-01 -1.642351940499751917e-02 -7.990425420000000258e+02 9.643008423415609931e-01 2.013302382975033500e-01 1.720175008725168819e-01 -2.893318599999999918e+01 0.000000000000000000e+00 0.000000000000000000e+00 0.000000000000000000e+00 1.000000000000000000e+00
1.770425790717404246e-01 -2.008575415045260604e-03 -9.842011434764892375e-01 1.281609950000000140e+02 -1.816669512071324710e-01 9.827482339148421175e-01 -3.468468792370055231e-02 -7.991579590000000053e+02 9.672916023799298380e-01 1.849374877142577200e-01 1.736233901385608180e-01 -2.891095899999999830e+01 0.000000000000000000e+00 0.000000000000000000e+00 0.000000000000000000e+00 1.000000000000000000e+00
1.799918354074460658e-01 -1.038240199678093501e-02 -9.836133106640213564e-01 1.284302830000000029e+02 -1.705418921769370488e-01 9.844719326066657672e-01 -4.159900145925563009e-02 -7.992168580000000020e+02 9.687715944428642034e-01 1.752347557948319978e-01 1.754262755751166414e-01 -2.888999700000000104e+01 0.000000000000000000e+00 0.000000000000000000e+00 0.000000000000000000e+00 1.000000000000000000e+00
1.831132831699640584e-01 -1.612997272580804498e-02 -9.829594851806361389e-01 1.286784969999999930e+02 -1.593521582861555652e-01 9.861556860728200036e-01 -4.586777164622146685e-02 -7.992662350000000515e+02 9.700909313957432056e-01 1.650357137292125242e-01 1.780078594265681047e-01 -2.886792799999999914e+01 0.000000000000000000e+00 0.000000000000000000e+00 0.000000000000000000e+00 1.000000000000000000e+00
1.875852312811026046e-01 -2.050523693599660274e-02 -9.820342744850679706e-01 1.289524839999999983e+02 -1.448390868398281017e-01 9.882755326167871335e-01 -4.830228311799066032e-02 -7.993119510000000218e+02 9.715108954245547102e-01 1.512977425119239050e-01 1.824159345621307882e-01 -2.884623099999999951e+01 0.000000000000000000e+00 0.000000000000000000e+00 0.000000000000000000e+00 1.000000000000000000e+00
1.914434264343351511e-01 -2.302988950738306395e-02 -9.812334272049434425e-01 1.292040859999999896e+02 -1.323524650812474834e-01 9.899879495829353448e-01 -4.905797251714125173e-02 -7.993521729999999934e+02 9.725390683473844611e-01 1.392604892632980651e-01 1.864786225500080774e-01 -2.883041800000000165e+01 0.000000000000000000e+00 0.000000000000000000e+00 0.000000000000000000e+00 1.000000000000000000e+00
1.952727796775760027e-01 -2.414580403635207401e-02 -9.804516926725309611e-01 1.294787450000000035e+02 -1.198274269488232291e-01 9.916197912562569883e-01 -4.828640947225395358e-02 -7.993950810000000047e+02 9.734012170055149626e-01 1.269140249788644481e-01 1.907430234526204527e-01 -2.881764400000000137e+01 0.000000000000000000e+00 0.000000000000000000e+00 0.000000000000000000e+00 1.000000000000000000e+00
1.988154897046981451e-01 -2.350252245962655695e-02 -9.797550880151201236e-01 1.297536929999999984e+02 -1.081613356597392328e-01 9.930791380014136749e-01 -4.577063616196094115e-02 -7.994364620000000059e+02 9.740500636629424447e-01 1.150715303817765878e-01 1.948974509166642721e-01 -2.880936200000000014e+01 0.000000000000000000e+00 0.000000000000000000e+00 0.000000000000000000e+00 1.000000000000000000e+00
2.077334918912801531e-01 -1.139300691903681606e-02 -9.781191112231670814e-01 1.305120699999999943e+02 -7.987299681195733636e-02 9.963955519744378542e-01 -2.856936096296714203e-02 -7.995426639999999452e+02 9.749190226510777713e-01 8.406011776638215582e-02 2.060747337112666666e-01 -2.880569300000000155e+01 0.000000000000000000e+00 0.000000000000000000e+00 0.000000000000000000e+00 1.000000000000000000e+00
2.101813272702274804e-01 -4.081801682223912264e-03 -9.776539001926768391e-01 1.307648159999999962e+02 -7.398805706047464903e-02 9.970571678792579107e-01 -2.006916522950708340e-02 -7.995810549999999921e+02 9.748587472446156310e-01 7.655287633799466585e-02 2.092607943333825715e-01 -2.880844700000000103e+01 0.000000000000000000e+00 0.000000000000000000e+00 0.000000000000000000e+00 1.000000000000000000e+00
2.118990661050176305e-01 3.587766936006722696e-03 -9.772849705752332250e-01 1.309939270000000135e+02 -7.176169852232852642e-02 9.973508361789692467e-01 -1.189824349647515198e-02 -7.996209109999999782e+02 9.746532944637348317e-01 7.265285611401575694e-02 2.115951750146121135e-01 -2.881194500000000147e+01 0.000000000000000000e+00 0.000000000000000000e+00 0.000000000000000000e+00 1.000000000000000000e+00
2.133345964841014686e-01 1.289933252547966272e-02 -9.768940357906598093e-01 1.312454070000000002e+02 -7.209751941167374945e-02 9.973942644684429260e-01 -2.574665053383967672e-03 -7.996693729999999505e+02 9.743152968303684380e-01 7.098090183881078374e-02 2.137087128230859001e-01 -2.881648799999999966e+01 0.000000000000000000e+00 0.000000000000000000e+00 0.000000000000000000e+00 1.000000000000000000e+00
2.143174329307536707e-01 2.193908695566590406e-02 -9.765176467455789489e-01 1.314737090000000137e+02 -7.442600669996049523e-02 9.972080674698300395e-01 6.069571631032458225e-03 -7.997163699999999835e+02 9.739244362211418871e-01 7.137749390836392593e-02 2.153519117507252112e-01 -2.882105400000000017e+01 0.000000000000000000e+00 0.000000000000000000e+00 0.000000000000000000e+00 1.000000000000000000e+00
2.151232867935867210e-01 3.225630617085349650e-02 -9.760540467573177725e-01 1.317246399999999937e+02 -7.875119584232705139e-02 9.967724831246302930e-01 1.558415987347997259e-02 -7.997708129999999755e+02 9.734065032824301689e-01 7.351290769498164401e-02 2.169691954395863709e-01 -2.882644499999999965e+01 0.000000000000000000e+00 0.000000000000000000e+00 0.000000000000000000e+00 1.000000000000000000e+00
2.156755981254520615e-01 4.175596167682901760e-02 -9.755718712825168781e-01 1.319526979999999980e+02 -8.391125291429635258e-02 9.961820625443491561e-01 2.408733898211616251e-02 -7.998220209999999497e+02 9.728529888979019491e-01 7.666640678504221817e-02 2.183559572420429862e-01 -2.883163100000000156e+01 0.000000000000000000e+00 0.000000000000000000e+00 0.000000000000000000e+00 1.000000000000000000e+00
2.161439010226722801e-01 5.209569598354035769e-02 -9.749706931547693634e-01 1.322036290000000065e+02 -9.059669089084457227e-02 9.953374673985966314e-01 3.309932918015330572e-02 -7.998796999999999571e+02 9.721491931027509414e-01 8.117490038514321715e-02 2.198558207033238232e-01 -2.883764599999999945e+01 0.000000000000000000e+00 0.000000000000000000e+00 0.000000000000000000e+00 1.000000000000000000e+00
2.165255651091878009e-01 6.208349575837691231e-02 -9.743009387291824419e-01 1.324547269999999912e+02 -9.800830240937524751e-02 9.943166768524924759e-01 4.157786420498667257e-02 -7.999381710000000112e+02 9.713449708074773925e-01 8.648691049769009764e-02 2.213796783798937517e-01 -2.884398699999999849e+01 0.000000000000000000e+00 0.000000000000000000e+00 0.000000000000000000e+00 1.000000000000000000e+00
2.169015821218894802e-01 7.230328527983770348e-02 -9.735121666475274882e-01 1.327289580000000058e+02 -1.065741468577635354e-01 9.930463467507508746e-01 5.000904344743282992e-02 -8.000021970000000238e+02 9.703585187416869928e-01 9.290418797196269007e-02 2.230989846743125504e-01 -2.885129200000000083e+01 0.000000000000000000e+00 0.000000000000000000e+00 0.000000000000000000e+00 1.000000000000000000e+00
2.172198627177502894e-01 8.009444822992578539e-02 -9.728311315966535755e-01 1.329577639999999974e+02 -1.139019738805942816e-01 9.918993630164851805e-01 5.623161027033989762e-02 -8.000554809999999861e+02 9.694544195510101936e-01 9.859276347802972684e-02 2.245831592145305367e-01 -2.885771400000000142e+01 0.000000000000000000e+00 0.000000000000000000e+00 0.000000000000000000e+00 1.000000000000000000e+00
2.176505749966391456e-01 8.836526192928441381e-02 -9.720184194179662951e-01 1.332327270000000112e+02 -1.226374344682389789e-01 9.904763791615907031e-01 6.258276112471572450e-02 -8.001187129999999570e+02 9.682914266225229882e-01 1.055846712696203726e-01 2.264146424642307642e-01 -2.886581999999999937e+01 0.000000000000000000e+00 0.000000000000000000e+00 0.000000000000000000e+00 1.000000000000000000e+00
2.181170830286760509e-01 9.474352320753526291e-02 -9.713128244295371472e-01 1.334851840000000038e+02 -1.304355555409429657e-01 9.891770942676533229e-01 6.719555064829596525e-02 -8.001755980000000363e+02 9.671667405064067191e-01 1.120372303585971119e-01 2.281143464839233692e-01 -2.887364799999999931e+01 0.000000000000000000e+00 0.000000000000000000e+00 0.000000000000000000e+00 1.000000000000000000e+00
2.185778316684233724e-01 9.981901862928685421e-02 -9.707007237161289215e-01 1.337378539999999987e+02 -1.381549344573569371e-01 9.878997863303679017e-01 7.047855172672570778e-02 -8.002319340000000238e+02 9.659901374176724786e-01 1.187020458471522155e-01 2.297234831781174158e-01 -2.888162799999999919e+01 0.000000000000000000e+00 0.000000000000000000e+00 0.000000000000000000e+00 1.000000000000000000e+00
2.184301883326367211e-01 1.034006413184944823e-01 -9.703589852213936329e-01 1.339893490000000043e+02 -1.474535919305930975e-01 9.864504528567263897e-01 7.192316932342135427e-02 -8.002915649999999914e+02 9.646479622389376729e-01 1.273727264122247460e-01 2.307173541686484697e-01 -2.888633899999999954e+01 0.000000000000000000e+00 0.000000000000000000e+00 0.000000000000000000e+00 1.000000000000000000e+00
2.184448904213101561e-01 1.054944596572981036e-01 -9.701302741541656394e-01 1.342410889999999881e+02 -1.560613190228763714e-01 9.851208797624566582e-01 7.198414381572806886e-02 -8.003496699999999464e+02 9.632895175146783950e-01 1.356752418006252070e-01 2.316582271551779759e-01 -2.888577700000000092e+01 0.000000000000000000e+00 0.000000000000000000e+00 0.000000000000000000e+00 1.000000000000000000e+00
2.187189891651194484e-01 1.060533820286700957e-01 -9.700075690111233939e-01 1.344932860000000119e+02 -1.635794990823458139e-01 9.839936453990963949e-01 7.069832596438269112e-02 -8.004055789999999888e+02 9.619790804682590846e-01 1.432102858543276569e-01 2.325662545748299337e-01 -2.887978899999999882e+01 0.000000000000000000e+00 0.000000000000000000e+00 0.000000000000000000e+00 1.000000000000000000e+00
2.194814420487331552e-01 1.049447251567449946e-01 -9.699559274822664445e-01 1.347694239999999866e+02 -1.697907842665438427e-01 9.831346984718403181e-01 6.795038071148368219e-02 -8.004625849999999900e+02 9.607283623243150217e-01 1.497757300848800988e-01 2.335984685377465175e-01 -2.886833199999999877e+01 0.000000000000000000e+00 0.000000000000000000e+00 0.000000000000000000e+00 1.000000000000000000e+00
2.208594954111355313e-01 1.026233381288651075e-01 -9.698915061789264991e-01 1.350242609999999956e+02 -1.723587197735420018e-01 9.829037247445100434e-01 6.475136756388635839e-02 -8.005069580000000542e+02 9.599549755091453251e-01 1.528683039568912994e-01 2.347716478635766824e-01 -2.885964999999999847e+01 0.000000000000000000e+00 0.000000000000000000e+00 0.000000000000000000e+00 1.000000000000000000e+00
2.223881381585848249e-01 9.857405695771674636e-02 -9.699622009651999166e-01 1.353026429999999891e+02 -1.744096145277052035e-01 9.828498128186505811e-01 5.989600823628225823e-02 -8.005521850000000086e+02 9.592313601872363149e-01 1.558505718219870273e-01 2.357664032386806996e-01 -2.885443300000000022e+01 0.000000000000000000e+00 0.000000000000000000e+00 0.000000000000000000e+00 1.000000000000000000e+00
2.237542846804377317e-01 9.344126327739768478e-02 -9.701560443579527737e-01 1.355580899999999929e+02 -1.758025439901066689e-01 9.829363605448071528e-01 5.412556369716593763e-02 -8.005910030000000006e+02 9.586592124492167022e-01 1.584450738775219913e-01 2.363634340379119902e-01 -2.885357700000000136e+01 0.000000000000000000e+00 0.000000000000000000e+00 0.000000000000000000e+00 1.000000000000000000e+00
2.249902320090913510e-01 8.753409409712786804e-02 -9.704211342871150725e-01 1.357905269999999973e+02 -1.765352626158437355e-01 9.831353349335554270e-01 4.775158906509387180e-02 -8.006239010000000462e+02 9.582351989744745113e-01 1.605699086867825032e-01 2.366487013923128102e-01 -2.885584800000000172e+01 0.000000000000000000e+00 0.000000000000000000e+00 0.000000000000000000e+00 1.000000000000000000e+00
2.264859217723115825e-01 7.881188462133750794e-02 -9.708206910039460791e-01 1.360697940000000017e+02 -1.766819326272240087e-01 9.835099060884748834e-01 3.862330007843298857e-02 -8.006602169999999887e+02 9.578557417075159730e-01 1.627788422009217861e-01 2.366757837415394694e-01 -2.886194199999999910e+01 0.000000000000000000e+00 0.000000000000000000e+00 0.000000000000000000e+00 1.000000000000000000e+00
2.278744793168837046e-01 6.931063770951609304e-02 -9.712204987418456836e-01 1.363260649999999998e+02 -1.760638551205065683e-01 9.839541291069777706e-01 2.891004554535327176e-02 -8.006905520000000251e+02 9.576401937033368617e-01 1.644089636048756686e-01 2.364211329179483623e-01 -2.886956800000000101e+01 0.000000000000000000e+00 0.000000000000000000e+00 0.000000000000000000e+00 1.000000000000000000e+00
2.293980423448035988e-01 5.742804346675398075e-02 -9.716370505450852013e-01 1.366058810000000108e+02 -1.745619026635101267e-01 9.844998651129055478e-01 1.697520931141009715e-02 -8.007205810000000383e+02 9.575513982585305284e-01 1.657167324570804623e-01 2.358670902794230417e-01 -2.887903999999999982e+01 0.000000000000000000e+00 0.000000000000000000e+00 0.000000000000000000e+00 1.000000000000000000e+00
2.307826833805192157e-01 4.527181346400031836e-02 -9.719515502108980742e-01 1.368625639999999919e+02 -1.724696831084125415e-01 9.850024988079206789e-01 4.928057491157683545e-03 -8.007453610000000026e+02 9.575978077774461861e-01 1.664948655299410829e-01 2.351295351332878258e-01 -2.888824500000000128e+01 0.000000000000000000e+00 0.000000000000000000e+00 0.000000000000000000e+00 1.000000000000000000e+00
2.321770452403519314e-01 3.079415826630038655e-02 -9.721859593103211461e-01 1.371425319999999886e+02 -1.697717320556868803e-01 9.854392391824862152e-01 -9.330856030108997112e-03 -8.007701419999999644e+02 9.577428562293072156e-01 1.672161047749665952e-01 2.340243484033568966e-01 -2.889829800000000048e+01 0.000000000000000000e+00 0.000000000000000000e+00 0.000000000000000000e+00 1.000000000000000000e+00
2.329542612317093142e-01 1.648931426484549767e-02 -9.723478876868422160e-01 1.373982540000000085e+02 -1.696088031034776455e-01 9.852209636897857337e-01 -2.392711048112365624e-02 -8.007967529999999670e+02 9.575829813043851280e-01 1.704926837762996694e-01 2.323081546028042399e-01 -2.890445899999999924e+01 0.000000000000000000e+00 0.000000000000000000e+00 0.000000000000000000e+00 1.000000000000000000e+00
2.336894660662768852e-01 1.447987507717560240e-03 -9.723102060463192364e-01 1.376539760000000001e+02 -1.685756528102502205e-01 9.849149137066850468e-01 -3.904948191398570356e-02 -8.008211059999999861e+02 9.575862795222455093e-01 1.730332802969712369e-01 2.304083357442029967e-01 -2.890502899999999897e+01 0.000000000000000000e+00 0.000000000000000000e+00 0.000000000000000000e+00 1.000000000000000000e+00
2.344581414380759732e-01 -1.560611305196303589e-02 -9.720009409197154504e-01 1.379330290000000048e+02 -1.661410261525921861e-01 9.845173096404549185e-01 -5.588225520936140889e-02 -8.008441769999999451e+02 9.578238561146650287e-01 1.745912834414418136e-01 2.282352829952093431e-01 -2.889911800000000142e+01 0.000000000000000000e+00 0.000000000000000000e+00 0.000000000000000000e+00 1.000000000000000000e+00
2.351370003968509259e-01 -3.312965910831719429e-02 -9.713974555925797283e-01 1.382120510000000024e+02 -1.625190571350651758e-01 9.840087700359222422e-01 -7.289922194592289573e-02 -8.008639530000000377e+02 9.582787418660088097e-01 1.750119029659359948e-01 2.259926695889517001e-01 -2.888646900000000173e+01 0.000000000000000000e+00 0.000000000000000000e+00 0.000000000000000000e+00 1.000000000000000000e+00
2.359624285402162069e-01 -4.935874083530426143e-02 -9.705078294483545642e-01 1.384684300000000121e+02 -1.555573232120685545e-01 9.839117167304319844e-01 -8.786155516305330093e-02 -8.008726199999999835e+02 9.592307603035358232e-01 1.717016260369350344e-01 2.244880845474278575e-01 -2.887401399999999896e+01 0.000000000000000000e+00 0.000000000000000000e+00 0.000000000000000000e+00 1.000000000000000000e+00
2.367252897770912301e-01 -6.564693625525178100e-02 -9.693562899884907713e-01 1.387250669999999957e+02 -1.474252369065022772e-01 9.837348599663442439e-01 -1.026232176949187780e-01 -8.008758540000000039e+02 9.603264740196501004e-01 1.672010916450485385e-01 2.231969046597425677e-01 -2.886766199999999927e+01 0.000000000000000000e+00 0.000000000000000000e+00 0.000000000000000000e+00 1.000000000000000000e+00
2.372890488304690293e-01 -8.186568120552223382e-02 -9.679834283425966523e-01 1.389816439999999886e+02 -1.394902010690799443e-01 9.832452871603161171e-01 -1.173507097666423027e-01 -8.008767090000000053e+02 9.613721397621416420e-01 1.628702413511531333e-01 2.218938786252972473e-01 -2.886665700000000001e+01 0.000000000000000000e+00 0.000000000000000000e+00 0.000000000000000000e+00 1.000000000000000000e+00
2.377263566601525158e-01 -9.928848858711050718e-02 -9.662442627944433093e-01 1.392614440000000116e+02 -1.308558096751168687e-01 9.824200163784957418e-01 -1.331452909161479348e-01 -8.008750609999999597e+02 9.624774991776999800e-01 1.580908202678552310e-01 2.205546556381822176e-01 -2.886880899999999883e+01 0.000000000000000000e+00 0.000000000000000000e+00 0.000000000000000000e+00 1.000000000000000000e+00
2.379932791123465230e-01 -1.148399366976303737e-01 -9.644537251919540477e-01 1.395178380000000118e+02 -1.229295185041781036e-01 9.814384175907848729e-01 -1.471970310747718058e-01 -8.008710939999999709e+02 9.634560356226349320e-01 1.535917361584947238e-01 2.194585291259733562e-01 -2.887222099999999969e+01 0.000000000000000000e+00 0.000000000000000000e+00 0.000000000000000000e+00 1.000000000000000000e+00
2.381566590064866928e-01 -1.311742504717938462e-01 -9.623277621392987147e-01 1.397973939999999970e+02 -1.142621952504925265e-01 9.801722579082545739e-01 -1.618842041817920296e-01 -8.008643799999999828e+02 9.644820146106436454e-01 1.485114838663895986e-01 2.184462923750292718e-01 -2.887657700000000105e+01 0.000000000000000000e+00 0.000000000000000000e+00 0.000000000000000000e+00 1.000000000000000000e+00
2.382043078779328416e-01 -1.454195468102943423e-01 -9.602665583648549719e-01 1.400536189999999976e+02 -1.063163221896246818e-01 9.788808532483006530e-01 -1.746113248903136128e-01 -8.008561399999999821e+02 9.653784477314929502e-01 1.436851786001859810e-01 2.177131647516193369e-01 -2.888069000000000131e+01 0.000000000000000000e+00 0.000000000000000000e+00 0.000000000000000000e+00 1.000000000000000000e+00
2.381613022525586043e-01 -1.600170462942720473e-01 -9.579528897626554684e-01 1.403330540000000042e+02 -9.770361533111182606e-02 9.773831288056784583e-01 -1.875532539767108264e-01 -8.008449709999999868e+02 9.662987103688980284e-01 1.382633878554957729e-01 2.171405948184843560e-01 -2.888502300000000034e+01 0.000000000000000000e+00 0.000000000000000000e+00 0.000000000000000000e+00 1.000000000000000000e+00
2.378102822100347513e-01 -1.724567385948517495e-01 -9.558791466437638329e-01 1.405884700000000009e+02 -9.222357721945803610e-02 9.756567817060463055e-01 -1.989689827984417458e-01 -8.008379519999999729e+02 9.669235137693311666e-01 1.354714642433118288e-01 2.161166372488310117e-01 -2.888673199999999852e+01 0.000000000000000000e+00 0.000000000000000000e+00 0.000000000000000000e+00 1.000000000000000000e+00
2.373171418987683468e-01 -1.838611794670781119e-01 -9.538740172821432717e-01 1.408435059999999908e+02 -8.716998976293635626e-02 9.739336491143932850e-01 -2.094149947053727812e-01 -8.008304440000000568e+02 9.675132903716253674e-01 1.328469563358402050e-01 2.151039728749191693e-01 -2.888318599999999847e+01 0.000000000000000000e+00 0.000000000000000000e+00 0.000000000000000000e+00 1.000000000000000000e+00
2.368194421183884568e-01 -1.941311494336166454e-01 -9.519609491225561326e-01 1.410984190000000069e+02 -8.160497460551840998e-02 9.723964882370959018e-01 -2.185994002365879985e-01 -8.008206179999999677e+02 9.681204366990544541e-01 1.294533370900344538e-01 2.144403263425187500e-01 -2.887408100000000033e+01 0.000000000000000000e+00 0.000000000000000000e+00 0.000000000000000000e+00 1.000000000000000000e+00
2.364683268889054002e-01 -2.032390484277795117e-01 -9.501455780945002871e-01 1.413535160000000133e+02 -7.415915593824200236e-02 9.712514685824564786e-01 -2.262100890034499934e-01 -8.008050540000000410e+02 9.688050113252351103e-01 1.239535153619773789e-01 2.145981734789902395e-01 -2.886262100000000075e+01 0.000000000000000000e+00 0.000000000000000000e+00 0.000000000000000000e+00 1.000000000000000000e+00
2.362618329329930211e-01 -2.111687523021839596e-01 -9.484661851380267183e-01 1.416089479999999980e+02 -6.546910693218910282e-02 9.704226326349856269e-01 -2.323654666840263006e-01 -8.007844239999999445e+02 9.694813780246860357e-01 1.169943251654653182e-01 2.154488002807936620e-01 -2.885487200000000030e+01 0.000000000000000000e+00 0.000000000000000000e+00 0.000000000000000000e+00 1.000000000000000000e+00
2.357433958745313585e-01 -2.236155102917356252e-01 -9.457384177765596478e-01 1.421426240000000121e+02 -4.889609068914704815e-02 9.692049403519722439e-01 -2.413523480570437252e-01 -8.007371219999999994e+02 9.705844752605835568e-01 1.031401335770724403e-01 2.175497396662219862e-01 -2.884793099999999910e+01 0.000000000000000000e+00 0.000000000000000000e+00 0.000000000000000000e+00 1.000000000000000000e+00
2.354785015267651938e-01 -2.278237647089945139e-01 -9.447995594582637713e-01 1.424209140000000104e+02 -4.094706910352434448e-02 9.689475970609867650e-01 -2.438521922837075251e-01 -8.007101440000000139e+02 9.710165873199797515e-01 9.610872168310097274e-02 2.188376127769168233e-01 -2.884638599999999897e+01 0.000000000000000000e+00 0.000000000000000000e+00 0.000000000000000000e+00 1.000000000000000000e+00
2.352832092616417570e-01 -2.301221713234624378e-01 -9.442910556099310959e-01 1.426527399999999943e+02 -3.465629530769206990e-02 9.689617364815394929e-01 -2.447694720144362734e-01 -8.006868289999999888e+02 9.713087833614442168e-01 9.031577658446421353e-02 2.200052450848765662e-01 -2.884545900000000174e+01 0.000000000000000000e+00 0.000000000000000000e+00 0.000000000000000000e+00 1.000000000000000000e+00
2.350905047658040092e-01 -2.314389468854822218e-01 -9.440171971068632706e-01 1.429308320000000094e+02 -2.748840188666069884e-02 9.692660054019242022e-01 -2.444745355531213193e-01 -8.006577760000000126e+02 9.715847067192221465e-01 8.342316606756122743e-02 2.215033476780591815e-01 -2.884448599999999985e+01 0.000000000000000000e+00 0.000000000000000000e+00 0.000000000000000000e+00 1.000000000000000000e+00
2.349604685386273428e-01 -2.312848153481153191e-01 -9.440873436359035198e-01 1.431856689999999901e+02 -2.127224635127192287e-02 9.698221869434016096e-01 -2.428835466792435005e-01 -8.006300049999999828e+02 9.717721285153629873e-01 7.715089047901947661e-02 2.229499278739843215e-01 -2.884360099999999960e+01 0.000000000000000000e+00 0.000000000000000000e+00 0.000000000000000000e+00 1.000000000000000000e+00
2.348784676002388383e-01 -2.298598622284701576e-01 -9.444556893756700378e-01 1.434404450000000111e+02 -1.539898769630498876e-02 9.706356386148979887e-01 -2.400610927005416007e-01 -8.006013789999999517e+02 9.719027608951898989e-01 7.092884312434327709e-02 2.244418022057159123e-01 -2.884265900000000116e+01 0.000000000000000000e+00 0.000000000000000000e+00 0.000000000000000000e+00 1.000000000000000000e+00
2.348420028213925037e-01 -2.268996800269454939e-01 -9.451802838160068276e-01 1.437183229999999980e+02 -9.361889838529299790e-03 9.718010587429175562e-01 -2.356163348428881865e-01 -8.005694580000000542e+02 9.719884715002995446e-01 6.418128566657500811e-02 2.260954971703265648e-01 -2.884153600000000139e+01 0.000000000000000000e+00 0.000000000000000000e+00 0.000000000000000000e+00 1.000000000000000000e+00
2.348569478279058931e-01 -2.229476257646758330e-01 -9.461165732735339340e-01 1.439729920000000050e+02 -4.168968495711411482e-03 9.731009876619165500e-01 -2.303412414507749473e-01 -8.005391849999999749e+02 9.720210047929220831e-01 5.804157111326752050e-02 2.276100662625918369e-01 -2.884042000000000172e+01 0.000000000000000000e+00 0.000000000000000000e+00 0.000000000000000000e+00 1.000000000000000000e+00
2.349149489116351130e-01 -2.178732212602190188e-01 -9.472836039093780469e-01 1.442276310000000024e+02 7.014259799506122883e-04 9.745933810781693962e-01 -2.239804669166859941e-01 -8.005084839999999531e+02 9.720156762004604767e-01 5.195191061277419642e-02 2.290993762633233288e-01 -2.883923000000000059e+01 0.000000000000000000e+00 0.000000000000000000e+00 0.000000000000000000e+00 1.000000000000000000e+00
2.350241669366142094e-01 -2.111255972594225927e-01 -9.487832329555589972e-01 1.445053709999999967e+02 5.667939904926685979e-03 9.764060423335451100e-01 -2.158682814861357935e-01 -8.004743039999999610e+02 9.719730013806888724e-01 4.535661667712342915e-02 2.306756638889760902e-01 -2.883786999999999878e+01 0.000000000000000000e+00 0.000000000000000000e+00 0.000000000000000000e+00 1.000000000000000000e+00
2.351452110044210397e-01 -2.046037987840803596e-01 -9.501810434147852646e-01 1.447368160000000046e+02 9.520683559056539180e-03 9.780304560122938806e-01 -2.082445286122850125e-01 -8.004453740000000153e+02 9.719136208152732159e-01 3.992133058288563352e-02 2.319271459709651428e-01 -2.883670400000000100e+01 0.000000000000000000e+00 0.000000000000000000e+00 0.000000000000000000e+00 1.000000000000000000e+00
2.353181486891581797e-01 -1.957824534144836925e-01 -9.519950629244422480e-01 1.450147090000000105e+02 1.383141593847776740e-02 9.800764162324175910e-01 -1.981386137989205598e-01 -8.004104610000000548e+02 9.718199734676398194e-01 3.345817209631279932e-02 2.333377163883487149e-01 -2.883528300000000044e+01 0.000000000000000000e+00 0.000000000000000000e+00 0.000000000000000000e+00 1.000000000000000000e+00
2.355008403571082209e-01 -1.868305904134875961e-01 -9.537471806914260553e-01 1.452694400000000030e+02 1.748446568515225896e-02 9.820040872473023708e-01 -1.880485737497031573e-01 -8.003780520000000251e+02 9.717168556996430562e-01 2.760983729290078514e-02 2.345294208278760340e-01 -2.883398599999999945e+01 0.000000000000000000e+00 0.000000000000000000e+00 0.000000000000000000e+00 1.000000000000000000e+00
2.356989835369244224e-01 -1.771370854481043033e-01 -9.555461486074922073e-01 1.455241849999999886e+02 2.085954150591438905e-02 9.839436820762064162e-01 -1.772560578103898610e-01 -8.003454590000000053e+02 9.716022173131469986e-01 2.184681810397656743e-02 2.356095241090819803e-01 -2.883270600000000172e+01 0.000000000000000000e+00 0.000000000000000000e+00 0.000000000000000000e+00 1.000000000000000000e+00
2.359244623576592370e-01 -1.658209441116452465e-01 -9.575192230734441701e-01 1.458021090000000015e+02 2.425138506389465376e-02 9.860316058205536027e-01 -1.647833202888664417e-01 -8.003097530000000006e+02 9.714687428753083775e-01 1.565524885982542969e-02 2.366503640381835694e-01 -2.883136199999999860e+01 0.000000000000000000e+00 0.000000000000000000e+00 0.000000000000000000e+00 1.000000000000000000e+00
2.361355849407487661e-01 -1.548697832674322261e-01 -9.592993983920705681e-01 1.460568849999999941e+02 2.709589215310605204e-02 9.878833452599462550e-01 -1.528146222926479170e-01 -8.002771609999999782e+02 9.713422662239696859e-01 1.009189718120294399e-02 2.374707465313704025e-01 -2.883019600000000082e+01 0.000000000000000000e+00 0.000000000000000000e+00 0.000000000000000000e+00 1.000000000000000000e+00
2.363459488647872697e-01 -1.434587427137375693e-01 -9.610203856288362934e-01 1.463118440000000078e+02 2.970792536233379105e-02 9.896454252498156912e-01 -1.404256794634703986e-01 -8.002449950000000172e+02 9.712147196299433238e-01 4.639118569833677874e-03 2.381605486914775693e-01 -2.882910199999999890e+01 0.000000000000000000e+00 0.000000000000000000e+00 0.000000000000000000e+00 1.000000000000000000e+00
2.365834163396494660e-01 -1.295102162015253633e-01 -9.629410111800690286e-01 1.466132049999999936e+02 3.250294750079341100e-02 9.915767371282555587e-01 -1.253759657583647935e-01 -8.002064820000000509e+02 9.710673743447569839e-01 -1.636546826749865624e-03 2.388000757907398630e-01 -2.882792699999999897e+01 0.000000000000000000e+00 0.000000000000000000e+00 0.000000000000000000e+00 1.000000000000000000e+00
2.370974761568292455e-01 -1.053770722056433518e-01 -9.657538296343578521e-01 1.471237639999999942e+02 3.373768327065970740e-02 9.943932171349139093e-01 -1.002192518611293437e-01 -8.001484990000000153e+02 9.708998689502384982e-01 -8.820565143031242061e-03 2.393233003762214595e-01 -2.882621800000000079e+01 0.000000000000000000e+00 0.000000000000000000e+00 0.000000000000000000e+00 1.000000000000000000e+00
2.376418762228349468e-01 -9.156764112964727031e-02 -9.670272518203624212e-01 1.474262540000000001e+02 2.904507266917592118e-02 9.957715374503083305e-01 -8.715175820080314772e-02 -8.001261600000000271e+02 9.709184942202577773e-01 -7.376469467238210009e-03 2.392966052397438315e-01 -2.882522600000000068e+01 0.000000000000000000e+00 0.000000000000000000e+00 0.000000000000000000e+00 1.000000000000000000e+00
2.383183141047618969e-01 -7.961098123911306002e-02 -9.679186292392607527e-01 1.477059779999999876e+02 2.195693981393927879e-02 9.968214894914378954e-01 -7.658205326366002152e-02 -8.001116940000000568e+02 9.709388621104169115e-01 -3.001625262520506154e-03 2.393088303625929836e-01 -2.882431000000000054e+01 0.000000000000000000e+00 0.000000000000000000e+00 0.000000000000000000e+00 1.000000000000000000e+00
2.391710202591577628e-01 -6.874491399517992929e-02 -9.685408405782325314e-01 1.479861909999999909e+02 1.295135533255798929e-02 9.976276778552117808e-01 -6.761123258947532300e-02 -8.001018070000000080e+02 9.708910780634683046e-01 3.626730898980946860e-03 2.394939693598630570e-01 -2.882346000000000075e+01 0.000000000000000000e+00 0.000000000000000000e+00 0.000000000000000000e+00 1.000000000000000000e+00
2.403118390101535162e-01 -5.854335375732720725e-02 -9.689287361629865813e-01 1.482904969999999878e+02 1.699701858400893412e-03 9.982034998922888480e-01 -5.989059873116792110e-02 -8.000949100000000271e+02 9.706942520923622642e-01 1.274552994699187924e-02 2.399796250126658981e-01 -2.882273100000000099e+01 0.000000000000000000e+00 0.000000000000000000e+00 0.000000000000000000e+00 1.000000000000000000e+00
2.416867350261084346e-01 -5.029649118763519083e-02 -9.690499394183108572e-01 1.485953829999999982e+02 -1.049057664639583415e-02 9.984619630941748980e-01 -5.443947148671254149e-02 -8.000908200000000079e+02 9.702976192457889448e-01 2.332319078382350669e-02 2.407873727121411789e-01 -2.882235700000000023e+01 0.000000000000000000e+00 0.000000000000000000e+00 0.000000000000000000e+00 1.000000000000000000e+00
2.431652922659245375e-01 -4.465524032201817484e-02 -9.689564232456537862e-01 1.488773500000000070e+02 -2.212652912702251992e-02 9.984244367102934614e-01 -5.156608273394902575e-02 -8.000884399999999914e+02 9.697324668928120062e-01 3.397872410077007466e-02 2.417941044824403196e-01 -2.882246599999999859e+01 0.000000000000000000e+00 0.000000000000000000e+00 0.000000000000000000e+00 1.000000000000000000e+00
2.448370186131529347e-01 -4.109226095919512461e-02 -9.686930682140157955e-01 1.491597749999999962e+02 -3.374801587887239079e-02 9.981348671913901072e-01 -5.087099685543061689e-02 -8.000868530000000192e+02 9.689767312690547030e-01 4.514657225180293554e-02 2.429935827816256944e-01 -2.882312800000000053e+01 0.000000000000000000e+00 0.000000000000000000e+00 0.000000000000000000e+00 1.000000000000000000e+00
2.466977297530474900e-01 -3.974616449660826195e-02 -9.682770639349571606e-01 1.494426269999999874e+02 -4.509400736241368085e-02 9.976054686190227727e-01 -5.243910259928773882e-02 -8.000853879999999663e+02 9.680427473178501163e-01 5.660010061147067312e-02 2.443146904631001703e-01 -2.882444999999999879e+01 0.000000000000000000e+00 0.000000000000000000e+00 0.000000000000000000e+00 1.000000000000000000e+00
2.490841343693845356e-01 -4.111120087027012038e-02 -9.676088895666773437e-01 1.497731019999999944e+02 -5.764759978923429673e-02 9.966977544562716229e-01 -5.718689098355996675e-02 -8.000827030000000377e+02 9.667646291854053997e-01 7.002467725616162708e-02 2.458916353420256828e-01 -2.882694800000000157e+01 0.000000000000000000e+00 0.000000000000000000e+00 0.000000000000000000e+00 1.000000000000000000e+00
2.540256116208230441e-01 -5.226133140741660160e-02 -9.657845214540310419e-01 1.503877259999999865e+02 -7.835141159421486756e-02 9.941453818359936578e-01 -7.440440897797011288e-02 -8.000739139999999452e+02 9.640186953279803461e-01 9.457120604968131949e-02 2.484436395733407021e-01 -2.883467299999999867e+01 0.000000000000000000e+00 0.000000000000000000e+00 0.000000000000000000e+00 1.000000000000000000e+00
2.564385016925104233e-01 -6.116666591775754558e-02 -9.646232082166621424e-01 1.506716309999999908e+02 -8.638956604334765976e-02 9.925509597432777831e-01 -8.590363898893138561e-02 -8.000668329999999742e+02 9.626921302932431868e-01 1.053623808254351146e-01 2.492441192450758902e-01 -2.883965500000000048e+01 0.000000000000000000e+00 0.000000000000000000e+00 0.000000000000000000e+00 1.000000000000000000e+00
2.590893487384131055e-01 -7.340505769255525892e-02 -9.630599186319913629e-01 1.509792019999999866e+02 -9.389369758943569289e-02 9.904708700960680456e-01 -1.007543003753270661e-01 -8.000565189999999802e+02 9.612786707939008357e-01 1.165296228273766665e-01 2.497281803890397112e-01 -2.884607300000000052e+01 0.000000000000000000e+00 0.000000000000000000e+00 0.000000000000000000e+00 1.000000000000000000e+00
2.619182962511032442e-01 -8.945127308027957247e-02 -9.609356252284732003e-01 1.513103639999999928e+02 -1.005020955415753675e-01 9.877535230972600555e-01 -1.193411345710385235e-01 -8.000419920000000502e+02 9.598427657073170804e-01 1.278336706555355251e-01 2.497206794922292583e-01 -2.885414300000000054e+01 0.000000000000000000e+00 0.000000000000000000e+00 0.000000000000000000e+00 1.000000000000000000e+00
2.642718279412263893e-01 -1.054059904751519644e-01 -9.586709436133730167e-01 1.515939940000000092e+02 -1.049223091556886894e-01 9.849679080188784575e-01 -1.372207317221140477e-01 -8.000263670000000502e+02 9.587240009502427940e-01 1.368495427280138343e-01 2.492398295960992494e-01 -2.886196100000000087e+01 0.000000000000000000e+00 0.000000000000000000e+00 0.000000000000000000e+00 1.000000000000000000e+00
2.668731771468093039e-01 -1.263491654556381516e-01 -9.554133114564771212e-01 1.519245760000000018e+02 -1.086574726196778140e-01 9.811026200066108593e-01 -1.600974786187068233e-01 -8.000040279999999484e+02 9.575866858741675092e-01 1.465385185022255454e-01 2.481011923222078974e-01 -2.887207000000000079e+01 0.000000000000000000e+00 0.000000000000000000e+00 0.000000000000000000e+00 1.000000000000000000e+00
2.690899067503350062e-01 -1.477839091269605998e-01 -9.517092719356315955e-01 1.522310789999999940e+02 -1.107971543401621711e-01 9.768467990326514805e-01 -1.830145398862740025e-01 -7.999791259999999511e+02 9.567207600314827642e-01 1.546940445615685167e-01 2.464855774725271398e-01 -2.888232400000000055e+01 0.000000000000000000e+00 0.000000000000000000e+00 0.000000000000000000e+00 1.000000000000000000e+00
2.711561511210026643e-01 -1.708320584188206259e-01 -9.472543214605211315e-01 1.525372619999999984e+02 -1.125686348402042680e-01 9.717426567965433692e-01 -2.074717123181086254e-01 -7.999521479999999656e+02 9.559302506770337438e-01 1.628883567919571229e-01 2.442636670938994614e-01 -2.889285299999999879e+01 0.000000000000000000e+00 0.000000000000000000e+00 0.000000000000000000e+00 1.000000000000000000e+00
2.731638840103594590e-01 -1.932285858733295836e-01 -9.423609744008759614e-01 1.528201290000000085e+02 -1.160314535886634579e-01 9.658476463115388544e-01 -2.316787126443917433e-01 -7.999302979999999934e+02 9.549440791221636138e-01 1.726297706534249132e-01 2.414141007349594470e-01 -2.889823000000000164e+01 0.000000000000000000e+00 0.000000000000000000e+00 0.000000000000000000e+00 1.000000000000000000e+00
2.751919799254144983e-01 -2.224328673293609060e-01 -9.353036906354905700e-01 1.531728060000000085e+02 -1.183118611296137129e-01 9.576363565477263862e-01 -2.625545888649504778e-01 -7.998978879999999663e+02 9.540815885975253430e-01 1.829104375087302337e-01 2.372173984967958504e-01 -2.889556299999999922e+01 0.000000000000000000e+00 0.000000000000000000e+00 0.000000000000000000e+00 1.000000000000000000e+00
2.763607836957540087e-01 -2.484930095133408567e-01 -9.283727384289520712e-01 1.534772639999999910e+02 -1.180958241553717869e-01 9.498927422173975010e-01 -2.894082835714564261e-01 -7.998641360000000304e+02 9.537704616689134385e-01 1.896180437239971817e-01 2.331671159107820968e-01 -2.888511099999999843e+01 0.000000000000000000e+00 0.000000000000000000e+00 0.000000000000000000e+00 1.000000000000000000e+00
2.760110995475530959e-01 -3.015559358646720534e-01 -9.126236302393954114e-01 1.540795750000000055e+02 -1.066022197082045486e-01 9.340451984737713209e-01 -3.408746601925363162e-01 -7.997623290000000225e+02 9.552244970057220952e-01 1.913728945093197131e-01 2.256603101284990753e-01 -2.887603199999999859e+01 0.000000000000000000e+00 0.000000000000000000e+00 0.000000000000000000e+00 1.000000000000000000e+00
2.749700896368976188e-01 -3.378019298531571568e-01 -9.001562675405637703e-01 1.544937590000000114e+02 -9.785143347311814344e-02 9.215520927311540156e-01 -3.757217552259736193e-01 -7.996802370000000337e+02 9.564604261402206431e-01 1.913938258416743310e-01 2.203448584772389474e-01 -2.888497200000000120e+01 0.000000000000000000e+00 0.000000000000000000e+00 0.000000000000000000e+00 1.000000000000000000e+00
2.732550837322602622e-01 -3.746535038848136656e-01 -8.859833018975623586e-01 1.549285739999999976e+02 -8.798159236239541658e-02 9.074419376997433506e-01 -4.108629566036735570e-01 -7.995844120000000430e+02 9.579096505515812821e-01 1.902206133166612911e-01 2.150005108123710373e-01 -2.889917900000000017e+01 0.000000000000000000e+00 0.000000000000000000e+00 0.000000000000000000e+00 1.000000000000000000e+00
2.722196165259198608e-01 -4.003121073220972104e-01 -8.750123982606318185e-01 1.552487030000000061e+02 -8.313779628455322812e-02 8.961686075490417069e-01 -4.358554045466905280e-01 -7.995144649999999729e+02 9.586368380191890859e-01 1.913949935995005736e-01 2.106736082607830740e-01 -2.890920799999999957e+01 0.000000000000000000e+00 0.000000000000000000e+00 0.000000000000000000e+00 1.000000000000000000e+00
2.714317163442152014e-01 -4.210614525876644754e-01 -8.654663924770271688e-01 1.555228730000000041e+02 -8.045376292476322244e-02 8.861518109957395861e-01 -4.563574913378955489e-01 -7.994554440000000568e+02 9.590891592514638742e-01 1.934999251000821263e-01 2.066537287168637715e-01 -2.891166499999999928e+01 0.000000000000000000e+00 0.000000000000000000e+00 0.000000000000000000e+00 1.000000000000000000e+00
2.702515415708700020e-01 -4.406019831975551138e-01 -8.560572391382186286e-01 1.557957460000000083e+02 -7.677187657773615337e-02 8.764494767405204279e-01 -4.753339812047948088e-01 -7.993926390000000310e+02 9.597240141026486260e-01 1.941808618882116533e-01 2.030359811241596035e-01 -2.890713300000000174e+01 0.000000000000000000e+00 0.000000000000000000e+00 0.000000000000000000e+00 1.000000000000000000e+00
2.685997585447064129e-01 -4.602685469190190837e-01 -8.461719886800672663e-01 1.560899960000000135e+02 -7.192451332193450231e-02 8.664179544781952513e-01 -4.941121254747981029e-01 -7.993205570000000080e+02 9.605628735762840043e-01 1.935789060690098207e-01 1.996150621370973433e-01 -2.889441899999999919e+01 0.000000000000000000e+00 0.000000000000000000e+00 0.000000000000000000e+00 1.000000000000000000e+00
2.661675494877652759e-01 -4.771192339946649374e-01 -8.375631750214559412e-01 1.563589169999999910e+02 -6.428834726275334255e-02 8.581861019526317857e-01 -5.092971851694949592e-01 -7.992445679999999584e+02 9.617805591744416072e-01 1.894039359878547379e-01 1.977480847604015657e-01 -2.887871600000000072e+01 0.000000000000000000e+00 0.000000000000000000e+00 0.000000000000000000e+00 1.000000000000000000e+00
2.631877872542462415e-01 -4.927204419344970998e-01 -8.294327909722927217e-01 1.566255950000000041e+02 -5.473821785595817113e-02 8.507317589109830713e-01 -5.227420031776460752e-01 -7.991607669999999644e+02 9.631904879857187129e-01 1.829809839302936891e-01 1.969315702820000902e-01 -2.886685200000000151e+01 0.000000000000000000e+00 0.000000000000000000e+00 0.000000000000000000e+00 1.000000000000000000e+00
2.602770014062296133e-01 -5.069174165940619758e-01 -8.217606800599454031e-01 1.568912809999999922e+02 -4.580316387713029291e-02 8.436539681086887565e-01 -5.349299508097378197e-01 -7.990740970000000516e+02 9.644469672915284564e-01 1.768692026557081298e-01 1.963653035393669311e-01 -2.885999899999999840e+01 0.000000000000000000e+00 0.000000000000000000e+00 0.000000000000000000e+00 1.000000000000000000e+00
2.574337198430491913e-01 -5.195933371560788050e-01 -8.147089319939849750e-01 1.571558839999999861e+02 -3.736649189187474240e-02 8.371421294307510585e-01 -5.457076144015601260e-01 -7.989844970000000330e+02 9.655732106740869680e-01 1.709263558236611413e-01 1.960932321967748804e-01 -2.885768699999999853e+01 0.000000000000000000e+00 0.000000000000000000e+00 0.000000000000000000e+00 1.000000000000000000e+00
2.549046222777689996e-01 -5.297405913161807867e-01 -8.089490339035028121e-01 1.573974910000000023e+02 -2.996184957868328058e-02 8.318559034457395640e-01 -5.541823197038102666e-01 -7.988997190000000046e+02 9.665018991762259759e-01 1.655012441477555496e-01 1.961719069446304919e-01 -2.885877400000000037e+01 0.000000000000000000e+00 0.000000000000000000e+00 0.000000000000000000e+00 1.000000000000000000e+00
2.522615168818282405e-01 -5.391656739540811039e-01 -8.035325152911488855e-01 1.576601100000000031e+02 -2.219899840986377937e-02 8.269449781892475038e-01 -5.618444691524370205e-01 -7.988046880000000556e+02 9.674044301997369866e-01 1.595693550692814100e-01 1.966374566370701626e-01 -2.886185599999999951e+01 0.000000000000000000e+00 0.000000000000000000e+00 0.000000000000000000e+00 1.000000000000000000e+00
2.497302848250797513e-01 -5.468848558707524177e-01 -7.990943243825544551e-01 1.579217679999999859e+02 -1.468656943299279094e-02 8.230076116108933082e-01 -5.678404493419105803e-01 -7.987070310000000291e+02 9.682040536578405687e-01 1.535429114279114049e-01 1.974980628531989302e-01 -2.886573399999999978e+01 0.000000000000000000e+00 0.000000000000000000e+00 0.000000000000000000e+00 1.000000000000000000e+00
2.474886773087422442e-01 -5.524743112077346030e-01 -7.959406322455895300e-01 1.581607209999999952e+02 -7.953840612463125570e-03 8.203105730497803894e-01 -5.718630082128522973e-01 -7.986151119999999537e+02 9.688581377185625509e-01 1.478604044302617160e-01 1.986232860926397947e-01 -2.886938900000000174e+01 0.000000000000000000e+00 0.000000000000000000e+00 0.000000000000000000e+00 1.000000000000000000e+00
2.451703029787265509e-01 -5.569717375475646826e-01 -7.935200098992878370e-01 1.584205169999999896e+02 -8.219351067759173013e-04 8.183809173326666020e-01 -5.746755593971462073e-01 -7.985126950000000079e+02 9.694796784667532030e-01 1.415456029659329651e-01 2.001849028298857691e-01 -2.887318799999999896e+01 0.000000000000000000e+00 0.000000000000000000e+00 0.000000000000000000e+00 1.000000000000000000e+00
2.428144790967958766e-01 -5.599990814237392200e-01 -7.921124652128128663e-01 1.587009580000000142e+02 6.648894734645749427e-03 8.174911057890327237e-01 -5.759028426346165519e-01 -7.983992309999999861e+02 9.700499579608048428e-01 1.345708763454876999e-01 2.022220519623123547e-01 -2.887687700000000035e+01 0.000000000000000000e+00 0.000000000000000000e+00 0.000000000000000000e+00 1.000000000000000000e+00
2.409489166978986407e-01 -5.611016782970628114e-01 -7.919018412368596938e-01 1.589374689999999930e+02 1.275665936321634941e-02 8.177017406412515621e-01 -5.755007654157882069e-01 -7.983013919999999644e+02 9.704539593324352786e-01 1.285642639479832317e-01 2.041821315676602966e-01 -2.887958499999999873e+01 0.000000000000000000e+00 0.000000000000000000e+00 0.000000000000000000e+00 1.000000000000000000e+00
2.392224121081107935e-01 -5.607065510574357203e-01 -7.927047376838692871e-01 1.592167970000000139e+02 1.827910136259103258e-02 8.188653357879781547e-01 -5.736945496500880370e-01 -7.981867069999999558e+02 9.707927234989727205e-01 1.227506637298408365e-01 2.061401527003660084e-01 -2.888123300000000171e+01 0.000000000000000000e+00 0.000000000000000000e+00 0.000000000000000000e+00 1.000000000000000000e+00
2.381276934497260633e-01 -5.589880951505088458e-01 -7.942465052440071949e-01 1.594530790000000025e+02 2.128479785690967629e-02 8.205777579882792550e-01 -5.711384249681679126e-01 -7.980916750000000093e+02 9.710005968033715851e-01 1.190984994655036044e-01 2.073002374155940020e-01 -2.887762599999999935e+01 0.000000000000000000e+00 0.000000000000000000e+00 0.000000000000000000e+00 1.000000000000000000e+00
2.367980248860555026e-01 -5.557954961470642496e-01 -7.968802054717518679e-01 1.597097320000000025e+02 2.532098555304895804e-02 8.234597059350667880e-01 -5.668094568653168075e-01 -7.979848019999999451e+02 9.712288829625512765e-01 1.140415677021839880e-01 2.090669216670654196e-01 -2.886783399999999844e+01 0.000000000000000000e+00 0.000000000000000000e+00 0.000000000000000000e+00 1.000000000000000000e+00
2.351493077425962919e-01 -5.517830162514658632e-01 -8.001501771821413200e-01 1.599432830000000081e+02 3.139998037562913291e-02 8.271172320872841599e-01 -5.611516066239851108e-01 -7.978800660000000562e+02 9.714519258823812731e-01 1.068297119752004143e-01 2.118220204291986764e-01 -2.885961199999999849e+01 0.000000000000000000e+00 0.000000000000000000e+00 0.000000000000000000e+00 1.000000000000000000e+00
2.334824735662062722e-01 -5.462017803529755078e-01 -8.044560582633740742e-01 1.601974329999999895e+02 3.787381814505247357e-02 8.318030740415294222e-01 -5.537772295013374535e-01 -7.977635500000000093e+02 9.716231308673753952e-01 9.882945489226016567e-02 2.148981861467830767e-01 -2.885404199999999975e+01 0.000000000000000000e+00 0.000000000000000000e+00 0.000000000000000000e+00 1.000000000000000000e+00
2.320810218353409060e-01 -5.400430169514304213e-01 -8.090067608777204988e-01 1.604299320000000080e+02 4.334081166933370644e-02 8.366308047761299438e-01 -5.460498791717552924e-01 -7.976560060000000476e+02 9.717304015763361669e-01 9.166480426882642196e-02 2.175720347623986695e-01 -2.885066399999999831e+01 0.000000000000000000e+00 0.000000000000000000e+00 0.000000000000000000e+00 1.000000000000000000e+00
2.306638482239776744e-01 -5.322729271408337404e-01 -8.145426447740071740e-01 1.606830750000000023e+02 4.891507922258789276e-02 8.424014218803747012e-01 -5.366257163410739217e-01 -7.975374759999999696e+02 9.718032229557347357e-01 8.393673478788396536e-02 2.203477261194103365e-01 -2.884790200000000127e+01 0.000000000000000000e+00 0.000000000000000000e+00 0.000000000000000000e+00 1.000000000000000000e+00
2.295785500243033850e-01 -5.250303025050234718e-01 -8.195345452268757436e-01 1.608937679999999943e+02 5.324749899676953224e-02 8.475391876959997850e-01 -5.280549490064398999e-01 -7.974381710000000112e+02 9.718324923665228043e-01 7.759192465126987792e-02 2.225333683059333989e-01 -2.884596600000000066e+01 0.000000000000000000e+00 0.000000000000000000e+00 0.000000000000000000e+00 1.000000000000000000e+00
2.290382373297066843e-01 -5.163671965599195834e-01 -8.251705303497880450e-01 1.611264649999999961e+02 5.653121179438039268e-02 8.533299363291091399e-01 -5.182974453512358970e-01 -7.973307499999999663e+02 9.717745149642276203e-01 7.206204327805201815e-02 2.246360478298892738e-01 -2.884424999999999883e+01 0.000000000000000000e+00 0.000000000000000000e+00 0.000000000000000000e+00 1.000000000000000000e+00
2.300218969207751263e-01 -5.072313633427002477e-01 -8.305457669379058272e-01 1.613619840000000067e+02 5.646924275588668940e-02 8.589487655994243465e-01 -5.089383486217188279e-01 -7.972293089999999438e+02 9.715457537139181587e-01 7.016667383260377644e-02 2.262199954109360700e-01 -2.884328100000000106e+01 0.000000000000000000e+00 0.000000000000000000e+00 0.000000000000000000e+00 1.000000000000000000e+00
2.324903193542479651e-01 -4.970743157596584361e-01 -8.359816840210240185e-01 1.616215359999999919e+02 5.338771950537479771e-02 8.647604027237556501e-01 -4.993387600487904643e-01 -7.971236569999999801e+02 9.711323302272328872e-01 7.146027213155220492e-02 2.275860863372567988e-01 -2.884296799999999905e+01 0.000000000000000000e+00 0.000000000000000000e+00 0.000000000000000000e+00 1.000000000000000000e+00
2.357792827897630117e-01 -4.878913418129821045e-01 -8.404583085383074970e-01 1.618614809999999977e+02 4.846024747718277736e-02 8.696679054133711340e-01 -4.912528256492476042e-01 -7.970305789999999888e+02 9.705976170492049970e-01 7.509842127400329082e-02 2.286930101698719797e-01 -2.884333399999999870e+01 0.000000000000000000e+00 0.000000000000000000e+00 0.000000000000000000e+00 1.000000000000000000e+00
2.402240413934243479e-01 -4.783278743065314531e-01 -8.446862462465014598e-01 1.621248929999999859e+02 4.145896440278906692e-02 8.744285571308481053e-01 -4.833796155659767502e-01 -7.969317019999999729e+02 9.698317195303824967e-01 8.109958776379955214e-02 2.298897402175293925e-01 -2.884446900000000014e+01 0.000000000000000000e+00 0.000000000000000000e+00 0.000000000000000000e+00 1.000000000000000000e+00
2.448753840905126267e-01 -4.702396437680140817e-01 -8.478860322563729346e-01 1.623674929999999961e+02 3.405959374260178474e-02 8.781432813820426730e-01 -4.771837397037617112e-01 -7.968425899999999729e+02 9.689561343737974619e-01 8.797189774302729970e-02 2.310518445433352164e-01 -2.884623099999999951e+01 0.000000000000000000e+00 0.000000000000000000e+00 0.000000000000000000e+00 1.000000000000000000e+00
2.499534969891058500e-01 -4.630305652639267189e-01 -8.503681232115216648e-01 1.626109769999999912e+02 2.606452828995101112e-02 8.811449055118009133e-01 -4.721274148528361581e-01 -7.967542720000000145e+02 9.679069633533687878e-01 9.584545436257344009e-02 2.323139237542434232e-01 -2.884875500000000059e+01 0.000000000000000000e+00 0.000000000000000000e+00 0.000000000000000000e+00 1.000000000000000000e+00
2.552891438959396520e-01 -4.569040557188379093e-01 -8.520951454365617295e-01 1.628549189999999953e+02 1.785631442840013294e-02 8.833748480509304724e-01 -4.683268408558596829e-01 -7.966660160000000133e+02 9.666998526139911618e-01 1.043434794257537823e-01 2.336746311806546239e-01 -2.885207400000000177e+01 0.000000000000000000e+00 0.000000000000000000e+00 0.000000000000000000e+00 1.000000000000000000e+00
2.607918185857440174e-01 -4.520405989649335377e-01 -8.530222296318921149e-01 1.630991669999999942e+02 9.657676558167210823e-03 8.847765202958395303e-01 -4.659154841993166096e-01 -7.965773319999999558e+02 9.653467546132001864e-01 1.132687336408858270e-01 2.351081396658820100e-01 -2.885624699999999976e+01 0.000000000000000000e+00 0.000000000000000000e+00 0.000000000000000000e+00 1.000000000000000000e+00
2.673634097904675766e-01 -4.481287109036505290e-01 -8.530518539743332518e-01 1.633878630000000101e+02 3.105960653190242837e-04 8.853198156716847178e-01 -4.649825023687867431e-01 -7.964713130000000092e+02 9.635957194982234242e-01 1.240543527768654397e-01 2.368413116874129587e-01 -2.886232800000000154e+01 0.000000000000000000e+00 0.000000000000000000e+00 0.000000000000000000e+00 1.000000000000000000e+00
2.733565617561651839e-01 -4.464495573599979727e-01 -8.520322663361461490e-01 1.636540219999999977e+02 -7.727884524114714271e-03 8.847208779328147310e-01 -4.660571294922665198e-01 -7.963717649999999821e+02 9.618817338662948302e-01 1.339841814650193363e-01 2.383941466804900822e-01 -2.886905900000000003e+01 0.000000000000000000e+00 0.000000000000000000e+00 0.000000000000000000e+00 1.000000000000000000e+00
2.787065547449174563e-01 -4.466407816652944174e-01 -8.501968410289660882e-01 1.638975220000000093e+02 -1.444458444265508956e-02 8.832250327876185469e-01 -4.687268878969811370e-01 -7.962787479999999505e+02 9.602676763915868330e-01 1.429179961051962877e-01 2.397090654664060239e-01 -2.887617699999999843e+01 0.000000000000000000e+00 0.000000000000000000e+00 0.000000000000000000e+00 1.000000000000000000e+00
2.843089278086508020e-01 -4.488066549416186435e-01 -8.471959749954021124e-01 1.641623989999999935e+02 -2.094234328049235372e-02 8.805442337587247037e-01 -4.735010777729892206e-01 -7.961748049999999921e+02 9.585039654723486180e-01 1.523628526720842702e-01 2.409475239536761348e-01 -2.888496200000000158e+01 0.000000000000000000e+00 0.000000000000000000e+00 0.000000000000000000e+00 1.000000000000000000e+00
3.011923862594965140e-01 -4.655327795847541417e-01 -8.322033270730198051e-01 1.649144129999999961e+02 -4.135049710844565518e-02 8.655325895750187737e-01 -4.991427378740946330e-01 -7.958840940000000046e+02 9.526664069065284846e-01 1.847500135741685923e-01 2.414418141833551967e-01 -2.889158400000000171e+01 0.000000000000000000e+00 0.000000000000000000e+00 0.000000000000000000e+00 1.000000000000000000e+00
3.051893073975061599e-01 -4.752660118952489743e-01 -8.252161562811382023e-01 1.651754459999999938e+02 -4.422078892773562142e-02 8.585505600701177631e-01 -5.108184194309128845e-01 -7.957720950000000357e+02 9.512644261596454598e-01 1.923880290986746400e-01 2.410038127969936772e-01 -2.888385200000000097e+01 0.000000000000000000e+00 0.000000000000000000e+00 0.000000000000000000e+00 1.000000000000000000e+00
3.074060154452010751e-01 -4.856747710679460983e-01 -8.183040745445442354e-01 1.654108579999999904e+02 -4.396160039377131068e-02 8.517773077988793906e-01 -5.220563145961470974e-01 -7.956616820000000416e+02 9.505624226524647113e-01 1.964572082337300296e-01 2.404904280300687036e-01 -2.887887200000000121e+01 0.000000000000000000e+00 0.000000000000000000e+00 0.000000000000000000e+00 1.000000000000000000e+00
3.095230836269368124e-01 -4.994556605050689546e-01 -8.091597517743435164e-01 1.656868289999999888e+02 -4.295464063478446337e-02 8.427354234551426293e-01 -5.366115027669622339e-01 -7.955274050000000443e+02 9.499212386035004174e-01 2.008508133997130574e-01 2.393921285394839948e-01 -2.887746200000000130e+01 0.000000000000000000e+00 0.000000000000000000e+00 0.000000000000000000e+00 1.000000000000000000e+00
3.107702403158399407e-01 -5.110745349698710971e-01 -8.013892171968405309e-01 1.658974000000000046e+02 -4.169419080872963090e-02 8.349954257046835471e-01 -5.486749798424011004e-01 -7.954210209999999961e+02 9.495701407409776751e-01 2.039251302747752126e-01 2.381828899303550240e-01 -2.887979500000000144e+01 0.000000000000000000e+00 0.000000000000000000e+00 0.000000000000000000e+00 1.000000000000000000e+00
3.117787135793226305e-01 -5.261623086698961060e-01 -7.911682872145394674e-01 1.661479490000000112e+02 -3.955137735473862604e-02 8.247645156229530539e-01 -5.640914662699473281e-01 -7.952899169999999458e+02 9.493311973743231436e-01 2.071635071734425348e-01 2.363335756667539478e-01 -2.888644000000000034e+01 0.000000000000000000e+00 0.000000000000000000e+00 0.000000000000000000e+00 1.000000000000000000e+00
3.121743092421637722e-01 -5.410308038808117059e-01 -7.809179661790737192e-01 1.663754429999999900e+02 -3.692696614718382619e-02 8.144659948550181383e-01 -5.790350096462135721e-01 -7.951661380000000463e+02 9.493069049682210103e-01 2.095967854641586359e-01 2.342767331656065433e-01 -2.889576900000000137e+01 0.000000000000000000e+00 0.000000000000000000e+00 0.000000000000000000e+00 1.000000000000000000e+00
3.119634046645888281e-01 -5.596645835838538474e-01 -7.677593294985023409e-01 1.666416930000000036e+02 -3.301859789613498242e-02 8.012131063675596021e-01 -5.974674303908283912e-01 -7.950157470000000330e+02 9.495201979647678314e-01 2.117383103426432600e-01 2.314698286822520767e-01 -2.890915299999999988e+01 0.000000000000000000e+00 0.000000000000000000e+00 0.000000000000000000e+00 1.000000000000000000e+00
3.129978703146457653e-01 -5.938113171899552789e-01 -7.412290150524507570e-01 1.671133120000000076e+02 -2.966218877035153856e-02 7.739507619366389202e-01 -6.325506878148562384e-01 -7.947522579999999834e+02 9.492905180901407558e-01 2.199734931186619613e-01 2.246311968301057949e-01 -2.892988400000000127e+01 0.000000000000000000e+00 0.000000000000000000e+00 0.000000000000000000e+00 1.000000000000000000e+00
3.128987884425568633e-01 -6.135490675746695377e-01 -7.250185445003691775e-01 1.673777469999999994e+02 -2.739636815214313570e-02 7.572010164092407569e-01 -6.526071251226768233e-01 -7.946007080000000542e+02 9.493912719228319030e-01 2.240628537421287259e-01 2.201182645072442545e-01 -2.893135499999999993e+01 0.000000000000000000e+00 0.000000000000000000e+00 0.000000000000000000e+00 1.000000000000000000e+00
3.118869517804085389e-01 -6.303499570945912955e-01 -7.109046777873753165e-01 1.675990909999999872e+02 -2.444847537453775921e-02 7.426546140644063598e-01 -6.692282094029718964e-01 -7.944694210000000112e+02 9.498046122024179638e-01 2.261040817846821926e-01 2.162131884028353768e-01 -2.892608099999999993e+01 0.000000000000000000e+00 0.000000000000000000e+00 0.000000000000000000e+00 1.000000000000000000e+00
3.098866075942454668e-01 -6.485704430296233003e-01 -6.952169955216055408e-01 1.678380579999999895e+02 -2.034267191960292820e-02 7.265217311482397022e-01 -6.868423034937031213e-01 -7.943229370000000245e+02 9.505558721784329590e-01 2.269858026347089108e-01 2.119456988697233646e-01 -2.891367899999999835e+01 0.000000000000000000e+00 0.000000000000000000e+00 0.000000000000000000e+00 1.000000000000000000e+00
3.062948547876072070e-01 -6.680616806191981283e-01 -6.781423543909425034e-01 1.680927890000000104e+02 -1.433837817919991764e-02 7.090632392895034330e-01 -7.049991018430209477e-01 -7.941589969999999994e+02 9.518286993161261256e-01 2.256610590609920697e-01 2.076035008896588985e-01 -2.889493200000000073e+01 0.000000000000000000e+00 0.000000000000000000e+00 0.000000000000000000e+00 1.000000000000000000e+00
2.994505273373320176e-01 -6.874983699059080688e-01 -6.615703840515485545e-01 1.683382569999999987e+02 -3.973995762092230599e-03 6.924839875873521899e-01 -7.214222995533220439e-01 -7.939815670000000409e+02 9.541035525743928325e-01 2.186593659366995457e-01 2.046325796472395764e-01 -2.887897500000000051e+01 0.000000000000000000e+00 0.000000000000000000e+00 0.000000000000000000e+00 1.000000000000000000e+00
2.925157945510877266e-01 -7.059911756080765599e-01 -6.449891238630863777e-01 1.685805970000000116e+02 5.996065185448651302e-03 6.758317655452932282e-01 -7.370315270612401992e-01 -7.938002930000000106e+02 9.562418925880823428e-01 2.117259659169317132e-01 2.019246349906434479e-01 -2.887108999999999881e+01 0.000000000000000000e+00 0.000000000000000000e+00 0.000000000000000000e+00 1.000000000000000000e+00
2.862061263177754222e-01 -7.220708078492226178e-01 -6.298410924274031597e-01 1.688018340000000137e+02 1.468407210848038380e-02 6.605670313313933839e-01 -7.506234576299508632e-01 -7.936298219999999901e+02 9.580555470767269099e-01 2.055844001134349841e-01 1.996612710204774266e-01 -2.887055399999999850e+01 0.000000000000000000e+00 0.000000000000000000e+00 0.000000000000000000e+00 1.000000000000000000e+00
2.792324297938716948e-01 -7.383031884653091792e-01 -6.139524835468692654e-01 1.690384669999999971e+02 2.386320553307896830e-02 6.445230947302336144e-01 -7.642123577782868882e-01 -7.934415279999999484e+02 9.599269751252419436e-01 1.987419992385114353e-01 1.975900305318640249e-01 -2.887525199999999970e+01 0.000000000000000000e+00 0.000000000000000000e+00 0.000000000000000000e+00 1.000000000000000000e+00
2.727258046512308631e-01 -7.520948050310920507e-01 -5.999783660454618417e-01 1.692544860000000142e+02 3.216033218476660460e-02 6.303967763112527933e-01 -7.756066125621581264e-01 -7.932648319999999558e+02 9.615541318673139770e-01 1.922324339481344957e-01 1.961130868332655597e-01 -2.888190700000000177e+01 0.000000000000000000e+00 0.000000000000000000e+00 0.000000000000000000e+00 1.000000000000000000e+00
2.661755095323503073e-01 -7.646779046032371463e-01 -5.868716216829676924e-01 1.694683379999999886e+02 4.032539260881895515e-02 6.171362451964693685e-01 -7.858223193418140129e-01 -7.930855099999999993e+02 9.630807135625436555e-01 1.855008276973606485e-01 1.951024912384662913e-01 -2.888931099999999930e+01 0.000000000000000000e+00 0.000000000000000000e+00 0.000000000000000000e+00 1.000000000000000000e+00
2.590675667382487113e-01 -7.768970210723498138e-01 -5.738597516059407155e-01 1.696976009999999917e+02 4.902130627111939143e-02 6.039548680055573104e-01 -7.955095404480470034e-01 -7.928886720000000423e+02 9.646143827435895712e-01 1.779593663207946208e-01 1.945496248850278054e-01 -2.889731799999999851e+01 0.000000000000000000e+00 0.000000000000000000e+00 0.000000000000000000e+00 1.000000000000000000e+00
2.529408903060644809e-01 -7.874516804076088228e-01 -5.620860761790926752e-01 1.699265139999999974e+02 5.619192989686977446e-02 5.919549885712264148e-01 -8.040098000149653590e-01 -7.926920169999999644e+02 9.658485248866102157e-01 1.717822532419240877e-01 1.939780514529588773e-01 -2.890434799999999882e+01 0.000000000000000000e+00 0.000000000000000000e+00 0.000000000000000000e+00 1.000000000000000000e+00
2.491281270001762804e-01 -7.949828069953241982e-01 -5.531161839245160028e-01 1.701215359999999919e+02 6.010676129322167771e-02 5.827144134474109283e-01 -8.104511642335270327e-01 -7.925284420000000409e+02 9.666035141588424917e-01 1.686601581360423485e-01 1.929543922104430820e-01 -2.890586100000000158e+01 0.000000000000000000e+00 0.000000000000000000e+00 0.000000000000000000e+00 1.000000000000000000e+00
2.442175180874649465e-01 -8.026012139260334521e-01 -5.442325746072681492e-01 1.703495479999999986e+02 6.529248340305643383e-02 5.735622750218589694e-01 -8.165556982121981999e-01 -7.923323970000000145e+02 9.675198682560787189e-01 1.638829096526124296e-01 1.924777817139770031e-01 -2.890028600000000125e+01 0.000000000000000000e+00 0.000000000000000000e+00 0.000000000000000000e+00 1.000000000000000000e+00
2.397456277328812169e-01 -8.079684504138375800e-01 -5.382462420851900076e-01 1.705403290000000140e+02 7.011152356402233776e-02 5.673770214584252791e-01 -8.204679699930382819e-01 -7.921643679999999677e+02 9.683007839749476764e-01 1.589663444155013927e-01 1.926740592209389424e-01 -2.888937400000000011e+01 0.000000000000000000e+00 0.000000000000000000e+00 0.000000000000000000e+00 1.000000000000000000e+00
2.342684027589929108e-01 -8.127745668802612844e-01 -5.334002426896280458e-01 1.707456209999999999e+02 7.624648097908509614e-02 5.623394806672179502e-01 -8.233837395900100997e-01 -7.919776610000000119e+02 9.691773777833736503e-01 1.522229020730041515e-01 1.937095724981507394e-01 -2.887198599999999971e+01 0.000000000000000000e+00 0.000000000000000000e+00 0.000000000000000000e+00 1.000000000000000000e+00
2.277993256865229466e-01 -8.164959803462514820e-01 -5.305108682158918842e-01 1.709289090000000044e+02 8.408986193202966364e-02 5.592966308110305373e-01 -8.246915628789239783e-01 -7.917997440000000324e+02 9.700702873178921326e-01 1.432535962614680525e-01 1.960664296128704631e-01 -2.885730399999999918e+01 0.000000000000000000e+00 0.000000000000000000e+00 0.000000000000000000e+00 1.000000000000000000e+00
2.205035106076329021e-01 -8.197476105174792416e-01 -5.285754977868276638e-01 1.711436160000000086e+02 9.300611051078117031e-02 5.571155553606546018e-01 -8.252103497792824260e-01 -7.915873410000000376e+02 9.709418444054030983e-01 1.328010279556316453e-01 1.990874726258828886e-01 -2.884484899999999996e+01 0.000000000000000000e+00 0.000000000000000000e+00 0.000000000000000000e+00 1.000000000000000000e+00
2.143147962997213885e-01 -8.215469526046366155e-01 -5.283273348531607461e-01 1.713405759999999987e+02 1.005401003068150945e-01 5.565764957731704765e-01 -8.246904222695650155e-01 -7.913900760000000218e+02 9.715764799115427230e-01 1.236252766180639950e-01 2.018809913384682631e-01 -2.883779099999999929e+01 0.000000000000000000e+00 0.000000000000000000e+00 0.000000000000000000e+00 1.000000000000000000e+00
2.090524511288665566e-01 -8.221368479918900185e-01 -5.295168324529188064e-01 1.715200499999999977e+02 1.069864247151841030e-01 5.574589183280713733e-01 -8.232821261895332254e-01 -7.912080079999999498e+02 9.720344528892351788e-01 1.154580337198598539e-01 2.044956352733930394e-01 -2.883427199999999857e+01 0.000000000000000000e+00 0.000000000000000000e+00 0.000000000000000000e+00 1.000000000000000000e+00
2.033551327000173714e-01 -8.215536172673405524e-01 -5.326315273803330363e-01 1.717310940000000130e+02 1.141013955791240764e-01 5.601766722498331408e-01 -8.204772802424202816e-01 -7.909917599999999993e+02 9.724338340120908253e-01 1.060742655975102644e-01 2.076552157941000676e-01 -2.883203299999999913e+01 0.000000000000000000e+00 0.000000000000000000e+00 0.000000000000000000e+00 1.000000000000000000e+00
1.935080177541856905e-01 -8.167253554222820844e-01 -5.436123075089388523e-01 1.721334380000000124e+02 1.267490108815180205e-01 5.702529248451932986e-01 -8.116318684884542556e-01 -7.905720830000000205e+02 9.728768346021005042e-01 8.815495173754900327e-02 2.138676440669504686e-01 -2.882962600000000108e+01 0.000000000000000000e+00 0.000000000000000000e+00 0.000000000000000000e+00 1.000000000000000000e+00
1.896577240718652080e-01 -8.131150062567699122e-01 -5.503398352835577878e-01 1.723093570000000057e+02 1.318754428862237704e-01 5.765299457536633421e-01 -8.063634969496329408e-01 -7.903861689999999953e+02 9.729536552495410273e-01 8.035675609014719667e-02 2.165732589384617990e-01 -2.882867600000000152e+01 0.000000000000000000e+00 0.000000000000000000e+00 0.000000000000000000e+00 1.000000000000000000e+00
1.857729214956747588e-01 -8.081916181845306690e-01 -5.588512592230882037e-01 1.725005950000000041e+02 1.371733000812581649e-01 5.845135808643052711e-01 -7.997045451477715616e-01 -7.901825559999999768e+02 9.729706611115150894e-01 7.190397820327354417e-02 2.194491069354446711e-01 -2.882755900000000082e+01 0.000000000000000000e+00 0.000000000000000000e+00 0.000000000000000000e+00 1.000000000000000000e+00
1.788888818106725287e-01 -7.954348219875401194e-01 -5.790355877959296738e-01 1.728814849999999979e+02 1.468780219778196283e-01 6.035248111272659699e-01 -7.836993358512442942e-01 -7.897734380000000556e+02 9.728440854650917125e-01 5.514749607596547420e-02 2.247957718733628596e-01 -2.882497800000000154e+01 0.000000000000000000e+00 0.000000000000000000e+00 0.000000000000000000e+00 1.000000000000000000e+00
1.765058182030389000e-01 -7.877098893137859381e-01 -5.902193036641032453e-01 1.730726929999999868e+02 1.506422558015130808e-01 6.141877308118577350e-01 -7.746485280998167688e-01 -7.895695190000000139e+02 9.727037611254041316e-01 4.781800495047910937e-02 2.270701026006035628e-01 -2.882368100000000055e+01 0.000000000000000000e+00 0.000000000000000000e+00 0.000000000000000000e+00 1.000000000000000000e+00
1.766354037346027361e-01 -7.800010052127914761e-01 -6.003318798919050625e-01 1.732521669999999858e+02 1.517203938447408418e-01 6.242091108165976898e-01 -7.663836559225081224e-01 -7.893865359999999782e+02 9.725126509403929642e-01 4.428789722471954127e-02 2.285994880140855834e-01 -2.882282400000000067e+01 0.000000000000000000e+00 0.000000000000000000e+00 0.000000000000000000e+00 1.000000000000000000e+00
1.794119474238357048e-01 -7.704237485339858749e-01 -6.117667862972198112e-01 1.734692080000000090e+02 1.502933790194035391e-01 6.360222625530663754e-01 -7.568933754233868605e-01 -7.891752320000000509e+02 9.722259271098032674e-01 4.385121699245964066e-02 2.298995811735278227e-01 -2.882223899999999972e+01 0.000000000000000000e+00 0.000000000000000000e+00 0.000000000000000000e+00 1.000000000000000000e+00
1.838771598594345358e-01 -7.614205284033129795e-01 -6.216333075117895790e-01 1.736732639999999890e+02 1.470491012086092564e-01 6.466081546975310790e-01 -7.485148335954294740e-01 -7.889835209999999961e+02 9.718877259826711468e-01 4.622416256324113348e-02 2.308626753712234025e-01 -2.882207500000000167e+01 0.000000000000000000e+00 0.000000000000000000e+00 0.000000000000000000e+00 1.000000000000000000e+00
1.897293766565416595e-01 -7.525239587096104188e-01 -6.306428903916518891e-01 1.738800809999999899e+02 1.424537055292702248e-01 6.566114373935922899e-01 -7.406540096866424117e-01 -7.887941889999999603e+02 9.714472221456502687e-01 5.068640697403470341e-02 2.317783051399815442e-01 -2.882230600000000109e+01 0.000000000000000000e+00 0.000000000000000000e+00 0.000000000000000000e+00 1.000000000000000000e+00
1.965363885035793512e-01 -7.439827172833416435e-01 -6.386416556862428706e-01 1.740888370000000123e+02 1.369628325948127889e-01 6.657904503546732133e-01 -7.334604683990315621e-01 -7.886063229999999749e+02 9.708834278540217078e-01 5.668150139346045391e-02 2.327500309735913708e-01 -2.882297700000000162e+01 0.000000000000000000e+00 0.000000000000000000e+00 0.000000000000000000e+00 1.000000000000000000e+00
2.039752121139778995e-01 -7.360319795368803764e-01 -6.454851182963704526e-01 1.742989650000000097e+02 1.309421255229318293e-01 6.739347246266585989e-01 -7.270943176135589159e-01 -7.884193729999999505e+02 9.701795053527954016e-01 6.378802427894580962e-02 2.338435702601081578e-01 -2.882415200000000155e+01 0.000000000000000000e+00 0.000000000000000000e+00 0.000000000000000000e+00 1.000000000000000000e+00
2.117734476929993281e-01 -7.288907175187888665e-01 -6.510532457235473913e-01 1.745099179999999990e+02 1.246914098531557991e-01 6.808695494685030880e-01 -7.217123449930658019e-01 -7.882327269999999544e+02 9.693317590799617189e-01 7.165876444303870274e-02 2.350765031164201435e-01 -2.882588799999999907e+01 0.000000000000000000e+00 0.000000000000000000e+00 0.000000000000000000e+00 1.000000000000000000e+00
2.190647844373510567e-01 -7.232294563861387804e-01 -6.549425727762908656e-01 1.747036439999999970e+02 1.189569794030754246e-01 6.860364201107562732e-01 -7.177766138102537052e-01 -7.880614620000000059e+02 9.684316482182483421e-01 7.932958903856851540e-02 2.363196120347582085e-01 -2.882802999999999827e+01 0.000000000000000000e+00 0.000000000000000000e+00 0.000000000000000000e+00 1.000000000000000000e+00
2.353118961511885820e-01 -7.142257534077525172e-01 -6.591736377456706153e-01 1.751434940000000040e+02 1.067804181878505010e-01 6.931105424984125296e-01 -7.128784736329076832e-01 -7.876702880000000278e+02 9.660363625771858365e-01 9.736194865903519124e-02 2.393624806270928107e-01 -2.883500499999999889e+01 0.000000000000000000e+00 0.000000000000000000e+00 0.000000000000000000e+00 1.000000000000000000e+00
2.420382160430252227e-01 -7.122038854956267429e-01 -6.589257374390850019e-01 1.753361360000000104e+02 1.020727594112529890e-01 6.940400113510022395e-01 -7.126637456964352024e-01 -7.874966429999999491e+02 9.648827150285584908e-01 1.052334933794032423e-01 2.406808220658323005e-01 -2.883904599999999974e+01 0.000000000000000000e+00 0.000000000000000000e+00 0.000000000000000000e+00 1.000000000000000000e+00
2.494938471124066859e-01 -7.114761925042293322e-01 -6.569280384887948854e-01 1.755626530000000116e+02 9.717407380631148950e-02 6.933509967696080967e-01 -7.140179232053466274e-01 -7.872899169999999458e+02 9.634884636740267405e-01 1.143067048701673638e-01 2.421238476251107996e-01 -2.884461399999999998e+01 0.000000000000000000e+00 0.000000000000000000e+00 0.000000000000000000e+00 1.000000000000000000e+00
2.562822451895011011e-01 -7.126006849777073437e-01 -6.530847376642108237e-01 1.757875669999999957e+02 9.309136695248815263e-02 6.907055296024712243e-01 -7.171191454531716802e-01 -7.870812989999999445e+02 9.621088338642078686e-01 1.229883537001467131e-01 2.433525357471787998e-01 -2.885100699999999918e+01 0.000000000000000000e+00 0.000000000000000000e+00 0.000000000000000000e+00 1.000000000000000000e+00
2.618522985861164720e-01 -7.152880032652753073e-01 -6.479170055724292610e-01 1.759934389999999951e+02 9.010586258497765844e-02 6.865283013812775170e-01 -7.214983194230984997e-01 -7.868867189999999709e+02 9.608924535310832127e-01 1.305448726963789330e-01 2.442206562920135049e-01 -2.885761300000000062e+01 0.000000000000000000e+00 0.000000000000000000e+00 0.000000000000000000e+00 1.000000000000000000e+00
2.670666523125002079e-01 -7.199429805738213339e-01 -6.405915297169300082e-01 1.762143100000000118e+02 8.773985813769452635e-02 6.801407657046478761e-01 -7.278119648100549455e-01 -7.866738890000000310e+02 9.596755287682245950e-01 1.381688950132323734e-01 2.448106123807768930e-01 -2.886547900000000055e+01 0.000000000000000000e+00 0.000000000000000000e+00 0.000000000000000000e+00 1.000000000000000000e+00
2.713856033152313718e-01 -7.263182275376947050e-01 -6.315153890917698520e-01 1.764327849999999955e+02 8.627712040176632735e-02 6.718566930112260804e-01 -7.356390708433031556e-01 -7.864586789999999610e+02 9.585959069432786750e-01 1.451565238028271754e-01 2.449968791414949831e-01 -2.887402300000000110e+01 0.000000000000000000e+00 0.000000000000000000e+00 0.000000000000000000e+00 1.000000000000000000e+00
2.743214919912372318e-01 -7.329608403532666960e-01 -6.225079321103741403e-01 1.766156009999999981e+02 8.571964122834119237e-02 6.634021904523973445e-01 -7.433368528538358833e-01 -7.862745969999999716e+02 9.578099300693148077e-01 1.505521179246371855e-01 2.448146189446621657e-01 -2.888172499999999943e+01 0.000000000000000000e+00 0.000000000000000000e+00 0.000000000000000000e+00 1.000000000000000000e+00
2.770074991469058112e-01 -7.413379886838793453e-01 -6.112976623139640964e-01 1.768133540000000039e+02 8.552654232648104760e-02 6.526912380378715461e-01 -7.527810826171623670e-01 -7.860722660000000133e+02 9.570538417320384461e-01 1.562438297109062790e-01 2.442044424313687401e-01 -2.889037099999999825e+01 0.000000000000000000e+00 0.000000000000000000e+00 0.000000000000000000e+00 1.000000000000000000e+00
2.813520437859532985e-01 -7.512193686079906563e-01 -5.970849920117555776e-01 1.770302430000000129e+02 8.372716311960426427e-02 6.390644087762386016e-01 -7.645825289603596087e-01 -7.858560790000000225e+02 9.559449720634600745e-01 1.651246246435941756e-01 2.426995441341041060e-01 -2.889554800000000157e+01 0.000000000000000000e+00 0.000000000000000000e+00 0.000000000000000000e+00 1.000000000000000000e+00
2.840639985518789157e-01 -7.604157328451530695e-01 -5.840167445958093229e-01 1.772116389999999910e+02 8.300212758634628596e-02 6.263248824648577351e-01 -7.751308201984501434e-01 -7.856713869999999815e+02 9.552058896085482420e-01 1.717121278388653027e-01 2.410324741817815308e-01 -2.889389600000000158e+01 0.000000000000000000e+00 0.000000000000000000e+00 0.000000000000000000e+00 1.000000000000000000e+00
2.851658887120447350e-01 -7.818169593576017595e-01 -5.544751193479315887e-01 1.775803070000000048e+02 8.512134929910686321e-02 5.968669324574901180e-01 -7.978121463303780025e-01 -7.852765500000000429e+02 9.546909299917791802e-01 1.803111394218869790e-01 2.367554037225162444e-01 -2.887442800000000176e+01 0.000000000000000000e+00 0.000000000000000000e+00 0.000000000000000000e+00 1.000000000000000000e+00
2.819859045450093249e-01 -7.940316808536630466e-01 -5.385142889827898571e-01 1.777625119999999868e+02 8.921836749934297650e-02 5.805623566360101906e-01 -8.093129388302119365e-01 -7.850620119999999815e+02 9.552612378499847345e-01 1.801694753779031766e-01 2.345526115893107333e-01 -2.886635199999999912e+01 0.000000000000000000e+00 0.000000000000000000e+00 0.000000000000000000e+00 1.000000000000000000e+00
2.784281744727519214e-01 -8.063620293539329742e-01 -5.217835080528874236e-01 1.779416960000000074e+02 9.332757142971204178e-02 5.634091920867869696e-01 -8.208897896082918422e-01 -7.848452150000000529e+02 9.559119813407521704e-01 1.798620579453064638e-01 2.321248027266288316e-01 -2.886463699999999832e+01 0.000000000000000000e+00 0.000000000000000000e+00 0.000000000000000000e+00 1.000000000000000000e+00
2.744616534382757767e-01 -8.186804572726320561e-01 -5.044136295460316388e-01 1.781178439999999910e+02 9.749114864872066022e-02 5.455452844887905828e-01 -8.323916256830056204e-01 -7.846262819999999465e+02 9.566432337747862169e-01 1.792837177546192651e-01 2.295453589620168877e-01 -2.886786999999999992e+01 0.000000000000000000e+00 0.000000000000000000e+00 0.000000000000000000e+00 1.000000000000000000e+00
2.700626967696683201e-01 -8.308374439228658481e-01 -4.865956037503965104e-01 1.782911530000000084e+02 1.017517830060081785e-01 5.271710225332324473e-01 -8.436452380333598899e-01 -7.844052729999999656e+02 9.574511551346065463e-01 1.783251378156900935e-01 2.269084193114542791e-01 -2.887372600000000133e+01 0.000000000000000000e+00 0.000000000000000000e+00 0.000000000000000000e+00 1.000000000000000000e+00
2.652314603543866056e-01 -8.426958981828538420e-01 -4.685252347783124272e-01 1.784617159999999956e+02 1.061138584139104113e-01 5.084892606428568218e-01 -8.545048395786846163e-01 -7.841822509999999511e+02 9.583277735152999632e-01 1.769245460547353987e-01 2.242890624005856037e-01 -2.888082899999999853e+01 0.000000000000000000e+00 0.000000000000000000e+00 0.000000000000000000e+00 1.000000000000000000e+00
2.595283653535570556e-01 -8.550587318807792991e-01 -4.489093367388834466e-01 1.786434169999999995e+02 1.109370128605842165e-01 4.881557717886370051e-01 -8.656771463120709331e-01 -7.839385989999999538e+02 9.593424866826660846e-01 1.748671138432659755e-01 2.215479310254218070e-01 -2.888908999999999949e+01 0.000000000000000000e+00 0.000000000000000000e+00 0.000000000000000000e+00 1.000000000000000000e+00
2.537842916247312619e-01 -8.667194759472385268e-01 -4.294075958087814060e-01 1.788227689999999939e+02 1.155293932009909263e-01 4.679250762645579265e-01 -8.761843883050066673e-01 -7.836934199999999464e+02 9.603366558822715726e-01 1.727526353389496894e-01 2.188836091449145038e-01 -2.889731199999999944e+01 0.000000000000000000e+00 0.000000000000000000e+00 0.000000000000000000e+00 1.000000000000000000e+00
2.510486121205630639e-01 -8.755832914300831771e-01 -4.127087279435718847e-01 1.789775699999999858e+02 1.174422679482734488e-01 4.507653908529639653e-01 -8.848829731147167532e-01 -7.834888310000000047e+02 9.608235571901351246e-01 1.736791932778271597e-01 2.159945132887827746e-01 -2.890124700000000146e+01 0.000000000000000000e+00 0.000000000000000000e+00 0.000000000000000000e+00 1.000000000000000000e+00
2.477985115582587994e-01 -8.839200714853826524e-01 -3.965869449374088140e-01 1.791302640000000110e+02 1.195412419277325222e-01 4.341224593189978442e-01 -8.928872167262784654e-01 -7.832830810000000383e+02 9.614082323071122538e-01 1.738476273640252034e-01 2.132398023634711759e-01 -2.889954600000000084e+01 0.000000000000000000e+00 0.000000000000000000e+00 0.000000000000000000e+00 1.000000000000000000e+00
2.430783409689592223e-01 -8.931031013659651574e-01 -3.785231439189332692e-01 1.793074340000000007e+02 1.224933901336875963e-01 4.153659391263286871e-01 -9.013692395390801027e-01 -7.830380249999999478e+02 9.622412844631719198e-01 1.727367562049201277e-01 2.103656900030690946e-01 -2.889012100000000061e+01 0.000000000000000000e+00 0.000000000000000000e+00 0.000000000000000000e+00 1.000000000000000000e+00
2.373946402717316551e-01 -9.004684612639193286e-01 -3.644178028571657402e-01 1.794522399999999891e+02 1.261392270124457315e-01 4.005404179581477653e-01 -9.075551052088323134e-01 -7.828270870000000059e+02 9.631888081674108149e-01 1.694813377658476172e-01 2.086705440883807605e-01 -2.887771599999999950e+01 0.000000000000000000e+00 0.000000000000000000e+00 0.000000000000000000e+00 1.000000000000000000e+00
2.289637972102201713e-01 -9.081804489399289970e-01 -3.504052678404629417e-01 1.796027679999999975e+02 1.317374203934729704e-01 3.855652952078678641e-01 -9.132276031742270206e-01 -7.825914920000000166e+02 9.644795651724047403e-01 1.629345736623725727e-01 2.079218436584053531e-01 -2.886766099999999824e+01 0.000000000000000000e+00 0.000000000000000000e+00 0.000000000000000000e+00 1.000000000000000000e+00
2.201783549871764722e-01 -9.156112543785072111e-01 -3.364186719707415452e-01 1.797631069999999909e+02 1.374132611324182518e-01 3.705566570648058389e-01 -9.185887869824612695e-01 -7.823345950000000357e+02 9.657324099667021766e-01 1.560249812061272889e-01 2.074056835757711603e-01 -2.886265399999999914e+01 0.000000000000000000e+00 0.000000000000000000e+00 0.000000000000000000e+00 1.000000000000000000e+00
2.124738480240717098e-01 -9.215942698839139080e-01 -3.248366753046512678e-01 1.799088900000000137e+02 1.422870019525102614e-01 3.580631738147082577e-01 -9.227920527578812315e-01 -7.820962520000000495e+02 9.667519190470790225e-01 1.498491417221793909e-01 2.072099460545178129e-01 -2.886182799999999915e+01 0.000000000000000000e+00 0.000000000000000000e+00 0.000000000000000000e+00 1.000000000000000000e+00
1.959774660559859549e-01 -9.322259870557840777e-01 -3.042162748048570786e-01 1.802290800000000104e+02 1.525173863204329350e-01 3.354339803669739162e-01 -9.296356768568818651e-01 -7.815552370000000337e+02 9.686750124103846726e-01 1.357893731962776518e-01 2.079181725071267972e-01 -2.886468899999999849e+01 0.000000000000000000e+00 0.000000000000000000e+00 0.000000000000000000e+00 1.000000000000000000e+00
1.891030249213868086e-01 -9.357593853434940101e-01 -2.976481458150669335e-01 1.803683169999999905e+02 1.567848912144038098e-01 3.280013381090102209e-01 -9.315758799397857448e-01 -7.813130489999999782e+02 9.693598629262863975e-01 1.294970846786318575e-01 2.087389786486134879e-01 -2.886640200000000078e+01 0.000000000000000000e+00 0.000000000000000000e+00 0.000000000000000000e+00 1.000000000000000000e+00
1.814104544548352516e-01 -9.390197698072790811e-01 -2.921166187083075183e-01 1.805284580000000005e+02 1.615906037528515582e-01 3.214711464848780675e-01 -9.330298916736199377e-01 -7.810290529999999762e+02 9.700405784261187936e-01 1.220580758851401715e-01 2.100549983169604507e-01 -2.886817699999999931e+01 0.000000000000000000e+00 0.000000000000000000e+00 0.000000000000000000e+00 1.000000000000000000e+00
1.740611486145682840e-01 -9.413961669048551695e-01 -2.889220889441005413e-01 1.806862030000000061e+02 1.662286386292210483e-01 3.172797536829993215e-01 -9.336496117935950689e-01 -7.807438959999999497e+02 9.706032949884585426e-01 1.144849983172504526e-01 2.117130815935712729e-01 -2.886954100000000167e+01 0.000000000000000000e+00 0.000000000000000000e+00 0.000000000000000000e+00 1.000000000000000000e+00
1.676039494990445022e-01 -9.428398135330993135e-01 -2.880312520008762589e-01 1.808307650000000137e+02 1.703713198209732549e-01 3.154690757451774630e-01 -9.335164035146588102e-01 -7.804780269999999973e+02 9.710213846742929977e-01 1.073887715981238777e-01 2.135067264510993323e-01 -2.887040500000000165e+01 0.000000000000000000e+00 0.000000000000000000e+00 0.000000000000000000e+00 1.000000000000000000e+00
1.615742058114303936e-01 -9.435702804657533083e-01 -2.890828632731194392e-01 1.809737399999999923e+02 1.743327061203256423e-01 3.156155255331860587e-01 -9.327351969445427660e-01 -7.802111820000000080e+02 9.713402511958255658e-01 1.003093508312676296e-01 2.154904882880911976e-01 -2.887089299999999881e+01 0.000000000000000000e+00 0.000000000000000000e+00 0.000000000000000000e+00 1.000000000000000000e+00
1.553966296086598531e-01 -9.435988453510832930e-01 -2.923578399126159910e-01 1.811257779999999968e+02 1.784566181432780119e-01 3.178987817515848691e-01 -9.311786080026334123e-01 -7.799227909999999611e+02 9.715992604706596980e-01 9.252882584881344519e-02 2.177918580661515613e-01 -2.887098900000000157e+01 0.000000000000000000e+00 0.000000000000000000e+00 0.000000000000000000e+00 1.000000000000000000e+00
1.508709856610049305e-01 -9.427436419712340587e-01 -2.974430554047127195e-01 1.812788089999999954e+02 1.812857088577661813e-01 3.221698206198846948e-01 -9.291620410055982937e-01 -7.796359860000000026e+02 9.717887823234092615e-01 8.626141782144253201e-02 2.195120277930583397e-01 -2.886831700000000112e+01 0.000000000000000000e+00 0.000000000000000000e+00 0.000000000000000000e+00 1.000000000000000000e+00
1.463807349553012394e-01 -9.413371091916711286e-01 -3.040676360493068664e-01 1.814184720000000084e+02 1.842311647534407015e-01 3.279427093153166051e-01 -9.265594731804971396e-01 -7.793681639999999788e+02 9.719215803590002256e-01 7.961172191076881788e-02 2.214281268648270740e-01 -2.886158000000000001e+01 0.000000000000000000e+00 0.000000000000000000e+00 0.000000000000000000e+00 1.000000000000000000e+00
1.413476222444857711e-01 -9.393628413786605513e-01 -3.124392771769242683e-01 1.815549619999999891e+02 1.878924766557200088e-01 3.353275552954555483e-01 -9.231748739408759397e-01 -7.790976560000000291e+02 9.719656716685056708e-01 7.178358375410043291e-02 2.238969633590598696e-01 -2.885676199999999980e+01 0.000000000000000000e+00 0.000000000000000000e+00 0.000000000000000000e+00 1.000000000000000000e+00
1.364351226764284886e-01 -9.365187125195555407e-01 -3.229832169029553390e-01 1.817009740000000022e+02 1.915077412172165872e-01 3.448157383390659803e-01 -9.189270328201057936e-01 -7.788057860000000119e+02 9.719620580836203505e-01 6.352013613334234199e-02 2.263955608033297318e-01 -2.885298299999999827e+01 0.000000000000000000e+00 0.000000000000000000e+00 0.000000000000000000e+00 1.000000000000000000e+00
1.323178579660135856e-01 -9.332317566288841348e-01 -3.340216652893243099e-01 1.818358609999999942e+02 1.945924091699481884e-01 3.548840863939123347e-01 -9.144348415922231021e-01 -7.785343629999999848e+02 9.719186070637405583e-01 5.599797892536617638e-02 2.285573179741854644e-01 -2.885008200000000045e+01 0.000000000000000000e+00 0.000000000000000000e+00 0.000000000000000000e+00 1.000000000000000000e+00
1.281904713144573216e-01 -9.290294409338107906e-01 -3.470900473110523632e-01 1.819802549999999997e+02 1.976992832749479012e-01 3.668912312544418408e-01 -9.090136510642575773e-01 -7.782416990000000396e+02 9.718447388635438333e-01 4.790743477593994992e-02 2.307004144695883885e-01 -2.884723999999999933e+01 0.000000000000000000e+00 0.000000000000000000e+00 0.000000000000000000e+00 1.000000000000000000e+00
1.212264483555897665e-01 -9.190981921657916942e-01 -3.749168726220024062e-01 1.822572940000000017e+02 2.030147849558925355e-01 3.926755752353386364e-01 -8.969899050172795985e-01 -7.776762079999999742e+02 9.716424987146259351e-01 3.262523212437107301e-02 2.341931871776560814e-01 -2.884216299999999933e+01 0.000000000000000000e+00 0.000000000000000000e+00 0.000000000000000000e+00 1.000000000000000000e+00
1.182382598771455351e-01 -9.135399160296597820e-01 -3.891844494860328685e-01 1.823902129999999886e+02 2.053016358516654982e-01 4.059555575904626457e-01 -8.905342910736488982e-01 -7.774035030000000006e+02 9.715302116855937253e-01 2.539502080996330902e-02 2.355507178936349366e-01 -2.883985300000000151e+01 0.000000000000000000e+00 0.000000000000000000e+00 0.000000000000000000e+00 1.000000000000000000e+00
1.151167701039901847e-01 -9.065783711265006373e-01 -4.060342180733617079e-01 1.825436100000000010e+02 2.076869446988213186e-01 4.216836666602090111e-01 -8.826375350469017889e-01 -7.770890500000000429e+02 9.713980966846157417e-01 1.727837601231535514e-02 2.368273537408279172e-01 -2.883731099999999969e+01 0.000000000000000000e+00 0.000000000000000000e+00 0.000000000000000000e+00 1.000000000000000000e+00
1.147043303170081074e-01 -8.991797303972377531e-01 -4.222780234031577873e-01 1.827022550000000081e+02 2.084710748131184399e-01 4.374063989812808639e-01 -8.747659418933113606e-01 -7.767771000000000186e+02 9.712789133780215245e-01 1.230668814018370805e-02 2.376253729176039942e-01 -2.883503899999999831e+01 0.000000000000000000e+00 0.000000000000000000e+00 0.000000000000000000e+00 1.000000000000000000e+00
1.222428863233351870e-01 -8.862775048578549475e-01 -4.467313075286697965e-01 1.829946590000000128e+02 2.050103763540221946e-01 4.629480171864431837e-01 -8.623513663062887247e-01 -7.762457889999999452e+02 9.710959902762044127e-01 1.383176655657541998e-02 2.382881866635483681e-01 -2.883170499999999947e+01 0.000000000000000000e+00 0.000000000000000000e+00 0.000000000000000000e+00 1.000000000000000000e+00
1.279416087629227095e-01 -8.806614509840232641e-01 -4.561429090733186698e-01 1.831346589999999992e+02 2.021696865480907546e-01 4.734239714858446413e-01 -8.573197542711918917e-01 -7.760032350000000179e+02 9.709574463323311644e-01 1.746859963720276410e-02 2.386136740392578448e-01 -2.883041000000000054e+01 0.000000000000000000e+00 0.000000000000000000e+00 0.000000000000000000e+00 1.000000000000000000e+00
1.427298448132890418e-01 -8.701022276433199032e-01 -4.717523766232734062e-01 1.834445800000000020e+02 1.948153466590845651e-01 4.920053360720785252e-01 -8.485150145888414874e-01 -7.754805910000000040e+02 9.703994909858904006e-01 2.920381356490098224e-02 2.397331123720529977e-01 -2.882829500000000067e+01 0.000000000000000000e+00 0.000000000000000000e+00 0.000000000000000000e+00 1.000000000000000000e+00
1.506734686858819949e-01 -8.659634582577953044e-01 -4.768697880935259814e-01 1.836015170000000012e+02 1.909688456262745859e-01 4.987869833822861088e-01 -8.454244172062737039e-01 -7.752197270000000344e+02 9.699630950888455949e-01 3.631575650594259796e-02 2.405260068996041833e-01 -2.882771500000000131e+01 0.000000000000000000e+00 0.000000000000000000e+00 0.000000000000000000e+00 1.000000000000000000e+00
1.579578116138961597e-01 -8.629790422089933521e-01 -4.799130155123920161e-01 1.837467800000000011e+02 1.875477498443600677e-01 5.033873238513373316e-01 -8.434613468998481967e-01 -7.749793089999999438e+02 9.694715938481468509e-01 4.322470235683878448e-02 2.413637375988705869e-01 -2.882751499999999822e+01 0.000000000000000000e+00 0.000000000000000000e+00 0.000000000000000000e+00 1.000000000000000000e+00
1.651560920456964232e-01 -8.608805929078122698e-01 -4.812567610069359292e-01 1.838923029999999983e+02 1.842963812132521473e-01 5.063007959152411308e-01 -8.424335866567125297e-01 -7.747382810000000291e+02 9.688954067038882956e-01 5.043915949227301132e-02 2.422758387826156323e-01 -2.882768400000000142e+01 0.000000000000000000e+00 0.000000000000000000e+00 0.000000000000000000e+00 1.000000000000000000e+00
1.720123376015262329e-01 -8.597326306242267790e-01 -4.809070175749208254e-01 1.840374909999999886e+02 1.813389722884379274e-01 5.074757146397861352e-01 -8.423684325639295700e-01 -7.744970700000000079e+02 9.682602609021149220e-01 5.769057887372125437e-02 2.431951156314271778e-01 -2.882826000000000022e+01 0.000000000000000000e+00 0.000000000000000000e+00 0.000000000000000000e+00 1.000000000000000000e+00
1.784467685764515310e-01 -8.595720254291419060e-01 -4.788451564799051097e-01 1.841821439999999939e+02 1.787270813475533848e-01 5.068767368098424653e-01 -8.432867863745943104e-01 -7.742551879999999755e+02 9.675812013353749519e-01 6.489920477670080290e-02 2.440793150632483977e-01 -2.882926399999999845e+01 0.000000000000000000e+00 0.000000000000000000e+00 0.000000000000000000e+00 1.000000000000000000e+00
1.838977886975158293e-01 -8.603038487624923292e-01 -4.754565081230952561e-01 1.843139799999999866e+02 1.766702369005837547e-01 5.047577360498309851e-01 -8.449895001071558998e-01 -7.740332029999999577e+02 9.669380697364520216e-01 7.139268661629366575e-02 2.448139162548817194e-01 -2.883057000000000158e+01 0.000000000000000000e+00 0.000000000000000000e+00 0.000000000000000000e+00 1.000000000000000000e+00
1.896815663003865726e-01 -8.622371376667312681e-01 -4.696466989494486599e-01 1.844686130000000048e+02 1.746929669863588330e-01 5.003358740233523339e-01 -8.480249881051800109e-01 -7.737695919999999887e+02 9.661797300147291212e-01 7.881073273082866981e-02 2.455312560858492754e-01 -2.883258800000000122e+01 0.000000000000000000e+00 0.000000000000000000e+00 0.000000000000000000e+00 1.000000000000000000e+00
1.935708925154063231e-01 -8.644864905031042213e-01 -4.638894451358160920e-01 1.845864410000000078e+02 1.735332154531439852e-01 4.955465398288116941e-01 -8.510698267464218425e-01 -7.735664060000000291e+02 9.656171770972602486e-01 8.424211892704414062e-02 2.459405064103919181e-01 -2.883448599999999828e+01 0.000000000000000000e+00 0.000000000000000000e+00 0.000000000000000000e+00 1.000000000000000000e+00
1.980014244562953163e-01 -8.683315843508954135e-01 -4.547479472542360068e-01 1.847382509999999911e+02 1.724339827954003979e-01 4.875544386985607437e-01 -8.558955490494425389e-01 -7.733011470000000145e+02 9.649155183178439454e-01 9.105453818451203496e-02 2.462663468389696408e-01 -2.883741600000000105e+01 0.000000000000000000e+00 0.000000000000000000e+00 0.000000000000000000e+00 1.000000000000000000e+00
2.010525450228008992e-01 -8.723390161063893089e-01 -4.456484209759883908e-01 1.848651279999999986e+02 1.718980735946509242e-01 4.792971799498653152e-01 -8.606539755247487600e-01 -7.730758670000000166e+02 9.643800736402132756e-01 9.643056709697173101e-02 2.463173142413132843e-01 -2.884026100000000170e+01 0.000000000000000000e+00 0.000000000000000000e+00 0.000000000000000000e+00 1.000000000000000000e+00
2.038759178374109915e-01 -8.778530020663832811e-01 -4.333690308374509303e-01 1.850131379999999979e+02 1.716917758096159208e-01 4.678667061915645631e-01 -8.669617519572571096e-01 -7.728084720000000516e+02 9.638239176557581445e-01 1.023467244248414953e-01 2.461068949749513624e-01 -2.884403400000000062e+01 0.000000000000000000e+00 0.000000000000000000e+00 0.000000000000000000e+00 1.000000000000000000e+00
2.058345757203290383e-01 -8.840806743967994930e-01 -4.195634500241088860e-01 1.851588590000000067e+02 1.719236646813751546e-01 4.547455362609771901e-01 -8.738699850511189027e-01 -7.725399780000000192e+02 9.633661717958331705e-01 1.077397717132215216e-01 2.455967439332709945e-01 -2.884822499999999934e+01 0.000000000000000000e+00 0.000000000000000000e+00 0.000000000000000000e+00 1.000000000000000000e+00
2.069147901639435960e-01 -8.903265403732940619e-01 -4.055920624449305123e-01 1.852912599999999941e+02 1.724784364044525398e-01 4.412660958868326322e-01 -8.806448896100332879e-01 -7.722910160000000133e+02 9.630355437816853215e-01 1.122625677940506383e-01 2.448666112098580039e-01 -2.885242500000000021e+01 0.000000000000000000e+00 0.000000000000000000e+00 0.000000000000000000e+00 1.000000000000000000e+00
2.072679966663025786e-01 -8.963684822602953073e-01 -3.918718177775889489e-01 1.854107060000000047e+02 1.732462078388900539e-01 4.278712210144568484e-01 -8.870805880510753694e-01 -7.720619510000000218e+02 9.628217535075646039e-01 1.159731099780122454e-01 2.439764511887289322e-01 -2.885651599999999917e+01 0.000000000000000000e+00 0.000000000000000000e+00 0.000000000000000000e+00 1.000000000000000000e+00
2.069988551560478784e-01 -9.031848039101775250e-01 -3.760434601875422000e-01 1.855388790000000085e+02 1.743239773148699268e-01 4.122678091188065608e-01 -8.942295032582541214e-01 -7.718109130000000278e+02 9.626851120159749531e-01 1.195510917980817100e-01 2.427857317732581288e-01 -2.886120800000000131e+01 0.000000000000000000e+00 0.000000000000000000e+00 0.000000000000000000e+00 1.000000000000000000e+00
2.060627476592653551e-01 -9.101215040448791260e-01 -3.594676507033714996e-01 1.856647490000000005e+02 1.756285859304719810e-01 3.957846184385357402e-01 -9.013928863772586730e-01 -7.715588380000000370e+02 9.626488164596561647e-01 1.226106997066318538e-01 2.413998187370350601e-01 -2.886610200000000148e+01 0.000000000000000000e+00 0.000000000000000000e+00 0.000000000000000000e+00 1.000000000000000000e+00
2.044198784809528879e-01 -9.176306271985359420e-01 -3.408321365555990190e-01 1.857985529999999983e+02 1.772298745894083649e-01 3.771252490124447077e-01 -9.090468184369409066e-01 -7.712846680000000106e+02 9.627056065250971795e-01 1.254216033405873287e-01 2.397234585530196860e-01 -2.887159000000000120e+01 0.000000000000000000e+00 0.000000000000000000e+00 0.000000000000000000e+00 1.000000000000000000e+00
2.020547517400304027e-01 -9.250154694955605716e-01 -3.217456425395412989e-01 1.859294280000000015e+02 1.790009603507189961e-01 3.578678603010352899e-01 -9.164547183342333092e-01 -7.710092769999999973e+02 9.628772162081700170e-01 1.275812515907658873e-01 2.378875590478381763e-01 -2.887718200000000124e+01 0.000000000000000000e+00 0.000000000000000000e+00 0.000000000000000000e+00 1.000000000000000000e+00
2.005638031791539821e-01 -9.319550650929293578e-01 -3.020495282266600912e-01 1.860607449999999972e+02 1.800916599158240428e-01 3.381331110588869926e-01 -9.237061184350798815e-01 -7.707346189999999524e+02 9.629855424060514979e-01 1.308654112180628881e-01 2.356545973743151001e-01 -2.888129800000000103e+01 0.000000000000000000e+00 0.000000000000000000e+00 0.000000000000000000e+00 1.000000000000000000e+00
1.997650794584971135e-01 -9.383735929410104148e-01 -2.820441687039813572e-01 1.861925510000000088e+02 1.805876760149960347e-01 3.181740975027822493e-01 -9.306735920556645780e-01 -7.704602660000000469e+02 9.630586712659015003e-01 1.349823831070912639e-01 2.330187802523378260e-01 -2.887859299999999863e+01 0.000000000000000000e+00 0.000000000000000000e+00 0.000000000000000000e+00 1.000000000000000000e+00
1.971768629403218842e-01 -9.441197600177257954e-01 -2.641196006832606247e-01 1.863092350000000010e+02 1.818152746435393041e-01 2.999507027810895954e-01 -9.364682492254740032e-01 -7.702051390000000310e+02 9.633610385661792730e-01 1.366288938885255044e-01 2.307987320751354599e-01 -2.887087800000000115e+01 0.000000000000000000e+00 0.000000000000000000e+00 0.000000000000000000e+00 1.000000000000000000e+00
1.862599397001793167e-01 -9.554007717212023021e-01 -2.291650066162305710e-01 1.865334929999999929e+02 1.866818397900406601e-01 2.634121036105829816e-01 -9.464480727245703218e-01 -7.696650389999999788e+02 9.646020555418133302e-01 1.335044159044145862e-01 2.274190963365431695e-01 -2.886636199999999874e+01 0.000000000000000000e+00 0.000000000000000000e+00 0.000000000000000000e+00 1.000000000000000000e+00
1.805085928251695393e-01 -9.604612152036697825e-01 -2.119691062531691150e-01 1.866461639999999989e+02 1.890081273707835408e-01 2.453649704866188996e-01 -9.508269869150173248e-01 -7.693826900000000251e+02 9.652422368007250730e-01 1.315685575948554176e-01 2.258254612490414870e-01 -2.886792799999999914e+01 0.000000000000000000e+00 0.000000000000000000e+00 0.000000000000000000e+00 1.000000000000000000e+00
1.751518457002915474e-01 -9.646459803020950297e-01 -1.969262898517889493e-01 1.867478490000000022e+02 1.910745637101848859e-01 2.295209128341058336e-01 -9.543640090001095366e-01 -7.691213989999999967e+02 9.658221068347645488e-01 1.295310127298028857e-01 2.245203213307158385e-01 -2.887020499999999856e+01 0.000000000000000000e+00 0.000000000000000000e+00 0.000000000000000000e+00 1.000000000000000000e+00
1.693135015339724270e-01 -9.686675562809613504e-01 -1.817033395592265732e-01 1.868555450000000064e+02 1.932408479269106527e-01 2.134150548279186987e-01 -9.576596415560616471e-01 -7.688373410000000376e+02 9.664320529094602152e-01 1.270321997820495485e-01 2.233201901480010021e-01 -2.887302599999999941e+01 0.000000000000000000e+00 0.000000000000000000e+00 0.000000000000000000e+00 1.000000000000000000e+00
1.634706915369638358e-01 -9.721821536431083377e-01 -1.677474087617297771e-01 1.869607239999999990e+02 1.953364403963248619e-01 1.985641949177911203e-01 -9.604248724132163906e-01 -7.685524289999999610e+02 9.670165500454065421e-01 1.242341363494651185e-01 2.223620275671695234e-01 -2.887591600000000014e+01 0.000000000000000000e+00 0.000000000000000000e+00 0.000000000000000000e+00 1.000000000000000000e+00
1.583892466672939814e-01 -9.749686228454622627e-01 -1.560417604585054296e-01 1.870562290000000019e+02 1.970795153191576832e-01 1.860736883619115711e-01 -9.625675286134265374e-01 -7.682889400000000251e+02 9.675084036749928007e-01 1.217077112027692976e-01 2.216184149660183622e-01 -2.887829599999999886e+01 0.000000000000000000e+00 0.000000000000000000e+00 0.000000000000000000e+00 1.000000000000000000e+00
1.553250613604857944e-01 -9.772729891019722448e-01 -1.442623654494066820e-01 1.871628110000000049e+02 1.977165431973775811e-01 1.738342409113001752e-01 -9.647226675230928805e-01 -7.680056150000000343e+02 9.678751437346870823e-01 1.213225513187424220e-01 2.202238513015114807e-01 -2.887616900000000086e+01 0.000000000000000000e+00 0.000000000000000000e+00 0.000000000000000000e+00 1.000000000000000000e+00
1.513885210065346876e-01 -9.792007142082549409e-01 -1.350832225018976374e-01 1.872571560000000090e+02 1.987971654573451596e-01 1.640269272485108398e-01 -9.662167738885185653e-01 -7.677426150000000007e+02 9.682774409814465244e-01 1.194199666364670898e-01 2.194941203198076396e-01 -2.886881400000000042e+01 0.000000000000000000e+00 0.000000000000000000e+00 0.000000000000000000e+00 1.000000000000000000e+00
1.386921194960278880e-01 -9.829056822836470531e-01 -1.210822684137432548e-01 1.874443970000000093e+02 2.032533186635356870e-01 1.479123468104962535e-01 -9.678894699878032304e-01 -7.671654660000000376e+02 9.692536223517344007e-01 1.096282691440931822e-01 2.202931187361772958e-01 -2.886078099999999935e+01 0.000000000000000000e+00 0.000000000000000000e+00 0.000000000000000000e+00 1.000000000000000000e+00
1.333109588090392317e-01 -9.841616344102617209e-01 -1.168506123917898987e-01 1.875280610000000081e+02 2.051160198561254311e-01 1.427482696461477019e-01 -9.682718367852138908e-01 -7.668983150000000251e+02 9.696162161699832804e-01 1.051133144180716461e-01 2.208972260401912968e-01 -2.885952400000000040e+01 0.000000000000000000e+00 0.000000000000000000e+00 0.000000000000000000e+00 1.000000000000000000e+00
1.281976238680989644e-01 -9.851701778249263297e-01 -1.140398612721723604e-01 1.876101679999999874e+02 2.069007285639691274e-01 1.390259591792754601e-01 -9.684337205993918118e-01 -7.666306759999999940e+02 9.699265218325933136e-01 1.005559714720380415e-01 2.216552251742387181e-01 -2.885875100000000160e+01 0.000000000000000000e+00 0.000000000000000000e+00 0.000000000000000000e+00 1.000000000000000000e+00
1.229398349843344729e-01 -9.860074854399134558e-01 -1.125834607323987213e-01 1.876973419999999919e+02 2.087624725313675378e-01 1.366001058156198211e-01 -9.683793890587260034e-01 -7.663402710000000297e+02 9.702082390067683360e-01 9.554920066447669669e-02 2.226349550626876284e-01 -2.885808899999999966e+01 0.000000000000000000e+00 0.000000000000000000e+00 0.000000000000000000e+00 1.000000000000000000e+00
1.179680165725289775e-01 -9.865959981131191547e-01 -1.127469891975917959e-01 1.877828220000000101e+02 2.105553978126485926e-01 1.358098204445288559e-01 -9.681023278160126866e-01 -7.660494999999999663e+02 9.704380307458591037e-01 9.046562428902593656e-02 2.237543280119872469e-01 -2.885742600000000024e+01 0.000000000000000000e+00 0.000000000000000000e+00 0.000000000000000000e+00 1.000000000000000000e+00
1.129741313987839280e-01 -9.869616226091207922e-01 -1.146455456241615156e-01 1.878731380000000115e+02 2.124159152365173719e-01 1.367074690652715363e-01 -9.675694015707609896e-01 -7.657355959999999868e+02 9.706267689431005152e-01 8.495777420895178622e-02 2.250907639432097873e-01 -2.885660700000000034e+01 0.000000000000000000e+00 0.000000000000000000e+00 0.000000000000000000e+00 1.000000000000000000e+00
1.085383975695823899e-01 -9.870680267059706026e-01 -1.179666347227414369e-01 1.879552919999999858e+02 2.140877195029415869e-01 1.390927871823921247e-01 -9.668607163970742713e-01 -7.654439089999999624e+02 9.707656074516943789e-01 7.968630502548867955e-02 2.264160510660137016e-01 -2.885568599999999861e+01 0.000000000000000000e+00 0.000000000000000000e+00 0.000000000000000000e+00 1.000000000000000000e+00
1.046718526847109088e-01 -9.869622386094869526e-01 -1.222675051454806816e-01 1.880298919999999896e+02 2.155801871393571711e-01 1.425372648905628981e-01 -9.660270757232828354e-01 -7.651740720000000238e+02 9.708599209816572984e-01 7.475739211922449723e-02 2.276891436916187172e-01 -2.885469600000000057e+01 0.000000000000000000e+00 0.000000000000000000e+00 0.000000000000000000e+00 1.000000000000000000e+00
9.675487973520119356e-02 -9.859969434350049911e-01 -1.358253318945129573e-01 1.881938480000000027e+02 2.187462502317879531e-01 1.541946199808149620e-01 -9.635217159869851056e-01 -7.645659789999999703e+02 9.709730023316606173e-01 6.351414571416263977e-02 2.306022160284703360e-01 -2.885203699999999927e+01 0.000000000000000000e+00 0.000000000000000000e+00 0.000000000000000000e+00 1.000000000000000000e+00
9.324759701525048294e-02 -9.851680131934688056e-01 -1.440446855365189460e-01 1.882710270000000037e+02 2.201744487766990055e-01 1.614968932369372501e-01 -9.619989426089272655e-01 -7.642727660000000469e+02 9.709933561856940454e-01 5.798913049227838457e-02 2.319680214770805937e-01 -2.885056499999999957e+01 0.000000000000000000e+00 0.000000000000000000e+00 0.000000000000000000e+00 1.000000000000000000e+00
8.949776721833807569e-02 -9.839076496470058331e-01 -1.546476208321257984e-01 1.883589939999999956e+02 2.217316566041446779e-01 1.710568670154227200e-01 -9.599867815269383930e-01 -7.639340210000000297e+02 9.709918754152960796e-01 5.162640034878263062e-02 2.334726807669655346e-01 -2.884876399999999919e+01 0.000000000000000000e+00 0.000000000000000000e+00 0.000000000000000000e+00 1.000000000000000000e+00
8.616568855274908678e-02 -9.824417841792996153e-01 -1.654799529091807719e-01 1.884400019999999927e+02 2.231116090442330502e-01 1.809074262350151285e-01 -9.578589212627899308e-01 -7.636175540000000410e+02 9.709771799717661356e-01 4.561407492887048498e-02 2.347821802063764784e-01 -2.884699600000000075e+01 0.000000000000000000e+00 0.000000000000000000e+00 0.000000000000000000e+00 1.000000000000000000e+00
8.302209001953120282e-02 -9.806968395427475560e-01 -1.770340122113681636e-01 1.885202179999999998e+02 2.244089612354950858e-01 1.914826350425504198e-01 -9.554972624735076359e-01 -7.633010860000000548e+02 9.709520846499041236e-01 3.959936095478611140e-02 2.359744476124006896e-01 -2.884518100000000018e+01 0.000000000000000000e+00 0.000000000000000000e+00 0.000000000000000000e+00 1.000000000000000000e+00
7.989467341146960777e-02 -9.785262212191019326e-01 -1.900086196653719695e-01 1.886055599999999970e+02 2.257020935272548989e-01 2.034258378186696858e-01 -9.527205747149511961e-01 -7.629612429999999677e+02 9.709147265017094020e-01 3.323195592254024611e-02 2.371080575764422937e-01 -2.884322200000000080e+01 0.000000000000000000e+00 0.000000000000000000e+00 0.000000000000000000e+00 1.000000000000000000e+00
7.708093492361939303e-02 -9.762384296379176263e-01 -2.025266845859906018e-01 1.886846009999999865e+02 2.268379654486705754e-01 2.149752791490994186e-01 -9.499106098922542873e-01 -7.626440430000000106e+02 9.708774726516258280e-01 2.727925682380971661e-02 2.380184346741491541e-01 -2.884139800000000164e+01 0.000000000000000000e+00 0.000000000000000000e+00 0.000000000000000000e+00 1.000000000000000000e+00
7.440375390559328395e-02 -9.737169201778614891e-01 -2.152659767917273759e-01 1.887632900000000120e+02 2.278967261347581430e-01 2.267544731248420931e-01 -9.469136661464628846e-01 -7.623268430000000535e+02 9.708383818235739593e-01 2.139552002676903264e-02 2.387782823059274029e-01 -2.883961700000000050e+01 0.000000000000000000e+00 0.000000000000000000e+00 0.000000000000000000e+00 1.000000000000000000e+00
7.203000333634579366e-02 -9.711896930564110075e-01 -2.271613055085759947e-01 1.888362270000000080e+02 2.288143865681773748e-01 2.377688331924944776e-01 -9.439862067115751820e-01 -7.620324100000000271e+02 9.708015529029581092e-01 1.601755484692807263e-02 2.393486637061735534e-01 -2.883800499999999900e+01 0.000000000000000000e+00 0.000000000000000000e+00 0.000000000000000000e+00 1.000000000000000000e+00
6.958242111343154734e-02 -9.682969640696730274e-01 -2.399151434266869054e-01 1.889147490000000005e+02 2.297390699153181726e-01 2.495878637451826587e-01 -9.407049792711639213e-01 -7.617152710000000297e+02 9.707616836414785233e-01 1.033864810170082027e-02 2.398225717671119694e-01 -2.883636100000000013e+01 0.000000000000000000e+00 0.000000000000000000e+00 0.000000000000000000e+00 1.000000000000000000e+00
6.756516865606732036e-02 -9.657031748108275693e-01 -2.507036620090848933e-01 1.889821619999999882e+02 2.304804824736064739e-01 2.595885758916491870e-01 -9.378126243900105630e-01 -7.614428709999999683e+02 9.707284353428670132e-01 5.581167156946342800e-03 2.401148795680007053e-01 -2.883502999999999972e+01 0.000000000000000000e+00 0.000000000000000000e+00 0.000000000000000000e+00 1.000000000000000000e+00
6.512873564003812676e-02 -9.623504416666639472e-01 -2.638936816559028231e-01 1.890665439999999933e+02 2.313534632840676952e-01 2.718116655894577960e-01 -9.341273968126362348e-01 -7.611023559999999861e+02 9.706872940449966514e-01 -2.141809087491952646e-04 2.403458576845890760e-01 -2.883349000000000117e+01 0.000000000000000000e+00 0.000000000000000000e+00 0.000000000000000000e+00 1.000000000000000000e+00
6.292943559482883087e-02 -9.591515097973953852e-01 -2.758047631733237526e-01 1.891456450000000018e+02 2.321229582013363268e-01 2.828402809942131002e-01 -9.306558481646022285e-01 -7.607846070000000509e+02 9.706486585843390191e-01 -5.454970255785784872e-03 2.404400650638980064e-01 -2.883219100000000168e+01 0.000000000000000000e+00 0.000000000000000000e+00 0.000000000000000000e+00 1.000000000000000000e+00
5.873946742781804842e-02 -9.527141481377892074e-01 -2.981365910189214263e-01 1.893055569999999932e+02 2.335477232800776126e-01 3.034791603901804136e-01 -9.237726236252965517e-01 -7.601494139999999788e+02 9.705694905141976081e-01 -1.536721012280456433e-02 2.403304244910597631e-01 -2.883003799999999828e+01 0.000000000000000000e+00 0.000000000000000000e+00 0.000000000000000000e+00 1.000000000000000000e+00
5.675145147043769711e-02 -9.495536577750743890e-01 -3.084268531791224399e-01 1.893865199999999902e+02 2.342162335018541652e-01 3.129660396565963065e-01 -9.204319714057476176e-01 -7.598319089999999960e+02 9.705266759446665725e-01 -2.000272550537079974e-02 2.401621582434527724e-01 -2.882919700000000063e+01 0.000000000000000000e+00 0.000000000000000000e+00 0.000000000000000000e+00 1.000000000000000000e+00
5.497050381764762017e-02 -9.466963711203935095e-01 -3.174023072025663472e-01 1.894624330000000043e+02 2.348149238920949067e-01 3.212245437184578778e-01 -9.174294218251441979e-01 -7.595372310000000198e+02 9.704845157072748973e-01 -2.409924107408456528e-02 2.399563113403552495e-01 -2.882856400000000008e+01 0.000000000000000000e+00 0.000000000000000000e+00 0.000000000000000000e+00 1.000000000000000000e+00
5.338434600767594240e-02 -9.441468739429343948e-01 -3.251719422476627153e-01 1.895332029999999861e+02 2.353537508244897825e-01 3.283589277755081248e-01 -9.147617321045752314e-01 -7.592656250000000000e+02 9.704425400682807901e-01 -2.769647944962017050e-02 2.397377347267635461e-01 -2.882810800000000029e+01 0.000000000000000000e+00 0.000000000000000000e+00 0.000000000000000000e+00 1.000000000000000000e+00
5.149645503542976677e-02 -9.411082271302064761e-01 -3.341607696104135217e-01 1.896227260000000001e+02 2.360066229347261291e-01 3.365953076183979542e-01 -9.115944673045258684e-01 -7.589266969999999901e+02 9.703860000276850473e-01 -3.192027125692864509e-02 2.394412396249947228e-01 -2.882770000000000010e+01 0.000000000000000000e+00 0.000000000000000000e+00 0.000000000000000000e+00 1.000000000000000000e+00
4.983561285010856823e-02 -9.384437659430289180e-01 -3.418182409622398388e-01 1.897074430000000120e+02 2.365939479678274004e-01 3.435947439978234708e-01 -9.088266917746570250e-01 -7.586105350000000271e+02 9.703296942157604299e-01 -3.558019195754769104e-02 2.391533701694646408e-01 -2.882748199999999983e+01 0.000000000000000000e+00 0.000000000000000000e+00 0.000000000000000000e+00 1.000000000000000000e+00
4.849495311517748597e-02 -9.363059328524154790e-01 -3.478209879057401754e-01 1.897809750000000122e+02 2.370844149953279523e-01 3.490690289932125712e-01 -9.066100557373379942e-01 -7.583396000000000186e+02 9.702779084822452660e-01 -3.849692329399878599e-02 2.389116305419560771e-01 -2.882741400000000098e+01 0.000000000000000000e+00 0.000000000000000000e+00 0.000000000000000000e+00 1.000000000000000000e+00
4.713424756257961201e-02 -9.341536803239478548e-01 -3.537446313994501712e-01 1.898616489999999999e+02 2.375986403847877848e-01 3.544589218462623204e-01 -9.043814233004157099e-01 -7.580463260000000218e+02 9.702191756474460860e-01 -4.142190556708741367e-02 2.386607989284825204e-01 -2.882745699999999900e+01 0.000000000000000000e+00 0.000000000000000000e+00 0.000000000000000000e+00 1.000000000000000000e+00
4.453702387866709245e-02 -9.301229662082093341e-01 -3.645376815036724394e-01 1.900392610000000104e+02 2.386534702954328235e-01 3.642404840324136028e-01 -9.002074154925516769e-01 -7.574155879999999570e+02 9.700829730595097455e-01 -4.690562358475763860e-02 2.381992608219996865e-01 -2.882792699999999897e+01 0.000000000000000000e+00 0.000000000000000000e+00 0.000000000000000000e+00 1.000000000000000000e+00
4.359196730606768044e-02 -9.286536485893825965e-01 -3.683777155963896544e-01 1.901170649999999966e+02 2.390744590898217781e-01 3.677114975234747618e-01 -8.986832910430420096e-01 -7.571459959999999683e+02 9.700222386096599703e-01 -4.889433045529356647e-02 2.380466362964045179e-01 -2.882826599999999928e+01 0.000000000000000000e+00 0.000000000000000000e+00 0.000000000000000000e+00 1.000000000000000000e+00
4.260460623913414624e-02 -9.271299427017507533e-01 -3.723102427721493024e-01 1.902091369999999984e+02 2.395407321539375634e-01 3.712584708094405772e-01 -8.970994289884435258e-01 -7.568315430000000106e+02 9.699510735941087036e-01 -5.096290021264615611e-02 2.379027062383948787e-01 -2.882874699999999990e+01 0.000000000000000000e+00 0.000000000000000000e+00 0.000000000000000000e+00 1.000000000000000000e+00
4.177662859292935460e-02 -9.258081465485039629e-01 -3.756780391343526593e-01 1.903026729999999986e+02 2.399651021465746825e-01 3.742978611111752452e-01 -8.957219774681111080e-01 -7.565173340000000053e+02 9.698821902969414488e-01 -5.272937465989036010e-02 2.377985491814121610e-01 -2.882930800000000104e+01 0.000000000000000000e+00 0.000000000000000000e+00 0.000000000000000000e+00 1.000000000000000000e+00
4.119267664527637152e-02 -9.248289195152900044e-01 -3.781463116559243276e-01 1.903840030000000070e+02 2.402987996104269941e-01 3.765289491772363384e-01 -8.946968410234132918e-01 -7.562488399999999729e+02 9.698245461404790824e-01 -5.401314710020138632e-02 2.377455144555759292e-01 -2.882984499999999883e+01 0.000000000000000000e+00 0.000000000000000000e+00 0.000000000000000000e+00 1.000000000000000000e+00
4.064738287503505410e-02 -9.238519482583749109e-01 -3.805855593222305933e-01 1.904802699999999902e+02 2.406548000260039788e-01 3.787392424169006011e-01 -8.936676415076894031e-01 -7.559356689999999617e+02 9.697592781148599572e-01 -5.526449088408363908e-02 2.377241648580738775e-01 -2.883051700000000039e+01 0.000000000000000000e+00 0.000000000000000000e+00 0.000000000000000000e+00 1.000000000000000000e+00
4.030814560892825860e-02 -9.230983888928854242e-01 -3.824455749788834846e-01 1.905710300000000075e+02 2.409278057927942140e-01 3.804422912095444254e-01 -8.928703463858018718e-01 -7.556451419999999644e+02 9.697056490468842771e-01 -5.615182528281287277e-02 2.377349926366949529e-01 -2.883118100000000084e+01 0.000000000000000000e+00 0.000000000000000000e+00 0.000000000000000000e+00 1.000000000000000000e+00
4.011820600155696637e-02 -9.224782962650934781e-01 -3.839587509968582224e-01 1.906630859999999927e+02 2.411592695889819282e-01 3.818473385787126140e-01 -8.922078326890339195e-01 -7.553554689999999709e+02 9.696559886055082789e-01 -5.680143431467876702e-02 2.377832223292254965e-01 -2.883186500000000052e+01 0.000000000000000000e+00 0.000000000000000000e+00 0.000000000000000000e+00 1.000000000000000000e+00
4.020471719101420538e-02 -9.215925817676605680e-01 -3.860708405803372489e-01 1.908510740000000112e+02 2.414627036896926926e-01 3.838926612210548095e-01 -8.912475455155428605e-01 -7.547767939999999953e+02 9.695768888759952464e-01 -5.738935346764256762e-02 2.379645323700819159e-01 -2.883324800000000110e+01 0.000000000000000000e+00 0.000000000000000000e+00 0.000000000000000000e+00 1.000000000000000000e+00
4.042624354335178083e-02 -9.213412512164651513e-01 -3.866471487543290397e-01 1.909320979999999963e+02 2.415253165127678181e-01 3.844988677440019931e-01 -8.909692150613217621e-01 -7.545327760000000126e+02 9.695520823124361698e-01 -5.736653650395062698e-02 2.380710821858882664e-01 -2.883382800000000046e+01 0.000000000000000000e+00 0.000000000000000000e+00 0.000000000000000000e+00 1.000000000000000000e+00
4.079878470683229175e-02 -9.211390486573525216e-01 -3.870895402940681129e-01 1.910215450000000033e+02 2.415455186097326123e-01 3.850139601337940753e-01 -8.907412716056488655e-01 -7.542667850000000271e+02 9.695314443616569466e-01 -5.715858238900478616e-02 2.382051108882394796e-01 -2.883444000000000074e+01 0.000000000000000000e+00 0.000000000000000000e+00 0.000000000000000000e+00 1.000000000000000000e+00
4.135124221867791938e-02 -9.209942816417575617e-01 -3.873752805099413554e-01 1.911196590000000128e+02 2.415091899333927650e-01 3.854236982414481760e-01 -8.905739071023819342e-01 -7.539787599999999657e+02 9.695170890421114240e-01 -5.672835284995175753e-02 2.383663315953884754e-01 -2.883507699999999829e+01 0.000000000000000000e+00 0.000000000000000000e+00 0.000000000000000000e+00 1.000000000000000000e+00
4.199805405345913289e-02 -9.209198629037151917e-01 -3.874826055000723524e-01 1.912112879999999961e+02 2.414210891028167327e-01 3.856864298638849053e-01 -8.904840456489155898e-01 -7.537135620000000245e+02 9.695112279866242577e-01 -5.614787554531847080e-02 2.385275558077407654e-01 -2.883564600000000056e+01 0.000000000000000000e+00 0.000000000000000000e+00 0.000000000000000000e+00 1.000000000000000000e+00
4.284030116476233996e-02 -9.208950784600582473e-01 -3.874493038632996766e-01 1.913116609999999866e+02 2.412664483356874445e-01 3.858635641200344191e-01 -8.904492185363896972e-01 -7.534266360000000304e+02 9.695128722732851978e-01 -5.533140475920661494e-02 2.387115961652833684e-01 -2.883621799999999880e+01 0.000000000000000000e+00 0.000000000000000000e+00 0.000000000000000000e+00 1.000000000000000000e+00
4.477995267492024256e-02 -9.209717216514567983e-01 -3.870475988257567335e-01 1.915000000000000000e+02 2.408170754411680936e-01 3.859624502342927643e-01 -8.905280024710644504e-01 -7.528978879999999663e+02 9.695369472146975198e-01 -5.332986899939956560e-02 2.390690968279091388e-01 -2.883715400000000173e+01 0.000000000000000000e+00 0.000000000000000000e+00 0.000000000000000000e+00 1.000000000000000000e+00
4.582745531662035798e-02 -9.210494854609831972e-01 -3.867398216776507525e-01 1.915875699999999995e+02 2.405440936470942259e-01 3.859295470004506790e-01 -8.906160361028340189e-01 -7.526560670000000073e+02 9.695557659829066033e-01 -5.221331328392120330e-02 2.392391827548613625e-01 -2.883752600000000044e+01 0.000000000000000000e+00 0.000000000000000000e+00 0.000000000000000000e+00 1.000000000000000000e+00
4.706880134945307104e-02 -9.211593883984997566e-01 -3.863287578019883317e-01 1.916839600000000132e+02 2.401966914881380477e-01 3.858468228945045597e-01 -8.907456307276331309e-01 -7.523923340000000053e+02 9.695824242103803225e-01 -5.086856030514758098e-02 2.394207848846954534e-01 -2.883788699999999849e+01 0.000000000000000000e+00 0.000000000000000000e+00 0.000000000000000000e+00 1.000000000000000000e+00
4.840645903286500129e-02 -9.212905887039529729e-01 -3.858503153937070107e-01 1.917812040000000025e+02 2.398118350407695276e-01 3.857235999527687809e-01 -8.909026816739609167e-01 -7.521290279999999484e+02 9.696118287739059483e-01 -4.940602802290439133e-02 2.396079003220087655e-01 -2.883820700000000059e+01 0.000000000000000000e+00 0.000000000000000000e+00 0.000000000000000000e+00 1.000000000000000000e+00
5.153972484976571122e-02 -9.216238934272822370e-01 -3.846466636100568381e-01 1.919864350000000002e+02 2.388354467747446641e-01 3.853569186649939970e-01 -8.913235521408202633e-01 -7.515818480000000363e+02 9.696913354909998395e-01 -4.592868712426922961e-02 2.399776439019319918e-01 -2.883870500000000092e+01 0.000000000000000000e+00 0.000000000000000000e+00 0.000000000000000000e+00 1.000000000000000000e+00
5.303622638354793528e-02 -9.217927399822489765e-01 -3.840381533220508237e-01 1.920778500000000122e+02 2.383480055475882264e-01 3.851493576843866284e-01 -8.915437176755782733e-01 -7.513411250000000337e+02 9.697305744084178114e-01 -4.425061345701780668e-02 2.401343296286428675e-01 -2.883885799999999833e+01 0.000000000000000000e+00 0.000000000000000000e+00 0.000000000000000000e+00 1.000000000000000000e+00
5.488017319443666553e-02 -9.220080219218205198e-01 -3.832614957205594530e-01 1.921865840000000105e+02 2.377340368141183657e-01 3.848673176117752837e-01 -8.918293982451914736e-01 -7.510574339999999438e+02 9.697786831696250109e-01 -4.217055069747915885e-02 2.403142740738869743e-01 -2.883899100000000004e+01 0.000000000000000000e+00 0.000000000000000000e+00 0.000000000000000000e+00 1.000000000000000000e+00
5.665197258380544332e-02 -9.222214502335837061e-01 -3.824894125742946960e-01 1.922876589999999908e+02 2.371307707036040546e-01 3.845709157196852690e-01 -8.921178220213052956e-01 -7.507958370000000059e+02 9.698244952504954108e-01 -4.015977479503601844e-02 2.404737842271657267e-01 -2.883906700000000001e+01 0.000000000000000000e+00 0.000000000000000000e+00 0.000000000000000000e+00 1.000000000000000000e+00
6.018502643735607061e-02 -9.226711523391964986e-01 -3.808617954505206793e-01 1.924831090000000131e+02 2.359103499043867513e-01 3.838922849196239606e-01 -8.927334542780283044e-01 -7.502946170000000166e+02 9.699093098845503746e-01 -3.612005288270997427e-02 2.407722417120082281e-01 -2.883909600000000140e+01 0.000000000000000000e+00 0.000000000000000000e+00 0.000000000000000000e+00 1.000000000000000000e+00
6.226172360932902272e-02 -9.229522208151826890e-01 -3.798455947691349310e-01 1.925945130000000063e+02 2.351709053445437680e-01 3.834345891333109102e-01 -8.931251654362879489e-01 -7.500117189999999709e+02 9.699577944697507226e-01 -3.372112021406376003e-02 2.409248077697385415e-01 -2.883905400000000085e+01 0.000000000000000000e+00 0.000000000000000000e+00 0.000000000000000000e+00 1.000000000000000000e+00
6.420601872120695885e-02 -9.232308903812063150e-01 -3.788433847989126080e-01 1.926978450000000009e+02 2.344727580796663324e-01 3.829556435116374113e-01 -8.935141301742810516e-01 -7.497510989999999538e+02 9.700000581847851855e-01 -3.145946834440460638e-02 2.410605504287275935e-01 -2.883897400000000033e+01 0.000000000000000000e+00 0.000000000000000000e+00 0.000000000000000000e+00 1.000000000000000000e+00
6.634041752657016122e-02 -9.235547294021100306e-01 -3.776845387375492580e-01 1.928103490000000022e+02 2.336991777521313374e-01 3.823716396186914723e-01 -8.939667910684886420e-01 -7.494687500000000000e+02 9.700431141554367587e-01 -2.895843597828662297e-02 2.412006750929884813e-01 -2.883886000000000038e+01 0.000000000000000000e+00 0.000000000000000000e+00 0.000000000000000000e+00 1.000000000000000000e+00
6.815578789999943154e-02 -9.238495774921378079e-01 -3.766387483296547711e-01 1.929058990000000051e+02 2.330356306855472237e-01 3.818154117056387076e-01 -8.943776530163547456e-01 -7.492299189999999953e+02 9.700768956153527078e-01 -2.681323463613421998e-02 2.413127991666170480e-01 -2.883873600000000081e+01 0.000000000000000000e+00 0.000000000000000000e+00 0.000000000000000000e+00 1.000000000000000000e+00
7.013533891565454370e-02 -9.241935634982989534e-01 -3.754294759651961022e-01 1.930104980000000126e+02 2.323097363437400253e-01 3.811406683462150724e-01 -8.948541653993137279e-01 -7.489693600000000515e+02 9.701099013179321773e-01 -2.445502240677710493e-02 2.414305930158722469e-01 -2.883857499999999874e+01 0.000000000000000000e+00 0.000000000000000000e+00 0.000000000000000000e+00 1.000000000000000000e+00
7.226910398442781824e-02 -9.245951584114865396e-01 -3.740333803971589433e-01 1.931241760000000056e+02 2.315229958538876920e-01 3.803218991386457803e-01 -8.954062516123137971e-01 -7.486871949999999742e+02 9.701413706260177960e-01 -2.188712127282999020e-02 2.415505639038331431e-01 -2.883839000000000041e+01 0.000000000000000000e+00 0.000000000000000000e+00 0.000000000000000000e+00 1.000000000000000000e+00
7.422033293115520847e-02 -9.249941215769588165e-01 -3.726623367442150059e-01 1.932294159999999863e+02 2.308013579531163484e-01 3.794800472237208067e-01 -8.959495671777959469e-01 -7.484270629999999755e+02 9.701660040150787978e-01 -1.951329821308595003e-02 2.416550348042872387e-01 -2.883820000000000050e+01 0.000000000000000000e+00 0.000000000000000000e+00 0.000000000000000000e+00 1.000000000000000000e+00
7.614208695605267918e-02 -9.254228515505795727e-01 -3.712073927361503323e-01 1.933348850000000141e+02 2.300892588612624690e-01 3.785478995453009921e-01 -8.965268655798972475e-01 -7.481672969999999623e+02 9.701862272526091679e-01 -1.714740732106051491e-02 2.417532851307584996e-01 -2.883799899999999994e+01 0.000000000000000000e+00 0.000000000000000000e+00 0.000000000000000000e+00 1.000000000000000000e+00
7.803775852813099601e-02 -9.258817308764903942e-01 -3.696662395635544329e-01 1.934405360000000087e+02 2.293843763320866924e-01 3.775240732463359672e-01 -8.971389981570494498e-01 -7.479074709999999868e+02 9.702025129521385516e-01 -1.478494330896445996e-02 2.418439358609306700e-01 -2.883779099999999929e+01 0.000000000000000000e+00 0.000000000000000000e+00 0.000000000000000000e+00 1.000000000000000000e+00
8.004878345991878197e-02 -9.264150070632276579e-01 -3.678959458252112347e-01 1.935551910000000078e+02 2.286355760915000923e-01 3.763048568035552432e-01 -8.978420952992589577e-01 -7.476259770000000344e+02 9.702154222706907971e-01 -1.224293404766435556e-02 2.419341748368957767e-01 -2.883757200000000154e+01 0.000000000000000000e+00 0.000000000000000000e+00 0.000000000000000000e+00 1.000000000000000000e+00
8.185987841629832618e-02 -9.269418255364851866e-01 -3.661663725367978461e-01 1.936611629999999877e+02 2.279621452007824511e-01 3.750739554796073683e-01 -8.985281232528778972e-01 -7.473661499999999478e+02 9.702227685748907593e-01 -9.918668860772028584e-03 2.420111554183073665e-01 -2.883736000000000033e+01 0.000000000000000000e+00 0.000000000000000000e+00 0.000000000000000000e+00 1.000000000000000000e+00
8.361398196527258797e-02 -9.275017622299113196e-01 -3.643476129746430203e-01 1.937671809999999937e+02 2.273120657839775016e-01 3.737408867029470283e-01 -8.992480049216209359e-01 -7.471063229999999749e+02 9.702257091877806161e-01 -7.630902102903458495e-03 2.420823053512258516e-01 -2.883715400000000173e+01 0.000000000000000000e+00 0.000000000000000000e+00 0.000000000000000000e+00 1.000000000000000000e+00
8.529146393641190427e-02 -9.280942461685784961e-01 -3.624450805409858978e-01 1.938732149999999876e+02 2.266968699230965667e-01 3.723061613115842272e-01 -8.999981396739125117e-01 -7.468463749999999663e+02 9.702236316162652363e-01 -5.403006404830934528e-03 2.421505981308635924e-01 -2.883696600000000032e+01 0.000000000000000000e+00 0.000000000000000000e+00 0.000000000000000000e+00 1.000000000000000000e+00
8.678990079909365551e-02 -9.286665489693510800e-01 -3.606188485709519442e-01 1.939703829999999982e+02 2.261456451080327557e-01 3.709002851783671506e-01 -9.007170064194844894e-01 -7.466082149999999729e+02 9.702193877252479615e-01 -3.379242512990321412e-03 2.422042947639104216e-01 -2.883679599999999965e+01 0.000000000000000000e+00 0.000000000000000000e+00 0.000000000000000000e+00 1.000000000000000000e+00
8.822225941499928226e-02 -9.292667341766744915e-01 -3.587201830066573671e-01 1.940675960000000089e+02 2.256179051528257595e-01 3.694067728429996089e-01 -9.014628095779495531e-01 -7.463699339999999438e+02 9.702130661963703773e-01 -1.404610386440408032e-03 2.422491140365619355e-01 -2.883663900000000169e+01 0.000000000000000000e+00 0.000000000000000000e+00 0.000000000000000000e+00 1.000000000000000000e+00
8.971180341405765590e-02 -9.299511451738471379e-01 -3.565706941379896411e-01 1.941735689999999863e+02 2.250710674820896595e-01 3.676824534011084999e-01 -9.023040662899699527e-01 -7.461099850000000515e+02 9.702034873729687980e-01 6.935782522436428899e-04 2.422905529287881221e-01 -2.883647900000000064e+01 0.000000000000000000e+00 0.000000000000000000e+00 0.000000000000000000e+00 1.000000000000000000e+00
9.112690620239932704e-02 -9.306648474830232498e-01 -3.543428122953528603e-01 1.942794489999999996e+02 2.245552227120955480e-01 3.658626359286466512e-01 -9.031719014584449479e-01 -7.458499150000000100e+02 9.701911352505234731e-01 2.733732017433099237e-03 2.423255822041011365e-01 -2.883632700000000071e+01 0.000000000000000000e+00 0.000000000000000000e+00 0.000000000000000000e+00 1.000000000000000000e+00
9.256571052809120514e-02 -9.314699247846431884e-01 -3.518456599932999751e-01 1.943939670000000035e+02 2.240334205530323253e-01 3.637857747800524177e-01 -9.041398877070877527e-01 -7.455681759999999940e+02 9.701755592209782009e-01 4.867164407357016387e-03 2.423544821143070460e-01 -2.883619300000000152e+01 0.000000000000000000e+00 0.000000000000000000e+00 0.000000000000000000e+00 1.000000000000000000e+00
9.370081244953459843e-02 -9.321752682306491122e-01 -3.496704549220803759e-01 1.944906009999999981e+02 2.236242611324646967e-01 3.619470638226968129e-01 -9.049787361165388955e-01 -7.453296510000000126e+02 9.701609905470620632e-01 6.602445701869685823e-03 2.423717395479462466e-01 -2.883608999999999867e+01 0.000000000000000000e+00 0.000000000000000000e+00 0.000000000000000000e+00 1.000000000000000000e+00
9.467147591444941002e-02 -9.328327469967927499e-01 -3.476497918575492396e-01 1.945783539999999903e+02 2.232767334752885913e-01 3.602180152847590522e-01 -9.057540956313219205e-01 -7.451128539999999703e+02 9.701467991684478154e-01 8.126967129657047817e-03 2.423822197862061101e-01 -2.883601799999999926e+01 0.000000000000000000e+00 0.000000000000000000e+00 0.000000000000000000e+00 1.000000000000000000e+00
9.575033331566479289e-02 -9.336408835573781761e-01 -3.451761495528581358e-01 1.946834259999999972e+02 2.228950681516803645e-01 3.580741751847935084e-01 -9.066976748946626863e-01 -7.448526610000000119e+02 9.701286833526759912e-01 9.878543208783285845e-03 2.423896699953926315e-01 -2.883594499999999883e+01 0.000000000000000000e+00 0.000000000000000000e+00 0.000000000000000000e+00 1.000000000000000000e+00
9.757010054721237946e-02 -9.352360152510332814e-01 -3.403140773705609079e-01 1.948840639999999951e+02 2.222600163839081877e-01 3.537858063428854227e-01 -9.085351332487585641e-01 -7.443536380000000463e+02 9.700930680075143808e-01 1.300765188970082198e-02 2.423844887695676686e-01 -2.883586100000000130e+01 0.000000000000000000e+00 0.000000000000000000e+00 0.000000000000000000e+00 1.000000000000000000e+00
9.838565691737866103e-02 -9.360860274834420514e-01 -3.377324557444913999e-01 1.949882810000000006e+02 2.219817199892021309e-01 3.514717176220806261e-01 -9.095008233654438001e-01 -7.440932010000000218e+02 9.700744190543175716e-01 1.451140455136662455e-02 2.423737622647618162e-01 -2.883585000000000065e+01 0.000000000000000000e+00 0.000000000000000000e+00 0.000000000000000000e+00 1.000000000000000000e+00
9.905639918275138678e-02 -9.368714587105952951e-01 -3.353501150058372793e-01 1.950835570000000132e+02 2.217576521722659511e-01 3.493162137513201038e-01 -9.103854823718829925e-01 -7.438543700000000172e+02 9.700574073136039033e-01 1.581305359261708787e-02 2.423604213812257657e-01 -2.883585400000000121e+01 0.000000000000000000e+00 0.000000000000000000e+00 0.000000000000000000e+00 1.000000000000000000e+00
9.970361855550252672e-02 -9.377317483634302064e-01 -3.327436799673333390e-01 1.951871189999999956e+02 2.215440063712512120e-01 3.469367971498357184e-01 -9.113468670184743381e-01 -7.435932010000000218e+02 9.700399175744851554e-01 1.714721244628575336e-02 2.423397025198472943e-01 -2.883587999999999951e+01 0.000000000000000000e+00 0.000000000000000000e+00 0.000000000000000000e+00 1.000000000000000000e+00
1.002549701120645786e-01 -9.385932521039128673e-01 -3.301388315130927564e-01 1.952903290000000140e+02 2.213671963695927336e-01 3.445357108711721850e-01 -9.123002292589663664e-01 -7.433318480000000363e+02 9.700234560768598024e-01 1.838072467280066347e-02 2.423151741455897568e-01 -2.883592399999999856e+01 0.000000000000000000e+00 0.000000000000000000e+00 0.000000000000000000e+00 1.000000000000000000e+00
1.006771988920697192e-01 -9.393790695361947662e-01 -3.277667849867635930e-01 1.953845670000000041e+02 2.212359061437798036e-01 3.423299515775511392e-01 -9.131620218152154411e-01 -7.430921630000000278e+02 9.700096780218159243e-01 1.942081281059487852e-02 2.422892002830265012e-01 -2.883598100000000031e+01 0.000000000000000000e+00 0.000000000000000000e+00 0.000000000000000000e+00 1.000000000000000000e+00
1.010528356264377980e-01 -9.402287429432653054e-01 -3.252049128706131498e-01 1.954869689999999878e+02 2.211268648404599579e-01 3.399284130072094401e-01 -9.140851074578497659e-01 -7.428306880000000092e+02 9.699954814625091348e-01 2.045934929871917607e-02 2.422605642043044460e-01 -2.883605599999999924e+01 0.000000000000000000e+00 0.000000000000000000e+00 0.000000000000000000e+00 1.000000000000000000e+00
1.013204728659463649e-01 -9.409980581716469450e-01 -3.228882411847966427e-01 1.955804440000000000e+02 2.210533197958549634e-01 3.377394584698070745e-01 -9.149139238200245661e-01 -7.425908200000000079e+02 9.699843254328666120e-01 2.132399375613930337e-02 2.422306663179451258e-01 -2.883613400000000127e+01 0.000000000000000000e+00 0.000000000000000000e+00 0.000000000000000000e+00 1.000000000000000000e+00
1.015335173423320136e-01 -9.418230708732167056e-01 -3.204063795042762508e-01 1.956820219999999892e+02 2.210030396479049641e-01 3.353768892315368011e-01 -9.157947360821443450e-01 -7.423292239999999538e+02 9.699735054744955676e-01 2.217307692498754479e-02 2.421977566725126430e-01 -2.883623700000000056e+01 0.000000000000000000e+00 0.000000000000000000e+00 0.000000000000000000e+00 1.000000000000000000e+00
1.016780092372115418e-01 -9.426959874092766256e-01 -3.177827209903116290e-01 1.957915649999999914e+02 2.209784911107790517e-01 3.328601435605314518e-01 -9.167184034889150901e-01 -7.420457149999999729e+02 9.699639626831300099e-01 2.298695611235096470e-02 2.421600936255351999e-01 -2.883636100000000013e+01 0.000000000000000000e+00 0.000000000000000000e+00 0.000000000000000000e+00 1.000000000000000000e+00
1.017325692206408894e-01 -9.434791058815417131e-01 -3.154324985234300827e-01 1.958921970000000101e+02 2.209853386083993065e-01 3.305880225693790253e-01 -9.175385765480372768e-01 -7.417838130000000092e+02 9.699566817543443520e-01 2.363759925698788456e-02 2.421266185727365128e-01 -2.883648300000000120e+01 0.000000000000000000e+00 0.000000000000000000e+00 0.000000000000000000e+00 1.000000000000000000e+00
1.017182062791135988e-01 -9.442366315784298525e-01 -3.131622424507468083e-01 1.959923550000000034e+02 2.210177549833344801e-01 3.283774399093470908e-01 -9.183242395476176601e-01 -7.415211789999999610e+02 9.699508020995120106e-01 2.419587865740396859e-02 2.420950246545966189e-01 -2.883661700000000039e+01 0.000000000000000000e+00 0.000000000000000000e+00 0.000000000000000000e+00 1.000000000000000000e+00
1.016213555347739717e-01 -9.450268965655939102e-01 -3.108010052539685875e-01 1.961003269999999929e+02 2.210827210270057130e-01 3.260590775380551865e-01 -9.191343255576562843e-01 -7.412366329999999834e+02 9.699461482796712941e-01 2.469094414223316214e-02 2.420636831802633337e-01 -2.883676499999999976e+01 0.000000000000000000e+00 0.000000000000000000e+00 0.000000000000000000e+00 1.000000000000000000e+00
1.014574728679403792e-01 -9.457238311470056447e-01 -3.087277383065557546e-01 1.961995090000000062e+02 2.211665738606817255e-01 3.240049575865697196e-01 -9.198402763882721489e-01 -7.409739379999999755e+02 9.699441879850504433e-01 2.504441374748378468e-02 2.420352237465986656e-01 -2.883690100000000101e+01 0.000000000000000000e+00 0.000000000000000000e+00 0.000000000000000000e+00 1.000000000000000000e+00
1.012286206832691549e-01 -9.463870681236550286e-01 -3.067642150624413366e-01 1.962981719999999939e+02 2.212723641240108563e-01 3.220423592690132009e-01 -9.205038075485725280e-01 -7.407110599999999749e+02 9.699439711805700748e-01 2.530288767632654645e-02 2.420092077705003342e-01 -2.883705300000000094e+01 0.000000000000000000e+00 0.000000000000000000e+00 0.000000000000000000e+00 1.000000000000000000e+00
1.009407533896444775e-01 -9.470150235176816311e-01 -3.049155777210078577e-01 1.963963779999999986e+02 2.214003953358204546e-01 3.201777655991476790e-01 -9.211232617630931152e-01 -7.404481809999999768e+02 9.699447557723447355e-01 2.547044655561209181e-02 2.419884854739669522e-01 -2.883719599999999872e+01 0.000000000000000000e+00 0.000000000000000000e+00 0.000000000000000000e+00 1.000000000000000000e+00
1.006314478219048625e-01 -9.475578835151411417e-01 -3.033271651164364258e-01 1.964859769999999912e+02 2.215322457056582151e-01 3.185611928070526400e-01 -9.216519031336919410e-01 -7.402072749999999814e+02 9.699467902013365617e-01 2.555041732838225776e-02 2.419718999232563783e-01 -2.883732799999999941e+01 0.000000000000000000e+00 0.000000000000000000e+00 0.000000000000000000e+00 1.000000000000000000e+00
1.002468264594768010e-01 -9.481121588505236897e-01 -3.017182593490212450e-01 1.965832819999999970e+02 2.216931785209579342e-01 3.169071956523816791e-01 -9.221832594126928573e-01 -7.399437259999999696e+02 9.699498483849968711e-01 2.555706523728368262e-02 2.419589387362636457e-01 -2.883746700000000018e+01 0.000000000000000000e+00 0.000000000000000000e+00 0.000000000000000000e+00 1.000000000000000000e+00
9.977446949531704190e-02 -9.486671526769283602e-01 -3.001261212703382197e-01 1.966881869999999992e+02 2.218847421926407049e-01 3.152490473498695822e-01 -9.227053697292030288e-01 -7.396580199999999650e+02 9.699547496760009269e-01 2.546903172186543163e-02 2.419485730565840986e-01 -2.883761200000000002e+01 0.000000000000000000e+00 0.000000000000000000e+00 0.000000000000000000e+00 1.000000000000000000e+00
9.877191699678472547e-02 -9.495628577611130439e-01 -2.976146629004161048e-01 1.968803249999999991e+02 2.222905173118717159e-01 3.125737378990249837e-01 -9.235175062168836657e-01 -7.391303100000000086e+02 9.699644500320618867e-01 2.506067709339987459e-02 2.419523261669943026e-01 -2.883786399999999972e+01 0.000000000000000000e+00 0.000000000000000000e+00 0.000000000000000000e+00 1.000000000000000000e+00
9.825209133605822265e-02 -9.499163128395633482e-01 -2.966572519750350079e-01 1.969677890000000104e+02 2.224917020604155748e-01 3.115216642269417191e-01 -9.238244937386839162e-01 -7.388883670000000166e+02 9.699711176433811755e-01 2.476391161680974173e-02 2.419561522654150032e-01 -2.883797500000000014e+01 0.000000000000000000e+00 0.000000000000000000e+00 0.000000000000000000e+00 1.000000000000000000e+00
9.755205321625931569e-02 -9.503126539629178637e-01 -2.956170777056821852e-01 1.970785679999999900e+02 2.227613050063548261e-01 3.103470859168450113e-01 -9.241547961541876077e-01 -7.385804440000000568e+02 9.699798956190575083e-01 2.430115184261188999e-02 2.419678824017032770e-01 -2.883811400000000091e+01 0.000000000000000000e+00 0.000000000000000000e+00 0.000000000000000000e+00 1.000000000000000000e+00
9.692473016347552539e-02 -9.506050471078735242e-01 -2.948824191025554153e-01 1.971730650000000082e+02 2.230005957653153903e-01 3.094864256844487294e-01 -9.243856806579051621e-01 -7.383162230000000363e+02 9.699877993928851527e-01 2.383687752416080441e-02 2.419823801412951669e-01 -2.883820700000000059e+01 0.000000000000000000e+00 0.000000000000000000e+00 0.000000000000000000e+00 1.000000000000000000e+00
9.621617349524630436e-02 -9.508731351646637631e-01 -2.942494329307291379e-01 1.972749330000000043e+02 2.232702694419373413e-01 3.087055784139398629e-01 -9.245816635859913646e-01 -7.380293580000000020e+02 9.699963065606266310e-01 2.326255958053202733e-02 2.420041705849401703e-01 -2.883830299999999980e+01 0.000000000000000000e+00 0.000000000000000000e+00 0.000000000000000000e+00 1.000000000000000000e+00
9.553415417861477188e-02 -9.510747320930621473e-01 -2.938198076363925382e-01 1.973685759999999902e+02 2.235256091325071304e-01 3.081284388721488576e-01 -9.247124781358548873e-01 -7.377645870000000059e+02 9.700049110428865529e-01 2.266537297999898781e-02 2.420263486076654480e-01 -2.883839000000000041e+01 0.000000000000000000e+00 0.000000000000000000e+00 0.000000000000000000e+00 1.000000000000000000e+00
9.470908927227383867e-02 -9.512564717046438911e-01 -2.934984045088630533e-01 1.974772800000000075e+02 2.238342598407243034e-01 3.076228882306875079e-01 -9.248061325262526555e-01 -7.374555050000000165e+02 9.700146455238556342e-01 2.189254842730031791e-02 2.420584718463427987e-01 -2.883846099999999879e+01 0.000000000000000000e+00 0.000000000000000000e+00 0.000000000000000000e+00 1.000000000000000000e+00
9.398363270075427156e-02 -9.513668689445321514e-01 -2.933737504601365287e-01 1.975700989999999990e+02 2.241053927736315066e-01 3.073317227839709176e-01 -9.248372749302506968e-01 -7.371906129999999848e+02 9.700226026820948366e-01 2.117292717866886553e-02 2.420905975880532079e-01 -2.883852200000000110e+01 0.000000000000000000e+00 0.000000000000000000e+00 0.000000000000000000e+00 1.000000000000000000e+00
9.318178758965972586e-02 -9.514397601210204947e-01 -2.933931446411977007e-01 1.976701970000000017e+02 2.244032270379589522e-01 3.071624051920519016e-01 -9.248213062703434240e-01 -7.369036250000000337e+02 9.700311057675141679e-01 2.033813407097534443e-02 2.421280944995133355e-01 -2.883857000000000070e+01 0.000000000000000000e+00 0.000000000000000000e+00 0.000000000000000000e+00 1.000000000000000000e+00
9.236975536398300823e-02 -9.514660950309499210e-01 -2.935644704329071208e-01 1.977699430000000120e+02 2.247011835222705312e-01 3.071380167544817685e-01 -9.247570582524983207e-01 -7.366165160000000469e+02 9.700397963061561102e-01 1.945529929553702075e-02 2.421658211053579479e-01 -2.883860999999999919e+01 0.000000000000000000e+00 0.000000000000000000e+00 0.000000000000000000e+00 1.000000000000000000e+00
9.155275210078339665e-02 -9.514458561093301903e-01 -2.938858221744565791e-01 1.978692929999999990e+02 2.250014725265738202e-01 3.072579696019945850e-01 -9.246441896626687029e-01 -7.363294069999999465e+02 9.700476436462520669e-01 1.852897753368049072e-02 2.422070313758673821e-01 -2.883863600000000105e+01 0.000000000000000000e+00 0.000000000000000000e+00 0.000000000000000000e+00 1.000000000000000000e+00
9.073159025235832953e-02 -9.513833330622600837e-01 -2.943425421199304393e-01 1.979682919999999910e+02 2.253015680349588212e-01 3.075081211017428595e-01 -9.244879441601523418e-01 -7.360414429999999584e+02 9.700551437785727149e-01 1.756442506376781898e-02 2.422488575843285696e-01 -2.883865199999999973e+01 0.000000000000000000e+00 0.000000000000000000e+00 0.000000000000000000e+00 1.000000000000000000e+00
8.990233091565869028e-02 -9.512790364542140775e-01 -2.949334936874296598e-01 1.980669860000000142e+02 2.256026067806272128e-01 3.078863906964582897e-01 -9.242886098171355647e-01 -7.357536010000000033e+02 9.700623870193691989e-01 1.655793545855244187e-02 2.422907345806548929e-01 -2.883865899999999982e+01 0.000000000000000000e+00 0.000000000000000000e+00 0.000000000000000000e+00 1.000000000000000000e+00
8.906893405715599066e-02 -9.511352887988689941e-01 -2.956490950221460356e-01 1.981653290000000140e+02 2.259051621116282549e-01 3.083843958859334711e-01 -9.240486578667741480e-01 -7.354656370000000152e+02 9.700688546269491397e-01 1.551537223400512033e-02 2.423338410276189570e-01 -2.883865000000000123e+01 0.000000000000000000e+00 0.000000000000000000e+00 0.000000000000000000e+00 1.000000000000000000e+00
8.823328103570832193e-02 -9.509536869029593387e-01 -2.964826697858449212e-01 1.982633969999999977e+02 2.262065834536884368e-01 3.089960252190149248e-01 -9.237705548463100991e-01 -7.351777339999999867e+02 9.700749814936386883e-01 1.444097519278264574e-02 2.423757176690731208e-01 -2.883864000000000161e+01 0.000000000000000000e+00 0.000000000000000000e+00 0.000000000000000000e+00 1.000000000000000000e+00
8.657816545978469502e-02 -9.504879349278534395e-01 -2.984575460969332572e-01 1.984587860000000035e+02 2.268020728711675482e-01 3.105206867099525869e-01 -9.231130607171156299e-01 -7.346018070000000080e+02 9.700850689537283689e-01 1.223064519002819983e-02 2.424569452733327801e-01 -2.883858100000000135e+01 0.000000000000000000e+00 0.000000000000000000e+00 0.000000000000000000e+00 1.000000000000000000e+00
8.576324323399792116e-02 -9.502085450133207489e-01 -2.995803516481923001e-01 1.985561680000000138e+02 2.270936456649202961e-01 3.114167863005627979e-01 -9.227394330518479126e-01 -7.343137209999999868e+02 9.700892444556852290e-01 1.110433221306011964e-02 2.424944362196796710e-01 -2.883855399999999847e+01 0.000000000000000000e+00 0.000000000000000000e+00 0.000000000000000000e+00 1.000000000000000000e+00
8.496539658023377628e-02 -9.499010272899077734e-01 -3.007805175498263761e-01 1.986533809999999960e+02 2.273774181667677641e-01 3.123916006163102166e-01 -9.223399577011692774e-01 -7.340257569999999987e+02 9.700929806424631874e-01 9.976282772532207854e-03 2.425285193338384826e-01 -2.883850500000000139e+01 0.000000000000000000e+00 0.000000000000000000e+00 0.000000000000000000e+00 1.000000000000000000e+00
8.424200749818971934e-02 -9.495952738881391353e-01 -3.019471807816476727e-01 1.987429500000000075e+02 2.276357417723505749e-01 3.133512682361415669e-01 -9.219506232779244304e-01 -7.337600099999999657e+02 9.700954866611981586e-01 8.933000845839200732e-03 2.425591644433612026e-01 -2.883845900000000029e+01 0.000000000000000000e+00 0.000000000000000000e+00 0.000000000000000000e+00 1.000000000000000000e+00
8.353066262165242950e-02 -9.492427266948162412e-01 -3.032505139632540314e-01 1.988400120000000015e+02 2.279330245343051953e-01 3.144464587973814229e-01 -9.215041838626834014e-01 -7.334718629999999848e+02 9.700871943947262377e-01 7.853048247447924624e-03 2.426296867751178421e-01 -2.883841500000000124e+01 0.000000000000000000e+00 0.000000000000000000e+00 0.000000000000000000e+00 1.000000000000000000e+00
8.312478205192069813e-02 -9.489036172795730639e-01 -3.044210829140479579e-01 1.989299929999999961e+02 2.283121565413518961e-01 3.154870673175734774e-01 -9.210545421042086733e-01 -7.332057499999999663e+02 9.700329013926576316e-01 7.059424133584013550e-03 2.428710249219618589e-01 -2.883836900000000014e+01 0.000000000000000000e+00 0.000000000000000000e+00 0.000000000000000000e+00 1.000000000000000000e+00
8.296724671974076148e-02 -9.485302208519736933e-01 -3.056253525188177833e-01 1.990279390000000035e+02 2.288940289906888914e-01 3.166216023578493077e-01 -9.205206594165921130e-01 -7.329171750000000429e+02 9.699092532109152565e-01 6.417246360703177110e-03 2.433821264698594611e-01 -2.883829300000000018e+01 0.000000000000000000e+00 0.000000000000000000e+00 0.000000000000000000e+00 1.000000000000000000e+00
8.808727030589458273e-02 -9.481589042061197015e-01 -3.053446007132051832e-01 1.991367799999999875e+02 2.444326512130258200e-01 3.177387757870672180e-01 -9.161303124459463376e-01 -7.325976560000000291e+02 9.656569327825630378e-01 6.063228181938218331e-03 2.597497361557586371e-01 -2.883778200000000069e+01 0.000000000000000000e+00 0.000000000000000000e+00 0.000000000000000000e+00 1.000000000000000000e+00
1.429439172239704292e-01 -9.474923182178948133e-01 -2.860512951320899333e-01 1.994416050000000098e+02 4.073479574367301348e-01 3.197265944601774823e-01 -8.554779636945775145e-01 -7.317008670000000166e+02 9.020170054388056968e-01 5.762960435100383805e-03 4.316620323658694192e-01 -2.888026800000000094e+01 0.000000000000000000e+00 0.000000000000000000e+00 0.000000000000000000e+00 1.000000000000000000e+00
1.821031199026518776e-01 -9.470379383792966177e-01 -2.644949848144795834e-01 1.996901860000000113e+02 5.249004934888095164e-01 3.210870877738812301e-01 -7.882782211884913348e-01 -7.309661250000000337e+02 8.314553058685263398e-01 4.714375375301449456e-03 5.555716416519980161e-01 -2.898642500000000055e+01 0.000000000000000000e+00 0.000000000000000000e+00 0.000000000000000000e+00 1.000000000000000000e+00
1.990864171477606526e-01 -9.468051457324092590e-01 -2.528331752794695242e-01 1.998353119999999876e+02 5.761784830437285398e-01 3.217837939163334937e-01 -7.513145450809789461e-01 -7.305369259999999940e+02 7.927060957156162324e-01 3.899485535517888124e-03 6.095915352331120474e-01 -2.906889500000000126e+01 0.000000000000000000e+00 0.000000000000000000e+00 0.000000000000000000e+00 1.000000000000000000e+00
2.088204603222737488e-01 -9.466618678070309878e-01 -2.454084827199272123e-01 1.999400180000000091e+02 6.056939136999398565e-01 3.222119353326445834e-01 -7.275399313000223689e-01 -7.302272339999999531e+02 7.678078524329139398e-01 3.282799003109293512e-03 6.406717763200293625e-01 -2.913622499999999960e+01 0.000000000000000000e+00 0.000000000000000000e+00 0.000000000000000000e+00 1.000000000000000000e+00
2.176530520964701787e-01 -9.465359703326787777e-01 -2.381109106686735144e-01 2.000593570000000057e+02 6.325670313596549743e-01 3.225875327721282604e-01 -7.041279958479309542e-01 -7.298743289999999888e+02 7.432940869870579004e-01 2.634495466846020761e-03 6.689596099045971300e-01 -2.922126599999999996e+01 0.000000000000000000e+00 0.000000000000000000e+00 0.000000000000000000e+00 1.000000000000000000e+00
2.238748183899985089e-01 -9.464784985982628296e-01 -2.325048760392431635e-01 2.001679080000000113e+02 6.515748902600047021e-01 3.227594066560665054e-01 -6.864958323236109994e-01 -7.295538940000000139e+02 7.247966805066843321e-01 2.194790696753379233e-03 6.889593274064075290e-01 -2.930763599999999869e+01 0.000000000000000000e+00 0.000000000000000000e+00 0.000000000000000000e+00 1.000000000000000000e+00
2.277579478182102379e-01 -9.465060297185809990e-01 -2.285883919012642873e-01 2.002544249999999977e+02 6.635788728674594239e-01 3.226797025305832012e-01 -6.749376927233552426e-01 -7.292983400000000529e+02 7.125934301476468669e-01 2.035996351403113191e-03 7.015742712138661741e-01 -2.938414600000000121e+01 0.000000000000000000e+00 0.000000000000000000e+00 0.000000000000000000e+00 1.000000000000000000e+00
2.310470686828226539e-01 -9.467418357214756330e-01 -2.242702578314961503e-01 2.003525390000000073e+02 6.743941651056544195e-01 3.219855780609970353e-01 -6.644680561111822037e-01 -7.290087889999999788e+02 7.012914958307441271e-01 2.276843309560294681e-03 7.128709938411166291e-01 -2.948076100000000110e+01 0.000000000000000000e+00 0.000000000000000000e+00 0.000000000000000000e+00 1.000000000000000000e+00
2.324007674564487758e-01 -9.475722958965802079e-01 -2.193094328453233099e-01 2.004267879999999877e+02 6.811817168696621128e-01 3.195200943152253226e-01 -6.587096309689793872e-01 -7.287896729999999934e+02 6.942487680134211692e-01 3.695047776855808763e-03 7.197256385135751833e-01 -2.955871799999999894e+01 0.000000000000000000e+00 0.000000000000000000e+00 0.000000000000000000e+00 1.000000000000000000e+00
2.320985498920774548e-01 -9.497027274849717537e-01 -2.102260510631364931e-01 2.005071259999999995e+02 6.875007993564469233e-01 3.130618852140131247e-01 -6.552365274543955342e-01 -7.285513919999999644e+02 6.880936811381438423e-01 7.548869707030059217e-03 7.255825938815683163e-01 -2.964461500000000171e+01 0.000000000000000000e+00 0.000000000000000000e+00 0.000000000000000000e+00 1.000000000000000000e+00
2.294793058465761648e-01 -9.519478336632463122e-01 -2.028165924475265058e-01 2.005679020000000037e+02 6.920422200633180587e-01 3.061077686559089406e-01 -6.537397032598942781e-01 -7.283592529999999670e+02 6.844098288584170575e-01 9.662088405363755683e-03 7.290334904581814435e-01 -2.972062700000000035e+01 0.000000000000000000e+00 0.000000000000000000e+00 0.000000000000000000e+00 1.000000000000000000e+00
2.245323056550214136e-01 -9.545173073285144749e-01 -1.961681771530801033e-01 2.006239930000000129e+02 6.964346224129349672e-01 2.979890362791189351e-01 -6.528256665925404878e-01 -7.281671750000000429e+02 6.815893634893320785e-01 9.962141725760320643e-03 7.316670658916137882e-01 -2.980668400000000062e+01 0.000000000000000000e+00 0.000000000000000000e+00 0.000000000000000000e+00 1.000000000000000000e+00
2.169714779695575135e-01 -9.572911102160145402e-01 -1.910945003109613405e-01 2.006737060000000099e+02 6.979784870719126788e-01 2.889923513614237605e-01 -6.552171032866886957e-01 -7.279841310000000476e+02 6.824583572149363064e-01 8.783573076237172206e-03 7.308716983927512345e-01 -2.989897300000000158e+01 0.000000000000000000e+00 0.000000000000000000e+00 0.000000000000000000e+00 1.000000000000000000e+00
2.069257056879542089e-01 -9.601390764321193760e-01 -1.879220748970682475e-01 2.007177430000000129e+02 6.950875111372503135e-01 2.794484493753393028e-01 -6.623910597243455323e-01 -7.278126220000000330e+02 6.885020727540079877e-01 6.443450146900953079e-03 7.252057485732164022e-01 -2.998909799999999848e+01 0.000000000000000000e+00 0.000000000000000000e+00 0.000000000000000000e+00 1.000000000000000000e+00
1.979327261485120948e-01 -9.623083763825261983e-01 -1.865079747985173286e-01 2.007493130000000008e+02 6.900978165443703016e-01 2.719306022317087290e-01 -6.706852847428461661e-01 -7.276862180000000535e+02 6.961232933325177674e-01 4.041820620273250952e-03 7.179108748068683266e-01 -3.005282599999999960e+01 0.000000000000000000e+00 0.000000000000000000e+00 0.000000000000000000e+00 1.000000000000000000e+00
1.878582787660929010e-01 -9.644688434315472625e-01 -1.857662971285543030e-01 2.007806549999999959e+02 6.826722389579454875e-01 2.641940260692342002e-01 -6.812929845121513672e-01 -7.275599979999999505e+02 7.061642027568280078e-01 1.169033422189935667e-03 7.080471397482452911e-01 -3.011082299999999989e+01 0.000000000000000000e+00 0.000000000000000000e+00 0.000000000000000000e+00 1.000000000000000000e+00
1.769669744539679179e-01 -9.665687462738701274e-01 -1.855466213089519978e-01 2.008123779999999954e+02 6.728975533920504848e-01 2.563993260665933249e-01 -6.938791452634884838e-01 -7.274338380000000370e+02 7.182559241604633549e-01 -2.060174544970261312e-03 6.957759575389501627e-01 -3.016070200000000057e+01 0.000000000000000000e+00 0.000000000000000000e+00 0.000000000000000000e+00 1.000000000000000000e+00
1.669523220805709807e-01 -9.683275549254071191e-01 -1.856573955545209320e-01 2.008409729999999911e+02 6.625110069837971682e-01 2.496313430436019054e-01 -7.062318020278912645e-01 -7.273231200000000172e+02 7.302096190664846276e-01 -5.093028807112209844e-03 6.832041958890106015e-01 -3.019648899999999969e+01 0.000000000000000000e+00 0.000000000000000000e+00 0.000000000000000000e+00 1.000000000000000000e+00
1.572450966604530542e-01 -9.699012222572265252e-01 -1.859182579527437484e-01 2.008690640000000087e+02 6.512485091000335125e-01 2.433654727433499643e-01 -7.187827391301138125e-01 -7.272182010000000218e+02 7.423943419579841496e-01 -8.053927013819850433e-03 6.699147522546639033e-01 -3.022255099999999928e+01 0.000000000000000000e+00 0.000000000000000000e+00 0.000000000000000000e+00 1.000000000000000000e+00
1.479467031833189838e-01 -9.713023648640157770e-01 -1.862350370546769218e-01 2.008969270000000051e+02 6.393899731585621637e-01 2.375986289434422472e-01 -7.312505410244080073e-01 -7.271184690000000046e+02 7.545145692705210738e-01 -1.089070859799412538e-02 6.561929268323101194e-01 -3.023958999999999975e+01 0.000000000000000000e+00 0.000000000000000000e+00 0.000000000000000000e+00 1.000000000000000000e+00
1.308125758417366669e-01 -9.736504146903024459e-01 -1.867965202434245797e-01 2.009527129999999886e+02 6.147414638295625178e-01 2.274809398975178309e-01 -7.552121255859366444e-01 -7.269332889999999452e+02 7.778052472504519699e-01 -1.604032283790191027e-02 6.283006488878706275e-01 -3.025032799999999966e+01 0.000000000000000000e+00 0.000000000000000000e+00 0.000000000000000000e+00 1.000000000000000000e+00
1.235646604808457449e-01 -9.745627849386000463e-01 -1.869736689830238663e-01 2.009787599999999941e+02 6.031630994649768152e-01 2.233775168902984443e-01 -7.657001765650358616e-01 -7.268532099999999900e+02 7.879886104024955706e-01 -1.816213535475696972e-02 6.154218770203896405e-01 -3.024637200000000092e+01 0.000000000000000000e+00 0.000000000000000000e+00 0.000000000000000000e+00 1.000000000000000000e+00
1.157593918293055579e-01 -9.754971681767341529e-01 -1.870963336959908241e-01 2.010090030000000070e+02 5.898636749911057020e-01 2.190650377776645619e-01 -7.772202738924514076e-01 -7.267655029999999670e+02 7.991624416408069642e-01 -2.039078474808292407e-02 6.007691801083514527e-01 -3.023598099999999889e+01 0.000000000000000000e+00 0.000000000000000000e+00 0.000000000000000000e+00 1.000000000000000000e+00
1.094690220455071805e-01 -9.762170195496024938e-01 -1.871279347240566437e-01 2.010353849999999909e+02 5.784643662764601402e-01 2.156631954637023285e-01 -7.866818690364981714e-01 -7.266934199999999464e+02 8.083288378876343216e-01 -2.212954730841698581e-02 5.883151986606761641e-01 -3.022262600000000177e+01 0.000000000000000000e+00 0.000000000000000000e+00 0.000000000000000000e+00 1.000000000000000000e+00
1.031674752335087764e-01 -9.769098896144079447e-01 -1.870923291519667186e-01 2.010639649999999961e+02 5.663785099260436606e-01 2.123208553853844771e-01 -7.963260876439829383e-01 -7.266197509999999511e+02 8.176624337389465369e-01 -2.381012267887627765e-02 5.752053742013534254e-01 -3.020442399999999950e+01 0.000000000000000000e+00 0.000000000000000000e+00 0.000000000000000000e+00 1.000000000000000000e+00
9.733682056615000633e-02 -9.775278006941763298e-01 -1.869891500383907279e-01 2.010926969999999869e+02 5.545320159984297170e-01 2.092834662971695403e-01 -8.054158391584802512e-01 -7.265502930000000106e+02 8.264501113768396579e-01 -2.529485332331754543e-02 5.624414492198822613e-01 -3.018289800000000156e+01 0.000000000000000000e+00 0.000000000000000000e+00 0.000000000000000000e+00 1.000000000000000000e+00
9.232060866476937688e-02 -9.780431146998065373e-01 -1.868383552808891013e-01 2.011195529999999962e+02 5.437790672158031580e-01 2.067099583424046316e-01 -8.133728045490533631e-01 -7.264894410000000562e+02 8.341350198101490365e-01 -2.650771416743757936e-02 5.509229617795394773e-01 -3.016046300000000002e+01 0.000000000000000000e+00 0.000000000000000000e+00 0.000000000000000000e+00 1.000000000000000000e+00
8.698275172128860921e-02 -9.785764888502395120e-01 -1.866066889812094121e-01 2.011507420000000081e+02 5.316878825415276566e-01 2.040094422489224235e-01 -8.220025200884667482e-01 -7.264235230000000456e+02 8.424618664731948758e-01 -2.771647421337597450e-02 5.380425639256433135e-01 -3.013223100000000088e+01 0.000000000000000000e+00 0.000000000000000000e+00 0.000000000000000000e+00 1.000000000000000000e+00
8.303984514077450418e-02 -9.789609538698124114e-01 -1.863862519535805506e-01 2.011758580000000052e+02 5.222663363654437285e-01 2.020412385024424329e-01 -8.285029944688291348e-01 -7.263739620000000059e+02 8.487297909337303548e-01 -2.854450459732349454e-02 5.280558239796999676e-01 -3.010820599999999914e+01 0.000000000000000000e+00 0.000000000000000000e+00 0.000000000000000000e+00 1.000000000000000000e+00
7.907510678479290345e-02 -9.793409079119578253e-01 -1.861142487214658137e-01 2.012032010000000071e+02 5.123257807967048771e-01 2.000806319080542517e-01 -8.351586885534511007e-01 -7.263236689999999953e+02 8.551429247897806007e-01 -2.931086531400539652e-02 5.175629926458458208e-01 -3.008109500000000125e+01 0.000000000000000000e+00 0.000000000000000000e+00 0.000000000000000000e+00 1.000000000000000000e+00
7.568444112417355152e-02 -9.796610876236102605e-01 -1.858386901800764268e-01 2.012285459999999944e+02 5.033967556347456185e-01 1.984187116952646490e-01 -8.409647562565292223e-01 -7.262800899999999729e+02 8.607343212560620849e-01 -2.990264612565890490e-02 5.081754224345662596e-01 -3.005533399999999844e+01 0.000000000000000000e+00 0.000000000000000000e+00 0.000000000000000000e+00 1.000000000000000000e+00
7.228371124316762542e-02 -9.799786400467710434e-01 -1.855180048970859752e-01 2.012561800000000005e+02 4.939924826841636252e-01 1.967640153798331792e-01 -8.469092922522108990e-01 -7.262358400000000529e+02 8.664562840331013760e-01 -3.042675309141007478e-02 4.983249146449169609e-01 -3.002688399999999902e+01 0.000000000000000000e+00 0.000000000000000000e+00 0.000000000000000000e+00 1.000000000000000000e+00
6.915233544896143281e-02 -9.802686935804301172e-01 -1.851789482853552493e-01 2.012839969999999994e+02 4.848706862591705136e-01 1.952498805456964193e-01 -8.525126988810498574e-01 -7.261948849999999993e+02 8.718476771251471025e-01 -3.083459960834977753e-02 4.888055394105895179e-01 -2.999811700000000059e+01 0.000000000000000000e+00 0.000000000000000000e+00 0.000000000000000000e+00 1.000000000000000000e+00
6.648519880838194007e-02 -9.805144670684364794e-01 -1.848542620793744984e-01 2.013098599999999863e+02 4.766992825076710183e-01 1.939670231505218612e-01 -8.573998996890521695e-01 -7.261597289999999703e+02 8.765486366403645313e-01 -3.111549131260943346e-02 4.803064790363474890e-01 -2.997146199999999894e+01 0.000000000000000000e+00 0.000000000000000000e+00 0.000000000000000000e+00 1.000000000000000000e+00
6.401764649861813039e-02 -9.807417316396933593e-01 -1.845193668890981464e-01 2.013358310000000131e+02 4.687644175153609094e-01 1.927829757579413161e-01 -8.620293760246209303e-01 -7.261270140000000310e+02 8.810003756005229114e-01 -3.131102167430271921e-02 4.720783389581108547e-01 -2.994486799999999960e+01 0.000000000000000000e+00 0.000000000000000000e+00 0.000000000000000000e+00 1.000000000000000000e+00
6.156288281607341650e-02 -9.809688743485134310e-01 -1.841468952189665442e-01 2.013641819999999996e+02 4.604342834459316802e-01 1.916048688674682476e-01 -8.667686224442551213e-01 -7.260946040000000039e+02 8.855564815905340170e-01 -3.142676861675286482e-02 4.634674488324970754e-01 -2.991627099999999828e+01 0.000000000000000000e+00 0.000000000000000000e+00 0.000000000000000000e+00 1.000000000000000000e+00
5.948373844842302915e-02 -9.811628308139750398e-01 -1.837965839979259774e-01 2.013905029999999954e+02 4.529898715933426967e-01 1.906047668028471309e-01 -8.709018309234854982e-01 -7.260670169999999644e+02 8.895290108220453851e-01 -3.145349425961019296e-02 4.557947088381062994e-01 -2.989019800000000160e+01 0.000000000000000000e+00 0.000000000000000000e+00 0.000000000000000000e+00 1.000000000000000000e+00
5.757622375605153664e-02 -9.813431624157786803e-01 -1.834409333758187377e-01 2.014170530000000099e+02 4.457740625505757226e-01 1.896822462830497491e-01 -8.748177699396439966e-01 -7.260415649999999914e+02 8.932919251930739879e-01 -3.140450644119324730e-02 4.483785157208545202e-01 -2.986453099999999949e+01 0.000000000000000000e+00 0.000000000000000000e+00 0.000000000000000000e+00 1.000000000000000000e+00
5.582712485940466429e-02 -9.815109109566756418e-01 -1.830837617128550088e-01 2.014437100000000100e+02 4.387843945470263352e-01 1.888315486723308734e-01 -8.785276895624911653e-01 -7.260184940000000324e+02 8.968565031441385615e-01 -3.128862251691760799e-02 4.412135932505501512e-01 -2.983934599999999904e+01 0.000000000000000000e+00 0.000000000000000000e+00 0.000000000000000000e+00 1.000000000000000000e+00
5.422998870370204783e-02 -9.816670818901140905e-01 -1.827261575652055492e-01 2.014705810000000099e+02 4.320188023023441293e-01 1.880479499153486223e-01 -8.820417920880407880e-01 -7.259973750000000337e+02 9.002326714702397759e-01 -3.110801931950191168e-02 4.342964751774679444e-01 -2.981472399999999823e+01 0.000000000000000000e+00 0.000000000000000000e+00 0.000000000000000000e+00 1.000000000000000000e+00
5.277588883226663752e-02 -9.818131304107926560e-01 -1.823668898427663332e-01 2.014976350000000025e+02 4.254757133420244419e-01 1.873238820190974985e-01 -8.853700811419992212e-01 -7.259783939999999802e+02 9.034296446951799453e-01 -3.086648956805237987e-02 4.276238264031667069e-01 -2.979070700000000116e+01 0.000000000000000000e+00 0.000000000000000000e+00 0.000000000000000000e+00 1.000000000000000000e+00
5.145541871975528592e-02 -9.819497803729815288e-01 -1.820081556134993672e-01 2.015249330000000043e+02 4.191497833994563549e-01 1.866551463066645211e-01 -8.885231091161480688e-01 -7.259613650000000007e+02 9.064578307679642677e-01 -3.056935038058256060e-02 4.211884564618856297e-01 -2.976735499999999845e+01 0.000000000000000000e+00 0.000000000000000000e+00 0.000000000000000000e+00 1.000000000000000000e+00
5.017229521196114872e-02 -9.820878471363476692e-01 -1.816210376037352137e-01 2.015546260000000132e+02 4.125385936391021136e-01 1.859902050934797157e-01 -8.917508353612890737e-01 -7.259450070000000323e+02 9.095573921152173558e-01 -3.018450126105987064e-02 4.144806947641657136e-01 -2.974284400000000161e+01 0.000000000000000000e+00 0.000000000000000000e+00 0.000000000000000000e+00 1.000000000000000000e+00
4.911269489322850346e-02 -9.822069717506374253e-01 -1.812661243717847981e-01 2.015822450000000003e+02 4.066523320116930407e-01 1.854258749750674340e-01 -8.945675635518999247e-01 -7.259318849999999657e+02 9.122619273376351146e-01 -2.977766838040457609e-02 4.085235200035000624e-01 -2.972097399999999823e+01 0.000000000000000000e+00 0.000000000000000000e+00 0.000000000000000000e+00 1.000000000000000000e+00
4.739143008681506730e-02 -9.824155358391445381e-01 -1.805928218291436571e-01 2.016357570000000123e+02 3.959419391080595263e-01 1.844615615839935718e-01 -8.995576208077746827e-01 -7.259113160000000562e+02 9.170518159895197918e-01 -2.887294996845407580e-02 3.977214094695468716e-01 -2.968114299999999872e+01 0.000000000000000000e+00 0.000000000000000000e+00 0.000000000000000000e+00 1.000000000000000000e+00
4.664342843872332223e-02 -9.825148066856822515e-01 -1.802471781384609173e-01 2.016639560000000131e+02 3.906416505407811490e-01 1.840147272171732407e-01 -9.019632370723118520e-01 -7.259029540000000225e+02 9.193603708265087882e-01 -2.834139747058500580e-02 3.923942835250769368e-01 -2.966146699999999825e+01 0.000000000000000000e+00 0.000000000000000000e+00 0.000000000000000000e+00 1.000000000000000000e+00
4.599042336531294906e-02 -9.826083518622210633e-01 -1.799047186965603840e-01 2.016923830000000066e+02 3.855347979537737113e-01 1.836014268264627991e-01 -9.042419121197765586e-01 -7.258960570000000416e+02 9.215464179982590931e-01 -2.777306101056031817e-02 3.872736197531166380e-01 -2.964256500000000116e+01 0.000000000000000000e+00 0.000000000000000000e+00 0.000000000000000000e+00 1.000000000000000000e+00
4.542933264578702390e-02 -9.826965855845803954e-01 -1.795650200227367210e-01 2.017209320000000048e+02 3.806176546201541222e-01 1.832192535276663814e-01 -9.063999702825555893e-01 -7.258906859999999597e+02 9.236159248988786707e-01 -2.716847101277741761e-02 3.823551980240577630e-01 -2.962443000000000026e+01 0.000000000000000000e+00 0.000000000000000000e+00 0.000000000000000000e+00 1.000000000000000000e+00
4.495151747690173671e-02 -9.827795547945648025e-01 -1.792308783505830450e-01 2.017496800000000121e+02 3.758853504027644399e-01 1.828668245278577409e-01 -9.084436844624377283e-01 -7.258867189999999709e+02 9.255752613532383100e-01 -2.653433935290988588e-02 3.776325785813371971e-01 -2.960705199999999948e+01 0.000000000000000000e+00 0.000000000000000000e+00 0.000000000000000000e+00 1.000000000000000000e+00
4.455350065349483746e-02 -9.828577437265104688e-01 -1.789012050723864933e-01 2.017785489999999982e+02 3.713309567108224463e-01 1.825413661645163277e-01 -9.103801240289779440e-01 -7.258840330000000449e+02 9.274310250189737870e-01 -2.587093418539448964e-02 3.730983631653060906e-01 -2.959042699999999826e+01 0.000000000000000000e+00 0.000000000000000000e+00 0.000000000000000000e+00 1.000000000000000000e+00
4.425315876783714186e-02 -9.829252357378658322e-01 -1.786047000745780711e-01 2.018052669999999864e+02 3.673105892787503768e-01 1.822658496840115494e-01 -9.120647405983102196e-01 -7.258826289999999517e+02 9.290449875774402511e-01 -2.524165186010451922e-02 3.691046871398513396e-01 -2.957583400000000040e+01 0.000000000000000000e+00 0.000000000000000000e+00 0.000000000000000000e+00 1.000000000000000000e+00
4.399480397869914849e-02 -9.829947161501568775e-01 -1.782858526180591263e-01 2.018345789999999909e+02 3.630877032616263711e-01 1.819880241323419412e-01 -9.138094324379690825e-01 -7.258823849999999993e+02 9.307157337034079880e-01 -2.453053389713705235e-02 3.649198212534480179e-01 -2.956061700000000059e+01 0.000000000000000000e+00 0.000000000000000000e+00 0.000000000000000000e+00 1.000000000000000000e+00
4.380143147101489554e-02 -9.830606007958024861e-01 -1.779699125248010438e-01 2.018640440000000069e+02 3.590320401226280711e-01 1.817291756413329795e-01 -9.154619057536499405e-01 -7.258833620000000337e+02 9.322968565679459196e-01 -2.379835884503184174e-02 3.609102511010314207e-01 -2.954610999999999876e+01 0.000000000000000000e+00 0.000000000000000000e+00 0.000000000000000000e+00 1.000000000000000000e+00
4.357100536757091414e-02 -9.832319389766610573e-01 -1.770777277566383812e-01 2.019507600000000025e+02 3.481116893129496126e-01 1.810796752231761675e-01 -9.197980229293565291e-01 -7.258921510000000126e+02 9.364399709831607854e-01 -2.156630235492584813e-02 3.501643547647195209e-01 -2.950768499999999861e+01 0.000000000000000000e+00 0.000000000000000000e+00 0.000000000000000000e+00 1.000000000000000000e+00
4.359229586783880395e-02 -9.832795034921296695e-01 -1.768081721902072800e-01 2.019782710000000066e+02 3.449458247630502461e-01 1.809063994816603738e-01 -9.210240239022655651e-01 -7.258967900000000100e+02 9.376097747568068463e-01 -2.083968902966337744e-02 3.470642845952850997e-01 -2.949674999999999869e+01 0.000000000000000000e+00 0.000000000000000000e+00 0.000000000000000000e+00 1.000000000000000000e+00
4.366518902339994179e-02 -9.833329222900055733e-01 -1.764928191404637747e-01 2.020109099999999955e+02 3.413609685385585180e-01 1.807139100828900058e-01 -9.223964287989032673e-01 -7.259031979999999749e+02 9.389174832891162836e-01 -1.997114526387616662e-02 3.435623857916945689e-01 -2.948448199999999986e+01 0.000000000000000000e+00 0.000000000000000000e+00 0.000000000000000000e+00 1.000000000000000000e+00
4.376653898152454980e-02 -9.833752007553189234e-01 -1.762319624954984953e-01 2.020386049999999898e+02 3.384544998245455627e-01 1.805643599529739574e-01 -9.234961090677585860e-01 -7.259096680000000106e+02 9.399643831625192902e-01 -1.922827226271173195e-02 3.407304388100593773e-01 -2.947464899999999943e+01 0.000000000000000000e+00 0.000000000000000000e+00 0.000000000000000000e+00 1.000000000000000000e+00
4.392943369849439117e-02 -9.834224070517405547e-01 -1.759277526812920156e-01 2.020715179999999975e+02 3.351622611165263610e-01 1.803994363561872427e-01 -9.247282314743218157e-01 -7.259180300000000443e+02 9.411357306882927043e-01 -1.834155584813368378e-02 3.375309226587733247e-01 -2.946365000000000123e+01 0.000000000000000000e+00 0.000000000000000000e+00 0.000000000000000000e+00 1.000000000000000000e+00
4.410129730492823308e-02 -9.834595782641106787e-01 -1.756767870169514412e-01 2.020994870000000105e+02 3.324956381558691887e-01 1.802719393808341064e-01 -9.257152253685760890e-01 -7.259260249999999814e+02 9.420731002333858628e-01 -1.758652303469576683e-02 3.349462464697975927e-01 -2.945484499999999883e+01 0.000000000000000000e+00 0.000000000000000000e+00 0.000000000000000000e+00 1.000000000000000000e+00
4.432115087809540555e-02 -9.834979391466609489e-01 -1.754064972545543721e-01 2.021300960000000089e+02 3.297087134811657605e-01 1.801414428003562662e-01 -9.267368692570727706e-01 -7.259352420000000166e+02 9.430417805375517215e-01 -1.675900593940027328e-02 3.322519162931757419e-01 -2.944574400000000125e+01 0.000000000000000000e+00 0.000000000000000000e+00 0.000000000000000000e+00 1.000000000000000000e+00
4.457034398889769822e-02 -9.835337686251774958e-01 -1.751422576383759311e-01 2.021607360000000142e+02 3.270446277495983600e-01 1.800208904185793546e-01 -9.277037730186445952e-01 -7.259455570000000080e+02 9.439572532148043926e-01 -1.593125816932766670e-02 3.296830282503244169e-01 -2.943715100000000007e+01 0.000000000000000000e+00 0.000000000000000000e+00 0.000000000000000000e+00 1.000000000000000000e+00
4.484788232746395042e-02 -9.835673450459183620e-01 -1.748826612619601151e-01 2.021914370000000076e+02 3.244967324001619136e-01 1.799088676132942766e-01 -9.286197661129770298e-01 -7.259564820000000509e+02 9.448230194657409875e-01 -1.510222213535861169e-02 3.272329212872913118e-01 -2.942903499999999894e+01 0.000000000000000000e+00 0.000000000000000000e+00 0.000000000000000000e+00 1.000000000000000000e+00
4.515143264164783732e-02 -9.835984328377056496e-01 -1.746295251371190460e-01 2.022221830000000011e+02 3.220605490730896747e-01 1.798065274539193958e-01 -9.294872863120304807e-01 -7.259680789999999888e+02 9.456417666649175047e-01 -1.427359815084777717e-02 3.248967736600062994e-01 -2.942138299999999873e+01 0.000000000000000000e+00 0.000000000000000000e+00 0.000000000000000000e+00 1.000000000000000000e+00
4.547592517200310658e-02 -9.836280389669780355e-01 -1.743783850932438817e-01 2.022529910000000086e+02 3.197341838319702756e-01 1.797081816241601904e-01 -9.303090997870770984e-01 -7.259805300000000443e+02 9.464153379563615687e-01 -1.344806362697464897e-02 3.226719040536851768e-01 -2.941417500000000018e+01 0.000000000000000000e+00 0.000000000000000000e+00 0.000000000000000000e+00 1.000000000000000000e+00
4.582256497717279720e-02 -9.836549715622343593e-01 -1.741355490984333731e-01 2.022837829999999997e+02 3.175100002175540448e-01 1.796204533499985712e-01 -9.310874784359362000e-01 -7.259935910000000376e+02 9.471471333962648842e-01 -1.262496175206478943e-02 3.205509601295827293e-01 -2.940738500000000144e+01 0.000000000000000000e+00 0.000000000000000000e+00 0.000000000000000000e+00 1.000000000000000000e+00
4.621809049438635464e-02 -9.836824610962889848e-01 -1.738755412431571834e-01 2.023172150000000045e+02 3.152139266706285303e-01 1.795300356288914434e-01 -9.318847282469934212e-01 -7.260084229999999934e+02 9.478945450544256079e-01 -1.173805940678018800e-02 3.183679465923455187e-01 -2.940047300000000163e+01 0.000000000000000000e+00 0.000000000000000000e+00 0.000000000000000000e+00 1.000000000000000000e+00
4.660027836089608577e-02 -9.837056345147541236e-01 -1.736422721592066898e-01 2.023482360000000142e+02 3.131915184279026598e-01 1.794543795382326223e-01 -9.325809339941346643e-01 -7.260227660000000469e+02 9.485459856230017417e-01 -1.092475576262191828e-02 3.164508853993228676e-01 -2.939449300000000065e+01 0.000000000000000000e+00 0.000000000000000000e+00 0.000000000000000000e+00 1.000000000000000000e+00
4.699670095272384662e-02 -9.837272737947166945e-01 -1.734126895356139508e-01 2.023791500000000099e+02 3.112631731170548144e-01 1.793830574305531333e-01 -9.332400311645282498e-01 -7.260377200000000357e+02 9.491609700997313270e-01 -1.011778134186791522e-02 3.146284846291822479e-01 -2.938887400000000127e+01 0.000000000000000000e+00 0.000000000000000000e+00 0.000000000000000000e+00 1.000000000000000000e+00
4.737152985187759180e-02 -9.837454457524648088e-01 -1.732074944128479954e-01 2.024075159999999869e+02 3.095719335768858382e-01 1.793232800274182082e-01 -9.338138889423717171e-01 -7.260519410000000562e+02 9.496952964508987849e-01 -9.383986439261526868e-03 3.130347979020015048e-01 -2.938402400000000014e+01 0.000000000000000000e+00 0.000000000000000000e+00 0.000000000000000000e+00 1.000000000000000000e+00
4.782668673822582095e-02 -9.837651846016558510e-01 -1.729701407795982693e-01 2.024410249999999962e+02 3.076656497408277735e-01 1.792578743471357483e-01 -9.344562389187099916e-01 -7.260694580000000542e+02 9.502917741437091337e-01 -8.525024939371683708e-03 3.112440649146344662e-01 -2.937863899999999973e+01 0.000000000000000000e+00 0.000000000000000000e+00 0.000000000000000000e+00 1.000000000000000000e+00
4.821887318167072944e-02 -9.837806349920452664e-01 -1.727732690080798772e-01 2.024694369999999992e+02 3.061230435288997409e-01 1.792058035163594243e-01 -9.349727066640285411e-01 -7.260846559999999954e+02 9.507700155609102310e-01 -7.806548578234540070e-03 3.097990240617333191e-01 -2.937437200000000104e+01 0.000000000000000000e+00 0.000000000000000000e+00 0.000000000000000000e+00 1.000000000000000000e+00
4.865512488355083764e-02 -9.837959318843023659e-01 -1.725637367191124594e-01 2.025004120000000114e+02 3.045168236869054135e-01 1.791539129403892650e-01 -9.355070173813693213e-01 -7.261018679999999677e+02 9.512634666138526374e-01 -7.031350229118882300e-03 3.082991683409983530e-01 -2.936999499999999941e+01 0.000000000000000000e+00 0.000000000000000000e+00 0.000000000000000000e+00 1.000000000000000000e+00
4.913405513962199045e-02 -9.838112233663331985e-01 -1.723407131352754362e-01 2.025339810000000114e+02 3.028654512966302836e-01 1.791004959772030114e-01 -9.360531666265586859e-01 -7.261210939999999709e+02 9.517659181943975977e-01 -6.203959957851168383e-03 3.067623638004119968e-01 -2.936556099999999958e+01 0.000000000000000000e+00 0.000000000000000000e+00 0.000000000000000000e+00 1.000000000000000000e+00
4.958320972876012478e-02 -9.838236309132730728e-01 -1.721411298023146075e-01 2.025649720000000116e+02 3.014136711384185485e-01 1.790568789950989781e-01 -9.365299957478113724e-01 -7.261392819999999801e+02 9.522033943248968679e-01 -5.449526691192141392e-03 3.054161071308894582e-01 -2.936174000000000106e+01 0.000000000000000000e+00 0.000000000000000000e+00 0.000000000000000000e+00 1.000000000000000000e+00
4.999972568005056628e-02 -9.838343571828587208e-01 -1.719592540647664203e-01 2.025932770000000005e+02 3.001423726782386781e-01 1.790174578638218938e-01 -9.369457326350614235e-01 -7.261563720000000330e+02 9.525831111010717445e-01 -4.765228910131924511e-03 3.042412020723641031e-01 -2.935845199999999977e+01 0.000000000000000000e+00 0.000000000000000000e+00 0.000000000000000000e+00 1.000000000000000000e+00
5.045485852441339292e-02 -9.838444226938404258e-01 -1.717686210735397956e-01 2.026240999999999985e+02 2.988188964309840268e-01 1.789801399614539545e-01 -9.373757926440959842e-01 -7.261755980000000363e+02 9.529751174018397109e-01 -4.032546788599322696e-03 3.030217222895868479e-01 -2.935508700000000104e+01 0.000000000000000000e+00 0.000000000000000000e+00 0.000000000000000000e+00 1.000000000000000000e+00
5.091398972574745496e-02 -9.838538145860318274e-01 -1.715792445918804532e-01 2.026549379999999871e+02 2.975546259570533425e-01 1.789433703805232423e-01 -9.377848979208487368e-01 -7.261951289999999517e+02 9.533462173952149676e-01 -3.307827288827558387e-03 3.018609747166113855e-01 -2.935193999999999903e+01 0.000000000000000000e+00 0.000000000000000000e+00 0.000000000000000000e+00 1.000000000000000000e+00
5.137225367427561418e-02 -9.838621005182806023e-01 -1.713950370231958620e-01 2.026856989999999996e+02 2.963454261369021236e-01 1.789095522160007723e-01 -9.381741632200323311e-01 -7.262152099999999564e+02 9.536982122035060350e-01 -2.596014180798356108e-03 3.007540203392288780e-01 -2.934900100000000123e+01 0.000000000000000000e+00 0.000000000000000000e+00 0.000000000000000000e+00 1.000000000000000000e+00
5.183112291356617440e-02 -9.838691195582267568e-01 -1.712165011826795591e-01 2.027163390000000049e+02 2.951957859894501213e-01 1.788797309267713409e-01 -9.385422152453434252e-01 -7.262358400000000529e+02 9.540298646434446361e-01 -1.896692723032611383e-03 2.997055553791501681e-01 -2.934625600000000034e+01 0.000000000000000000e+00 0.000000000000000000e+00 0.000000000000000000e+00 1.000000000000000000e+00
5.225325958877963251e-02 -9.838746539197221752e-01 -1.710563130571180479e-01 2.027444309999999916e+02 2.941847261411213443e-01 1.788548828369165844e-01 -9.388643553733768687e-01 -7.262550660000000562e+02 9.543190995508898933e-01 -1.263431731440889383e-03 2.987866462421621128e-01 -2.934390300000000096e+01 0.000000000000000000e+00 0.000000000000000000e+00 0.000000000000000000e+00 1.000000000000000000e+00
5.271059443508280262e-02 -9.838802018294108276e-01 -1.708840006624893770e-01 2.027749019999999973e+02 2.931339602865845051e-01 1.788278636056799820e-01 -9.391981029180858087e-01 -7.262762450000000172e+02 9.546172398197105835e-01 -5.862135666964696235e-04 2.978348230020306797e-01 -2.934150100000000094e+01 0.000000000000000000e+00 0.000000000000000000e+00 0.000000000000000000e+00 1.000000000000000000e+00
5.320422749590297817e-02 -9.838850718030530684e-01 -1.707028870864968351e-01 2.028078610000000026e+02 2.920502696540633325e-01 1.788019787522688586e-01 -9.395405751691950913e-01 -7.262999879999999848e+02 9.549219602520160333e-01 1.337062985948822558e-04 2.968569216829424207e-01 -2.933907900000000168e+01 0.000000000000000000e+00 0.000000000000000000e+00 0.000000000000000000e+00 1.000000000000000000e+00
5.362261006600604896e-02 -9.838886921234448746e-01 -1.705510398717218212e-01 2.028356479999999920e+02 2.911750234137279736e-01 1.787805945725000900e-01 -9.398162611618922080e-01 -7.263203740000000153e+02 9.551658083441447733e-01 7.351978780916201828e-04 2.960704950756763432e-01 -2.933717499999999845e+01 0.000000000000000000e+00 0.000000000000000000e+00 0.000000000000000000e+00 1.000000000000000000e+00
5.407339275860978400e-02 -9.838919088503796928e-01 -1.703900815608982433e-01 2.028658749999999884e+02 2.902586452947256146e-01 1.787590961338633433e-01 -9.401037731979779988e-01 -7.263427729999999656e+02 9.554192728992041417e-01 1.377406316461160518e-03 2.952492433937733418e-01 -2.933523599999999831e+01 0.000000000000000000e+00 0.000000000000000000e+00 0.000000000000000000e+00 1.000000000000000000e+00
5.452067624610901220e-02 -9.838939551476395540e-01 -1.702356627901480679e-01 2.028959350000000086e+02 2.893794269318556434e-01 1.787418685521835748e-01 -9.403780578549587599e-01 -7.263659059999999954e+02 9.556605271383020739e-01 2.007349099677313564e-03 2.944637964492990978e-01 -2.933342599999999933e+01 0.000000000000000000e+00 0.000000000000000000e+00 0.000000000000000000e+00 1.000000000000000000e+00
5.500233660683989667e-02 -9.838958754240434423e-01 -1.700695425152389806e-01 2.029283910000000049e+02 2.884841839455163925e-01 1.787225381286862980e-01 -9.406567546018734793e-01 -7.263912350000000515e+02 9.559035613392581343e-01 2.675946261613826316e-03 2.936685559104474375e-01 -2.933161399999999830e+01 0.000000000000000000e+00 0.000000000000000000e+00 0.000000000000000000e+00 1.000000000000000000e+00
5.547823261998846567e-02 -9.838970122024750520e-01 -1.699083137589357251e-01 2.029607239999999990e+02 2.876263972084351916e-01 1.787052780706300248e-01 -9.409226744098551087e-01 -7.264168089999999438e+02 9.561345205222211430e-01 3.330610866088601352e-03 2.929090058311639155e-01 -2.932993099999999842e+01 0.000000000000000000e+00 0.000000000000000000e+00 0.000000000000000000e+00 1.000000000000000000e+00
5.594939304386525869e-02 -9.838975511563927689e-01 -1.697506236998153062e-01 2.029928439999999910e+02 2.868087329546055719e-01 1.786892001746497316e-01 -9.411752867781418841e-01 -7.264431150000000343e+02 9.563526630479975976e-01 3.972224741524810199e-03 2.921879622975697144e-01 -2.932838100000000026e+01 0.000000000000000000e+00 0.000000000000000000e+00 0.000000000000000000e+00 1.000000000000000000e+00
5.637747451139801802e-02 -9.838973294747754839e-01 -1.696102161431382593e-01 2.030223540000000071e+02 2.860878510708733113e-01 1.786766382150055121e-01 -9.413970471728887457e-01 -7.264676510000000462e+02 9.565434239162207142e-01 4.550165776038117560e-03 2.915544102805582849e-01 -2.932705500000000143e+01 0.000000000000000000e+00 0.000000000000000000e+00 0.000000000000000000e+00 1.000000000000000000e+00
5.680383301856900546e-02 -9.838964711331026347e-01 -1.694728846931745636e-01 2.030517580000000066e+02 2.853970923499871692e-01 1.786659468197095701e-01 -9.416087186964601230e-01 -7.264925540000000410e+02 9.567245289175829726e-01 5.119915902065730329e-03 2.909501026440518556e-01 -2.932582499999999825e+01 0.000000000000000000e+00 0.000000000000000000e+00 0.000000000000000000e+00 1.000000000000000000e+00
5.722251210790885168e-02 -9.838954972070335092e-01 -1.693376351665047408e-01 2.030809940000000040e+02 2.847392700163337564e-01 1.786545198224587516e-01 -9.418100183463605779e-01 -7.265176999999999907e+02 9.568955701740005093e-01 5.675660554571693162e-03 2.903767460707618042e-01 -2.932468599999999981e+01 0.000000000000000000e+00 0.000000000000000000e+00 0.000000000000000000e+00 1.000000000000000000e+00
5.766904364345332157e-02 -9.838941823945672738e-01 -1.691937329080935304e-01 2.031124729999999943e+02 2.840562792875860887e-01 1.786420737517229462e-01 -9.420185983742447311e-01 -7.265453489999999874e+02 9.570717379604007924e-01 6.264769413938386933e-03 2.897834382114475305e-01 -2.932354700000000136e+01 0.000000000000000000e+00 0.000000000000000000e+00 0.000000000000000000e+00 1.000000000000000000e+00
5.804423999930774514e-02 -9.838922224393995553e-01 -1.690767897322453805e-01 2.031389470000000017e+02 2.835001597379740446e-01 1.786349940948979143e-01 -9.421874539141661398e-01 -7.265692139999999881e+02 9.572139393215322034e-01 6.755257802255165700e-03 2.893023346960392761e-01 -2.932265299999999897e+01 0.000000000000000000e+00 0.000000000000000000e+00 0.000000000000000000e+00 1.000000000000000000e+00
5.844695328948884550e-02 -9.838899356476733526e-01 -1.689513189720431852e-01 2.031676480000000140e+02 2.829151220639751219e-01 1.786269964609291105e-01 -9.423648071966996831e-01 -7.265953980000000456e+02 9.573625161654816251e-01 7.279468838038483103e-03 2.887975449596718036e-01 -2.932174699999999845e+01 0.000000000000000000e+00 0.000000000000000000e+00 0.000000000000000000e+00 1.000000000000000000e+00
5.884405116853574924e-02 -9.838873341279005258e-01 -1.688285858045596166e-01 2.031962130000000002e+02 2.823519685582412952e-01 1.786196380875588741e-01 -9.425350872730177132e-01 -7.266220090000000482e+02 9.575044352343023979e-01 7.793499352812371939e-03 2.883132287538625049e-01 -2.932090799999999930e+01 0.000000000000000000e+00 0.000000000000000000e+00 0.000000000000000000e+00 1.000000000000000000e+00
5.920266715874367147e-02 -9.838850007423844968e-01 -1.687167730708755142e-01 2.032221979999999917e+02 2.818585938828500059e-01 1.786117516620979728e-01 -9.426842394049981255e-01 -7.266465449999999464e+02 9.576276819597863144e-01 8.255148839078685352e-03 2.878907349359666190e-01 -2.932019599999999926e+01 0.000000000000000000e+00 0.000000000000000000e+00 0.000000000000000000e+00 1.000000000000000000e+00
5.958786481263833590e-02 -9.838817022665967693e-01 -1.686003627281227879e-01 2.032503810000000044e+02 2.813419960232498296e-01 1.786064902728039527e-01 -9.428395425023732290e-01 -7.266738279999999577e+02 9.577556930870860796e-01 8.747432618467165799e-03 2.874500213634728074e-01 -2.931947500000000062e+01 0.000000000000000000e+00 0.000000000000000000e+00 0.000000000000000000e+00 1.000000000000000000e+00
5.996711145681254962e-02 -9.838781132133680440e-01 -1.684868062586167281e-01 2.032783970000000124e+02 2.808435307376177525e-01 1.786019802484767327e-01 -9.429889945774293514e-01 -7.267012330000000020e+02 9.578783100093428704e-01 9.229896587997443724e-03 2.870260479862757341e-01 -2.931880999999999915e+01 0.000000000000000000e+00 0.000000000000000000e+00 0.000000000000000000e+00 1.000000000000000000e+00
6.031035007456164720e-02 -9.838747588562788415e-01 -1.683838488673512490e-01 2.033039090000000044e+02 2.803988628773937397e-01 1.785974219973558430e-01 -9.431221758356458373e-01 -7.267268070000000080e+02 9.579870246360062680e-01 9.665388838405897243e-03 2.866486366401453378e-01 -2.931824699999999950e+01 0.000000000000000000e+00 0.000000000000000000e+00 0.000000000000000000e+00 1.000000000000000000e+00
6.107236234447271928e-02 -9.838661678278665113e-01 -1.681592410822952410e-01 2.033611909999999909e+02 2.794450656519954501e-01 1.785902501885054394e-01 -9.434065813955077040e-01 -7.267855829999999742e+02 9.582174188775829382e-01 1.062479841291502636e-02 2.858434743321378035e-01 -2.931711200000000161e+01 0.000000000000000000e+00 0.000000000000000000e+00 0.000000000000000000e+00 1.000000000000000000e+00
6.139581478155353711e-02 -9.838623490563809248e-01 -1.680637737186967962e-01 2.033861239999999952e+02 2.790477202260230882e-01 1.785866807539421286e-01 -9.435248631032193689e-01 -7.268118289999999888e+02 9.583125397092373543e-01 1.103066482809134108e-02 2.855090202944243205e-01 -2.931666799999999995e+01 0.000000000000000000e+00 0.000000000000000000e+00 0.000000000000000000e+00 1.000000000000000000e+00
6.174637459310933219e-02 -9.838579989889066901e-01 -1.679607783089615558e-01 2.034131010000000117e+02 2.786263812610401680e-01 1.785830549716865279e-01 -9.436500580948199435e-01 -7.268406979999999749e+02 9.584126068087714945e-01 1.146866611791835799e-02 2.851556501412707001e-01 -2.931622300000000081e+01 0.000000000000000000e+00 0.000000000000000000e+00 0.000000000000000000e+00 1.000000000000000000e+00
6.205953513439688152e-02 -9.838538294279584040e-01 -1.678697602870874439e-01 2.034376369999999952e+02 2.782524484439201640e-01 1.785805195430919534e-01 -9.437608664140948456e-01 -7.268677370000000337e+02 9.585010114933975034e-01 1.185918882811837216e-02 2.848423609761598363e-01 -2.931584700000000154e+01 0.000000000000000000e+00 0.000000000000000000e+00 0.000000000000000000e+00 1.000000000000000000e+00
6.239799251810257408e-02 -9.838491954800860917e-01 -1.677714251083834984e-01 2.034641880000000072e+02 2.778566003428257214e-01 1.785776290717535075e-01 -9.438780323966853292e-01 -7.268970339999999624e+02 9.585938661266499849e-01 1.227969658820332599e-02 2.845118782688407233e-01 -2.931546600000000069e+01 0.000000000000000000e+00 0.000000000000000000e+00 0.000000000000000000e+00 1.000000000000000000e+00
6.270208168367857882e-02 -9.838445473355832416e-01 -1.676852874600943677e-01 2.034883580000000052e+02 2.775084010722214667e-01 1.785770022028271842e-01 -9.439805832847361078e-01 -7.269243770000000495e+02 9.586748856034940092e-01 1.265547163453945023e-02 2.842222770136693111e-01 -2.931514500000000112e+01 0.000000000000000000e+00 0.000000000000000000e+00 0.000000000000000000e+00 1.000000000000000000e+00
6.302849772857577193e-02 -9.838396986405963940e-01 -1.675913358526000541e-01 2.035144650000000013e+02 2.771396887459589564e-01 1.785747115787369721e-01 -9.440893312109630564e-01 -7.269544069999999465e+02 9.587601375713696861e-01 1.305832161309372630e-02 2.839163236602944562e-01 -2.931482499999999902e+01 0.000000000000000000e+00 0.000000000000000000e+00 0.000000000000000000e+00 1.000000000000000000e+00
6.332333968884429343e-02 -9.838350097221689738e-01 -1.675076962280567794e-01 2.035381619999999998e+02 2.768072582802877379e-01 1.785736003851046416e-01 -9.441870635678351054e-01 -7.269819949999999835e+02 9.588367412724656536e-01 1.342173202238272633e-02 2.836405483979997366e-01 -2.931455400000000111e+01 0.000000000000000000e+00 0.000000000000000000e+00 0.000000000000000000e+00 1.000000000000000000e+00
6.366364634927862420e-02 -9.838291279839316283e-01 -1.674132224882224351e-01 2.035659330000000011e+02 2.764246051211002309e-01 1.785740478748369109e-01 -9.442990771515343829e-01 -7.270153199999999742e+02 9.589245944375178743e-01 1.384038857736769046e-02 2.833232532406574355e-01 -2.931425700000000134e+01 0.000000000000000000e+00 0.000000000000000000e+00 0.000000000000000000e+00 1.000000000000000000e+00
6.425343924425386266e-02 -9.838185839731019566e-01 -1.672497813883346285e-01 2.036143950000000018e+02 2.757766470279501836e-01 1.785746666916168401e-01 -9.444883955719092228e-01 -7.270745849999999564e+02 9.590718098762502919e-01 1.456304381434986306e-02 2.827882268687205713e-01 -2.931379899999999950e+01 0.000000000000000000e+00 0.000000000000000000e+00 0.000000000000000000e+00 1.000000000000000000e+00
6.455099804865799262e-02 -9.838130512060472288e-01 -1.671677269318722070e-01 2.036392669999999896e+02 2.754492479616408307e-01 1.785750454357663275e-01 -9.445838580798318063e-01 -7.271058960000000297e+02 9.591459119697524072e-01 1.492760611286392258e-02 2.825177624990162228e-01 -2.931358900000000034e+01 0.000000000000000000e+00 0.000000000000000000e+00 0.000000000000000000e+00 1.000000000000000000e+00
6.484512766527944505e-02 -9.838075124738837607e-01 -1.670864680877020558e-01 2.036639399999999966e+02 2.751265029708077625e-01 1.785750828981157723e-01 -9.446779065538609688e-01 -7.271373899999999821e+02 9.592187012257047396e-01 1.528784379434111607e-02 2.822512445517150748e-01 -2.931340000000000146e+01 0.000000000000000000e+00 0.000000000000000000e+00 0.000000000000000000e+00 1.000000000000000000e+00
6.510797186216915611e-02 -9.838024712985278253e-01 -1.670139199794573592e-01 2.036863099999999918e+02 2.748362619371695348e-01 1.785749780418578736e-01 -9.447624073499929498e-01 -7.271666870000000245e+02 9.592840982338854960e-01 1.561008277555092638e-02 2.820112483418736882e-01 -2.931323599999999985e+01 0.000000000000000000e+00 0.000000000000000000e+00 0.000000000000000000e+00 1.000000000000000000e+00
6.541453799330715357e-02 -9.837965352595781088e-01 -1.669290730531146072e-01 2.037124180000000138e+02 2.745003659891465109e-01 1.785744691785255411e-01 -9.448601526307649490e-01 -7.272015380000000278e+02 9.593594150739059856e-01 1.598549870531823514e-02 2.817338753863217748e-01 -2.931306100000000114e+01 0.000000000000000000e+00 0.000000000000000000e+00 0.000000000000000000e+00 1.000000000000000000e+00
6.569180298073173940e-02 -9.837909593599265534e-01 -1.668530350422669506e-01 2.037362819999999886e+02 2.741954155481822752e-01 1.785744694833785173e-01 -9.449486932850319487e-01 -7.272336430000000291e+02 9.594276737271549838e-01 1.632504610729040850e-02 2.814818497809308262e-01 -2.931291999999999831e+01 0.000000000000000000e+00 0.000000000000000000e+00 0.000000000000000000e+00 1.000000000000000000e+00
