1.000000 279.851471 96.395729 -29.815281 0.695437 0.139320 0.690409 -0.142451
1.100000 279.721069 96.338867 -29.815187 0.695459 0.139208 0.690436 -0.142324
1.200000 279.579803 96.277184 -29.815090 0.695488 0.139056 0.690462 -0.142203
1.300000 279.438263 96.215508 -29.814993 0.695523 0.138876 0.690487 -0.142089
1.400000 279.307617 96.158607 -29.814901 0.695559 0.138687 0.690510 -0.141982
1.500000 279.155212 96.092232 -29.814796 0.695608 0.138439 0.690538 -0.141851
1.600000 279.024597 96.035400 -29.814707 0.695654 0.138203 0.690564 -0.141727
1.700000 278.883087 95.973877 -29.814611 0.695709 0.137924 0.690596 -0.141576
1.800000 278.741608 95.912437 -29.814514 0.695768 0.137623 0.690631 -0.141406
1.900000 278.469482 95.794556 -29.814327 0.695894 0.136980 0.690711 -0.141016
2.000000 278.273560 95.709930 -29.814194 0.695995 0.136470 0.690780 -0.140680
2.100000 277.979156 95.583389 -29.813992 0.696158 0.135638 0.690898 -0.140090
2.200000 277.848145 95.527313 -29.813904 0.696235 0.135246 0.690957 -0.139795
2.300000 277.717133 95.471352 -29.813812 0.696314 0.134843 0.691020 -0.139483
2.400000 277.597015 95.420166 -29.813732 0.696388 0.134464 0.691080 -0.139181
2.500000 277.455078 95.359779 -29.813635 0.696478 0.134010 0.691153 -0.138807
2.600000 277.334961 95.308784 -29.813551 0.696555 0.133618 0.691217 -0.138480
2.700000 277.203888 95.253258 -29.813463 0.696639 0.133186 0.691290 -0.138112
2.800000 277.083771 95.202469 -29.813377 0.696716 0.132788 0.691358 -0.137766
2.900000 276.952728 95.147179 -29.813290 0.696800 0.132353 0.691433 -0.137381
3.000000 276.810333 95.087402 -29.813190 0.696890 0.131882 0.691515 -0.136958
3.100000 276.667938 95.027771 -29.813093 0.696980 0.131415 0.691598 -0.136531
3.200000 276.536499 94.972847 -29.813002 0.697061 0.130991 0.691675 -0.136134
3.300000 276.405029 94.918045 -29.812910 0.697141 0.130572 0.691751 -0.135739
3.400000 276.273590 94.863365 -29.812819 0.697219 0.130163 0.691827 -0.135345
3.500000 276.109253 94.795166 -29.812704 0.697314 0.129664 0.691920 -0.134860
3.600000 275.977753 94.740753 -29.812614 0.697386 0.129278 0.691993 -0.134479
3.700000 275.846283 94.686432 -29.812521 0.697456 0.128905 0.692065 -0.134105
3.800000 275.692566 94.623230 -29.812414 0.697535 0.128488 0.692146 -0.133681
3.900000 275.417816 94.510742 -29.812223 0.697664 0.127795 0.692283 -0.132957
4.000000 275.274963 94.452446 -29.812126 0.697725 0.127462 0.692351 -0.132601
4.100000 275.132111 94.394272 -29.812023 0.697783 0.127149 0.692416 -0.132260
4.200000 275.000214 94.340714 -29.811930 0.697833 0.126878 0.692473 -0.131958
4.300000 274.879364 94.291695 -29.811848 0.697875 0.126644 0.692523 -0.131694
4.400000 274.747467 94.238350 -29.811754 0.697918 0.126405 0.692576 -0.131417
4.500000 274.626526 94.189522 -29.811668 0.697955 0.126201 0.692622 -0.131176
4.600000 274.483246 94.131935 -29.811571 0.697996 0.125976 0.692673 -0.130906
4.700000 274.350983 94.078903 -29.811476 0.698029 0.125786 0.692718 -0.130669
4.800000 274.229736 94.030380 -29.811394 0.698058 0.125625 0.692757 -0.130463
4.900000 274.097473 93.977524 -29.811298 0.698086 0.125464 0.692798 -0.130249
5.000000 273.965210 93.924805 -29.811209 0.698112 0.125317 0.692837 -0.130047
5.100000 273.821899 93.867775 -29.811106 0.698137 0.125172 0.692877 -0.129839
5.200000 273.700653 93.819626 -29.811020 0.698156 0.125060 0.692909 -0.129673
5.300000 273.557373 93.762817 -29.810919 0.698177 0.124940 0.692945 -0.129486
5.400000 273.425079 93.710495 -29.810827 0.698194 0.124840 0.692976 -0.129323
5.500000 273.292603 93.658249 -29.810734 0.698209 0.124749 0.693006 -0.129167
5.600000 273.159943 93.606102 -29.810642 0.698223 0.124665 0.693035 -0.129018
5.700000 273.038361 93.558388 -29.810556 0.698234 0.124596 0.693061 -0.128886
5.800000 272.916748 93.510750 -29.810471 0.698244 0.124532 0.693086 -0.128758
5.900000 272.728821 93.437271 -29.810339 0.698258 0.124443 0.693123 -0.128566
6.000000 272.585144 93.381203 -29.810236 0.698268 0.124380 0.693151 -0.128425
6.100000 272.463531 93.333839 -29.810154 0.698276 0.124331 0.693173 -0.128308
6.200000 272.341919 93.286530 -29.810064 0.698283 0.124284 0.693196 -0.128192
6.300000 272.209259 93.235008 -29.809975 0.698291 0.124234 0.693220 -0.128067
6.400000 271.955048 93.136513 -29.809793 0.698305 0.124143 0.693266 -0.127830
6.500000 271.678070 93.029747 -29.809601 0.698320 0.124045 0.693316 -0.127573
6.600000 271.533966 92.974350 -29.809502 0.698328 0.123994 0.693342 -0.127438
6.700000 271.412048 92.927559 -29.809416 0.698335 0.123951 0.693364 -0.127323
6.800000 271.157074 92.829910 -29.809238 0.698350 0.123860 0.693410 -0.127080
6.900000 271.046234 92.787514 -29.809162 0.698356 0.123819 0.693430 -0.126973
7.000000 270.913208 92.736732 -29.809067 0.698364 0.123769 0.693455 -0.126844
7.100000 270.802338 92.694473 -29.808990 0.698371 0.123727 0.693475 -0.126736
7.200000 270.691528 92.652222 -29.808912 0.698378 0.123684 0.693496 -0.126628
7.300000 270.569550 92.605820 -29.808828 0.698385 0.123637 0.693518 -0.126509
7.400000 270.469818 92.567886 -29.808756 0.698392 0.123597 0.693536 -0.126411
7.500000 270.336792 92.517372 -29.808666 0.698401 0.123544 0.693561 -0.126281
7.600000 270.214844 92.471107 -29.808578 0.698409 0.123495 0.693583 -0.126162
7.700000 270.092926 92.424904 -29.808495 0.698417 0.123447 0.693605 -0.126043
7.800000 269.982056 92.382950 -29.808420 0.698424 0.123402 0.693625 -0.125936
7.900000 269.848663 92.332619 -29.808325 0.698433 0.123349 0.693649 -0.125808
8.000000 269.715302 92.282372 -29.808233 0.698441 0.123297 0.693673 -0.125681
8.100000 269.581909 92.232155 -29.808140 0.698450 0.123246 0.693696 -0.125555
8.200000 269.448517 92.181999 -29.808048 0.698458 0.123197 0.693719 -0.125431
8.300000 269.326263 92.136086 -29.807962 0.698465 0.123154 0.693740 -0.125320
8.400000 269.181763 92.081841 -29.807863 0.698473 0.123104 0.693764 -0.125191
8.500000 269.070587 92.040184 -29.807785 0.698479 0.123068 0.693781 -0.125094
8.600000 268.937256 91.990211 -29.807695 0.698486 0.123027 0.693803 -0.124980
8.700000 268.814972 91.944450 -29.807610 0.698492 0.122992 0.693821 -0.124879
8.800000 268.681610 91.894569 -29.807516 0.698497 0.122956 0.693841 -0.124773
8.900000 268.559357 91.848877 -29.807434 0.698502 0.122925 0.693858 -0.124678
9.000000 268.425964 91.799080 -29.807341 0.698507 0.122895 0.693876 -0.124579
9.100000 268.303711 91.753448 -29.807255 0.698511 0.122869 0.693892 -0.124493
9.200000 268.181488 91.707809 -29.807169 0.698517 0.122833 0.693906 -0.124421
9.300000 268.070404 91.666222 -29.807095 0.698525 0.122784 0.693915 -0.124372
9.400000 267.937134 91.616310 -29.807003 0.698538 0.122706 0.693924 -0.124326
9.500000 267.803894 91.566345 -29.806911 0.698555 0.122610 0.693931 -0.124288
9.600000 267.670654 91.516396 -29.806824 0.698574 0.122496 0.693938 -0.124251
9.700000 267.548553 91.470604 -29.806738 0.698595 0.122377 0.693945 -0.124216
9.800000 267.426453 91.424805 -29.806658 0.698618 0.122243 0.693953 -0.124175
9.900000 267.315430 91.383209 -29.806581 0.698641 0.122109 0.693961 -0.124130
10.000000 267.070770 91.291779 -29.806416 0.698699 0.121775 0.693985 -0.124000
10.100000 266.825897 91.200508 -29.806250 0.698766 0.121386 0.694017 -0.123818
10.200000 266.703491 91.154930 -29.806170 0.698803 0.121172 0.694038 -0.123705
10.300000 266.592194 91.113564 -29.806093 0.698839 0.120967 0.694058 -0.123588
10.400000 266.458618 91.063980 -29.806004 0.698884 0.120707 0.694086 -0.123432
10.500000 266.213715 90.973267 -29.805838 0.698973 0.120197 0.694145 -0.123097
10.600000 266.091278 90.928009 -29.805754 0.699020 0.119926 0.694178 -0.122909
10.700000 265.957703 90.878700 -29.805664 0.699072 0.119620 0.694216 -0.122688
10.800000 265.846375 90.837677 -29.805588 0.699118 0.119358 0.694250 -0.122492
10.900000 265.579132 90.739441 -29.805407 0.699230 0.118707 0.694338 -0.121983
11.000000 265.445526 90.690460 -29.805317 0.699288 0.118372 0.694385 -0.121711
11.100000 265.323059 90.645622 -29.805233 0.699341 0.118061 0.694429 -0.121454
11.200000 265.200592 90.600861 -29.805151 0.699395 0.117748 0.694475 -0.121190
11.300000 265.078064 90.556168 -29.805067 0.699448 0.117434 0.694521 -0.120921
11.400000 264.932892 90.503456 -29.804970 0.699512 0.117064 0.694576 -0.120597
11.500000 264.798889 90.454872 -29.804876 0.699569 0.116725 0.694628 -0.120294
11.600000 264.676056 90.410431 -29.804794 0.699622 0.116417 0.694675 -0.120016
11.700000 264.553192 90.366043 -29.804710 0.699673 0.116114 0.694722 -0.119737
11.800000 264.419159 90.317734 -29.804621 0.699727 0.115790 0.694773 -0.119434
11.900000 264.296326 90.273521 -29.804539 0.699776 0.115499 0.694820 -0.119159
12.000000 264.151123 90.221367 -29.804438 0.699832 0.115165 0.694873 -0.118839
12.100000 264.028259 90.177299 -29.804356 0.699878 0.114891 0.694918 -0.118573
12.200000 263.905396 90.133308 -29.804270 0.699922 0.114626 0.694962 -0.118313
12.300000 263.782532 90.089409 -29.804186 0.699965 0.114371 0.695004 -0.118058
12.400000 263.659668 90.045570 -29.804104 0.700005 0.114126 0.695046 -0.117811
12.500000 263.525604 89.997833 -29.804010 0.700047 0.113871 0.695090 -0.117550
12.600000 263.391571 89.950165 -29.803921 0.700087 0.113628 0.695131 -0.117299
12.700000 263.279877 89.910522 -29.803843 0.700118 0.113436 0.695165 -0.117098
12.800000 263.123077 89.855118 -29.803738 0.700160 0.113183 0.695210 -0.116828
12.900000 262.775848 89.732811 -29.803497 0.700240 0.112690 0.695302 -0.116280
13.000000 262.652588 89.689568 -29.803411 0.700264 0.112536 0.695331 -0.116103
13.100000 262.518127 89.642456 -29.803322 0.700289 0.112382 0.695362 -0.115919
13.200000 262.271698 89.556274 -29.803152 0.700329 0.112130 0.695414 -0.115607
13.300000 262.002808 89.462585 -29.802969 0.700365 0.111899 0.695465 -0.115304
13.400000 261.890778 89.423630 -29.802893 0.700378 0.111815 0.695485 -0.115187
13.500000 261.767548 89.380836 -29.802807 0.700392 0.111730 0.695506 -0.115065
13.600000 261.521057 89.295456 -29.802639 0.700414 0.111582 0.695544 -0.114839
13.700000 261.409027 89.256729 -29.802561 0.700423 0.111522 0.695560 -0.114743
13.800000 261.296875 89.218048 -29.802483 0.700431 0.111468 0.695576 -0.114650
13.900000 261.162079 89.171684 -29.802391 0.700440 0.111407 0.695594 -0.114544
14.000000 261.038483 89.129257 -29.802307 0.700448 0.111357 0.695610 -0.114449
14.100000 260.914917 89.086891 -29.802221 0.700455 0.111310 0.695626 -0.114357
14.200000 260.780090 89.040733 -29.802130 0.700461 0.111264 0.695643 -0.114259
14.300000 260.645294 88.994644 -29.802038 0.700468 0.111220 0.695659 -0.114164
14.400000 260.521698 88.952461 -29.801952 0.700473 0.111183 0.695674 -0.114077
14.500000 260.398132 88.910316 -29.801867 0.700478 0.111147 0.695688 -0.113992
14.600000 260.274536 88.868240 -29.801785 0.700483 0.111112 0.695703 -0.113907
14.700000 260.150940 88.826218 -29.801699 0.700488 0.111079 0.695717 -0.113823
14.800000 260.027344 88.784225 -29.801613 0.700493 0.111046 0.695732 -0.113739
14.900000 259.892548 88.738495 -29.801523 0.700498 0.111010 0.695747 -0.113647
15.000000 259.768951 88.696617 -29.801437 0.700503 0.110976 0.695762 -0.113562
15.100000 259.386963 88.567490 -29.801176 0.700518 0.110871 0.695806 -0.113296
15.200000 259.274597 88.529594 -29.801098 0.700522 0.110838 0.695820 -0.113217
15.300000 259.139771 88.484146 -29.801004 0.700528 0.110798 0.695836 -0.113120
15.400000 259.004974 88.438797 -29.800915 0.700534 0.110757 0.695852 -0.113022
15.500000 258.734833 88.348198 -29.800730 0.700547 0.110672 0.695885 -0.112824
15.600000 258.622192 88.310486 -29.800653 0.700552 0.110636 0.695899 -0.112741
15.700000 258.453186 88.254044 -29.800539 0.700561 0.110581 0.695920 -0.112614
15.800000 258.317993 88.208916 -29.800444 0.700567 0.110536 0.695937 -0.112512
15.900000 258.205353 88.171349 -29.800367 0.700573 0.110499 0.695951 -0.112427
16.000000 258.070160 88.126305 -29.800276 0.700579 0.110455 0.695968 -0.112325
16.100000 257.946259 88.085075 -29.800192 0.700586 0.110415 0.695983 -0.112232
16.200000 257.822327 88.043846 -29.800106 0.700592 0.110375 0.695998 -0.112139
16.300000 257.687164 87.998947 -29.800014 0.700598 0.110332 0.696015 -0.112040
16.400000 257.551971 87.954048 -29.799923 0.700604 0.110290 0.696031 -0.111942
16.500000 257.416779 87.909225 -29.799831 0.700610 0.110250 0.696046 -0.111845
16.600000 257.281586 87.864433 -29.799740 0.700616 0.110210 0.696062 -0.111750
16.700000 257.146423 87.819656 -29.799644 0.700622 0.110172 0.696077 -0.111658
16.800000 257.022491 87.778679 -29.799562 0.700627 0.110139 0.696091 -0.111575
16.900000 256.662018 87.659569 -29.799318 0.700640 0.110053 0.696128 -0.111348
17.000000 256.549377 87.622368 -29.799242 0.700643 0.110029 0.696139 -0.111281
17.100000 256.425446 87.581512 -29.799154 0.700647 0.110005 0.696150 -0.111210
17.200000 256.301544 87.540680 -29.799059 0.700650 0.109983 0.696161 -0.111142
17.300000 256.177612 87.499855 -29.798954 0.700653 0.109963 0.696172 -0.111077
17.400000 256.053711 87.459053 -29.798849 0.700655 0.109946 0.696182 -0.111015
17.500000 255.794327 87.373848 -29.798630 0.700660 0.109916 0.696202 -0.110893
17.600000 255.670242 87.333115 -29.798525 0.700661 0.109905 0.696211 -0.110840
17.700000 255.534882 87.288742 -29.798410 0.700662 0.109896 0.696220 -0.110784
17.800000 255.410797 87.248062 -29.798306 0.700663 0.109891 0.696228 -0.110736
17.900000 255.275436 87.203697 -29.798191 0.700663 0.109887 0.696236 -0.110687
18.000000 255.140091 87.159386 -29.798075 0.700663 0.109886 0.696243 -0.110641
18.100000 254.993454 87.111404 -29.797951 0.700663 0.109886 0.696251 -0.110596
18.200000 254.858124 87.067047 -29.797836 0.700664 0.109876 0.696255 -0.110567
18.300000 254.722824 87.022606 -29.797722 0.700669 0.109848 0.696258 -0.110555
18.400000 254.587555 86.978172 -29.797607 0.700675 0.109803 0.696258 -0.110552
18.500000 254.317047 86.889175 -29.797380 0.700696 0.109667 0.696258 -0.110553
18.600000 254.159256 86.837242 -29.797247 0.700713 0.109560 0.696259 -0.110547
18.700000 254.046555 86.800171 -29.797153 0.700727 0.109471 0.696261 -0.110537
18.800000 253.911316 86.755692 -29.797050 0.700745 0.109350 0.696265 -0.110515
18.900000 253.764832 86.707520 -29.796955 0.700768 0.109203 0.696271 -0.110477
19.000000 253.494293 86.618698 -29.796772 0.700817 0.108887 0.696289 -0.110363
19.100000 253.370163 86.578064 -29.796688 0.700843 0.108723 0.696301 -0.110290
19.200000 253.246033 86.537460 -29.796606 0.700870 0.108547 0.696315 -0.110203
19.300000 253.110626 86.493195 -29.796515 0.700902 0.108343 0.696332 -0.110092
19.400000 252.986465 86.452682 -29.796432 0.700932 0.108145 0.696351 -0.109976
19.500000 252.839767 86.404831 -29.796335 0.700971 0.107898 0.696375 -0.109822
19.600000 252.422165 86.269058 -29.796055 0.701089 0.107131 0.696457 -0.109290
19.700000 252.196426 86.195915 -29.795904 0.701158 0.106685 0.696509 -0.108953
19.800000 252.049698 86.148468 -29.795805 0.701204 0.106388 0.696545 -0.108718
19.900000 251.925537 86.108368 -29.795719 0.701243 0.106133 0.696577 -0.108513
20.000000 251.812576 86.071960 -29.795645 0.701279 0.105899 0.696606 -0.108322
20.100000 251.688217 86.031982 -29.795563 0.701318 0.105641 0.696639 -0.108106
20.200000 251.575195 85.995659 -29.795488 0.701354 0.105407 0.696669 -0.107907
20.300000 251.439529 85.952156 -29.795395 0.701397 0.105127 0.696706 -0.107666
20.400000 250.919479 85.786003 -29.795046 0.701554 0.104091 0.696846 -0.106736
20.500000 250.806442 85.750031 -29.794970 0.701586 0.103877 0.696876 -0.106538
20.600000 250.670776 85.706894 -29.794880 0.701624 0.103628 0.696911 -0.106305
20.700000 250.535095 85.663826 -29.794786 0.701660 0.103388 0.696945 -0.106077
20.800000 250.399292 85.620857 -29.794697 0.701694 0.103157 0.696978 -0.105855
20.900000 250.252106 85.574356 -29.794596 0.701730 0.102918 0.697013 -0.105622
21.000000 250.127579 85.535065 -29.794514 0.701758 0.102726 0.697042 -0.105432
21.100000 250.003021 85.495850 -29.794428 0.701785 0.102544 0.697069 -0.105248
21.200000 249.878464 85.456665 -29.794346 0.701811 0.102371 0.697095 -0.105072
21.300000 249.765244 85.421120 -29.794270 0.701833 0.102222 0.697118 -0.104918
21.400000 249.629364 85.378502 -29.794176 0.701857 0.102053 0.697145 -0.104741
21.500000 249.493484 85.335953 -29.794086 0.701880 0.101896 0.697170 -0.104573
21.600000 249.368942 85.297020 -29.794001 0.701900 0.101762 0.697192 -0.104427
21.700000 249.255722 85.261658 -29.793924 0.701916 0.101649 0.697211 -0.104301
21.800000 249.006424 85.184006 -29.793755 0.701948 0.101425 0.697249 -0.104044
21.900000 248.881699 85.145279 -29.793671 0.701962 0.101326 0.697267 -0.103926
22.000000 248.756973 85.106590 -29.793589 0.701976 0.101235 0.697284 -0.103815
22.100000 248.632217 85.067955 -29.793503 0.701987 0.101151 0.697299 -0.103709
22.200000 248.382767 84.990845 -29.793335 0.702008 0.101006 0.697329 -0.103515
22.300000 248.258041 84.952362 -29.793251 0.702017 0.100943 0.697342 -0.103425
22.400000 248.144623 84.917412 -29.793173 0.702024 0.100890 0.697354 -0.103348
22.500000 248.031250 84.882507 -29.793097 0.702031 0.100842 0.697365 -0.103274
22.600000 247.781754 84.805870 -29.792929 0.702043 0.100749 0.697388 -0.103121
22.700000 247.657013 84.767586 -29.792843 0.702049 0.100709 0.697399 -0.103050
22.800000 247.520737 84.725929 -29.792753 0.702055 0.100668 0.697411 -0.102974
22.900000 247.395859 84.687744 -29.792665 0.702059 0.100633 0.697421 -0.102906
23.000000 247.270935 84.649643 -29.792582 0.702064 0.100600 0.697431 -0.102839
23.100000 247.146027 84.611557 -29.792500 0.702068 0.100570 0.697441 -0.102774
23.200000 247.021103 84.573555 -29.792414 0.702071 0.100541 0.697451 -0.102709
23.300000 246.896210 84.535553 -29.792332 0.702075 0.100512 0.697461 -0.102644
23.400000 246.759933 84.494194 -29.792240 0.702079 0.100482 0.697472 -0.102574
23.500000 246.635040 84.456276 -29.792152 0.702083 0.100455 0.697482 -0.102509
23.600000 246.510117 84.418434 -29.792070 0.702086 0.100428 0.697491 -0.102444
23.700000 246.385193 84.380600 -29.791985 0.702090 0.100400 0.697501 -0.102378
23.800000 246.260300 84.342842 -29.791901 0.702093 0.100373 0.697512 -0.102312
23.900000 246.124039 84.301666 -29.791809 0.702098 0.100341 0.697523 -0.102238
24.000000 245.999115 84.263969 -29.791725 0.702102 0.100312 0.697533 -0.102170
24.100000 245.885437 84.229736 -29.791647 0.702105 0.100284 0.697542 -0.102107
24.200000 245.748978 84.188683 -29.791555 0.702110 0.100251 0.697554 -0.102031
24.300000 245.623917 84.151100 -29.791471 0.702114 0.100219 0.697564 -0.101959
24.400000 245.498840 84.113533 -29.791388 0.702119 0.100186 0.697575 -0.101887
24.500000 245.373749 84.076042 -29.791304 0.702123 0.100153 0.697586 -0.101814
24.600000 245.248672 84.038551 -29.791220 0.702128 0.100119 0.697597 -0.101739
24.700000 245.112228 83.997696 -29.791124 0.702133 0.100082 0.697609 -0.101658
24.800000 244.714249 83.878769 -29.790859 0.702148 0.099970 0.697645 -0.101417
24.900000 244.577789 83.838043 -29.790768 0.702154 0.099931 0.697657 -0.101335
25.000000 244.339020 83.766891 -29.790607 0.702163 0.099863 0.697678 -0.101192
25.100000 244.213913 83.729660 -29.790522 0.702168 0.099828 0.697689 -0.101117
25.200000 243.975143 83.658661 -29.790354 0.702177 0.099763 0.697710 -0.100978
25.300000 243.850052 83.621506 -29.790249 0.702181 0.099730 0.697720 -0.100907
25.400000 243.724976 83.584335 -29.790144 0.702186 0.099698 0.697730 -0.100837
25.500000 243.599716 83.547264 -29.790039 0.702190 0.099667 0.697740 -0.100768
25.600000 243.474472 83.510185 -29.789934 0.702194 0.099638 0.697750 -0.100701
25.700000 243.337845 83.469742 -29.789818 0.702198 0.099608 0.697761 -0.100630
25.800000 243.087357 83.395721 -29.789606 0.702205 0.099558 0.697779 -0.100506
25.900000 242.962128 83.358742 -29.789501 0.702208 0.099535 0.697787 -0.100447
26.000000 242.836868 83.321739 -29.789396 0.702211 0.099515 0.697796 -0.100390
26.100000 242.711639 83.284836 -29.789291 0.702213 0.099497 0.697804 -0.100335
26.200000 242.597763 83.251266 -29.789196 0.702215 0.099482 0.697811 -0.100287
26.300000 242.472534 83.214355 -29.789091 0.702217 0.099467 0.697818 -0.100237
26.400000 242.347275 83.177452 -29.788986 0.702219 0.099455 0.697825 -0.100190
26.500000 242.210663 83.137245 -29.788872 0.702220 0.099443 0.697832 -0.100141
26.600000 242.085403 83.100418 -29.788767 0.702221 0.099434 0.697838 -0.100098
26.700000 241.846329 83.030098 -29.788567 0.702223 0.099424 0.697849 -0.100024
26.800000 241.721069 82.993279 -29.788462 0.702223 0.099421 0.697855 -0.099988
26.900000 241.584442 82.953178 -29.788343 0.702223 0.099419 0.697860 -0.099952
27.000000 241.459198 82.916428 -29.788239 0.702223 0.099420 0.697864 -0.099921
27.100000 241.333984 82.879669 -29.788134 0.702222 0.099422 0.697869 -0.099892
27.200000 241.208740 82.842911 -29.788031 0.702222 0.099425 0.697873 -0.099865
27.300000 241.072128 82.802841 -29.787916 0.702221 0.099431 0.697877 -0.099838
27.400000 240.958252 82.769493 -29.787821 0.702220 0.099436 0.697880 -0.099817
27.500000 240.810242 82.726151 -29.787697 0.702219 0.099445 0.697883 -0.099792
27.600000 240.696396 82.692802 -29.787601 0.702218 0.099453 0.697886 -0.099774
27.700000 240.571167 82.656120 -29.787497 0.702216 0.099462 0.697889 -0.099756
27.800000 240.320679 82.582764 -29.787287 0.702213 0.099482 0.697894 -0.099722
27.900000 240.184052 82.542831 -29.787172 0.702211 0.099494 0.697896 -0.099706
28.000000 240.058823 82.506226 -29.787067 0.702209 0.099506 0.697899 -0.099692
28.100000 239.922195 82.466339 -29.786953 0.702206 0.099528 0.697902 -0.099671
28.200000 239.796906 82.429802 -29.786848 0.702201 0.099557 0.697906 -0.099646
28.300000 239.660080 82.389999 -29.786734 0.702195 0.099598 0.697910 -0.099616
28.400000 239.523239 82.350212 -29.786617 0.702188 0.099650 0.697914 -0.099586
28.500000 239.386383 82.310448 -29.786505 0.702180 0.099711 0.697918 -0.099558
28.600000 239.260925 82.274025 -29.786400 0.702170 0.099774 0.697921 -0.099536
28.700000 239.124069 82.234360 -29.786283 0.702159 0.099852 0.697924 -0.099516
28.800000 239.010010 82.201340 -29.786188 0.702149 0.099923 0.697926 -0.099505
28.900000 238.873154 82.161697 -29.786074 0.702136 0.100017 0.697927 -0.099499
29.000000 238.747711 82.125351 -29.785969 0.702123 0.100110 0.697927 -0.099501
29.100000 238.622253 82.089012 -29.785864 0.702108 0.100210 0.697925 -0.099510
29.200000 238.496811 82.052666 -29.785759 0.702093 0.100317 0.697923 -0.099527
29.300000 238.371338 82.016319 -29.785654 0.702077 0.100430 0.697919 -0.099552
29.400000 238.245911 81.979958 -29.785551 0.702059 0.100550 0.697915 -0.099585
29.500000 238.109039 81.940239 -29.785437 0.702040 0.100687 0.697908 -0.099631
29.600000 237.983612 81.903793 -29.785332 0.702021 0.100819 0.697901 -0.099681
29.700000 237.858139 81.867340 -29.785227 0.702001 0.100955 0.697893 -0.099740
29.800000 237.732712 81.830864 -29.785122 0.701981 0.101095 0.697883 -0.099806
29.900000 237.493332 81.761215 -29.784922 0.701941 0.101375 0.697862 -0.099951
30.000000 237.368057 81.724724 -29.784817 0.701919 0.101526 0.697850 -0.100036
30.100000 237.242783 81.688225 -29.784712 0.701897 0.101679 0.697837 -0.100127
30.200000 237.117538 81.651680 -29.784607 0.701874 0.101835 0.697823 -0.100223
30.300000 236.992279 81.615082 -29.784502 0.701852 0.101991 0.697809 -0.100323
30.400000 236.855637 81.575142 -29.784386 0.701827 0.102163 0.697792 -0.100436
30.500000 236.707611 81.531860 -29.784267 0.701800 0.102348 0.697774 -0.100563
30.600000 236.582352 81.495224 -29.784163 0.701778 0.102505 0.697758 -0.100673
30.700000 236.457108 81.458549 -29.784058 0.701755 0.102660 0.697742 -0.100785
30.800000 236.183838 81.378403 -29.783827 0.701707 0.102992 0.697706 -0.101031
30.900000 236.058609 81.341660 -29.783722 0.701685 0.103141 0.697689 -0.101143
31.000000 235.921967 81.301529 -29.783607 0.701662 0.103299 0.697671 -0.101265
31.100000 235.785339 81.261337 -29.783493 0.701640 0.103452 0.697653 -0.101386
31.200000 235.648712 81.221138 -29.783379 0.701618 0.103601 0.697636 -0.101504
31.300000 235.512100 81.180931 -29.783264 0.701597 0.103745 0.697619 -0.101620
31.400000 235.364090 81.137283 -29.783142 0.701575 0.103894 0.697601 -0.101742
31.500000 235.227478 81.096970 -29.783026 0.701555 0.104026 0.697585 -0.101851
31.600000 235.090866 81.056656 -29.782915 0.701537 0.104152 0.697569 -0.101956
31.700000 234.965637 81.019646 -29.782810 0.701521 0.104263 0.697556 -0.102050
31.800000 234.840424 80.982590 -29.782705 0.701505 0.104367 0.697542 -0.102140
31.900000 234.715195 80.945534 -29.782598 0.701490 0.104467 0.697530 -0.102226
32.000000 234.578568 80.905098 -29.782484 0.701475 0.104570 0.697516 -0.102316
32.100000 234.441971 80.864571 -29.782370 0.701461 0.104667 0.697504 -0.102402
32.200000 234.305359 80.824036 -29.782255 0.701447 0.104758 0.697492 -0.102484
32.300000 234.157379 80.780121 -29.782133 0.701434 0.104850 0.697479 -0.102568
32.400000 234.020782 80.739487 -29.782019 0.701422 0.104929 0.697468 -0.102641
32.500000 233.872940 80.695457 -29.781895 0.701410 0.105008 0.697457 -0.102717
32.600000 233.747910 80.658203 -29.781790 0.701401 0.105071 0.697448 -0.102778
32.700000 233.463699 80.573334 -29.781549 0.701381 0.105199 0.697429 -0.102907
32.800000 233.247726 80.508774 -29.781368 0.701369 0.105283 0.697416 -0.102997
32.900000 233.065857 80.454308 -29.781218 0.701359 0.105348 0.697405 -0.103069
33.000000 232.952179 80.420265 -29.781122 0.701353 0.105385 0.697399 -0.103112
33.100000 232.815750 80.379364 -29.781008 0.701347 0.105428 0.697391 -0.103163
33.200000 232.690735 80.341827 -29.780903 0.701341 0.105464 0.697385 -0.103207
33.300000 232.554337 80.300880 -29.780788 0.701336 0.105502 0.697378 -0.103256
33.400000 232.440643 80.266754 -29.780693 0.701331 0.105532 0.697372 -0.103295
33.500000 232.304245 80.225700 -29.780579 0.701326 0.105567 0.697365 -0.103341
33.600000 232.167847 80.184654 -29.780462 0.701321 0.105600 0.697359 -0.103387
33.700000 231.917770 80.109337 -29.780251 0.701312 0.105659 0.697346 -0.103471
33.800000 231.781357 80.068184 -29.780136 0.701307 0.105691 0.697339 -0.103517
33.900000 231.644958 80.027031 -29.780022 0.701302 0.105722 0.697333 -0.103563
34.000000 231.519943 79.989304 -29.779917 0.701298 0.105750 0.697326 -0.103606
34.100000 231.235764 79.903374 -29.779680 0.701288 0.105814 0.697312 -0.103705
34.200000 231.076630 79.855255 -29.779545 0.701283 0.105850 0.697303 -0.103761
34.300000 230.951660 79.817368 -29.779440 0.701278 0.105879 0.697297 -0.103806
34.400000 230.826767 79.779472 -29.779335 0.701274 0.105907 0.697290 -0.103852
34.500000 230.701904 79.741577 -29.779230 0.701269 0.105936 0.697283 -0.103898
34.600000 230.577042 79.703674 -29.779125 0.701265 0.105965 0.697276 -0.103945
34.700000 230.452209 79.665703 -29.779020 0.701260 0.105994 0.697269 -0.103992
34.800000 230.304626 79.620811 -29.778896 0.701255 0.106029 0.697261 -0.104049
34.900000 230.168396 79.579376 -29.778782 0.701250 0.106060 0.697253 -0.104101
35.000000 230.043549 79.541382 -29.778679 0.701246 0.106089 0.697246 -0.104150
35.100000 229.918686 79.503326 -29.778574 0.701242 0.106118 0.697239 -0.104199
35.200000 229.793823 79.465256 -29.778469 0.701237 0.106147 0.697231 -0.104247
35.300000 229.680328 79.430641 -29.778372 0.701233 0.106172 0.697225 -0.104291
35.400000 229.544113 79.389107 -29.778259 0.701229 0.106203 0.697217 -0.104344
35.500000 229.419235 79.350998 -29.778154 0.701224 0.106231 0.697210 -0.104391
35.600000 229.305725 79.316315 -29.778059 0.701221 0.106255 0.697204 -0.104434
35.700000 229.169510 79.274689 -29.777945 0.701216 0.106284 0.697196 -0.104485
35.800000 229.021942 79.229591 -29.777819 0.701212 0.106315 0.697188 -0.104540
35.900000 228.885742 79.187965 -29.777702 0.701207 0.106342 0.697181 -0.104589
36.000000 228.760880 79.149742 -29.777597 0.701204 0.106366 0.697174 -0.104633
36.100000 228.636032 79.111504 -29.777493 0.701200 0.106389 0.697167 -0.104677
36.200000 228.511169 79.073257 -29.777388 0.701197 0.106411 0.697161 -0.104719
36.300000 228.374939 79.031548 -29.777273 0.701193 0.106435 0.697154 -0.104764
36.400000 228.125214 78.955009 -29.777061 0.701187 0.106474 0.697143 -0.104843
36.500000 228.000366 78.916695 -29.776957 0.701184 0.106492 0.697137 -0.104880
36.600000 227.875504 78.878365 -29.776852 0.701182 0.106508 0.697132 -0.104916
36.700000 227.739288 78.836563 -29.776739 0.701179 0.106525 0.697126 -0.104954
36.800000 227.603058 78.794762 -29.776625 0.701177 0.106541 0.697121 -0.104991
36.900000 227.489548 78.759918 -29.776529 0.701175 0.106553 0.697116 -0.105020
37.000000 227.353333 78.718048 -29.776415 0.701173 0.106566 0.697111 -0.105054
37.100000 227.217117 78.676147 -29.776300 0.701171 0.106578 0.697107 -0.105086
37.200000 227.092285 78.637749 -29.776196 0.701169 0.106587 0.697102 -0.105114
37.300000 226.956070 78.595856 -29.776081 0.701168 0.106597 0.697098 -0.105143
37.400000 226.831192 78.557457 -29.775976 0.701167 0.106604 0.697094 -0.105168
37.500000 226.706360 78.519051 -29.775871 0.701166 0.106610 0.697091 -0.105193
37.600000 226.581680 78.480637 -29.775766 0.701165 0.106616 0.697087 -0.105216
37.700000 226.434311 78.435158 -29.775640 0.701164 0.106621 0.697083 -0.105242
37.800000 226.298294 78.393166 -29.775526 0.701164 0.106625 0.697080 -0.105265
37.900000 226.173569 78.354683 -29.775421 0.701163 0.106627 0.697077 -0.105285
38.000000 226.037552 78.312698 -29.775309 0.701163 0.106628 0.697074 -0.105306
38.100000 225.912872 78.274216 -29.775204 0.701163 0.106628 0.697071 -0.105324
38.200000 225.788162 78.235725 -29.775099 0.701163 0.106628 0.697068 -0.105341
38.300000 225.652130 78.193741 -29.774984 0.701163 0.106626 0.697066 -0.105359
38.400000 225.527435 78.155212 -29.774879 0.701163 0.106625 0.697064 -0.105375
38.500000 225.402725 78.116646 -29.774775 0.701164 0.106623 0.697061 -0.105389
38.600000 225.278046 78.078079 -29.774670 0.701164 0.106620 0.697059 -0.105403
38.700000 225.028641 78.000954 -29.774460 0.701165 0.106613 0.697055 -0.105430
38.800000 224.767899 77.920311 -29.774240 0.701166 0.106603 0.697052 -0.105454
38.900000 224.643219 77.881752 -29.774136 0.701167 0.106599 0.697050 -0.105465
39.000000 224.507187 77.839676 -29.774021 0.701168 0.106593 0.697048 -0.105477
39.100000 224.382477 77.801125 -29.773916 0.701168 0.106589 0.697047 -0.105486
39.200000 224.269135 77.766090 -29.773821 0.701168 0.106590 0.697047 -0.105490
39.300000 224.133057 77.724014 -29.773705 0.701166 0.106602 0.697047 -0.105488
39.400000 223.996994 77.681969 -29.773590 0.701163 0.106622 0.697048 -0.105482
39.500000 223.872238 77.643448 -29.773485 0.701159 0.106648 0.697049 -0.105475
39.600000 223.736191 77.601456 -29.773373 0.701154 0.106684 0.697050 -0.105469
39.700000 223.600067 77.559464 -29.773258 0.701147 0.106729 0.697050 -0.105466
39.800000 223.475327 77.520996 -29.773153 0.701139 0.106778 0.697050 -0.105467
39.900000 223.350586 77.482521 -29.773048 0.701131 0.106832 0.697049 -0.105473
40.000000 223.214493 77.440559 -29.772934 0.701121 0.106900 0.697047 -0.105486
40.100000 223.089722 77.402084 -29.772829 0.701110 0.106970 0.697045 -0.105503
40.200000 222.976303 77.367043 -29.772734 0.701100 0.107038 0.697041 -0.105525
40.300000 222.851562 77.328499 -29.772629 0.701087 0.107120 0.697037 -0.105556
40.400000 222.692764 77.279434 -29.772495 0.701070 0.107233 0.697029 -0.105605
40.500000 222.568024 77.240875 -29.772390 0.701055 0.107328 0.697022 -0.105652
40.600000 222.431946 77.198807 -29.772274 0.701038 0.107439 0.697013 -0.105712
40.700000 222.295853 77.156693 -29.772161 0.701020 0.107556 0.697003 -0.105780
40.800000 222.171112 77.118034 -29.772060 0.701003 0.107668 0.696992 -0.105849
40.900000 222.035019 77.075859 -29.771946 0.700984 0.107796 0.696979 -0.105932
41.000000 221.898941 77.033676 -29.771830 0.700963 0.107928 0.696966 -0.106022
41.100000 221.762848 76.991501 -29.771715 0.700943 0.108064 0.696951 -0.106118
41.200000 221.638123 76.952736 -29.771610 0.700923 0.108192 0.696937 -0.106211
41.300000 221.513367 76.913971 -29.771505 0.700903 0.108322 0.696922 -0.106308
41.400000 221.377304 76.871666 -29.771391 0.700881 0.108466 0.696905 -0.106419
41.500000 221.252548 76.832886 -29.771286 0.700861 0.108599 0.696888 -0.106524
41.600000 221.127823 76.794029 -29.771181 0.700840 0.108733 0.696872 -0.106631
41.700000 220.878555 76.716286 -29.770971 0.700799 0.109000 0.696838 -0.106851
41.800000 220.742676 76.673843 -29.770857 0.700777 0.109144 0.696819 -0.106972
41.900000 220.606766 76.631332 -29.770744 0.700755 0.109285 0.696800 -0.107094
42.000000 220.470886 76.588799 -29.770630 0.700733 0.109424 0.696781 -0.107216
42.100000 220.335022 76.546272 -29.770514 0.700712 0.109560 0.696763 -0.107336
42.200000 220.199158 76.503670 -29.770403 0.700692 0.109692 0.696744 -0.107455
42.300000 220.074585 76.464584 -29.770298 0.700674 0.109809 0.696727 -0.107562
42.400000 219.938721 76.421951 -29.770182 0.700654 0.109931 0.696710 -0.107676
42.500000 219.814178 76.382828 -29.770077 0.700638 0.110040 0.696694 -0.107778
42.600000 219.678299 76.340088 -29.769962 0.700620 0.110153 0.696677 -0.107885
42.700000 219.553741 76.300903 -29.769857 0.700605 0.110252 0.696662 -0.107980
42.800000 219.417892 76.258163 -29.769743 0.700589 0.110354 0.696647 -0.108080
42.900000 219.293350 76.218887 -29.769638 0.700575 0.110442 0.696633 -0.108168
43.000000 219.157471 76.176041 -29.769526 0.700561 0.110534 0.696618 -0.108259
43.100000 219.032944 76.136765 -29.769421 0.700548 0.110612 0.696606 -0.108338
43.200000 218.908386 76.097435 -29.769316 0.700537 0.110685 0.696594 -0.108414
43.300000 218.727234 76.040169 -29.769161 0.700521 0.110784 0.696578 -0.108517
43.400000 218.602707 76.000793 -29.769056 0.700511 0.110845 0.696568 -0.108584
43.500000 218.478165 75.961388 -29.768951 0.700502 0.110902 0.696558 -0.108646
43.600000 218.229095 75.882462 -29.768742 0.700486 0.111004 0.696540 -0.108762
43.700000 218.093292 75.839409 -29.768627 0.700479 0.111053 0.696531 -0.108819
43.800000 217.980255 75.803452 -29.768530 0.700473 0.111090 0.696524 -0.108864
43.900000 217.844559 75.760300 -29.768415 0.700466 0.111131 0.696516 -0.108916
44.000000 217.460175 75.637901 -29.768093 0.700451 0.111226 0.696496 -0.109048
44.100000 217.313171 75.591042 -29.767967 0.700446 0.111256 0.696488 -0.109094
44.200000 217.177521 75.547791 -29.767853 0.700442 0.111281 0.696482 -0.109135
44.300000 217.041870 75.504448 -29.767738 0.700438 0.111304 0.696476 -0.109174
44.400000 216.894882 75.457489 -29.767614 0.700434 0.111327 0.696470 -0.109215
44.500000 216.634857 75.374367 -29.767395 0.700428 0.111363 0.696459 -0.109285
44.600000 216.499191 75.330917 -29.767282 0.700426 0.111381 0.696453 -0.109320
44.700000 216.374817 75.291092 -29.767178 0.700423 0.111397 0.696448 -0.109353
44.800000 216.250458 75.251266 -29.767073 0.700420 0.111412 0.696443 -0.109385
44.900000 216.126114 75.211411 -29.766968 0.700418 0.111427 0.696438 -0.109418
45.000000 215.990448 75.167870 -29.766851 0.700415 0.111443 0.696433 -0.109454
45.100000 215.854782 75.124321 -29.766737 0.700413 0.111460 0.696427 -0.109490
45.200000 215.719101 75.080788 -29.766623 0.700410 0.111477 0.696421 -0.109527
45.300000 215.572144 75.033577 -29.766499 0.700407 0.111496 0.696415 -0.109567
45.400000 215.436478 74.989944 -29.766384 0.700404 0.111514 0.696409 -0.109605
45.500000 215.300812 74.946312 -29.766270 0.700401 0.111532 0.696403 -0.109643
45.600000 215.153839 74.899040 -29.766148 0.700398 0.111553 0.696397 -0.109686
45.700000 214.882538 74.811661 -29.765917 0.700391 0.111593 0.696384 -0.109767
45.800000 214.611572 74.724205 -29.765686 0.700384 0.111635 0.696371 -0.109850
45.900000 214.397064 74.654945 -29.765505 0.700379 0.111668 0.696361 -0.109917
46.000000 214.238998 74.603813 -29.765371 0.700375 0.111694 0.696353 -0.109968
46.100000 214.114822 74.563652 -29.765265 0.700371 0.111714 0.696346 -0.110007
46.200000 213.979324 74.519829 -29.765150 0.700368 0.111735 0.696340 -0.110051
46.300000 213.855148 74.479660 -29.765045 0.700365 0.111754 0.696333 -0.110090
46.400000 213.730957 74.439476 -29.764940 0.700362 0.111774 0.696327 -0.110129
46.500000 213.595490 74.395561 -29.764828 0.700358 0.111794 0.696321 -0.110172
46.600000 213.471298 74.355309 -29.764723 0.700355 0.111813 0.696315 -0.110210
46.700000 213.358368 74.318718 -29.764627 0.700353 0.111829 0.696309 -0.110244
46.800000 213.234192 74.278465 -29.764523 0.700350 0.111847 0.696303 -0.110281
46.900000 213.110016 74.238213 -29.764418 0.700347 0.111863 0.696298 -0.110317
47.000000 212.997101 74.201614 -29.764322 0.700345 0.111878 0.696293 -0.110349
47.100000 212.872925 74.161293 -29.764217 0.700342 0.111893 0.696287 -0.110384
47.200000 212.737442 74.117287 -29.764103 0.700340 0.111909 0.696281 -0.110420
47.300000 212.624527 74.080620 -29.764008 0.700338 0.111921 0.696277 -0.110449
47.400000 212.489059 74.036621 -29.763893 0.700336 0.111935 0.696272 -0.110483
47.500000 212.353577 73.992622 -29.763779 0.700334 0.111947 0.696266 -0.110516
47.600000 212.195496 73.941292 -29.763645 0.700331 0.111961 0.696261 -0.110552
47.700000 212.071320 73.900948 -29.763540 0.700330 0.111970 0.696256 -0.110579
47.800000 211.789078 73.809097 -29.763302 0.700327 0.111987 0.696248 -0.110635
47.900000 211.653595 73.765007 -29.763187 0.700326 0.111993 0.696244 -0.110660
48.000000 211.518097 73.720924 -29.763073 0.700325 0.111998 0.696240 -0.110683
48.100000 211.393921 73.680504 -29.762968 0.700325 0.112002 0.696237 -0.110703
48.200000 211.258438 73.636421 -29.762854 0.700324 0.112005 0.696234 -0.110724
48.300000 211.134247 73.596016 -29.762749 0.700324 0.112007 0.696231 -0.110741
48.400000 210.998749 73.551910 -29.762634 0.700324 0.112008 0.696228 -0.110759
48.500000 210.750366 73.470932 -29.762424 0.700324 0.112008 0.696223 -0.110789
48.600000 210.637451 73.434120 -29.762329 0.700324 0.112006 0.696222 -0.110801
48.700000 210.389084 73.353142 -29.762119 0.700324 0.112002 0.696218 -0.110826
48.800000 210.253586 73.308968 -29.762003 0.700325 0.111998 0.696216 -0.110839
48.900000 210.129410 73.268478 -29.761898 0.700325 0.111995 0.696214 -0.110849
49.000000 210.005203 73.227989 -29.761793 0.700326 0.111991 0.696212 -0.110859
49.100000 209.869720 73.183823 -29.761681 0.700327 0.111986 0.696211 -0.110869
49.200000 209.745529 73.143333 -29.761576 0.700328 0.111982 0.696210 -0.110877
49.300000 209.610031 73.099174 -29.761461 0.700328 0.111977 0.696208 -0.110886
49.400000 209.339081 73.010658 -29.761232 0.700330 0.111967 0.696206 -0.110902
49.500000 209.214859 72.970093 -29.761127 0.700331 0.111962 0.696204 -0.110909
49.600000 209.068100 72.922150 -29.761003 0.700331 0.111956 0.696203 -0.110917
49.700000 208.808411 72.837326 -29.760780 0.700333 0.111946 0.696202 -0.110932
49.800000 208.684219 72.796753 -29.760675 0.700333 0.111941 0.696201 -0.110938
49.900000 208.537430 72.748825 -29.760553 0.700334 0.111935 0.696199 -0.110946
50.000000 208.401947 72.704567 -29.760439 0.700335 0.111930 0.696198 -0.110952
50.100000 208.277893 72.664009 -29.760334 0.700336 0.111926 0.696197 -0.110959
50.200000 208.018555 72.579216 -29.760115 0.700337 0.111921 0.696195 -0.110968
50.300000 207.894485 72.538696 -29.760010 0.700336 0.111929 0.696196 -0.110966
50.400000 207.759155 72.494545 -29.759893 0.700333 0.111945 0.696197 -0.110959
50.500000 207.623825 72.450417 -29.759783 0.700329 0.111970 0.696198 -0.110951
50.600000 207.488464 72.406265 -29.759666 0.700324 0.112003 0.696199 -0.110943
50.700000 207.375671 72.369438 -29.759573 0.700318 0.112036 0.696200 -0.110939
50.800000 207.251602 72.328941 -29.759466 0.700312 0.112078 0.696200 -0.110937
50.900000 207.116241 72.284775 -29.759352 0.700303 0.112131 0.696200 -0.110939
51.000000 206.992142 72.244286 -29.759247 0.700294 0.112187 0.696199 -0.110947
51.100000 206.856796 72.200119 -29.759134 0.700284 0.112253 0.696197 -0.110961
51.200000 206.732712 72.159630 -29.759029 0.700273 0.112321 0.696194 -0.110980
51.300000 206.608627 72.119141 -29.758924 0.700261 0.112394 0.696190 -0.111005
51.400000 206.473251 72.074966 -29.758810 0.700247 0.112480 0.696184 -0.111039
51.500000 206.360458 72.038155 -29.758715 0.700235 0.112557 0.696179 -0.111074
51.600000 206.225113 71.993912 -29.758600 0.700219 0.112654 0.696171 -0.111122
51.700000 205.976944 71.912743 -29.758390 0.700188 0.112848 0.696154 -0.111230
51.800000 205.864151 71.875839 -29.758295 0.700173 0.112941 0.696144 -0.111287
51.900000 205.717514 71.827858 -29.758171 0.700153 0.113067 0.696131 -0.111368
52.000000 205.604736 71.790947 -29.758076 0.700137 0.113168 0.696121 -0.111435
52.100000 205.480652 71.750282 -29.757971 0.700118 0.113280 0.696108 -0.111512
52.200000 205.334015 71.702187 -29.757847 0.700097 0.113417 0.696092 -0.111610
52.300000 205.176132 71.650383 -29.757717 0.700072 0.113566 0.696075 -0.111720
52.400000 205.040771 71.605972 -29.757603 0.700051 0.113696 0.696059 -0.111819
52.500000 204.916733 71.565231 -29.757498 0.700032 0.113816 0.696044 -0.111912
52.600000 204.781387 71.520721 -29.757381 0.700011 0.113946 0.696027 -0.112016
52.700000 204.646027 71.476204 -29.757267 0.699990 0.114077 0.696010 -0.112121
52.800000 204.510696 71.431679 -29.757153 0.699969 0.114205 0.695992 -0.112227
52.900000 204.375366 71.387146 -29.757038 0.699949 0.114333 0.695975 -0.112334
53.000000 204.240036 71.342522 -29.756924 0.699928 0.114458 0.695958 -0.112440
53.100000 204.115967 71.301605 -29.756819 0.699910 0.114570 0.695942 -0.112536
53.200000 203.856598 71.216042 -29.756601 0.699873 0.114796 0.695910 -0.112734
53.300000 203.721268 71.171310 -29.756487 0.699855 0.114908 0.695893 -0.112834
53.400000 203.597229 71.130302 -29.756382 0.699839 0.115008 0.695879 -0.112924
53.500000 203.450623 71.081825 -29.756256 0.699820 0.115120 0.695862 -0.113026
53.600000 203.180328 70.992203 -29.756027 0.699789 0.115313 0.695833 -0.113206
53.700000 203.056442 70.951088 -29.755922 0.699775 0.115394 0.695820 -0.113284
53.800000 202.932571 70.909966 -29.755817 0.699763 0.115471 0.695808 -0.113359
53.900000 202.819962 70.872574 -29.755722 0.699752 0.115538 0.695797 -0.113424
54.000000 202.696091 70.831352 -29.755617 0.699741 0.115606 0.695786 -0.113493
54.100000 202.560959 70.786407 -29.755503 0.699729 0.115676 0.695774 -0.113564
54.200000 202.448334 70.748932 -29.755407 0.699720 0.115730 0.695765 -0.113621
54.300000 202.324493 70.707695 -29.755302 0.699711 0.115786 0.695755 -0.113680
54.400000 202.087997 70.628853 -29.755102 0.699695 0.115882 0.695738 -0.113785
54.500000 201.964142 70.587540 -29.754997 0.699688 0.115926 0.695730 -0.113835
54.600000 201.828995 70.542458 -29.754883 0.699680 0.115971 0.695721 -0.113888
54.700000 201.581284 70.459679 -29.754673 0.699668 0.116043 0.695707 -0.113975
54.800000 201.457413 70.418274 -29.754568 0.699663 0.116075 0.695700 -0.114016
54.900000 201.209702 70.335381 -29.754360 0.699654 0.116131 0.695688 -0.114091
55.000000 201.074585 70.290123 -29.754246 0.699649 0.116158 0.695682 -0.114129
55.100000 200.950714 70.248634 -29.754141 0.699645 0.116181 0.695676 -0.114163
55.200000 200.815598 70.203377 -29.754025 0.699641 0.116204 0.695670 -0.114198
55.300000 200.680466 70.158028 -29.753910 0.699638 0.116225 0.695665 -0.114233
55.400000 200.421494 70.071091 -29.753691 0.699631 0.116263 0.695655 -0.114297
55.500000 200.286407 70.025734 -29.753576 0.699628 0.116282 0.695649 -0.114330
55.600000 200.162704 69.984093 -29.753471 0.699625 0.116298 0.695644 -0.114359
55.700000 200.039017 69.942421 -29.753366 0.699623 0.116314 0.695639 -0.114390
55.800000 199.904083 69.896965 -29.753252 0.699620 0.116332 0.695634 -0.114423
55.900000 199.769150 69.851509 -29.753139 0.699617 0.116348 0.695629 -0.114456
56.000000 199.634232 69.806023 -29.753025 0.699614 0.116365 0.695623 -0.114490
56.100000 199.510529 69.764267 -29.752920 0.699611 0.116381 0.695618 -0.114521
56.200000 199.386826 69.722511 -29.752813 0.699609 0.116396 0.695613 -0.114553
56.300000 199.251907 69.676964 -29.752697 0.699606 0.116413 0.695607 -0.114589
56.400000 199.116989 69.631409 -29.752583 0.699603 0.116431 0.695601 -0.114625
56.500000 198.982040 69.585800 -29.752468 0.699600 0.116449 0.695595 -0.114661
56.600000 198.835876 69.536354 -29.752342 0.699596 0.116469 0.695589 -0.114701
56.700000 198.712189 69.494507 -29.752237 0.699593 0.116486 0.695583 -0.114735
56.800000 198.565994 69.445061 -29.752115 0.699590 0.116506 0.695576 -0.114776
56.900000 198.419815 69.395615 -29.751991 0.699586 0.116527 0.695570 -0.114818
57.000000 198.284897 69.349884 -29.751877 0.699583 0.116546 0.695563 -0.114856
57.100000 198.026291 69.262222 -29.751657 0.699577 0.116584 0.695551 -0.114930
57.200000 197.891357 69.216492 -29.751543 0.699574 0.116604 0.695545 -0.114968
57.300000 197.756424 69.170753 -29.751427 0.699570 0.116624 0.695538 -0.115007
57.400000 197.632736 69.128807 -29.751322 0.699567 0.116642 0.695533 -0.115042
57.500000 197.497787 69.082985 -29.751211 0.699564 0.116661 0.695527 -0.115080
57.600000 197.374115 69.040977 -29.751104 0.699561 0.116679 0.695521 -0.115114
57.700000 197.227921 68.991333 -29.750980 0.699558 0.116699 0.695514 -0.115154
57.800000 197.104248 68.949318 -29.750875 0.699555 0.116715 0.695509 -0.115187
57.900000 196.946838 68.895866 -29.750742 0.699551 0.116736 0.695502 -0.115229
58.000000 196.811890 68.850014 -29.750628 0.699549 0.116753 0.695496 -0.115263
58.100000 196.665695 68.800270 -29.750502 0.699546 0.116771 0.695490 -0.115300
58.200000 196.542023 68.758186 -29.750397 0.699543 0.116785 0.695485 -0.115330
58.300000 196.407089 68.712273 -29.750284 0.699541 0.116799 0.695480 -0.115362
58.400000 196.148453 68.624268 -29.750065 0.699536 0.116825 0.695470 -0.115420
58.500000 196.013535 68.578346 -29.749950 0.699534 0.116837 0.695466 -0.115449
58.600000 195.878647 68.532440 -29.749836 0.699533 0.116848 0.695461 -0.115476
58.700000 195.743896 68.486435 -29.749722 0.699531 0.116858 0.695457 -0.115503
58.800000 195.530548 68.413597 -29.749540 0.699528 0.116871 0.695450 -0.115542
58.900000 195.384567 68.363762 -29.749416 0.699527 0.116879 0.695446 -0.115568
59.000000 195.249817 68.317749 -29.749302 0.699526 0.116884 0.695442 -0.115590
59.100000 195.126282 68.275581 -29.749197 0.699526 0.116888 0.695439 -0.115610
59.200000 194.991531 68.229576 -29.749081 0.699525 0.116891 0.695436 -0.115630
59.300000 194.868027 68.187408 -29.748976 0.699525 0.116893 0.695433 -0.115647
59.400000 194.744492 68.145233 -29.748871 0.699524 0.116895 0.695430 -0.115664
59.500000 194.620972 68.103004 -29.748770 0.699524 0.116895 0.695428 -0.115679
59.600000 194.497452 68.060753 -29.748663 0.699524 0.116895 0.695425 -0.115693
59.700000 194.362717 68.014664 -29.748549 0.699525 0.116894 0.695423 -0.115708
59.800000 194.227951 67.968559 -29.748434 0.699525 0.116892 0.695421 -0.115721
59.900000 194.081970 67.918625 -29.748310 0.699525 0.116889 0.695418 -0.115735
60.000000 193.947220 67.872536 -29.748196 0.699526 0.116885 0.695416 -0.115747
60.100000 193.823685 67.830284 -29.748091 0.699527 0.116881 0.695415 -0.115756
60.200000 193.666473 67.776520 -29.747955 0.699528 0.116875 0.695413 -0.115768
60.300000 193.520508 67.726578 -29.747833 0.699529 0.116869 0.695411 -0.115777
60.400000 193.250992 67.634407 -29.747604 0.699530 0.116857 0.695409 -0.115792
60.500000 192.992706 67.545998 -29.747381 0.699531 0.116846 0.695408 -0.115804
60.600000 192.869202 67.503670 -29.747276 0.699532 0.116840 0.695407 -0.115809
60.700000 192.610916 67.415161 -29.747057 0.699534 0.116827 0.695406 -0.115820
60.800000 192.476151 67.368988 -29.746943 0.699535 0.116820 0.695405 -0.115825
60.900000 192.330170 67.318970 -29.746820 0.699536 0.116813 0.695404 -0.115831
61.000000 192.161728 67.261246 -29.746677 0.699538 0.116805 0.695403 -0.115837
61.100000 191.903458 67.172760 -29.746456 0.699541 0.116792 0.695400 -0.115845
61.200000 191.779922 67.130424 -29.746351 0.699542 0.116787 0.695399 -0.115849
61.300000 191.521637 67.041939 -29.746132 0.699544 0.116775 0.695398 -0.115858
61.400000 191.386887 66.995766 -29.746017 0.699546 0.116769 0.695397 -0.115862
61.500000 190.971359 66.853493 -29.745667 0.699546 0.116769 0.695397 -0.115862
61.600000 190.836578 66.807419 -29.745550 0.699543 0.116784 0.695398 -0.115853
61.700000 190.578201 66.719170 -29.745331 0.699534 0.116836 0.695402 -0.115834
61.800000 190.454620 66.676979 -29.745230 0.699528 0.116870 0.695403 -0.115828
61.900000 190.308594 66.627037 -29.745108 0.699520 0.116919 0.695404 -0.115824
62.000000 190.027725 66.531006 -29.744867 0.699501 0.117034 0.695402 -0.115833
62.100000 189.881668 66.481071 -29.744743 0.699489 0.117105 0.695400 -0.115849
62.200000 189.735626 66.431129 -29.744619 0.699476 0.117184 0.695396 -0.115873
62.300000 189.600815 66.385025 -29.744503 0.699462 0.117264 0.695391 -0.115902
62.400000 189.466019 66.338936 -29.744390 0.699448 0.117349 0.695385 -0.115939
62.500000 189.331192 66.292824 -29.744276 0.699433 0.117441 0.695377 -0.115982
62.600000 189.196381 66.246704 -29.744162 0.699416 0.117537 0.695369 -0.116033
62.700000 189.072815 66.204353 -29.744057 0.699401 0.117631 0.695360 -0.116085
62.800000 188.949234 66.161995 -29.743952 0.699384 0.117728 0.695351 -0.116143
62.900000 188.814423 66.115776 -29.743837 0.699366 0.117838 0.695339 -0.116212
63.000000 188.690872 66.073410 -29.743732 0.699349 0.117941 0.695327 -0.116281
63.100000 188.544846 66.023331 -29.743608 0.699327 0.118067 0.695313 -0.116367
63.200000 188.421265 65.980957 -29.743504 0.699309 0.118176 0.695300 -0.116444
63.300000 188.275223 65.930763 -29.743378 0.699287 0.118307 0.695284 -0.116540
63.400000 188.151672 65.888298 -29.743277 0.699268 0.118419 0.695269 -0.116624
63.500000 187.904541 65.803337 -29.743069 0.699230 0.118644 0.695240 -0.116799
63.600000 187.780991 65.760849 -29.742964 0.699211 0.118757 0.695225 -0.116888
63.700000 187.646362 65.714409 -29.742849 0.699191 0.118879 0.695208 -0.116987
63.800000 187.511749 65.667961 -29.742733 0.699170 0.118999 0.695191 -0.117086
63.900000 187.388382 65.625366 -29.742628 0.699152 0.119107 0.695176 -0.117177
64.000000 187.264999 65.582779 -29.742523 0.699134 0.119213 0.695160 -0.117268
64.100000 187.152832 65.544037 -29.742428 0.699118 0.119307 0.695147 -0.117350
64.200000 186.872437 65.447021 -29.742189 0.699080 0.119531 0.695113 -0.117549
64.300000 186.614471 65.357742 -29.741970 0.699048 0.119722 0.695083 -0.117723
64.400000 186.479858 65.311066 -29.741856 0.699032 0.119815 0.695068 -0.117809
64.500000 186.334061 65.260498 -29.741734 0.699015 0.119910 0.695053 -0.117899
64.600000 186.210693 65.217705 -29.741629 0.699002 0.119987 0.695041 -0.117972
64.700000 186.064896 65.167130 -29.741503 0.698988 0.120072 0.695027 -0.118054
64.800000 185.806946 65.077461 -29.741283 0.698965 0.120208 0.695004 -0.118188
64.900000 185.683594 65.034576 -29.741179 0.698954 0.120266 0.694994 -0.118248
65.000000 185.526566 64.979980 -29.741045 0.698943 0.120336 0.694981 -0.118319
65.100000 185.391983 64.933098 -29.740932 0.698933 0.120390 0.694972 -0.118376
65.200000 185.268616 64.890121 -29.740828 0.698925 0.120436 0.694963 -0.118425
65.300000 185.134033 64.843239 -29.740713 0.698918 0.120482 0.694955 -0.118476
65.400000 184.999451 64.796349 -29.740597 0.698910 0.120524 0.694946 -0.118524
65.500000 184.864899 64.749374 -29.740482 0.698904 0.120563 0.694939 -0.118568
65.600000 184.730301 64.702385 -29.740368 0.698897 0.120598 0.694932 -0.118611
65.700000 184.595718 64.655396 -29.740253 0.698892 0.120630 0.694925 -0.118651
65.800000 184.450027 64.604492 -29.740129 0.698886 0.120662 0.694918 -0.118692
65.900000 184.315643 64.557426 -29.740017 0.698882 0.120689 0.694912 -0.118727
66.000000 184.181244 64.510338 -29.739902 0.698877 0.120713 0.694906 -0.118762
66.100000 184.046844 64.463257 -29.739786 0.698873 0.120736 0.694900 -0.118795
66.200000 183.912476 64.416161 -29.739672 0.698870 0.120756 0.694895 -0.118828
66.300000 183.800491 64.376884 -29.739576 0.698867 0.120772 0.694890 -0.118854
66.400000 183.666107 64.329697 -29.739462 0.698864 0.120790 0.694885 -0.118885
66.500000 183.542908 64.286438 -29.739357 0.698861 0.120806 0.694880 -0.118913
66.600000 183.307724 64.203857 -29.739157 0.698856 0.120834 0.694871 -0.118967
66.700000 183.184540 64.160561 -29.739052 0.698854 0.120848 0.694867 -0.118994
66.800000 183.050156 64.113281 -29.738935 0.698851 0.120863 0.694862 -0.119025
66.900000 182.926971 64.069939 -29.738831 0.698849 0.120877 0.694857 -0.119053
67.000000 182.647003 63.971394 -29.738592 0.698843 0.120909 0.694846 -0.119117
67.100000 182.535019 63.931953 -29.738495 0.698841 0.120922 0.694841 -0.119144
67.200000 182.411835 63.888554 -29.738394 0.698838 0.120937 0.694836 -0.119173
67.300000 182.288651 63.845127 -29.738287 0.698835 0.120952 0.694831 -0.119203
67.400000 182.154266 63.797749 -29.738173 0.698833 0.120968 0.694826 -0.119236
67.500000 182.031082 63.754295 -29.738068 0.698830 0.120984 0.694820 -0.119266
67.600000 181.919083 63.714775 -29.737972 0.698827 0.120999 0.694816 -0.119295
67.700000 181.784698 63.667351 -29.737858 0.698824 0.121016 0.694810 -0.119329
67.800000 181.661514 63.623848 -29.737753 0.698821 0.121033 0.694804 -0.119361
67.900000 181.538315 63.580334 -29.737648 0.698818 0.121050 0.694799 -0.119393
68.000000 181.392746 63.528912 -29.737524 0.698815 0.121070 0.694792 -0.119432
68.100000 181.269562 63.485363 -29.737419 0.698812 0.121088 0.694787 -0.119464
68.200000 181.146378 63.441807 -29.737314 0.698808 0.121105 0.694781 -0.119497
68.300000 181.012009 63.394291 -29.737200 0.698805 0.121125 0.694775 -0.119533
68.400000 180.776825 63.311073 -29.737000 0.698799 0.121159 0.694764 -0.119595
68.500000 180.653641 63.267479 -29.736895 0.698796 0.121176 0.694759 -0.119628
68.600000 180.530594 63.223877 -29.736790 0.698793 0.121194 0.694753 -0.119660
68.700000 180.385208 63.172298 -29.736664 0.698790 0.121214 0.694746 -0.119698
68.800000 180.262207 63.128654 -29.736563 0.698787 0.121230 0.694741 -0.119730
68.900000 180.128006 63.081055 -29.736446 0.698784 0.121248 0.694735 -0.119765
69.000000 180.004990 63.037376 -29.736341 0.698781 0.121263 0.694730 -0.119796
69.100000 179.881973 62.993694 -29.736237 0.698779 0.121277 0.694725 -0.119826
69.200000 179.747772 62.946037 -29.736122 0.698776 0.121292 0.694719 -0.119858
69.300000 179.613571 62.898384 -29.736008 0.698773 0.121306 0.694714 -0.119890
69.400000 179.490555 62.854660 -29.735903 0.698771 0.121318 0.694709 -0.119917
69.500000 179.367554 62.810936 -29.735798 0.698769 0.121329 0.694704 -0.119944
69.600000 179.233337 62.763241 -29.735683 0.698767 0.121340 0.694699 -0.119972
69.700000 179.110321 62.719517 -29.735579 0.698766 0.121349 0.694695 -0.119997
69.800000 178.976135 62.671776 -29.735464 0.698764 0.121358 0.694691 -0.120022
69.900000 178.853104 62.628017 -29.735357 0.698763 0.121365 0.694687 -0.120044
70.000000 178.730072 62.584248 -29.735252 0.698762 0.121371 0.694683 -0.120065
70.100000 178.584702 62.532528 -29.735130 0.698761 0.121378 0.694679 -0.120089
70.200000 178.450500 62.484776 -29.735016 0.698760 0.121382 0.694676 -0.120109
70.300000 178.305115 62.433006 -29.734892 0.698759 0.121386 0.694672 -0.120129
70.400000 178.159744 62.381237 -29.734768 0.698759 0.121388 0.694669 -0.120148
70.500000 178.014328 62.329472 -29.734642 0.698759 0.121389 0.694666 -0.120166
70.600000 177.857773 62.273720 -29.734510 0.698759 0.121390 0.694663 -0.120183
70.700000 177.723572 62.225910 -29.734396 0.698759 0.121389 0.694661 -0.120196
70.800000 177.578201 62.174099 -29.734272 0.698759 0.121387 0.694659 -0.120210
70.900000 177.443985 62.126266 -29.734158 0.698759 0.121385 0.694657 -0.120221
71.000000 177.320969 62.082432 -29.734053 0.698760 0.121382 0.694655 -0.120231
71.100000 177.063721 61.990765 -29.733831 0.698761 0.121375 0.694652 -0.120249
71.200000 176.873611 61.922974 -29.733671 0.698762 0.121369 0.694650 -0.120261
71.300000 176.717041 61.867123 -29.733538 0.698763 0.121363 0.694649 -0.120269
71.400000 176.594025 61.823246 -29.733433 0.698764 0.121358 0.694647 -0.120276
71.500000 176.482178 61.783352 -29.733337 0.698765 0.121354 0.694646 -0.120281
71.600000 176.224960 61.691605 -29.733114 0.698766 0.121344 0.694644 -0.120293
71.700000 175.990097 61.607834 -29.732914 0.698768 0.121334 0.694643 -0.120303
71.800000 175.867065 61.563919 -29.732809 0.698769 0.121329 0.694642 -0.120307
71.900000 175.755249 61.523994 -29.732714 0.698770 0.121325 0.694641 -0.120312
72.000000 175.621033 61.476086 -29.732599 0.698771 0.121320 0.694640 -0.120317
72.100000 175.498016 61.432171 -29.732494 0.698771 0.121315 0.694639 -0.120321
72.200000 175.363800 61.384258 -29.732382 0.698772 0.121311 0.694638 -0.120326
72.300000 175.240784 61.340340 -29.732277 0.698773 0.121306 0.694638 -0.120331
72.400000 175.106583 61.292435 -29.732162 0.698774 0.121302 0.694637 -0.120336
72.500000 174.972382 61.244530 -29.732048 0.698774 0.121298 0.694636 -0.120342
72.600000 174.849350 61.200615 -29.731943 0.698775 0.121294 0.694635 -0.120346
72.700000 174.726303 61.156704 -29.731838 0.698776 0.121291 0.694634 -0.120351
72.800000 174.603302 61.112778 -29.731733 0.698776 0.121288 0.694633 -0.120356
72.900000 174.480270 61.068829 -29.731628 0.698777 0.121286 0.694633 -0.120360
73.000000 174.357239 61.024872 -29.731524 0.698777 0.121283 0.694632 -0.120365
73.100000 174.223038 60.976917 -29.731407 0.698777 0.121281 0.694631 -0.120370
73.200000 174.088821 60.928974 -29.731293 0.698778 0.121278 0.694630 -0.120376
73.300000 173.954620 60.881023 -29.731178 0.698778 0.121276 0.694629 -0.120381
73.400000 173.842773 60.841064 -29.731083 0.698778 0.121275 0.694629 -0.120386
73.500000 173.708572 60.793118 -29.730968 0.698778 0.121273 0.694628 -0.120391
73.600000 173.574356 60.745190 -29.730856 0.698778 0.121274 0.694627 -0.120394
73.700000 173.451309 60.701286 -29.730751 0.698777 0.121282 0.694628 -0.120391
73.800000 173.317093 60.653416 -29.730637 0.698774 0.121299 0.694629 -0.120385
73.900000 173.194000 60.609554 -29.730532 0.698770 0.121319 0.694630 -0.120378
74.000000 173.070938 60.565716 -29.730427 0.698766 0.121346 0.694631 -0.120371
74.100000 172.947891 60.521885 -29.730322 0.698760 0.121378 0.694632 -0.120366
74.200000 172.835999 60.482040 -29.730227 0.698754 0.121412 0.694633 -0.120363
74.300000 172.701736 60.434193 -29.730114 0.698746 0.121458 0.694633 -0.120362
74.400000 172.567474 60.386345 -29.730000 0.698737 0.121511 0.694632 -0.120367
74.500000 172.444397 60.342495 -29.729895 0.698727 0.121564 0.694631 -0.120376
74.600000 172.321320 60.298641 -29.729790 0.698717 0.121622 0.694628 -0.120390
74.700000 172.209442 60.258770 -29.729694 0.698707 0.121679 0.694625 -0.120407
74.800000 172.086349 60.214912 -29.729589 0.698696 0.121747 0.694621 -0.120431
74.900000 171.963272 60.171024 -29.729485 0.698683 0.121819 0.694616 -0.120460
75.000000 171.840210 60.127117 -29.729380 0.698670 0.121896 0.694610 -0.120495
75.100000 171.728317 60.087196 -29.729284 0.698657 0.121969 0.694604 -0.120532
75.200000 171.605255 60.043285 -29.729179 0.698642 0.122053 0.694596 -0.120577
75.300000 171.213806 59.903427 -29.728844 0.698592 0.122343 0.694565 -0.120753
75.400000 171.079742 59.855453 -29.728729 0.698573 0.122449 0.694552 -0.120824
75.500000 170.968018 59.815434 -29.728634 0.698558 0.122539 0.694542 -0.120886
75.600000 170.845139 59.771408 -29.728529 0.698540 0.122639 0.694529 -0.120958
75.700000 170.722244 59.727383 -29.728424 0.698522 0.122741 0.694516 -0.121033
75.800000 170.588165 59.679295 -29.728312 0.698503 0.122852 0.694501 -0.121118
75.900000 170.465286 59.635212 -29.728207 0.698485 0.122955 0.694487 -0.121197
76.000000 170.342392 59.591122 -29.728102 0.698467 0.123056 0.694473 -0.121279
76.100000 170.230682 59.550999 -29.728006 0.698451 0.123149 0.694459 -0.121353
76.200000 170.096634 59.502850 -29.727892 0.698432 0.123259 0.694444 -0.121443
76.300000 169.996109 59.466717 -29.727806 0.698417 0.123340 0.694432 -0.121511
76.400000 169.873215 59.422531 -29.727701 0.698400 0.123438 0.694417 -0.121594
76.500000 169.750351 59.378349 -29.727596 0.698383 0.123534 0.694403 -0.121676
76.600000 169.504608 59.289883 -29.727390 0.698351 0.123718 0.694374 -0.121837
76.700000 169.381714 59.245628 -29.727285 0.698335 0.123806 0.694360 -0.121915
76.800000 169.258850 59.201340 -29.727179 0.698320 0.123891 0.694347 -0.121991
76.900000 169.135971 59.157051 -29.727074 0.698306 0.123973 0.694334 -0.122066
77.000000 169.001923 59.108696 -29.726959 0.698291 0.124059 0.694320 -0.122144
77.100000 168.879074 59.064358 -29.726854 0.698277 0.124133 0.694308 -0.122213
77.200000 168.767380 59.024036 -29.726759 0.698266 0.124198 0.694297 -0.122274
77.300000 168.644485 58.979652 -29.726654 0.698254 0.124266 0.694286 -0.122338
77.400000 168.532791 58.939297 -29.726559 0.698244 0.124325 0.694276 -0.122395
77.500000 168.409943 58.894878 -29.726454 0.698233 0.124385 0.694265 -0.122454
77.600000 168.287064 58.850445 -29.726349 0.698223 0.124442 0.694256 -0.122510
77.700000 168.164215 58.805988 -29.726244 0.698213 0.124496 0.694246 -0.122563
77.800000 168.041351 58.761509 -29.726139 0.698204 0.124546 0.694237 -0.122614
77.900000 167.918472 58.717030 -29.726034 0.698196 0.124593 0.694228 -0.122662
78.000000 167.795624 58.672497 -29.725929 0.698188 0.124636 0.694220 -0.122708
78.100000 167.672775 58.627972 -29.725824 0.698181 0.124677 0.694212 -0.122751
78.200000 167.550079 58.583427 -29.725719 0.698174 0.124714 0.694205 -0.122793
78.300000 167.427399 58.538845 -29.725615 0.698168 0.124749 0.694198 -0.122832
78.400000 167.304703 58.494267 -29.725510 0.698162 0.124780 0.694192 -0.122869
78.500000 167.048187 58.400970 -29.725290 0.698152 0.124839 0.694179 -0.122941
78.600000 166.925491 58.356312 -29.725185 0.698148 0.124863 0.694173 -0.122974
78.700000 166.813934 58.315708 -29.725090 0.698144 0.124884 0.694168 -0.123002
78.800000 166.668945 58.262905 -29.724966 0.698140 0.124908 0.694162 -0.123037
78.900000 166.557419 58.222248 -29.724867 0.698136 0.124925 0.694157 -0.123063
79.000000 166.423569 58.173470 -29.724754 0.698133 0.124945 0.694152 -0.123094
79.100000 166.300873 58.128723 -29.724649 0.698130 0.124961 0.694147 -0.123121
79.200000 166.189346 58.088036 -29.724554 0.698127 0.124976 0.694143 -0.123145
79.300000 166.088974 58.051414 -29.724466 0.698125 0.124988 0.694139 -0.123167
79.400000 165.955139 58.002548 -29.724356 0.698122 0.125004 0.694134 -0.123195
79.500000 165.832443 57.957737 -29.724249 0.698120 0.125018 0.694130 -0.123221
79.600000 165.709763 57.912933 -29.724144 0.698117 0.125032 0.694125 -0.123246
79.700000 165.587082 57.868084 -29.724039 0.698115 0.125045 0.694121 -0.123272
79.800000 165.352875 57.782459 -29.723839 0.698110 0.125070 0.694112 -0.123322
79.900000 165.230179 57.737568 -29.723734 0.698108 0.125084 0.694107 -0.123348
80.000000 165.118652 57.696751 -29.723639 0.698106 0.125096 0.694103 -0.123372
80.100000 164.995972 57.651855 -29.723534 0.698103 0.125110 0.694098 -0.123398
80.200000 164.884430 57.611008 -29.723436 0.698101 0.125123 0.694094 -0.123423
80.300000 164.739456 57.557903 -29.723314 0.698098 0.125140 0.694088 -0.123456
80.400000 164.482925 57.463890 -29.723095 0.698092 0.125171 0.694078 -0.123515
80.500000 164.349091 57.414829 -29.722980 0.698089 0.125188 0.694072 -0.123546
80.600000 164.103729 57.324818 -29.722771 0.698083 0.125219 0.694062 -0.123605
80.700000 163.992203 57.283890 -29.722675 0.698080 0.125234 0.694057 -0.123632
80.800000 163.858398 57.234779 -29.722561 0.698077 0.125252 0.694051 -0.123665
80.900000 163.735886 57.189724 -29.722456 0.698074 0.125269 0.694046 -0.123695
81.000000 163.613373 57.144657 -29.722351 0.698071 0.125286 0.694041 -0.123725
81.100000 163.490860 57.099594 -29.722246 0.698068 0.125302 0.694035 -0.123756
81.200000 163.357208 57.050415 -29.722130 0.698065 0.125320 0.694029 -0.123790
81.300000 163.234695 57.005306 -29.722025 0.698062 0.125336 0.694024 -0.123820
81.400000 163.112167 56.960205 -29.721920 0.698059 0.125352 0.694018 -0.123851
81.500000 162.978516 56.910995 -29.721807 0.698056 0.125368 0.694012 -0.123884
81.600000 162.867142 56.869961 -29.721710 0.698054 0.125382 0.694007 -0.123911
81.700000 162.744629 56.824810 -29.721605 0.698051 0.125396 0.694002 -0.123941
81.800000 162.610977 56.775555 -29.721493 0.698048 0.125411 0.693997 -0.123972
81.900000 162.365952 56.685226 -29.721283 0.698044 0.125437 0.693987 -0.124027
82.000000 162.243439 56.640038 -29.721178 0.698042 0.125449 0.693982 -0.124054
82.100000 162.120926 56.594849 -29.721073 0.698040 0.125460 0.693977 -0.124079
82.200000 161.987274 56.545551 -29.720959 0.698038 0.125471 0.693973 -0.124106
82.300000 161.864761 56.500347 -29.720854 0.698036 0.125481 0.693968 -0.124130
82.400000 161.742249 56.455120 -29.720749 0.698034 0.125490 0.693965 -0.124153
82.500000 161.630875 56.414001 -29.720654 0.698033 0.125497 0.693961 -0.124173
82.600000 161.497208 56.364662 -29.720539 0.698031 0.125504 0.693957 -0.124195
82.700000 161.374710 56.319427 -29.720434 0.698030 0.125510 0.693953 -0.124215
82.800000 161.263321 56.278305 -29.720339 0.698030 0.125515 0.693950 -0.124232
82.900000 161.140808 56.233036 -29.720234 0.698029 0.125520 0.693947 -0.124250
83.000000 161.029434 56.191883 -29.720139 0.698028 0.125524 0.693945 -0.124265
83.100000 160.906921 56.146614 -29.720034 0.698027 0.125527 0.693942 -0.124281
83.200000 160.784393 56.101345 -29.719929 0.698027 0.125529 0.693939 -0.124296
83.300000 160.661880 56.056076 -29.719824 0.698027 0.125530 0.693937 -0.124310
83.400000 160.550507 56.014915 -29.719728 0.698026 0.125531 0.693935 -0.124322
83.500000 160.416855 55.965488 -29.719614 0.698026 0.125532 0.693932 -0.124335
83.600000 160.305481 55.924297 -29.719519 0.698026 0.125531 0.693930 -0.124345
83.700000 160.182953 55.878986 -29.719414 0.698027 0.125531 0.693928 -0.124356
83.800000 159.915665 55.780136 -29.719183 0.698027 0.125527 0.693925 -0.124377
83.900000 159.781998 55.730713 -29.719069 0.698028 0.125525 0.693923 -0.124387
84.000000 159.648331 55.681248 -29.718956 0.698028 0.125522 0.693921 -0.124396
84.100000 159.536957 55.640030 -29.718863 0.698029 0.125519 0.693920 -0.124402
84.200000 159.414444 55.594681 -29.718756 0.698029 0.125516 0.693919 -0.124410
84.300000 159.291916 55.549332 -29.718651 0.698030 0.125513 0.693918 -0.124416
84.400000 159.158264 55.499863 -29.718536 0.698030 0.125509 0.693916 -0.124423
84.500000 159.024612 55.450394 -29.718420 0.698031 0.125505 0.693915 -0.124430
84.600000 158.902100 55.405052 -29.718315 0.698032 0.125501 0.693914 -0.124436
84.700000 158.645920 55.310207 -29.718096 0.698033 0.125493 0.693912 -0.124447
84.800000 158.523392 55.264832 -29.717991 0.698034 0.125490 0.693911 -0.124453
84.900000 158.400879 55.219448 -29.717886 0.698035 0.125486 0.693910 -0.124458
85.000000 158.267227 55.169930 -29.717770 0.698035 0.125482 0.693909 -0.124463
85.100000 158.144699 55.124554 -29.717665 0.698035 0.125479 0.693909 -0.124469
85.200000 158.022186 55.079170 -29.717560 0.698036 0.125475 0.693908 -0.124474
85.300000 157.899658 55.033787 -29.717455 0.698037 0.125472 0.693907 -0.124478
85.400000 157.766006 54.984280 -29.717340 0.698037 0.125469 0.693906 -0.124484
85.500000 157.621201 54.930649 -29.717218 0.698038 0.125466 0.693905 -0.124490
85.600000 157.498688 54.885269 -29.717113 0.698039 0.125463 0.693904 -0.124495
85.700000 157.376175 54.839886 -29.717009 0.698039 0.125461 0.693903 -0.124500
85.800000 157.242523 54.790337 -29.716894 0.698039 0.125459 0.693902 -0.124505
85.900000 157.119980 54.744915 -29.716789 0.698040 0.125457 0.693901 -0.124510
86.000000 156.986328 54.695366 -29.716675 0.698040 0.125455 0.693900 -0.124516
86.100000 156.874954 54.654072 -29.716579 0.698040 0.125454 0.693899 -0.124521
86.200000 156.741272 54.604519 -29.716465 0.698041 0.125452 0.693898 -0.124526
86.300000 156.618759 54.559105 -29.716360 0.698041 0.125451 0.693897 -0.124531
86.400000 156.496246 54.513680 -29.716253 0.698041 0.125450 0.693896 -0.124537
86.500000 156.362579 54.464130 -29.716139 0.698041 0.125448 0.693895 -0.124542
86.600000 156.072983 54.356781 -29.715893 0.698041 0.125446 0.693893 -0.124553
86.700000 155.939316 54.307236 -29.715778 0.698041 0.125445 0.693893 -0.124558
86.800000 155.527191 54.154472 -29.715424 0.698042 0.125442 0.693890 -0.124573
86.900000 155.393524 54.104946 -29.715309 0.698041 0.125446 0.693890 -0.124574
87.000000 155.259842 54.055462 -29.715197 0.698040 0.125456 0.693891 -0.124569
87.100000 155.137299 54.010113 -29.715092 0.698037 0.125471 0.693891 -0.124563
87.200000 155.003601 53.960617 -29.714977 0.698033 0.125494 0.693893 -0.124555
87.300000 154.869888 53.911140 -29.714863 0.698028 0.125523 0.693894 -0.124547
87.400000 154.736191 53.861675 -29.714748 0.698021 0.125558 0.693895 -0.124542
87.500000 154.524475 53.783363 -29.714567 0.698009 0.125624 0.693896 -0.124540
87.600000 154.357346 53.721542 -29.714426 0.697998 0.125686 0.693895 -0.124547
87.700000 154.245911 53.680332 -29.714331 0.697990 0.125733 0.693893 -0.124555
87.800000 154.123337 53.634998 -29.714226 0.697980 0.125788 0.693891 -0.124569
87.900000 153.989624 53.585529 -29.714111 0.697968 0.125853 0.693887 -0.124589
88.000000 153.855927 53.536034 -29.713995 0.697955 0.125924 0.693882 -0.124615
88.100000 153.611115 53.445271 -29.713785 0.697930 0.126065 0.693871 -0.124679
88.200000 153.477600 53.395752 -29.713671 0.697915 0.126148 0.693863 -0.124723
88.300000 153.355194 53.350334 -29.713568 0.697900 0.126228 0.693855 -0.124768
88.400000 153.243927 53.309029 -29.713470 0.697887 0.126303 0.693847 -0.124813
88.500000 153.132660 53.267719 -29.713375 0.697873 0.126380 0.693838 -0.124861
88.600000 153.010284 53.222263 -29.713270 0.697857 0.126467 0.693827 -0.124919
88.700000 152.887894 53.176796 -29.713165 0.697841 0.126556 0.693816 -0.124979
88.800000 152.765488 53.131298 -29.713060 0.697825 0.126646 0.693805 -0.125043
88.900000 152.631989 53.081657 -29.712948 0.697807 0.126746 0.693792 -0.125116
89.000000 152.520721 53.040283 -29.712852 0.697792 0.126830 0.693780 -0.125180
89.100000 152.264847 52.945034 -29.712633 0.697756 0.127025 0.693753 -0.125330
89.200000 152.142471 52.899475 -29.712528 0.697739 0.127118 0.693739 -0.125404
89.300000 152.008957 52.849720 -29.712414 0.697721 0.127219 0.693725 -0.125486
89.400000 151.886581 52.804111 -29.712309 0.697705 0.127310 0.693711 -0.125561
89.500000 151.753082 52.754341 -29.712194 0.697687 0.127408 0.693696 -0.125643
89.600000 151.630707 52.708679 -29.712090 0.697671 0.127496 0.693682 -0.125717
89.700000 151.508331 52.663021 -29.711985 0.697655 0.127582 0.693669 -0.125791
89.800000 151.374847 52.613182 -29.711870 0.697639 0.127673 0.693654 -0.125870
89.900000 151.241348 52.563313 -29.711754 0.697623 0.127762 0.693640 -0.125948
90.000000 151.107849 52.513443 -29.711639 0.697607 0.127847 0.693626 -0.126024
90.100000 150.985474 52.467690 -29.711538 0.697593 0.127922 0.693614 -0.126091
90.200000 150.851990 52.417767 -29.711422 0.697579 0.128000 0.693601 -0.126162
90.300000 150.707382 52.363663 -29.711298 0.697564 0.128081 0.693587 -0.126237
90.400000 150.573883 52.313686 -29.711184 0.697551 0.128151 0.693576 -0.126303
90.500000 150.451523 52.267876 -29.711079 0.697540 0.128212 0.693565 -0.126360
90.600000 150.340286 52.226185 -29.710983 0.697530 0.128265 0.693556 -0.126411
90.700000 150.229034 52.184494 -29.710888 0.697521 0.128315 0.693547 -0.126459
90.800000 150.095551 52.134460 -29.710773 0.697511 0.128372 0.693537 -0.126514
90.900000 149.973206 52.088554 -29.710669 0.697502 0.128420 0.693528 -0.126563
91.000000 149.861954 52.046825 -29.710573 0.697494 0.128462 0.693520 -0.126605
91.100000 149.739609 52.000893 -29.710468 0.697487 0.128504 0.693512 -0.126648
91.200000 149.606308 51.950760 -29.710354 0.697479 0.128547 0.693504 -0.126694
91.300000 149.495224 51.908989 -29.710258 0.697473 0.128581 0.693497 -0.126730
91.400000 149.373047 51.862995 -29.710154 0.697466 0.128615 0.693491 -0.126767
91.500000 149.239746 51.812813 -29.710039 0.697460 0.128649 0.693483 -0.126807
91.600000 149.106445 51.762608 -29.709923 0.697454 0.128680 0.693476 -0.126844
91.700000 148.828751 51.657948 -29.709686 0.697444 0.128737 0.693463 -0.126916
91.800000 148.706573 51.611862 -29.709581 0.697440 0.128758 0.693458 -0.126945
91.900000 148.573273 51.561577 -29.709467 0.697436 0.128780 0.693452 -0.126976
92.000000 148.439987 51.511276 -29.709352 0.697432 0.128800 0.693447 -0.127005
92.100000 148.328918 51.469330 -29.709257 0.697429 0.128816 0.693443 -0.127029
92.200000 148.184525 51.414803 -29.709133 0.697425 0.128835 0.693437 -0.127059
92.300000 148.062332 51.368637 -29.709028 0.697423 0.128850 0.693433 -0.127084
92.400000 147.940155 51.322449 -29.708923 0.697420 0.128864 0.693428 -0.127109
92.500000 147.817963 51.276264 -29.708818 0.697417 0.128878 0.693424 -0.127133
92.600000 147.695786 51.230057 -29.708714 0.697415 0.128891 0.693419 -0.127157
92.700000 147.573593 51.183830 -29.708609 0.697413 0.128904 0.693415 -0.127180
92.800000 147.451416 51.137600 -29.708502 0.697410 0.128917 0.693411 -0.127204
92.900000 147.329239 51.091343 -29.708397 0.697408 0.128929 0.693407 -0.127228
93.000000 147.184845 51.036659 -29.708275 0.697405 0.128944 0.693401 -0.127256
93.100000 147.051559 50.986179 -29.708160 0.697402 0.128958 0.693397 -0.127283
93.200000 146.929367 50.939877 -29.708055 0.697400 0.128971 0.693392 -0.127307
93.300000 146.796097 50.889355 -29.707941 0.697397 0.128985 0.693387 -0.127334
93.400000 146.651703 50.834614 -29.707817 0.697394 0.129000 0.693382 -0.127364
93.500000 146.529510 50.788265 -29.707712 0.697392 0.129014 0.693377 -0.127390
93.600000 146.407333 50.741913 -29.707607 0.697389 0.129028 0.693372 -0.127415
93.700000 146.285156 50.695549 -29.707502 0.697387 0.129042 0.693368 -0.127442
93.800000 146.162979 50.649178 -29.707397 0.697384 0.129057 0.693363 -0.127468
93.900000 145.918610 50.556381 -29.707188 0.697378 0.129087 0.693353 -0.127523
94.000000 145.807541 50.514198 -29.707092 0.697376 0.129101 0.693348 -0.127548
94.100000 145.685532 50.467773 -29.706987 0.697373 0.129116 0.693343 -0.127575
94.200000 145.552414 50.417107 -29.706871 0.697370 0.129133 0.693338 -0.127606
94.300000 145.430420 50.370659 -29.706766 0.697367 0.129148 0.693332 -0.127634
94.400000 145.319504 50.328442 -29.706671 0.697364 0.129162 0.693328 -0.127660
94.500000 145.075470 50.235474 -29.706461 0.697359 0.129192 0.693317 -0.127717
94.600000 144.953461 50.188984 -29.706356 0.697356 0.129206 0.693312 -0.127745
94.700000 144.809280 50.134041 -29.706234 0.697353 0.129222 0.693306 -0.127778
94.800000 144.687256 50.087517 -29.706129 0.697350 0.129236 0.693301 -0.127805
94.900000 144.554153 50.036762 -29.706015 0.697348 0.129250 0.693296 -0.127834
95.000000 144.421051 49.985996 -29.705900 0.697345 0.129264 0.693290 -0.127863
95.100000 144.299042 49.939468 -29.705795 0.697343 0.129275 0.693286 -0.127888
95.200000 144.177032 49.892914 -29.705690 0.697341 0.129286 0.693281 -0.127913
95.300000 144.055023 49.846340 -29.705585 0.697339 0.129297 0.693277 -0.127937
95.400000 143.933014 49.799774 -29.705481 0.697337 0.129307 0.693273 -0.127960
95.500000 143.799896 49.748970 -29.705366 0.697335 0.129316 0.693268 -0.127984
95.600000 143.666809 49.698162 -29.705252 0.697334 0.129325 0.693264 -0.128007
95.700000 143.544785 49.651562 -29.705145 0.697332 0.129333 0.693260 -0.128028
95.800000 143.400589 49.596478 -29.705023 0.697331 0.129340 0.693256 -0.128050
95.900000 143.278580 49.549866 -29.704918 0.697330 0.129346 0.693253 -0.128069
96.000000 143.156570 49.503254 -29.704813 0.697329 0.129351 0.693249 -0.128086
96.100000 143.023468 49.452412 -29.704699 0.697328 0.129355 0.693246 -0.128103
96.200000 142.901459 49.405785 -29.704594 0.697327 0.129359 0.693243 -0.128119
96.300000 142.768341 49.354897 -29.704479 0.697327 0.129362 0.693240 -0.128134
96.400000 142.657425 49.312485 -29.704384 0.697327 0.129364 0.693238 -0.128147
96.500000 142.535416 49.265835 -29.704279 0.697326 0.129365 0.693236 -0.128159
96.600000 142.413406 49.219189 -29.704174 0.697326 0.129366 0.693234 -0.128171
96.700000 142.291397 49.172539 -29.704069 0.697326 0.129366 0.693232 -0.128182
96.800000 142.158295 49.121643 -29.703955 0.697326 0.129365 0.693230 -0.128194
96.900000 142.025177 49.070728 -29.703840 0.697326 0.129364 0.693227 -0.128204
97.000000 141.892075 49.019794 -29.703726 0.697327 0.129363 0.693226 -0.128214
97.100000 141.758972 48.968861 -29.703609 0.697327 0.129361 0.693224 -0.128223
97.200000 141.625854 48.917927 -29.703497 0.697327 0.129358 0.693223 -0.128232
97.300000 141.503845 48.871235 -29.703392 0.697328 0.129356 0.693221 -0.128239
97.400000 141.370743 48.820305 -29.703278 0.697329 0.129353 0.693220 -0.128246
97.500000 141.237640 48.769375 -29.703161 0.697329 0.129349 0.693219 -0.128253
97.600000 141.104523 48.718426 -29.703047 0.697330 0.129346 0.693217 -0.128260
97.700000 140.982513 48.671700 -29.702942 0.697330 0.129343 0.693216 -0.128266
97.800000 140.849396 48.620728 -29.702826 0.697331 0.129339 0.693215 -0.128272
97.900000 140.727386 48.573997 -29.702721 0.697331 0.129336 0.693214 -0.128277
98.000000 140.594269 48.523026 -29.702606 0.697332 0.129332 0.693213 -0.128283
98.100000 140.350250 48.429573 -29.702396 0.697333 0.129325 0.693211 -0.128293
98.200000 140.239319 48.387100 -29.702301 0.697334 0.129322 0.693211 -0.128297
98.300000 140.095108 48.331879 -29.702177 0.697335 0.129319 0.693210 -0.128303
98.400000 139.962006 48.280910 -29.702065 0.697335 0.129316 0.693209 -0.128308
98.500000 139.828903 48.229931 -29.701950 0.697336 0.129313 0.693208 -0.128312
98.600000 139.684692 48.174667 -29.701826 0.697336 0.129310 0.693207 -0.128318
98.700000 139.529404 48.115147 -29.701691 0.697337 0.129307 0.693206 -0.128324
98.800000 139.407379 48.068382 -29.701586 0.697337 0.129304 0.693205 -0.128329
98.900000 139.274277 48.017368 -29.701471 0.697337 0.129302 0.693204 -0.128334
99.000000 139.152252 47.970604 -29.701366 0.697337 0.129300 0.693204 -0.128339
99.100000 138.908218 47.877079 -29.701159 0.697338 0.129297 0.693201 -0.128348
99.200000 138.797287 47.834568 -29.701061 0.697339 0.129296 0.693200 -0.128353
99.300000 138.686371 47.792053 -29.700966 0.697339 0.129294 0.693200 -0.128357
99.400000 138.564346 47.745293 -29.700861 0.697339 0.129293 0.693199 -0.128362
99.500000 138.442337 47.698536 -29.700756 0.697340 0.129292 0.693198 -0.128367
99.600000 138.320312 47.651772 -29.700651 0.697340 0.129291 0.693197 -0.128371
99.700000 138.054092 47.549755 -29.700424 0.697340 0.129290 0.693195 -0.128381
99.800000 137.943161 47.507252 -29.700329 0.697340 0.129289 0.693194 -0.128385
99.900000 137.810059 47.456215 -29.700214 0.697340 0.129289 0.693193 -0.128389
100.000000 137.688034 47.409412 -29.700109 0.697340 0.129288 0.693193 -0.128394
100.100000 137.421799 47.307308 -29.699881 0.697341 0.129287 0.693191 -0.128402
100.200000 137.310883 47.264759 -29.699785 0.697341 0.129286 0.693190 -0.128406
100.300000 137.077942 47.175415 -29.699585 0.697341 0.129285 0.693189 -0.128413
100.400000 136.789536 47.064800 -29.699335 0.697341 0.129282 0.693188 -0.128421
100.500000 136.623138 47.000999 -29.699194 0.697341 0.129284 0.693188 -0.128422
100.600000 136.501083 46.954243 -29.699089 0.697339 0.129291 0.693189 -0.128419
100.700000 136.367950 46.903259 -29.698975 0.697336 0.129305 0.693190 -0.128411
100.800000 136.257004 46.860790 -29.698879 0.697334 0.129321 0.693191 -0.128404
100.900000 136.123840 46.809837 -29.698765 0.697329 0.129346 0.693193 -0.128396
101.000000 135.990677 46.758896 -29.698648 0.697324 0.129376 0.693194 -0.128389
101.100000 135.868622 46.712208 -29.698544 0.697318 0.129408 0.693195 -0.128385
101.200000 135.735458 46.661278 -29.698429 0.697310 0.129448 0.693195 -0.128383
101.300000 135.602295 46.610344 -29.698315 0.697302 0.129493 0.693194 -0.128386
101.400000 135.469131 46.559406 -29.698204 0.697293 0.129544 0.693193 -0.128393
101.500000 135.324875 46.504192 -29.698080 0.697281 0.129604 0.693190 -0.128407
101.600000 135.191727 46.453217 -29.697966 0.697270 0.129665 0.693187 -0.128425
101.700000 135.069656 46.406494 -29.697861 0.697259 0.129725 0.693183 -0.128447
101.800000 134.936493 46.355511 -29.697746 0.697246 0.129795 0.693177 -0.128477
101.900000 134.814484 46.308784 -29.697641 0.697234 0.129862 0.693172 -0.128508
102.000000 134.670441 46.253510 -29.697515 0.697218 0.129946 0.693163 -0.128552
102.100000 134.404495 46.151436 -29.697289 0.697187 0.130112 0.693145 -0.128649
102.200000 134.271530 46.100391 -29.697174 0.697171 0.130200 0.693135 -0.128705
102.300000 134.138565 46.049301 -29.697060 0.697154 0.130289 0.693124 -0.128765
102.400000 134.005600 45.998203 -29.696945 0.697137 0.130381 0.693112 -0.128829
102.500000 133.883728 45.951351 -29.696840 0.697121 0.130466 0.693100 -0.128890
102.600000 133.739685 45.895966 -29.696716 0.697102 0.130568 0.693086 -0.128966
102.700000 133.617813 45.849068 -29.696611 0.697086 0.130655 0.693074 -0.129032
102.800000 133.484848 45.797901 -29.696495 0.697068 0.130749 0.693060 -0.129106
102.900000 133.230026 45.699780 -29.696280 0.697035 0.130929 0.693033 -0.129251
103.000000 133.097061 45.648552 -29.696163 0.697017 0.131022 0.693018 -0.129327
103.100000 132.831161 45.546040 -29.695934 0.696984 0.131202 0.692990 -0.129479
103.200000 132.443405 45.396412 -29.695601 0.696937 0.131448 0.692950 -0.129693
103.300000 132.243988 45.319405 -29.695429 0.696916 0.131564 0.692930 -0.129797
103.400000 132.088898 45.259453 -29.695295 0.696899 0.131650 0.692916 -0.129875
103.500000 131.967026 45.212349 -29.695190 0.696887 0.131714 0.692905 -0.129934
103.600000 131.834091 45.160942 -29.695074 0.696875 0.131780 0.692893 -0.129995
103.700000 131.712219 45.113789 -29.694969 0.696864 0.131838 0.692883 -0.130049
103.800000 131.590363 45.066624 -29.694864 0.696854 0.131892 0.692873 -0.130101
103.900000 131.468506 45.019451 -29.694759 0.696844 0.131943 0.692864 -0.130151
104.000000 131.335571 44.967957 -29.694647 0.696834 0.131996 0.692854 -0.130202
104.100000 131.080795 44.869228 -29.694427 0.696817 0.132087 0.692837 -0.130293
104.200000 130.958939 44.821976 -29.694323 0.696810 0.132126 0.692829 -0.130333
104.300000 130.837067 44.774727 -29.694218 0.696803 0.132162 0.692822 -0.130371
104.400000 130.704132 44.723133 -29.694103 0.696796 0.132199 0.692815 -0.130410
104.500000 130.560287 44.667236 -29.693979 0.696789 0.132236 0.692807 -0.130450
104.600000 130.438599 44.619930 -29.693874 0.696783 0.132265 0.692801 -0.130483
104.700000 130.195236 44.525234 -29.693665 0.696774 0.132315 0.692790 -0.130543
104.800000 130.051407 44.469257 -29.693539 0.696769 0.132341 0.692784 -0.130576
104.900000 129.918686 44.417557 -29.693426 0.696764 0.132363 0.692778 -0.130606
105.000000 129.796997 44.370159 -29.693321 0.696761 0.132381 0.692773 -0.130632
105.100000 129.675323 44.322742 -29.693216 0.696757 0.132398 0.692769 -0.130657
105.200000 129.531509 44.266678 -29.693092 0.696754 0.132417 0.692763 -0.130686
105.300000 129.398773 44.214928 -29.692978 0.696751 0.132433 0.692758 -0.130712
105.400000 129.266037 44.163136 -29.692863 0.696748 0.132448 0.692754 -0.130737
105.500000 129.133286 44.111332 -29.692749 0.696745 0.132462 0.692749 -0.130761
105.600000 129.022675 44.068169 -29.692654 0.696743 0.132474 0.692745 -0.130782
105.700000 128.878860 44.012012 -29.692528 0.696740 0.132488 0.692740 -0.130808
105.800000 128.746124 43.960167 -29.692413 0.696738 0.132501 0.692736 -0.130832
105.900000 128.602325 43.903992 -29.692291 0.696735 0.132515 0.692731 -0.130858
106.000000 128.469589 43.852108 -29.692177 0.696733 0.132527 0.692726 -0.130882
106.100000 128.336838 43.800209 -29.692062 0.696730 0.132540 0.692722 -0.130907
106.200000 128.204102 43.748314 -29.691948 0.696728 0.132552 0.692717 -0.130932
106.300000 128.071365 43.696384 -29.691833 0.696725 0.132566 0.692712 -0.130957
106.400000 127.949692 43.648773 -29.691729 0.696723 0.132578 0.692708 -0.130980
106.500000 127.828018 43.601158 -29.691624 0.696721 0.132590 0.692704 -0.131003
106.600000 127.717400 43.557865 -29.691528 0.696719 0.132601 0.692699 -0.131025
106.700000 127.463104 43.458221 -29.691307 0.696713 0.132628 0.692690 -0.131076
106.800000 127.330460 43.406231 -29.691193 0.696711 0.132643 0.692685 -0.131103
106.900000 127.208862 43.358555 -29.691088 0.696708 0.132656 0.692680 -0.131128
107.000000 127.087273 43.310852 -29.690985 0.696706 0.132670 0.692675 -0.131154
107.100000 126.954628 43.258816 -29.690870 0.696703 0.132684 0.692670 -0.131182
107.200000 126.578796 43.111309 -29.690546 0.696695 0.132726 0.692655 -0.131261
107.300000 126.457207 43.063560 -29.690441 0.696692 0.132739 0.692650 -0.131287
107.400000 126.324554 43.011478 -29.690327 0.696689 0.132753 0.692645 -0.131315
107.500000 126.202965 42.963718 -29.690222 0.696687 0.132766 0.692640 -0.131340
107.600000 126.070320 42.911591 -29.690107 0.696684 0.132780 0.692635 -0.131367
107.700000 125.926620 42.855118 -29.689981 0.696681 0.132795 0.692629 -0.131396
107.800000 125.793968 42.802994 -29.689867 0.696679 0.132808 0.692624 -0.131422
107.900000 125.661339 42.750858 -29.689754 0.696677 0.132821 0.692620 -0.131448
108.000000 125.407089 42.650864 -29.689535 0.696672 0.132843 0.692611 -0.131495
108.100000 125.263397 42.594341 -29.689411 0.696670 0.132855 0.692606 -0.131520
108.200000 125.130737 42.542164 -29.689297 0.696668 0.132866 0.692601 -0.131543
108.300000 124.987038 42.485630 -29.689171 0.696666 0.132876 0.692597 -0.131567
108.400000 124.854393 42.433407 -29.689056 0.696664 0.132885 0.692593 -0.131588
108.500000 124.721764 42.381195 -29.688944 0.696663 0.132893 0.692589 -0.131608
108.600000 124.578148 42.324623 -29.688820 0.696661 0.132901 0.692585 -0.131629
108.700000 124.434555 42.268055 -29.688696 0.696660 0.132908 0.692582 -0.131649
108.800000 124.279907 42.207123 -29.688560 0.696659 0.132914 0.692578 -0.131669
108.900000 124.147354 42.154861 -29.688446 0.696658 0.132919 0.692575 -0.131685
109.000000 124.003746 42.098240 -29.688324 0.696657 0.132923 0.692571 -0.131702
109.100000 123.871185 42.045982 -29.688210 0.696656 0.132925 0.692569 -0.131717
109.200000 123.738632 41.993713 -29.688095 0.696656 0.132928 0.692566 -0.131731
109.300000 123.606079 41.941456 -29.687981 0.696656 0.132929 0.692563 -0.131744
109.400000 123.484581 41.893547 -29.687876 0.696656 0.132930 0.692561 -0.131755
109.500000 123.363060 41.845604 -29.687771 0.696656 0.132930 0.692559 -0.131765
109.600000 123.241547 41.797657 -29.687666 0.696656 0.132929 0.692558 -0.131775
109.700000 123.108994 41.745350 -29.687551 0.696656 0.132928 0.692556 -0.131785
109.800000 122.965385 41.688686 -29.687426 0.696656 0.132927 0.692554 -0.131795
109.900000 122.689232 41.579716 -29.687187 0.696657 0.132922 0.692550 -0.131812
110.000000 122.556679 41.527412 -29.687073 0.696658 0.132919 0.692549 -0.131820
110.100000 122.435165 41.479462 -29.686968 0.696658 0.132916 0.692548 -0.131826
110.200000 122.302605 41.427116 -29.686852 0.696659 0.132913 0.692547 -0.131832
110.300000 122.181091 41.379131 -29.686747 0.696659 0.132910 0.692546 -0.131837
110.400000 122.059578 41.331146 -29.686642 0.696660 0.132906 0.692545 -0.131843
110.500000 121.938072 41.283165 -29.686537 0.696661 0.132903 0.692544 -0.131848
110.600000 121.816559 41.235176 -29.686432 0.696661 0.132899 0.692543 -0.131852
110.700000 121.683990 41.182831 -29.686317 0.696662 0.132895 0.692542 -0.131857
110.800000 121.418877 41.078140 -29.686090 0.696664 0.132887 0.692540 -0.131866
110.900000 121.286316 41.025799 -29.685976 0.696664 0.132883 0.692540 -0.131870
111.000000 121.032242 40.925468 -29.685757 0.696666 0.132876 0.692538 -0.131877
111.100000 120.910728 40.877449 -29.685652 0.696666 0.132873 0.692537 -0.131881
111.200000 120.656654 40.777039 -29.685431 0.696668 0.132866 0.692536 -0.131888
111.300000 120.513046 40.720287 -29.685307 0.696668 0.132863 0.692535 -0.131892
111.400000 120.270020 40.624245 -29.685097 0.696670 0.132857 0.692534 -0.131900
111.500000 120.148506 40.576221 -29.684992 0.696670 0.132854 0.692533 -0.131903
111.600000 120.026993 40.528198 -29.684887 0.696670 0.132852 0.692533 -0.131907
111.700000 119.894424 40.475815 -29.684774 0.696671 0.132849 0.692532 -0.131911
111.800000 119.783958 40.432163 -29.684679 0.696671 0.132847 0.692532 -0.131914
111.900000 119.662437 40.384144 -29.684574 0.696671 0.132845 0.692531 -0.131917
112.000000 119.540924 40.336124 -29.684469 0.696672 0.132843 0.692530 -0.131921
112.100000 119.408356 40.283741 -29.684355 0.696672 0.132841 0.692530 -0.131924
112.200000 119.286850 40.235725 -29.684250 0.696672 0.132840 0.692529 -0.131928
112.300000 119.165329 40.187710 -29.684145 0.696672 0.132838 0.692529 -0.131931
112.400000 119.032768 40.135326 -29.684031 0.696673 0.132837 0.692528 -0.131934
112.500000 118.889168 40.078579 -29.683905 0.696673 0.132835 0.692527 -0.131938
112.600000 118.756599 40.026199 -29.683790 0.696674 0.132834 0.692526 -0.131941
112.700000 118.624031 39.973808 -29.683676 0.696674 0.132833 0.692526 -0.131944
112.800000 118.502518 39.925755 -29.683571 0.696674 0.132832 0.692525 -0.131947
112.900000 118.369949 39.873329 -29.683458 0.696674 0.132831 0.692524 -0.131950
113.000000 118.248436 39.825272 -29.683353 0.696675 0.132830 0.692524 -0.131953
113.100000 118.115868 39.772850 -29.683239 0.696675 0.132829 0.692523 -0.131956
113.200000 117.850739 39.667995 -29.683010 0.696675 0.132826 0.692522 -0.131962
113.300000 117.729225 39.619938 -29.682905 0.696676 0.132825 0.692521 -0.131965
113.400000 117.607712 39.571884 -29.682800 0.696676 0.132824 0.692521 -0.131967
113.500000 117.475151 39.519459 -29.682684 0.696676 0.132822 0.692521 -0.131969
113.600000 117.342583 39.467033 -29.682570 0.696676 0.132820 0.692521 -0.131972
113.700000 117.210014 39.414627 -29.682455 0.696676 0.132822 0.692521 -0.131971
113.800000 117.088470 39.366611 -29.682350 0.696674 0.132829 0.692522 -0.131966
113.900000 116.966934 39.318615 -29.682245 0.696672 0.132840 0.692523 -0.131959
114.000000 116.845390 39.270634 -29.682140 0.696669 0.132856 0.692525 -0.131950
114.100000 116.723846 39.222664 -29.682035 0.696665 0.132877 0.692526 -0.131943
114.200000 116.591240 39.170345 -29.681923 0.696660 0.132904 0.692528 -0.131935
114.300000 116.458633 39.118031 -29.681808 0.696654 0.132936 0.692528 -0.131930
114.400000 116.326012 39.065723 -29.681694 0.696647 0.132973 0.692529 -0.131928
114.500000 116.204453 39.017776 -29.681589 0.696640 0.133012 0.692529 -0.131929
114.600000 116.082886 38.969826 -29.681484 0.696632 0.133054 0.692528 -0.131935
114.700000 115.972450 38.926235 -29.681391 0.696624 0.133096 0.692526 -0.131943
114.800000 115.828888 38.869541 -29.681267 0.696612 0.133155 0.692523 -0.131959
114.900000 115.685318 38.812824 -29.681143 0.696600 0.133219 0.692519 -0.131981
115.000000 115.563843 38.764828 -29.681036 0.696589 0.133277 0.692514 -0.132004
115.100000 115.442368 38.716831 -29.680931 0.696577 0.133339 0.692509 -0.132033
115.200000 115.320908 38.668827 -29.680826 0.696565 0.133403 0.692503 -0.132065
115.300000 115.199432 38.620823 -29.680721 0.696552 0.133471 0.692496 -0.132102
115.400000 115.066925 38.568413 -29.680609 0.696537 0.133548 0.692487 -0.132146
115.500000 114.923370 38.511623 -29.680485 0.696521 0.133634 0.692477 -0.132199
115.600000 114.790863 38.459194 -29.680370 0.696505 0.133717 0.692467 -0.132253
115.700000 114.658356 38.406765 -29.680256 0.696489 0.133801 0.692456 -0.132310
115.800000 114.514809 38.349926 -29.680132 0.696471 0.133894 0.692443 -0.132375
115.900000 114.382301 38.297440 -29.680016 0.696454 0.133982 0.692431 -0.132438
116.000000 113.984802 38.139900 -29.679674 0.696403 0.134247 0.692392 -0.132640
116.100000 113.863350 38.091732 -29.679569 0.696388 0.134327 0.692380 -0.132704
116.200000 113.730858 38.039185 -29.679455 0.696371 0.134415 0.692366 -0.132775
116.300000 113.598366 37.986595 -29.679340 0.696354 0.134501 0.692353 -0.132845
116.400000 113.476913 37.938370 -29.679235 0.696340 0.134578 0.692340 -0.132909
116.500000 113.322334 37.876995 -29.679100 0.696321 0.134674 0.692325 -0.132991
116.600000 113.178886 37.819962 -29.678978 0.696304 0.134761 0.692310 -0.133065
116.700000 113.046494 37.767300 -29.678864 0.696289 0.134838 0.692297 -0.133132
116.800000 112.925125 37.719025 -29.678759 0.696276 0.134906 0.692286 -0.133192
116.900000 112.792732 37.666317 -29.678644 0.696262 0.134978 0.692273 -0.133256
117.000000 112.671364 37.617996 -29.678539 0.696250 0.135040 0.692262 -0.133313
117.100000 112.538979 37.565273 -29.678425 0.696238 0.135106 0.692251 -0.133373
117.200000 112.395554 37.508118 -29.678301 0.696225 0.135173 0.692239 -0.133436
117.300000 112.274208 37.459743 -29.678196 0.696214 0.135226 0.692229 -0.133486
117.400000 112.141815 37.406971 -29.678080 0.696204 0.135281 0.692219 -0.133539
117.500000 112.020454 37.358551 -29.677975 0.696195 0.135328 0.692210 -0.133585
117.600000 111.910133 37.314533 -29.677879 0.696187 0.135369 0.692202 -0.133625
117.700000 111.799812 37.270508 -29.677786 0.696179 0.135407 0.692195 -0.133663
117.800000 111.546082 37.169186 -29.677565 0.696164 0.135486 0.692179 -0.133744
117.900000 111.424736 37.120712 -29.677460 0.696157 0.135520 0.692172 -0.133780
118.000000 111.292381 37.067806 -29.677347 0.696151 0.135555 0.692165 -0.133817
118.100000 111.182137 37.023697 -29.677252 0.696146 0.135581 0.692159 -0.133846
118.200000 110.796303 36.869247 -29.676918 0.696130 0.135659 0.692141 -0.133938
118.300000 110.531723 36.763256 -29.676689 0.696122 0.135702 0.692131 -0.133994
118.400000 110.410469 36.714649 -29.676584 0.696118 0.135719 0.692126 -0.134018
118.500000 110.278168 36.661617 -29.676470 0.696115 0.135737 0.692121 -0.134043
118.600000 110.145889 36.608562 -29.676353 0.696112 0.135753 0.692117 -0.134067
118.700000 110.024628 36.559906 -29.676249 0.696109 0.135767 0.692113 -0.134088
118.800000 109.892342 36.506828 -29.676138 0.696106 0.135781 0.692108 -0.134111
118.900000 109.760056 36.453732 -29.676022 0.696104 0.135795 0.692104 -0.134134
119.000000 109.616753 36.396179 -29.675898 0.696101 0.135809 0.692099 -0.134158
119.100000 109.495499 36.347481 -29.675793 0.696099 0.135821 0.692095 -0.134178
119.200000 109.374237 36.298771 -29.675688 0.696096 0.135832 0.692091 -0.134199
119.300000 109.253021 36.250034 -29.675583 0.696094 0.135843 0.692087 -0.134219
119.400000 108.988640 36.143684 -29.675354 0.696089 0.135868 0.692079 -0.134264
119.500000 108.867470 36.094906 -29.675249 0.696087 0.135879 0.692074 -0.134286
119.600000 108.735268 36.041683 -29.675133 0.696085 0.135891 0.692070 -0.134309
119.700000 108.614105 35.992893 -29.675028 0.696082 0.135903 0.692066 -0.134331
119.800000 108.492935 35.944103 -29.674923 0.696080 0.135914 0.692061 -0.134353
119.900000 108.261597 35.850880 -29.674723 0.696076 0.135937 0.692053 -0.134397
120.000000 108.140427 35.802052 -29.674618 0.696073 0.135949 0.692049 -0.134420
120.100000 108.008240 35.748772 -29.674505 0.696071 0.135962 0.692044 -0.134445
120.200000 107.887070 35.699898 -29.674400 0.696068 0.135974 0.692039 -0.134469
120.300000 107.754868 35.646584 -29.674286 0.696066 0.135988 0.692034 -0.134495
120.400000 107.633698 35.597710 -29.674181 0.696063 0.136001 0.692029 -0.134519
120.500000 107.501511 35.544388 -29.674067 0.696060 0.136015 0.692024 -0.134545
120.600000 107.380341 35.495476 -29.673962 0.696058 0.136028 0.692020 -0.134569
120.700000 107.259171 35.446560 -29.673857 0.696055 0.136041 0.692015 -0.134593
120.800000 107.137985 35.397644 -29.673752 0.696053 0.136054 0.692010 -0.134617
120.900000 107.005806 35.344280 -29.673637 0.696050 0.136068 0.692005 -0.134644
121.000000 106.884628 35.295345 -29.673532 0.696047 0.136081 0.692001 -0.134667
121.100000 106.631393 35.192982 -29.673313 0.696042 0.136107 0.691991 -0.134716
121.200000 106.356186 35.081715 -29.673075 0.696037 0.136133 0.691981 -0.134768
121.300000 106.224091 35.028267 -29.672960 0.696035 0.136145 0.691976 -0.134792
121.400000 106.114021 34.983719 -29.672865 0.696033 0.136154 0.691973 -0.134811
121.500000 105.871834 34.885723 -29.672655 0.696029 0.136173 0.691965 -0.134853
121.600000 105.750740 34.836723 -29.672550 0.696028 0.136182 0.691961 -0.134873
121.700000 105.629646 34.787708 -29.672445 0.696026 0.136190 0.691957 -0.134892
121.800000 105.508575 34.738670 -29.672340 0.696025 0.136197 0.691953 -0.134910
121.900000 105.387482 34.689632 -29.672235 0.696023 0.136204 0.691950 -0.134928
122.000000 105.266388 34.640591 -29.672131 0.696022 0.136210 0.691947 -0.134945
122.100000 105.145294 34.591549 -29.672026 0.696021 0.136215 0.691944 -0.134961
122.200000 105.024208 34.542507 -29.671921 0.696020 0.136220 0.691941 -0.134976
122.300000 104.903114 34.493469 -29.671816 0.696019 0.136224 0.691938 -0.134991
122.400000 104.627907 34.381924 -29.671576 0.696018 0.136232 0.691932 -0.135021
122.500000 104.495811 34.328384 -29.671461 0.696017 0.136234 0.691929 -0.135034
122.600000 104.253624 34.230225 -29.671255 0.696017 0.136237 0.691925 -0.135057
122.700000 104.121521 34.176685 -29.671139 0.696016 0.136238 0.691923 -0.135067
122.800000 104.000435 34.127609 -29.671034 0.696016 0.136238 0.691921 -0.135077
122.900000 103.637154 33.980255 -29.670717 0.696017 0.136236 0.691916 -0.135101
123.000000 103.505058 33.926670 -29.670603 0.696017 0.136234 0.691915 -0.135109
123.100000 103.383965 33.877552 -29.670498 0.696017 0.136232 0.691913 -0.135116
123.200000 103.262878 33.828438 -29.670393 0.696018 0.136231 0.691912 -0.135123
123.300000 103.075737 33.752529 -29.670231 0.696018 0.136227 0.691910 -0.135132
123.400000 102.943642 33.698948 -29.670116 0.696019 0.136225 0.691909 -0.135138
123.500000 102.668419 33.587254 -29.669878 0.696020 0.136219 0.691907 -0.135149
123.600000 102.547325 33.538101 -29.669773 0.696020 0.136216 0.691906 -0.135154
123.700000 102.404213 33.480007 -29.669647 0.696021 0.136213 0.691905 -0.135159
123.800000 102.283173 33.430847 -29.669542 0.696022 0.136211 0.691904 -0.135164
123.900000 102.151169 33.377224 -29.669428 0.696022 0.136207 0.691903 -0.135169
124.000000 102.030151 33.328068 -29.669323 0.696023 0.136205 0.691902 -0.135173
124.100000 101.788132 33.229755 -29.669113 0.696024 0.136199 0.691901 -0.135182
124.200000 101.667130 33.180599 -29.669010 0.696024 0.136196 0.691900 -0.135186
124.300000 101.546120 33.131443 -29.668905 0.696025 0.136193 0.691899 -0.135191
124.400000 101.425117 33.082287 -29.668800 0.696026 0.136190 0.691898 -0.135195
124.500000 101.304092 33.033131 -29.668695 0.696026 0.136188 0.691897 -0.135199
124.600000 101.183083 32.983952 -29.668591 0.696027 0.136185 0.691897 -0.135202
124.700000 100.941071 32.885559 -29.668381 0.696028 0.136180 0.691895 -0.135210
124.800000 100.820053 32.836361 -29.668276 0.696028 0.136177 0.691894 -0.135214
124.900000 100.688042 32.782692 -29.668161 0.696028 0.136175 0.691894 -0.135218
125.000000 100.556030 32.729027 -29.668047 0.696029 0.136172 0.691893 -0.135222
125.100000 100.435020 32.679832 -29.667942 0.696029 0.136169 0.691893 -0.135226
125.200000 100.303009 32.626163 -29.667826 0.696030 0.136167 0.691892 -0.135230
125.300000 100.170998 32.572498 -29.667711 0.696030 0.136164 0.691891 -0.135233
125.400000 100.049988 32.523304 -29.667606 0.696031 0.136161 0.691890 -0.135236
125.500000 99.928970 32.474106 -29.667501 0.696032 0.136158 0.691890 -0.135239
125.600000 99.796959 32.420441 -29.667387 0.696032 0.136156 0.691889 -0.135242
125.700000 99.664955 32.366776 -29.667274 0.696033 0.136153 0.691888 -0.135245
125.800000 99.532936 32.313110 -29.667160 0.696034 0.136150 0.691888 -0.135248
125.900000 99.411934 32.263920 -29.667055 0.696034 0.136147 0.691887 -0.135250
126.000000 99.279907 32.210255 -29.666941 0.696034 0.136144 0.691887 -0.135252
126.100000 99.158905 32.161068 -29.666836 0.696035 0.136142 0.691887 -0.135253
126.200000 99.026886 32.107407 -29.666721 0.696035 0.136139 0.691887 -0.135255
126.300000 98.894859 32.053745 -29.666605 0.696036 0.136136 0.691887 -0.135256
126.400000 98.762848 32.000080 -29.666491 0.696036 0.136133 0.691887 -0.135257
126.500000 98.630836 31.946398 -29.666376 0.696037 0.136130 0.691886 -0.135258
126.600000 98.498825 31.892714 -29.666264 0.696037 0.136127 0.691886 -0.135260
126.700000 98.355812 31.834557 -29.666140 0.696038 0.136124 0.691886 -0.135260
126.800000 98.091774 31.727192 -29.665911 0.696040 0.136117 0.691885 -0.135262
126.900000 97.959763 31.673510 -29.665794 0.696041 0.136114 0.691885 -0.135262
127.000000 97.827751 31.619825 -29.665680 0.696041 0.136111 0.691885 -0.135262
127.100000 97.684731 31.561672 -29.665556 0.696042 0.136107 0.691885 -0.135262
127.200000 97.541718 31.503515 -29.665434 0.696043 0.136103 0.691885 -0.135262
127.300000 97.409698 31.449835 -29.665319 0.696043 0.136100 0.691885 -0.135262
127.400000 97.266655 31.391733 -29.665195 0.696042 0.136107 0.691887 -0.135252
127.500000 97.134483 31.338457 -29.665079 0.696026 0.136187 0.691900 -0.135185
127.600000 97.002144 31.285549 -29.664968 0.695993 0.136356 0.691924 -0.135066
127.700000 96.737160 31.180485 -29.664743 0.695877 0.136934 0.691982 -0.134778
127.800000 96.604546 31.128176 -29.664640 0.695796 0.137336 0.692008 -0.134652
127.900000 96.228661 30.980242 -29.664398 0.695486 0.138872 0.692041 -0.134512
128.000000 96.084991 30.923639 -29.664310 0.695336 0.139610 0.692029 -0.134581
128.100000 95.775581 30.801392 -29.664125 0.694957 0.141472 0.691947 -0.135018
128.200000 95.620987 30.740007 -29.664053 0.694741 0.142533 0.691873 -0.135395
128.300000 95.422340 30.660807 -29.663975 0.694435 0.144026 0.691746 -0.136030
128.400000 95.278954 30.603361 -29.663918 0.694198 0.145182 0.691631 -0.136596
128.500000 95.146690 30.550138 -29.663870 0.693968 0.146302 0.691507 -0.137195
128.600000 95.025505 30.501181 -29.663841 0.693747 0.147371 0.691381 -0.137804
128.700000 94.904396 30.452036 -29.663818 0.693518 0.148474 0.691241 -0.138470
128.800000 94.772377 30.398199 -29.663788 0.693261 0.149708 0.691075 -0.139256
128.900000 94.640450 30.344162 -29.663761 0.692995 0.150978 0.690896 -0.140092
129.000000 94.530563 30.298944 -29.663754 0.692769 0.152054 0.690738 -0.140828
129.100000 94.409782 30.249018 -29.663750 0.692515 0.153253 0.690555 -0.141671
129.200000 94.289101 30.198881 -29.663744 0.692258 0.154463 0.690363 -0.142546
129.300000 94.168495 30.148537 -29.663736 0.691998 0.155679 0.690164 -0.143447
129.400000 94.026085 30.088762 -29.663734 0.691687 0.157118 0.689921 -0.144539
129.500000 93.905678 30.037941 -29.663748 0.691424 0.158330 0.689710 -0.145479
129.600000 93.654243 29.930979 -29.663774 0.690876 0.160830 0.689258 -0.147471
129.700000 93.545067 29.884165 -29.663784 0.690640 0.161893 0.689059 -0.148339
129.800000 93.425049 29.832455 -29.663794 0.690383 0.163043 0.688840 -0.149290
129.900000 93.294235 29.775787 -29.663803 0.690108 0.164267 0.688602 -0.150317
130.000000 93.185318 29.728359 -29.663828 0.689882 0.165261 0.688405 -0.151162
130.100000 93.065613 29.675966 -29.663855 0.689640 0.166323 0.688191 -0.152076
130.200000 92.946014 29.623329 -29.663883 0.689404 0.167348 0.687980 -0.152973
130.300000 92.804794 29.560848 -29.663916 0.689133 0.168514 0.687737 -0.154000
130.400000 92.674568 29.502886 -29.663944 0.688893 0.169542 0.687519 -0.154919
130.500000 92.555298 29.449511 -29.663969 0.688681 0.170440 0.687325 -0.155733
130.600000 92.295441 29.332262 -29.664024 0.688248 0.172253 0.686926 -0.157407
130.700000 92.154907 29.268297 -29.664053 0.688030 0.173149 0.686723 -0.158254
130.800000 92.036102 29.213913 -29.664074 0.687857 0.173858 0.686560 -0.158938
130.900000 91.906616 29.154343 -29.664099 0.687678 0.174585 0.686391 -0.159646
131.000000 91.777252 29.094501 -29.664120 0.687510 0.175262 0.686230 -0.160317
131.100000 91.497398 28.963932 -29.664169 0.687182 0.176563 0.685913 -0.161650
131.200000 91.379181 28.908321 -29.664186 0.687057 0.177049 0.685790 -0.162166
131.300000 91.250320 28.847403 -29.664207 0.686930 0.177538 0.685665 -0.162700
131.400000 91.110886 28.781107 -29.664230 0.686803 0.178022 0.685536 -0.163246
131.500000 90.982292 28.719660 -29.664248 0.686695 0.178433 0.685425 -0.163719
131.600000 90.864540 28.663105 -29.664267 0.686602 0.178778 0.685329 -0.164132
131.700000 90.746872 28.606340 -29.664282 0.686516 0.179097 0.685238 -0.164526
131.800000 90.629311 28.549372 -29.664299 0.686435 0.179392 0.685151 -0.164903
131.900000 90.373161 28.424356 -29.664333 0.686276 0.179963 0.684974 -0.165677
132.000000 90.255913 28.366734 -29.664335 0.686211 0.180196 0.684897 -0.166015
132.100000 90.128136 28.303650 -29.664328 0.686142 0.180434 0.684816 -0.166371
132.200000 90.000465 28.240334 -29.664320 0.686078 0.180658 0.684737 -0.166720
132.300000 89.883530 28.182087 -29.664316 0.686021 0.180852 0.684665 -0.167035
132.400000 89.756081 28.118334 -29.664309 0.685962 0.181055 0.684588 -0.167374
132.500000 89.639351 28.059696 -29.664301 0.685909 0.181234 0.684518 -0.167682
132.600000 89.522720 28.000874 -29.664293 0.685858 0.181408 0.684448 -0.167991
132.700000 89.406166 27.941864 -29.664286 0.685807 0.181579 0.684378 -0.168300
132.800000 89.279129 27.877293 -29.664280 0.685753 0.181763 0.684300 -0.168638
132.900000 89.141632 27.807095 -29.664268 0.685694 0.181962 0.684215 -0.169009
133.000000 89.014801 27.742085 -29.664240 0.685640 0.182145 0.684134 -0.169356
133.100000 88.877548 27.671425 -29.664204 0.685581 0.182345 0.684046 -0.169736
133.200000 88.624451 27.540373 -29.664143 0.685470 0.182723 0.683877 -0.170454
133.300000 88.487534 27.469067 -29.664108 0.685409 0.182932 0.683783 -0.170852
133.400000 88.382294 27.414066 -29.664083 0.685362 0.183095 0.683709 -0.171163
133.500000 88.245575 27.342369 -29.664049 0.685300 0.183311 0.683612 -0.171571
133.600000 88.129967 27.281542 -29.664021 0.685246 0.183496 0.683528 -0.171921
133.700000 87.993454 27.209463 -29.663979 0.685183 0.183717 0.683427 -0.172338
133.800000 87.867531 27.142748 -29.663923 0.685123 0.183924 0.683333 -0.172727
133.900000 87.752174 27.081444 -29.663874 0.685069 0.184114 0.683246 -0.173085
134.000000 87.615952 27.008812 -29.663818 0.685004 0.184340 0.683142 -0.173509
134.100000 87.490288 26.941601 -29.663763 0.684944 0.184548 0.683046 -0.173902
134.200000 87.364723 26.874233 -29.663710 0.684885 0.184755 0.682949 -0.174293
134.300000 87.113815 26.739031 -29.663605 0.684768 0.185162 0.682758 -0.175069
134.400000 86.978058 26.665546 -29.663548 0.684707 0.185377 0.682655 -0.175483
134.500000 86.863243 26.603239 -29.663498 0.684656 0.185554 0.682569 -0.175828
134.600000 86.738052 26.535126 -29.663429 0.684602 0.185742 0.682476 -0.176200
134.700000 86.498344 26.404203 -29.663286 0.684503 0.186083 0.682304 -0.176890
134.800000 86.383797 26.341415 -29.663218 0.684458 0.186236 0.682224 -0.177208
134.900000 86.258888 26.272800 -29.663143 0.684412 0.186394 0.682140 -0.177547
135.000000 86.144463 26.209795 -29.663076 0.684372 0.186532 0.682064 -0.177848
135.100000 86.019684 26.140940 -29.663000 0.684330 0.186672 0.681984 -0.178166
135.200000 85.894981 26.071968 -29.662926 0.684291 0.186802 0.681908 -0.178472
135.300000 85.770317 26.002882 -29.662853 0.684255 0.186922 0.681834 -0.178766
135.400000 85.645752 25.933685 -29.662777 0.684222 0.187031 0.681763 -0.179048
135.500000 85.521225 25.864380 -29.662704 0.684193 0.187129 0.681695 -0.179318
135.600000 85.396759 25.794962 -29.662632 0.684165 0.187216 0.681631 -0.179575
135.700000 85.272362 25.725449 -29.662558 0.684141 0.187291 0.681570 -0.179819
135.800000 85.147995 25.655834 -29.662477 0.684120 0.187356 0.681512 -0.180050
135.900000 85.023712 25.586121 -29.662382 0.684102 0.187411 0.681458 -0.180268
136.000000 84.889107 25.510492 -29.662277 0.684086 0.187458 0.681402 -0.180491
136.100000 84.775253 25.446415 -29.662189 0.684075 0.187488 0.681358 -0.180669
136.200000 84.661461 25.382271 -29.662102 0.684065 0.187511 0.681317 -0.180836
136.300000 84.527000 25.306366 -29.661999 0.684057 0.187527 0.681271 -0.181022
136.400000 84.392632 25.230364 -29.661896 0.684052 0.187534 0.681228 -0.181195
136.500000 84.258286 25.154263 -29.661795 0.684050 0.187531 0.681189 -0.181356
136.600000 84.144676 25.089802 -29.661705 0.684050 0.187521 0.681157 -0.181483
136.700000 84.020729 25.019405 -29.661613 0.684052 0.187505 0.681126 -0.181613
136.800000 83.886559 24.943064 -29.661510 0.684055 0.187479 0.681094 -0.181745
136.900000 83.762703 24.872519 -29.661415 0.684061 0.187450 0.681066 -0.181858
137.000000 83.638924 24.801910 -29.661320 0.684067 0.187416 0.681040 -0.181964
137.100000 83.515144 24.731236 -29.661228 0.684075 0.187379 0.681017 -0.182063
137.200000 83.391434 24.660496 -29.661133 0.684084 0.187337 0.680994 -0.182157
137.300000 83.267746 24.589695 -29.661039 0.684094 0.187293 0.680973 -0.182245
137.400000 82.999863 24.436104 -29.660833 0.684117 0.187189 0.680931 -0.182420
137.500000 82.886528 24.371080 -29.660751 0.684126 0.187152 0.680916 -0.182481
137.600000 82.783310 24.312328 -29.660675 0.684110 0.187202 0.680923 -0.182464
137.700000 82.669464 24.248232 -29.660595 0.684055 0.187394 0.680955 -0.182351
137.800000 82.544937 24.178799 -29.660515 0.683952 0.187756 0.681009 -0.182163
137.900000 82.420204 24.109734 -29.660437 0.683806 0.188269 0.681071 -0.181951
138.000000 82.295311 24.040871 -29.660374 0.683621 0.188919 0.681127 -0.181762
138.100000 82.180748 23.977907 -29.660332 0.683413 0.189647 0.681171 -0.181623
138.200000 82.055702 23.909271 -29.660297 0.683147 0.190576 0.681200 -0.181541
138.300000 81.930649 23.840607 -29.660288 0.682841 0.191642 0.681203 -0.181557
138.400000 81.805641 23.771843 -29.660290 0.682496 0.192844 0.681175 -0.181688
138.500000 81.680702 23.702936 -29.660316 0.682112 0.194181 0.681111 -0.181946
138.600000 81.545464 23.628065 -29.660374 0.681652 0.195779 0.680998 -0.182381
138.700000 81.431168 23.564461 -29.660440 0.681231 0.197241 0.680862 -0.182887
138.800000 81.316956 23.500658 -29.660528 0.680777 0.198815 0.680691 -0.183509
138.900000 81.202911 23.436605 -29.660637 0.680292 0.200490 0.680483 -0.184255
139.000000 81.068314 23.360542 -29.660786 0.679683 0.202590 0.680187 -0.185296
139.100000 80.830780 23.224932 -29.661118 0.678512 0.206599 0.679535 -0.187538
139.200000 80.717461 23.159563 -29.661308 0.677914 0.208633 0.679166 -0.188781
139.300000 80.225502 22.870155 -29.662336 0.675068 0.218148 0.677174 -0.195271
139.400000 80.113365 22.802839 -29.662611 0.674373 0.220427 0.676642 -0.196950
139.500000 80.001465 22.735126 -29.662903 0.673667 0.222719 0.676087 -0.198682
139.600000 79.879684 22.660807 -29.663235 0.672888 0.225226 0.675461 -0.200619
139.700000 79.768326 22.592251 -29.663553 0.672170 0.227515 0.674868 -0.202429
139.800000 79.647125 22.517015 -29.663910 0.671382 0.230000 0.674208 -0.204425
139.900000 79.536301 22.447632 -29.664248 0.670660 0.232256 0.673593 -0.206264
140.000000 79.415695 22.371471 -29.664629 0.669875 0.234679 0.672916 -0.208272
140.100000 79.295425 22.294819 -29.665014 0.669098 0.237054 0.672234 -0.210272
140.200000 79.055855 22.140041 -29.665815 0.667576 0.241623 0.670878 -0.214203
140.300000 78.946510 22.068428 -29.666191 0.666900 0.243619 0.670265 -0.215961
140.400000 78.837433 21.996410 -29.666571 0.666239 0.245549 0.669663 -0.217679
140.500000 78.708870 21.910776 -29.667019 0.665479 0.247740 0.668967 -0.219650
140.600000 78.580719 21.824566 -29.667471 0.664747 0.249825 0.668291 -0.221555
140.700000 78.462791 21.744471 -29.667898 0.664098 0.251650 0.667687 -0.223248
140.800000 78.345192 21.663897 -29.668322 0.663476 0.253379 0.667106 -0.224874
140.900000 78.237686 21.589603 -29.668705 0.662930 0.254879 0.666594 -0.226304
141.000000 78.130493 21.514904 -29.669090 0.662409 0.256294 0.666102 -0.227675
141.100000 78.004166 21.426115 -29.669540 0.661825 0.257860 0.665549 -0.229217
141.200000 77.762375 21.253786 -29.670393 0.660801 0.260552 0.664571 -0.231947
141.300000 77.656464 21.177317 -29.670767 0.660392 0.261607 0.664177 -0.233053
141.400000 77.550842 21.100464 -29.671137 0.660006 0.262588 0.663804 -0.234101
141.500000 77.426384 21.009138 -29.671566 0.659582 0.263653 0.663390 -0.235272
141.600000 77.311867 20.924362 -29.671940 0.659218 0.264552 0.663032 -0.236290
141.700000 77.074364 20.746323 -29.672716 0.658541 0.266186 0.662355 -0.238231
141.800000 76.979782 20.674574 -29.673027 0.658299 0.266757 0.662108 -0.238948
141.900000 76.866577 20.588076 -29.673370 0.658028 0.267387 0.661828 -0.239767
142.000000 76.744331 20.493896 -29.673742 0.657755 0.268008 0.661541 -0.240610
142.100000 76.631821 20.406519 -29.674078 0.657522 0.268531 0.661290 -0.241353
142.200000 76.538315 20.333385 -29.674347 0.657340 0.268933 0.661089 -0.241951
142.300000 76.426407 20.245253 -29.674662 0.657134 0.269380 0.660857 -0.242647
142.400000 76.324112 20.164116 -29.674944 0.656955 0.269763 0.660652 -0.243264
142.500000 76.222092 20.082636 -29.675209 0.656786 0.270119 0.660451 -0.243870
142.600000 76.000397 19.903751 -29.675772 0.656440 0.270837 0.660025 -0.245155
142.700000 75.899223 19.821249 -29.676016 0.656291 0.271142 0.659832 -0.245736
142.800000 75.779976 19.723341 -29.676289 0.656120 0.271491 0.659603 -0.246421
142.900000 75.679352 19.640158 -29.676510 0.655978 0.271777 0.659409 -0.247001
143.000000 75.578995 19.556675 -29.676725 0.655839 0.272060 0.659213 -0.247583
143.100000 75.469788 19.465265 -29.676943 0.655688 0.272366 0.658996 -0.248223
143.200000 75.351814 19.365854 -29.677172 0.655525 0.272696 0.658758 -0.248922
143.300000 75.198029 19.235258 -29.677448 0.655311 0.273133 0.658438 -0.249850
143.400000 75.080818 19.134949 -29.677647 0.655146 0.273473 0.658188 -0.250570
143.500000 74.963936 19.034258 -29.677832 0.654980 0.273816 0.657931 -0.251301
143.600000 74.856308 18.941000 -29.677992 0.654824 0.274141 0.657690 -0.251984
143.700000 74.740021 18.839626 -29.678154 0.654653 0.274500 0.657423 -0.252732
143.800000 74.624023 18.737904 -29.678305 0.654481 0.274865 0.657151 -0.253489
143.900000 74.517227 18.643705 -29.678434 0.654319 0.275207 0.656896 -0.254194
144.000000 74.419540 18.557106 -29.678549 0.654171 0.275523 0.656659 -0.254845
144.100000 74.198296 18.359436 -29.678772 0.653831 0.276250 0.656112 -0.256335
144.200000 74.083656 18.256199 -29.678862 0.653654 0.276630 0.655826 -0.257109
144.300000 73.969276 18.152657 -29.678957 0.653478 0.277009 0.655538 -0.257882
144.400000 73.855148 18.048847 -29.679035 0.653301 0.277389 0.655252 -0.258646
144.500000 73.749474 17.953308 -29.679117 0.653081 0.277870 0.655037 -0.259230
144.600000 73.651726 17.866583 -29.679251 0.652757 0.278592 0.654925 -0.259553
144.700000 73.553337 17.780441 -29.679434 0.652323 0.279563 0.654865 -0.259751
144.800000 73.445503 17.686859 -29.679691 0.651736 0.280875 0.654824 -0.259913
144.900000 73.355301 17.609152 -29.679966 0.651147 0.282188 0.654798 -0.260032
145.000000 73.246857 17.516001 -29.680372 0.650332 0.284001 0.654744 -0.260233
145.100000 73.147369 17.430590 -29.680824 0.649481 0.285889 0.654657 -0.260512
145.200000 73.038887 17.337242 -29.681408 0.648443 0.288185 0.654498 -0.260967
145.300000 72.939583 17.251432 -29.682034 0.647392 0.290506 0.654280 -0.261548
145.400000 72.822487 17.149628 -29.682882 0.646026 0.293513 0.653920 -0.262467
145.500000 72.723763 17.063042 -29.683701 0.644774 0.296267 0.653512 -0.263467
145.600000 72.518463 16.880602 -29.685713 0.641849 0.302661 0.652344 -0.266223
145.700000 72.412102 16.784536 -29.686924 0.640166 0.306316 0.651548 -0.268035
145.800000 72.315117 16.695889 -29.688129 0.638533 0.309845 0.650702 -0.269923
145.900000 72.201202 16.590368 -29.689674 0.636495 0.314222 0.649556 -0.272425
146.000000 71.993141 16.393251 -29.692848 0.632447 0.322812 0.647025 -0.277781
146.100000 71.898804 16.301861 -29.694435 0.630475 0.326939 0.645691 -0.280527
146.200000 71.796631 16.201433 -29.696257 0.628245 0.331561 0.644119 -0.283700
146.300000 71.569893 15.972473 -29.700676 0.622976 0.342271 0.640166 -0.291445
146.400000 71.462334 15.860731 -29.702944 0.620334 0.347522 0.638079 -0.295414
146.500000 71.347725 15.739298 -29.705479 0.617431 0.353201 0.635719 -0.299816
146.600000 71.250572 15.634262 -29.707714 0.614911 0.358051 0.633611 -0.303679
146.700000 71.154327 15.528435 -29.710022 0.612358 0.362885 0.631451 -0.307575
146.800000 71.059090 15.421755 -29.712372 0.609793 0.367664 0.629240 -0.311500
146.900000 70.964874 15.314236 -29.714773 0.607224 0.372371 0.626994 -0.315432
147.000000 70.871658 15.205883 -29.717216 0.604661 0.376989 0.624725 -0.319349
147.100000 70.771873 15.087564 -29.719896 0.601902 0.381869 0.622256 -0.323554
147.200000 70.680855 14.977484 -29.722404 0.599384 0.386243 0.619980 -0.327384
147.300000 70.590965 14.866560 -29.724920 0.596910 0.390467 0.617713 -0.331155
147.400000 70.509430 14.764206 -29.727253 0.594673 0.394220 0.615667 -0.334528
147.500000 70.421555 14.651773 -29.729809 0.592286 0.398155 0.613467 -0.338124
147.600000 70.334770 14.538549 -29.732370 0.589961 0.401921 0.611312 -0.341619
147.700000 70.241989 14.415014 -29.735146 0.587518 0.405803 0.609039 -0.345279
147.800000 70.150490 14.290578 -29.737921 0.585163 0.409472 0.606840 -0.348802
147.900000 70.060295 14.165257 -29.740681 0.582901 0.412926 0.604721 -0.352181
148.000000 69.883842 13.912006 -29.746134 0.578686 0.419172 0.600747 -0.358499
148.100000 69.804146 13.793994 -29.748632 0.576879 0.421767 0.599040 -0.361211
148.200000 69.719070 13.665362 -29.751305 0.575024 0.424379 0.597284 -0.364008
148.300000 69.635284 13.535929 -29.753942 0.573276 0.426788 0.595623 -0.366660
148.400000 69.552803 13.405711 -29.756542 0.571633 0.429002 0.594057 -0.369175
148.500000 69.416138 13.183617 -29.760851 0.569083 0.432333 0.591613 -0.373132
148.600000 69.331123 13.041177 -29.763519 0.567609 0.434196 0.590182 -0.375473
148.700000 69.259422 12.918427 -29.765760 0.566430 0.435649 0.589027 -0.377378
148.800000 69.182976 12.784781 -29.768133 0.565237 0.437083 0.587846 -0.379345
148.900000 69.113548 12.660807 -29.770275 0.564209 0.438288 0.586812 -0.381082
149.000000 69.039543 12.525870 -29.772535 0.563168 0.439477 0.585750 -0.382882
149.100000 68.961182 12.379844 -29.774908 0.562122 0.440641 0.584665 -0.384736
149.200000 68.895157 12.254107 -29.776884 0.561282 0.441550 0.583776 -0.386267
149.300000 68.824654 12.117360 -29.778978 0.560406 0.442478 0.582863 -0.387851
149.400000 68.692482 11.864901 -29.783295 0.558217 0.444879 0.581695 -0.390009
149.500000 68.625664 11.738535 -29.785749 0.556796 0.446474 0.581271 -0.390849
149.600000 68.558853 11.611893 -29.788408 0.555170 0.448316 0.580861 -0.391663
149.700000 68.486801 11.474278 -29.791533 0.553174 0.450594 0.580371 -0.392598
149.800000 68.426262 11.357424 -29.794376 0.551292 0.452754 0.579876 -0.393490
149.900000 68.360909 11.229454 -29.797703 0.549038 0.455356 0.579210 -0.394619
150.000000 68.233154 10.971781 -29.805012 0.543890 0.461333 0.577345 -0.397529
150.100000 68.176064 10.852865 -29.808672 0.541232 0.464428 0.576212 -0.399192
150.200000 68.065361 10.613382 -29.816519 0.535386 0.471247 0.573313 -0.403237
150.300000 68.011871 10.492812 -29.820698 0.532194 0.474966 0.571532 -0.405620
150.400000 67.945679 10.338558 -29.826262 0.527872 0.479985 0.568936 -0.408996
150.500000 67.890717 10.205633 -29.831232 0.523945 0.484522 0.566411 -0.412188
150.600000 67.837448 10.072065 -29.836384 0.519817 0.489260 0.563613 -0.415638
150.700000 67.786049 9.937863 -29.841688 0.515512 0.494165 0.560533 -0.419345
150.800000 67.735535 9.803308 -29.845953 0.510942 0.499339 0.557263 -0.423152
150.900000 67.685638 9.668518 -29.846619 0.506118 0.504759 0.553813 -0.427030
151.000000 67.633804 9.521831 -29.844904 0.500764 0.510695 0.549769 -0.431486
151.100000 67.584396 9.374454 -29.841965 0.495288 0.516672 0.545437 -0.436162
151.200000 67.542160 9.237550 -29.840227 0.490241 0.522070 0.541123 -0.440786
151.300000 67.503181 9.099826 -29.841986 0.485178 0.527367 0.536563 -0.445629
151.400000 67.460403 8.938534 -29.846615 0.479148 0.533558 0.531074 -0.451324
151.500000 67.424088 8.800146 -29.849325 0.473726 0.539047 0.526395 -0.455982
151.600000 67.389198 8.661486 -29.849169 0.468250 0.544499 0.521635 -0.460608
151.700000 67.359093 8.534036 -29.847609 0.463245 0.549381 0.517186 -0.464869
151.800000 67.299049 8.242974 -29.843990 0.452126 0.559833 0.506781 -0.474703
151.900000 67.277199 8.114207 -29.846134 0.447411 0.564067 0.502099 -0.479112
152.000000 67.254898 7.973546 -29.849802 0.442263 0.568609 0.497083 -0.483731
152.100000 67.232635 7.832875 -29.850943 0.437019 0.573189 0.492278 -0.487987
152.200000 67.212379 7.692026 -29.849874 0.431910 0.577546 0.487523 -0.492154
152.300000 67.194237 7.550990 -29.847618 0.426948 0.581670 0.482846 -0.496221
152.400000 67.177017 7.398020 -29.844479 0.421749 0.585876 0.477891 -0.500498
152.500000 67.165886 7.268355 -29.843271 0.417635 0.589059 0.473694 -0.504186
152.600000 67.156029 7.114916 -29.845461 0.413006 0.592508 0.468845 -0.508473
152.700000 67.148438 6.961392 -29.849768 0.408528 0.595757 0.464224 -0.512519
152.800000 67.140976 6.807929 -29.851999 0.404047 0.599009 0.459983 -0.516091
152.900000 67.136032 6.678112 -29.851311 0.400422 0.601581 0.456560 -0.518956
153.000000 67.132599 6.536519 -29.849051 0.396681 0.604156 0.452970 -0.521976
153.100000 67.131180 6.394965 -29.845930 0.393153 0.606505 0.449541 -0.524876
153.200000 67.132599 6.241699 -29.842714 0.389630 0.608739 0.445957 -0.527965
153.300000 67.137749 6.100303 -29.843102 0.386722 0.610431 0.442705 -0.530879
153.400000 67.144714 5.959009 -29.845697 0.383954 0.611996 0.439664 -0.533607
153.500000 67.151016 5.829573 -29.846596 0.381404 0.613483 0.437170 -0.535772
153.600000 67.159294 5.688541 -29.845140 0.378787 0.614968 0.434603 -0.538009
153.700000 67.170578 5.535974 -29.842163 0.376194 0.616358 0.431946 -0.540373
153.800000 67.184761 5.395436 -29.841745 0.374142 0.617302 0.429481 -0.542681
153.900000 67.200928 5.255104 -29.843740 0.372223 0.618136 0.427158 -0.544880
154.000000 67.218765 5.103229 -29.844906 0.370126 0.619109 0.424928 -0.546944
154.100000 67.234818 4.974935 -29.843393 0.368439 0.619883 0.423164 -0.548570
154.200000 67.254036 4.835252 -29.840240 0.366747 0.620610 0.421300 -0.550314
154.300000 67.278450 4.684411 -29.838512 0.365215 0.621118 0.419214 -0.552349
154.400000 67.332092 4.395532 -29.842001 0.362659 0.621821 0.415374 -0.556131
154.500000 67.358635 4.257211 -29.841740 0.361410 0.622246 0.413766 -0.557665
154.600000 67.386574 4.119225 -29.838903 0.360260 0.622609 0.412190 -0.559169
154.700000 67.416321 3.981627 -29.834963 0.359236 0.622875 0.410606 -0.560695
154.800000 67.448883 3.844496 -29.833492 0.358393 0.622968 0.408947 -0.562341
154.900000 67.484810 3.695817 -29.834475 0.357312 0.623173 0.407349 -0.563959
155.000000 67.521187 3.546970 -29.836897 0.356006 0.623523 0.405928 -0.565422
155.100000 67.552208 3.420928 -29.839195 0.354707 0.623952 0.404825 -0.566554
155.200000 67.590996 3.260288 -29.838419 0.352702 0.624780 0.403574 -0.567785
155.300000 67.631248 3.099882 -29.834927 0.350542 0.625693 0.402205 -0.569087
155.400000 67.668381 2.962905 -29.834127 0.348675 0.626438 0.400789 -0.570411
155.500000 67.710075 2.814822 -29.835670 0.346450 0.627379 0.399134 -0.571892
155.600000 67.749825 2.678445 -29.838284 0.344204 0.628377 0.397468 -0.573311
155.700000 67.793015 2.530764 -29.839355 0.341425 0.629714 0.395617 -0.574783
155.800000 67.880341 2.248117 -29.834585 0.335617 0.632578 0.391367 -0.577960
155.900000 67.929634 2.102318 -29.835110 0.332476 0.634100 0.388670 -0.579925
156.000000 67.976624 1.968246 -29.837290 0.329389 0.635619 0.385994 -0.581807
156.100000 68.028786 1.823468 -29.840073 0.325816 0.637407 0.382929 -0.583885
156.200000 68.130997 1.545967 -29.836493 0.318233 0.641301 0.376664 -0.587865
156.300000 68.188339 1.403300 -29.835365 0.314327 0.643243 0.372889 -0.590247
156.400000 68.242958 1.272277 -29.836723 0.310602 0.645081 0.369258 -0.592492
156.500000 68.299019 1.141891 -29.839279 0.306775 0.646960 0.365506 -0.594758
156.600000 68.355637 1.011799 -29.840994 0.302761 0.648943 0.361747 -0.596948
156.700000 68.417587 0.871231 -29.839159 0.298270 0.651165 0.357643 -0.599259
156.800000 68.481247 0.731480 -29.835140 0.293784 0.653347 0.353407 -0.601608
156.900000 68.548004 0.593183 -29.832787 0.289483 0.655361 0.348917 -0.604117
157.000000 68.616890 0.455914 -29.833551 0.285214 0.657315 0.344364 -0.606632
157.100000 68.681885 0.329948 -29.835688 0.281278 0.659089 0.340170 -0.608908
157.200000 68.748207 0.204688 -29.838505 0.277371 0.660820 0.335997 -0.611137
157.300000 68.820930 0.069506 -29.840996 0.273117 0.662688 0.331592 -0.613432
157.400000 68.888268 -0.055063 -29.839706 0.269148 0.664433 0.327691 -0.615392
157.500000 68.956871 -0.178873 -29.836100 0.265311 0.666079 0.323818 -0.617325
157.600000 69.033508 -0.311701 -29.832277 0.261413 0.667680 0.319582 -0.619462
157.700000 69.205681 -0.593675 -29.833681 0.253708 0.670646 0.310679 -0.623975
157.800000 69.281433 -0.713282 -29.836004 0.250603 0.671792 0.307090 -0.625771
157.900000 69.364410 -0.842256 -29.838173 0.247339 0.672979 0.303417 -0.627583
158.000000 69.441055 -0.961142 -29.836653 0.244357 0.674077 0.300295 -0.629073
158.100000 69.532097 -1.098745 -29.832237 0.241154 0.675201 0.296765 -0.630776
158.200000 69.612572 -1.215117 -29.830549 0.238763 0.675953 0.293727 -0.632301
158.300000 69.701096 -1.340283 -29.831028 0.236338 0.676682 0.290621 -0.633865
158.400000 69.790817 -1.464569 -29.832695 0.234080 0.677333 0.287708 -0.635336
158.500000 69.888802 -1.597441 -29.835102 0.231843 0.677943 0.284773 -0.636825
158.600000 70.015854 -1.767379 -29.836403 0.229134 0.678678 0.281415 -0.638514
158.700000 70.115303 -1.898932 -29.832420 0.227174 0.679207 0.279088 -0.639671
158.800000 70.216972 -2.028846 -29.828180 0.225568 0.679552 0.276772 -0.640878
158.900000 70.305710 -2.139043 -29.827318 0.224391 0.679747 0.274857 -0.641908
159.000000 70.516235 -2.393338 -29.829628 0.222036 0.680062 0.270849 -0.644093
159.100000 70.623222 -2.519048 -29.831573 0.221049 0.680152 0.269048 -0.645092
159.200000 70.715797 -2.626058 -29.833326 0.220291 0.680199 0.267596 -0.645906
159.300000 70.816078 -2.741849 -29.832415 0.219427 0.680302 0.266226 -0.646657
159.400000 70.925079 -2.865653 -29.828068 0.218622 0.680365 0.264793 -0.647451
159.500000 71.020187 -2.970422 -29.826288 0.218125 0.680319 0.263490 -0.648198
159.600000 71.108063 -3.065844 -29.826069 0.217702 0.680271 0.262340 -0.648857
159.700000 71.212708 -3.177883 -29.826698 0.217238 0.680209 0.261023 -0.649608
159.800000 71.326332 -3.297709 -29.827887 0.216770 0.680139 0.259649 -0.650388
159.900000 71.440880 -3.416657 -29.829294 0.216334 0.680066 0.258299 -0.651147
160.000000 71.548042 -3.526351 -29.830656 0.215948 0.679999 0.257061 -0.651834
160.100000 71.647491 -3.627077 -29.831537 0.215581 0.679952 0.255948 -0.652442
160.200000 71.746902 -3.727715 -29.829123 0.215128 0.679964 0.254927 -0.652979
160.300000 71.856018 -3.835479 -29.826880 0.214780 0.679903 0.253685 -0.653640
160.400000 71.957481 -3.934259 -29.826317 0.214464 0.679847 0.252527 -0.654250
160.500000 72.059502 -4.032467 -29.826496 0.214137 0.679803 0.251371 -0.654848
160.600000 72.187828 -4.154441 -29.827213 0.213716 0.679761 0.249918 -0.655585
160.700000 72.308327 -4.267549 -29.828083 0.213303 0.679737 0.248559 -0.656261
160.800000 72.472954 -4.419917 -29.829348 0.212720 0.679723 0.246702 -0.657164
160.900000 72.594620 -4.531735 -29.828447 0.212206 0.679765 0.245393 -0.657777
161.000000 72.699333 -4.627079 -29.825083 0.211769 0.679805 0.244254 -0.658300
161.100000 72.804932 -4.721593 -29.823366 0.211394 0.679811 0.243045 -0.658862
161.200000 73.017471 -4.909205 -29.822733 0.210610 0.679851 0.240649 -0.659951
161.300000 73.115440 -4.994592 -29.822960 0.210243 0.679877 0.239560 -0.660436
161.400000 73.231651 -5.095037 -29.823376 0.209808 0.679912 0.238285 -0.660999
161.500000 73.348320 -5.194990 -29.823856 0.209376 0.679951 0.237024 -0.661550
161.600000 73.447372 -5.279189 -29.824276 0.209015 0.679985 0.235972 -0.662005
161.700000 73.619164 -5.423848 -29.824974 0.208409 0.680043 0.234192 -0.662768
161.800000 73.737198 -5.522267 -29.825424 0.208012 0.680081 0.233004 -0.663272
161.900000 73.855591 -5.620262 -29.825842 0.207633 0.680116 0.231850 -0.663760
162.000000 73.965233 -5.710339 -29.826199 0.207302 0.680144 0.230812 -0.664196
162.100000 74.075180 -5.800067 -29.826532 0.206993 0.680167 0.229806 -0.664617
162.200000 74.194626 -5.896891 -29.826864 0.206684 0.680187 0.228753 -0.665056
162.300000 74.286728 -5.971107 -29.827101 0.206466 0.680197 0.227971 -0.665382
162.400000 74.388260 -6.052489 -29.827341 0.206248 0.680203 0.227141 -0.665727
162.500000 74.489799 -6.133797 -29.825972 0.206019 0.680224 0.226377 -0.666037
162.600000 74.601006 -6.222033 -29.824337 0.205836 0.680216 0.225542 -0.666384
162.700000 74.703224 -6.302624 -29.823593 0.205700 0.680200 0.224808 -0.666691
162.800000 74.824272 -6.397556 -29.823212 0.205570 0.680174 0.223986 -0.667034
162.900000 74.926910 -6.477637 -29.823111 0.205486 0.680146 0.223331 -0.667309
163.000000 75.048210 -6.572342 -29.823132 0.205339 0.680128 0.222667 -0.667593
163.100000 75.160027 -6.660021 -29.823235 0.205104 0.680144 0.222184 -0.667810
163.200000 75.262474 -6.740517 -29.823368 0.204813 0.680184 0.221816 -0.667982
163.300000 75.374229 -6.828385 -29.823549 0.204416 0.680253 0.221466 -0.668149
163.400000 75.476723 -6.908915 -29.823727 0.203981 0.680339 0.221169 -0.668292
163.500000 75.700668 -7.084308 -29.824175 0.202810 0.680601 0.220501 -0.668603
163.600000 75.803513 -7.164474 -29.824389 0.202169 0.680755 0.220154 -0.668754
163.700000 76.019096 -7.331450 -29.824877 0.200620 0.681145 0.219278 -0.669111
163.800000 76.131905 -7.418170 -29.825144 0.199698 0.681386 0.218721 -0.669324
163.900000 76.348839 -7.583496 -29.825684 0.197718 0.681916 0.217427 -0.669794
164.000000 76.547760 -7.733342 -29.826200 0.195672 0.682475 0.215970 -0.670297
164.100000 76.661812 -7.818464 -29.826504 0.194406 0.682824 0.215017 -0.670615
164.200000 76.757080 -7.889104 -29.826756 0.193303 0.683130 0.214157 -0.670898
164.300000 76.862114 -7.966483 -29.827044 0.192042 0.683481 0.213142 -0.671226
164.400000 76.976791 -8.050714 -29.825975 0.190578 0.683895 0.211995 -0.671585
164.500000 77.091881 -8.134409 -29.824335 0.189095 0.684308 0.210743 -0.671977
164.600000 77.197701 -8.210710 -29.823648 0.187705 0.684694 0.209527 -0.672354
164.700000 77.303780 -8.286652 -29.823400 0.186283 0.685088 0.208260 -0.672742
164.800000 77.429474 -8.375948 -29.823418 0.184568 0.685561 0.206705 -0.673211
164.900000 77.526382 -8.444303 -29.823557 0.183230 0.685929 0.205473 -0.673579
165.000000 77.652687 -8.532721 -29.823818 0.181474 0.686409 0.203831 -0.674064
165.100000 77.759819 -8.607158 -29.824081 0.179978 0.686816 0.202416 -0.674478
165.200000 77.867203 -8.681225 -29.824358 0.178485 0.687218 0.200980 -0.674893
165.300000 77.974838 -8.754932 -29.824652 0.176998 0.687616 0.199532 -0.675309
165.400000 78.082710 -8.828284 -29.824951 0.175523 0.688008 0.198079 -0.675723
165.500000 78.210503 -8.914509 -29.825294 0.173803 0.688461 0.196364 -0.676207
165.600000 78.328751 -8.993658 -29.825613 0.172246 0.688866 0.194789 -0.676648
165.700000 78.457184 -9.078924 -29.825954 0.170599 0.689290 0.193104 -0.677116
165.800000 78.705086 -9.241508 -29.826605 0.167576 0.690054 0.189951 -0.677984
165.900000 78.824493 -9.318897 -29.826900 0.166205 0.690395 0.188491 -0.678382
166.000000 78.934181 -9.389475 -29.827166 0.164998 0.690690 0.187190 -0.678736
166.100000 79.053902 -9.466307 -29.825649 0.163701 0.691012 0.185852 -0.679090
166.200000 79.174057 -9.542510 -29.824154 0.162512 0.691296 0.184520 -0.679450
166.300000 79.294495 -9.618273 -29.823481 0.161390 0.691558 0.183239 -0.679797
166.400000 79.405121 -9.687352 -29.823261 0.160422 0.691782 0.182111 -0.680102
166.500000 79.526047 -9.762338 -29.823244 0.159427 0.692008 0.180939 -0.680418
166.600000 79.626991 -9.824528 -29.823332 0.158649 0.692182 0.180007 -0.680670
166.700000 79.738228 -9.892615 -29.823479 0.157848 0.692358 0.179027 -0.680936
166.800000 79.869957 -9.972665 -29.823692 0.156974 0.692547 0.177931 -0.681233
166.900000 80.001938 -10.052264 -29.823917 0.156175 0.692715 0.176902 -0.681514
167.000000 80.113838 -10.119271 -29.824106 0.155557 0.692841 0.176081 -0.681739
167.100000 80.215736 -10.179899 -29.824276 0.155043 0.692944 0.175372 -0.681935
167.200000 80.327980 -10.246314 -29.824465 0.154520 0.693046 0.174635 -0.682139
167.300000 80.542763 -10.372244 -29.824808 0.153652 0.693207 0.173340 -0.682501
167.400000 80.665787 -10.443708 -29.824991 0.153227 0.693282 0.172660 -0.682694
167.500000 80.778740 -10.508908 -29.825155 0.152877 0.693340 0.172072 -0.682861
167.600000 80.881577 -10.567928 -29.825294 0.152591 0.693386 0.171564 -0.683007
167.700000 80.994850 -10.632573 -29.825439 0.152307 0.693428 0.171033 -0.683160
167.800000 81.118607 -10.702765 -29.825598 0.152033 0.693466 0.170482 -0.683320
167.900000 81.242546 -10.772629 -29.825735 0.151789 0.693497 0.169959 -0.683473
168.000000 81.356316 -10.836383 -29.825857 0.151589 0.693520 0.169500 -0.683608
168.100000 81.594704 -10.968808 -29.826094 0.151236 0.693554 0.168590 -0.683877
168.200000 81.719330 -11.037450 -29.826202 0.151077 0.693567 0.168138 -0.684011
168.300000 81.844131 -11.105780 -29.826305 0.150931 0.693577 0.167695 -0.684141
168.400000 81.969093 -11.173808 -29.826395 0.150797 0.693585 0.167260 -0.684269
168.500000 82.125519 -11.258431 -29.826511 0.150640 0.693593 0.166723 -0.684427
168.600000 82.271713 -11.337032 -29.826357 0.150494 0.693602 0.166230 -0.684569
168.700000 82.407547 -11.409810 -29.823997 0.150343 0.693620 0.165791 -0.684691
168.800000 82.522736 -11.471001 -29.822781 0.150240 0.693624 0.165392 -0.684806
168.900000 82.638039 -11.531966 -29.822119 0.150134 0.693630 0.164993 -0.684919
169.000000 82.763954 -11.598211 -29.821751 0.150014 0.693638 0.164555 -0.685043
169.100000 82.879509 -11.658713 -29.821585 0.149900 0.693648 0.164151 -0.685155
169.200000 82.995171 -11.719004 -29.821503 0.149780 0.693659 0.163743 -0.685268
169.300000 83.121475 -11.784538 -29.821474 0.149645 0.693673 0.163293 -0.685390
169.400000 83.247910 -11.849836 -29.821472 0.149503 0.693689 0.162838 -0.685513
169.500000 83.363907 -11.909482 -29.821472 0.149367 0.693705 0.162418 -0.685626
169.600000 83.585632 -12.022825 -29.821482 0.149095 0.693740 0.161605 -0.685842
169.700000 83.818298 -12.140845 -29.821489 0.148793 0.693782 0.160743 -0.686067
169.800000 83.934761 -12.199591 -29.821495 0.148638 0.693805 0.160311 -0.686179
169.900000 84.061935 -12.263480 -29.821489 0.148466 0.693831 0.159839 -0.686301
170.000000 84.178581 -12.321870 -29.821474 0.148307 0.693855 0.159407 -0.686411
170.100000 84.295319 -12.380097 -29.821459 0.148147 0.693880 0.158977 -0.686520
170.200000 84.529030 -12.496077 -29.821432 0.147831 0.693929 0.158126 -0.686735
170.300000 84.656647 -12.559080 -29.821398 0.147663 0.693955 0.157670 -0.686850
170.400000 84.784332 -12.621911 -29.821360 0.147498 0.693981 0.157221 -0.686962
170.500000 84.901474 -12.679354 -29.821329 0.147352 0.694004 0.156818 -0.687062
170.600000 85.008018 -12.731458 -29.821299 0.147224 0.694023 0.156458 -0.687152
170.700000 85.125282 -12.788637 -29.821266 0.147089 0.694044 0.156071 -0.687248
170.800000 85.253288 -12.850867 -29.821224 0.146950 0.694065 0.155660 -0.687349
170.900000 85.381378 -12.912943 -29.821167 0.146820 0.694085 0.155262 -0.687448
171.000000 85.509529 -12.974872 -29.821110 0.146701 0.694102 0.154877 -0.687542
171.100000 85.648438 -13.041800 -29.821049 0.146583 0.694118 0.154478 -0.687641
171.200000 85.926483 -13.175175 -29.820929 0.146391 0.694142 0.153734 -0.687825
171.300000 86.033516 -13.226307 -29.820885 0.146333 0.694148 0.153468 -0.687890
171.400000 86.172714 -13.292653 -29.820807 0.146270 0.694153 0.153140 -0.687971
171.500000 86.344131 -13.374116 -29.820705 0.146214 0.694155 0.152764 -0.688065
171.600000 86.472763 -13.435077 -29.820627 0.146187 0.694154 0.152501 -0.688130
171.700000 86.601433 -13.495929 -29.820551 0.146172 0.694150 0.152256 -0.688191
171.800000 86.848221 -13.612264 -29.820408 0.146179 0.694136 0.151831 -0.688298
171.900000 87.095192 -13.728232 -29.820263 0.146230 0.694113 0.151465 -0.688391
172.000000 87.224121 -13.788601 -29.820190 0.146272 0.694098 0.151296 -0.688434
172.100000 87.342323 -13.843860 -29.820122 0.146319 0.694083 0.151153 -0.688471
172.200000 87.471336 -13.904062 -29.820026 0.146379 0.694064 0.151011 -0.688508
172.300000 87.589607 -13.959172 -29.819937 0.146442 0.694046 0.150891 -0.688540
172.400000 87.707939 -14.014215 -29.819851 0.146511 0.694026 0.150781 -0.688569
172.500000 87.826271 -14.069194 -29.819763 0.146586 0.694006 0.150680 -0.688596
172.600000 87.955421 -14.129101 -29.819664 0.146674 0.693982 0.150580 -0.688623
172.700000 88.073814 -14.183955 -29.819580 0.146760 0.693960 0.150497 -0.688645
172.800000 88.192261 -14.238750 -29.819492 0.146849 0.693936 0.150421 -0.688666
172.900000 88.310722 -14.293493 -29.819403 0.146941 0.693913 0.150352 -0.688686
173.000000 88.429199 -14.348185 -29.819319 0.147036 0.693889 0.150288 -0.688703
173.100000 88.569275 -14.412755 -29.819216 0.147151 0.693860 0.150220 -0.688723
173.200000 88.687813 -14.467338 -29.819130 0.147249 0.693836 0.150168 -0.688738
173.300000 88.806358 -14.521874 -29.819042 0.147349 0.693811 0.150119 -0.688752
173.400000 89.054344 -14.635770 -29.818861 0.147556 0.693760 0.150029 -0.688778
173.500000 89.183716 -14.695126 -29.818769 0.147664 0.693734 0.149986 -0.688790
173.600000 89.313179 -14.754436 -29.818674 0.147770 0.693709 0.149946 -0.688802
173.700000 89.453423 -14.818641 -29.818573 0.147883 0.693682 0.149905 -0.688814
173.800000 89.572090 -14.872931 -29.818487 0.147976 0.693659 0.149871 -0.688824
173.900000 89.701561 -14.932124 -29.818396 0.148075 0.693636 0.149835 -0.688835
174.000000 89.841896 -14.996207 -29.818293 0.148180 0.693611 0.149797 -0.688845
174.100000 89.971420 -15.055326 -29.818203 0.148273 0.693588 0.149763 -0.688855
174.200000 90.090157 -15.109492 -29.818115 0.148355 0.693569 0.149732 -0.688864
174.300000 90.208878 -15.163632 -29.818031 0.148435 0.693550 0.149701 -0.688873
174.400000 90.338432 -15.222668 -29.817936 0.148520 0.693530 0.149667 -0.688882
174.500000 90.478836 -15.286596 -29.817839 0.148607 0.693509 0.149631 -0.688892
174.600000 90.608437 -15.345581 -29.817745 0.148685 0.693491 0.149598 -0.688900
174.700000 90.738022 -15.404546 -29.817654 0.148759 0.693473 0.149565 -0.688909
174.800000 90.878357 -15.468536 -29.817553 0.148808 0.693461 0.149554 -0.688913
174.900000 91.147812 -15.592508 -29.817366 0.148666 0.693488 0.149676 -0.688890
175.000000 91.266296 -15.647319 -29.817284 0.148512 0.693520 0.149754 -0.688875
175.100000 91.395493 -15.707223 -29.817194 0.148285 0.693566 0.149833 -0.688860
175.200000 91.761375 -15.877216 -29.816948 0.147314 0.693767 0.149921 -0.688846
175.300000 91.901314 -15.942187 -29.816854 0.146823 0.693869 0.149867 -0.688860
175.400000 92.041245 -16.007116 -29.816765 0.146263 0.693986 0.149756 -0.688886
175.500000 92.181252 -16.071960 -29.816671 0.145638 0.694116 0.149580 -0.688925
175.600000 92.310516 -16.131720 -29.816591 0.145006 0.694248 0.149357 -0.688974
175.700000 92.450600 -16.196333 -29.816502 0.144264 0.694402 0.149048 -0.689041
175.800000 92.569214 -16.250898 -29.816433 0.143592 0.694542 0.148732 -0.689109
175.900000 92.752594 -16.334999 -29.816351 0.142480 0.694773 0.148147 -0.689233
176.000000 92.936111 -16.418804 -29.816269 0.141286 0.695021 0.147452 -0.689378
176.100000 93.076553 -16.482676 -29.816202 0.140325 0.695219 0.146849 -0.689503
176.200000 93.206268 -16.541458 -29.816145 0.139407 0.695409 0.146244 -0.689627
176.300000 93.336052 -16.600069 -29.816086 0.138462 0.695602 0.145596 -0.689759
176.400000 93.455124 -16.653643 -29.816032 0.137578 0.695783 0.144968 -0.689886
176.500000 93.585060 -16.711906 -29.815996 0.136599 0.695983 0.144251 -0.690029
176.600000 93.704254 -16.765137 -29.815962 0.135693 0.696166 0.143567 -0.690166
176.700000 93.834366 -16.823040 -29.815922 0.134695 0.696367 0.142801 -0.690317
176.800000 93.964561 -16.880745 -29.815886 0.133697 0.696567 0.142016 -0.690471
176.900000 94.105690 -16.943037 -29.815844 0.132619 0.696782 0.141151 -0.690640
177.000000 94.236069 -17.000328 -29.815805 0.131632 0.696977 0.140345 -0.690796
177.100000 94.355675 -17.052668 -29.815769 0.130740 0.697153 0.139603 -0.690938
177.200000 94.486206 -17.109566 -29.815729 0.129782 0.697340 0.138796 -0.691093
177.300000 94.595055 -17.156818 -29.815695 0.129002 0.697492 0.138127 -0.691220
177.400000 94.714882 -17.208637 -29.815659 0.128162 0.697654 0.137399 -0.691358
177.500000 94.954712 -17.311750 -29.815599 0.126551 0.697962 0.135982 -0.691624
177.600000 95.085655 -17.367697 -29.815578 0.125717 0.698119 0.135235 -0.691763
177.700000 95.194862 -17.414162 -29.815565 0.125049 0.698245 0.134629 -0.691876
177.800000 95.315041 -17.465099 -29.815546 0.124344 0.698376 0.133982 -0.691996
177.900000 95.435280 -17.515863 -29.815527 0.123669 0.698501 0.133357 -0.692111
178.000000 95.555611 -17.566441 -29.815508 0.123030 0.698618 0.132753 -0.692223
178.100000 95.676025 -17.616852 -29.815487 0.122421 0.698729 0.132176 -0.692329
178.200000 95.818405 -17.676205 -29.815464 0.121745 0.698851 0.131525 -0.692449
178.300000 95.949928 -17.730772 -29.815441 0.121164 0.698955 0.130955 -0.692554
178.400000 96.081528 -17.785130 -29.815416 0.120621 0.699052 0.130415 -0.692654
178.500000 96.213219 -17.839287 -29.815395 0.120117 0.699140 0.129904 -0.692748
178.600000 96.345001 -17.893236 -29.815372 0.119651 0.699221 0.129422 -0.692837
178.700000 96.454872 -17.938030 -29.815351 0.119292 0.699283 0.129041 -0.692908
178.800000 96.575790 -17.987150 -29.815329 0.118923 0.699346 0.128645 -0.692982
178.900000 96.707779 -18.040543 -29.815304 0.118554 0.699408 0.128237 -0.693057
179.000000 96.850876 -18.098158 -29.815277 0.118189 0.699469 0.127823 -0.693135
179.100000 96.972031 -18.146729 -29.815252 0.117907 0.699515 0.127493 -0.693197
179.200000 97.104256 -18.199526 -29.815224 0.117625 0.699560 0.127153 -0.693262
179.300000 97.236557 -18.252129 -29.815176 0.117369 0.699601 0.126831 -0.693323
179.400000 97.357925 -18.300175 -29.815128 0.117154 0.699635 0.126549 -0.693377
179.500000 97.468292 -18.343719 -29.815090 0.116973 0.699663 0.126305 -0.693424
179.600000 97.589752 -18.391466 -29.815042 0.116789 0.699691 0.126047 -0.693473
179.700000 97.722351 -18.443375 -29.814995 0.116603 0.699719 0.125776 -0.693526
179.800000 97.843956 -18.490795 -29.814947 0.116446 0.699742 0.125535 -0.693572
179.900000 97.965584 -18.538063 -29.814901 0.116298 0.699763 0.125300 -0.693618
180.000000 98.220154 -18.636412 -29.814806 0.116014 0.699804 0.124823 -0.693711
180.100000 98.341980 -18.683218 -29.814760 0.115888 0.699821 0.124599 -0.693754
180.200000 98.474960 -18.734114 -29.814711 0.115754 0.699840 0.124355 -0.693802
180.300000 98.596909 -18.780621 -29.814665 0.115634 0.699857 0.124131 -0.693845
180.400000 98.718895 -18.826981 -29.814619 0.115516 0.699873 0.123905 -0.693889
180.500000 98.852066 -18.877399 -29.814568 0.115388 0.699891 0.123658 -0.693936
180.600000 98.974167 -18.923473 -29.814524 0.115270 0.699907 0.123428 -0.693980
180.700000 99.107452 -18.973585 -29.814472 0.115140 0.699925 0.123173 -0.694029
180.800000 99.229668 -19.019377 -29.814426 0.115019 0.699942 0.122936 -0.694074
180.900000 99.340797 -19.060896 -29.814375 0.114908 0.699958 0.122717 -0.694115
181.000000 99.474243 -19.110579 -29.814301 0.114771 0.699977 0.122450 -0.694165
181.100000 99.618843 -19.164236 -29.814222 0.114619 0.699999 0.122156 -0.694220
181.200000 99.730125 -19.205387 -29.814161 0.114501 0.700016 0.121926 -0.694263
181.300000 99.852585 -19.250544 -29.814096 0.114367 0.700036 0.121669 -0.694310
181.400000 100.119904 -19.348648 -29.813948 0.114068 0.700080 0.121097 -0.694415
181.500000 100.253632 -19.397495 -29.813873 0.113915 0.700103 0.120807 -0.694468
181.600000 100.376274 -19.442158 -29.813808 0.113773 0.700124 0.120538 -0.694516
181.700000 100.498940 -19.486708 -29.813742 0.113630 0.700145 0.120268 -0.694565
181.800000 100.632820 -19.535185 -29.813669 0.113473 0.700168 0.119973 -0.694618
181.900000 100.766716 -19.583538 -29.813593 0.113316 0.700192 0.119677 -0.694671
182.000000 100.900688 -19.631765 -29.813522 0.113161 0.700215 0.119382 -0.694724
182.100000 101.023521 -19.675871 -29.813456 0.113019 0.700236 0.119113 -0.694772
182.200000 101.146385 -19.719873 -29.813391 0.112880 0.700257 0.118846 -0.694819
182.300000 101.280487 -19.767769 -29.813316 0.112730 0.700279 0.118558 -0.694870
182.400000 101.403404 -19.811575 -29.813251 0.112597 0.700299 0.118298 -0.694916
182.500000 101.537582 -19.859259 -29.813175 0.112455 0.700320 0.118019 -0.694965
182.600000 101.649399 -19.898912 -29.813097 0.112341 0.700337 0.117790 -0.695006
182.700000 101.783630 -19.946400 -29.813002 0.112209 0.700357 0.117522 -0.695053
182.800000 101.906708 -19.989841 -29.812914 0.112094 0.700374 0.117282 -0.695095
182.900000 102.029793 -20.033197 -29.812826 0.111985 0.700389 0.117048 -0.695136
183.000000 102.175339 -20.084333 -29.812727 0.111863 0.700407 0.116781 -0.695183
183.100000 102.309708 -20.131433 -29.812628 0.111758 0.700422 0.116544 -0.695224
183.200000 102.432892 -20.174530 -29.812544 0.111670 0.700434 0.116334 -0.695261
183.300000 102.567329 -20.221455 -29.812449 0.111581 0.700447 0.116114 -0.695300
183.400000 102.701775 -20.268291 -29.812355 0.111500 0.700458 0.115903 -0.695337
183.500000 102.825058 -20.311153 -29.812269 0.111434 0.700467 0.115719 -0.695369
183.600000 103.094116 -20.404427 -29.812082 0.111315 0.700482 0.115347 -0.695434
183.700000 103.217468 -20.447071 -29.811995 0.111272 0.700487 0.115189 -0.695462
183.800000 103.340866 -20.489653 -29.811909 0.111235 0.700491 0.115040 -0.695488
183.900000 103.475487 -20.536030 -29.811813 0.111204 0.700495 0.114887 -0.695516
184.000000 103.756020 -20.632431 -29.811619 0.111162 0.700498 0.114597 -0.695567
184.100000 103.879501 -20.674753 -29.811533 0.111154 0.700497 0.114482 -0.695587
184.200000 104.002968 -20.717018 -29.811447 0.111152 0.700496 0.114374 -0.695607
184.300000 104.137680 -20.763063 -29.811354 0.111156 0.700494 0.114264 -0.695626
184.400000 104.283699 -20.812880 -29.811253 0.111166 0.700491 0.114153 -0.695646
184.500000 104.418488 -20.858801 -29.811159 0.111181 0.700487 0.114058 -0.695664
184.600000 104.564499 -20.908484 -29.811058 0.111203 0.700482 0.113963 -0.695681
184.700000 104.946564 -21.038130 -29.810795 0.111283 0.700465 0.113746 -0.695720
184.800000 105.070190 -21.079985 -29.810709 0.111314 0.700459 0.113684 -0.695732
184.900000 105.193817 -21.121799 -29.810625 0.111347 0.700452 0.113626 -0.695742
185.000000 105.328697 -21.167372 -29.810534 0.111386 0.700445 0.113566 -0.695754
185.100000 105.486153 -21.220480 -29.810425 0.111432 0.700436 0.113501 -0.695766
185.200000 105.621094 -21.265955 -29.810331 0.111472 0.700428 0.113447 -0.695776
185.300000 105.868484 -21.349220 -29.810163 0.111548 0.700415 0.113356 -0.695792
185.400000 105.992195 -21.390808 -29.810076 0.111587 0.700408 0.113312 -0.695800
185.500000 106.115929 -21.432358 -29.809992 0.111624 0.700400 0.113270 -0.695808
185.600000 106.250946 -21.477657 -29.809898 0.111665 0.700393 0.113225 -0.695817
185.700000 106.385971 -21.522923 -29.809807 0.111705 0.700386 0.113181 -0.695825
185.800000 106.521004 -21.568150 -29.809713 0.111744 0.700379 0.113138 -0.695832
185.900000 106.644775 -21.609583 -29.809631 0.111778 0.700373 0.113100 -0.695839
186.000000 106.768539 -21.650991 -29.809540 0.111812 0.700366 0.113061 -0.695846
186.100000 106.903572 -21.696135 -29.809423 0.111847 0.700360 0.113020 -0.695854
186.200000 107.038589 -21.741255 -29.809309 0.111881 0.700354 0.112979 -0.695861
186.300000 107.162430 -21.782587 -29.809204 0.111911 0.700349 0.112942 -0.695868
186.400000 107.297523 -21.827654 -29.809088 0.111942 0.700343 0.112902 -0.695875
186.500000 107.432632 -21.872698 -29.808973 0.111972 0.700338 0.112862 -0.695882
186.600000 107.556480 -21.913971 -29.808867 0.111999 0.700333 0.112825 -0.695888
186.700000 107.702843 -21.962721 -29.808743 0.112028 0.700328 0.112783 -0.695895
186.800000 107.837944 -22.007700 -29.808628 0.112055 0.700323 0.112745 -0.695902
186.900000 107.984306 -22.056406 -29.808506 0.112082 0.700318 0.112704 -0.695909
187.000000 108.141922 -22.108833 -29.808371 0.112110 0.700313 0.112660 -0.695917
187.100000 108.277016 -22.153755 -29.808256 0.112134 0.700309 0.112624 -0.695923
187.200000 108.412109 -22.198662 -29.808140 0.112157 0.700305 0.112590 -0.695929
187.300000 108.547226 -22.243555 -29.808023 0.112179 0.700301 0.112556 -0.695935
187.400000 108.693672 -22.292168 -29.807901 0.112202 0.700297 0.112520 -0.695941
187.500000 108.828857 -22.337029 -29.807787 0.112224 0.700293 0.112489 -0.695946
187.600000 109.099213 -22.426716 -29.807558 0.112267 0.700286 0.112431 -0.695956
187.700000 109.223122 -22.467802 -29.807453 0.112288 0.700282 0.112407 -0.695960
187.800000 109.347031 -22.508888 -29.807348 0.112308 0.700279 0.112384 -0.695965
187.900000 109.775085 -22.650749 -29.806986 0.112383 0.700266 0.112317 -0.695976
188.000000 109.910263 -22.695536 -29.806871 0.112407 0.700262 0.112301 -0.695979
188.100000 110.045418 -22.740309 -29.806757 0.112433 0.700258 0.112286 -0.695981
188.200000 110.158066 -22.777626 -29.806662 0.112455 0.700254 0.112275 -0.695983
188.300000 110.293228 -22.822392 -29.806547 0.112482 0.700249 0.112265 -0.695985
188.400000 110.428398 -22.867155 -29.806433 0.112509 0.700245 0.112256 -0.695987
188.500000 110.563560 -22.911921 -29.806318 0.112538 0.700240 0.112249 -0.695988
188.600000 110.698715 -22.956673 -29.806204 0.112567 0.700235 0.112244 -0.695989
188.700000 110.822624 -22.997694 -29.806097 0.112594 0.700231 0.112242 -0.695989
188.800000 111.104210 -23.090929 -29.805859 0.112658 0.700220 0.112241 -0.695990
188.900000 111.250626 -23.139412 -29.805735 0.112692 0.700215 0.112244 -0.695989
189.000000 111.442108 -23.202793 -29.805571 0.112738 0.700207 0.112251 -0.695989
189.100000 111.599770 -23.254995 -29.805439 0.112776 0.700201 0.112258 -0.695988
189.200000 111.723679 -23.296011 -29.805334 0.112806 0.700196 0.112265 -0.695987
189.300000 111.858826 -23.340761 -29.805220 0.112839 0.700190 0.112274 -0.695985
189.400000 111.982719 -23.381783 -29.805115 0.112869 0.700185 0.112283 -0.695984
189.500000 112.129128 -23.430265 -29.804989 0.112905 0.700180 0.112295 -0.695982
189.600000 112.253021 -23.471296 -29.804884 0.112935 0.700175 0.112305 -0.695980
189.700000 112.410690 -23.523516 -29.804752 0.112973 0.700168 0.112320 -0.695978
189.800000 112.534584 -23.564548 -29.804647 0.113002 0.700164 0.112332 -0.695976
189.900000 112.669731 -23.609314 -29.804533 0.113034 0.700158 0.112345 -0.695974
190.000000 112.804878 -23.654079 -29.804419 0.113065 0.700153 0.112359 -0.695972
190.100000 112.951286 -23.702579 -29.804295 0.113098 0.700148 0.112374 -0.695970
190.200000 113.086441 -23.747355 -29.804178 0.113128 0.700143 0.112389 -0.695967
190.300000 113.221558 -23.792196 -29.804064 0.113144 0.700140 0.112414 -0.695963
190.400000 113.334122 -23.829716 -29.803968 0.113125 0.700143 0.112459 -0.695956
190.500000 113.480370 -23.878666 -29.803844 0.113058 0.700154 0.112539 -0.695943
190.600000 113.581596 -23.912655 -29.803759 0.112982 0.700166 0.112603 -0.695933
190.700000 113.716530 -23.958063 -29.803646 0.112847 0.700187 0.112688 -0.695920
190.800000 113.840202 -23.999743 -29.803541 0.112690 0.700212 0.112759 -0.695909
190.900000 113.963913 -24.041468 -29.803436 0.112502 0.700242 0.112816 -0.695900
191.000000 114.098892 -24.087004 -29.803328 0.112262 0.700280 0.112858 -0.695894
191.100000 114.368813 -24.178068 -29.803112 0.111675 0.700373 0.112855 -0.695895
191.200000 114.492523 -24.219772 -29.803030 0.111359 0.700423 0.112810 -0.695903
191.300000 114.616249 -24.261448 -29.802948 0.111015 0.700477 0.112733 -0.695916
191.400000 114.739975 -24.303070 -29.802866 0.110642 0.700536 0.112625 -0.695933
191.500000 114.874947 -24.348419 -29.802780 0.110205 0.700605 0.112470 -0.695958
191.600000 114.998695 -24.389929 -29.802700 0.109777 0.700672 0.112294 -0.695987
191.700000 115.133789 -24.435133 -29.802608 0.109283 0.700750 0.112065 -0.696023
191.800000 115.268883 -24.480261 -29.802525 0.108762 0.700832 0.111800 -0.696065
191.900000 115.415245 -24.529037 -29.802429 0.108169 0.700925 0.111472 -0.696116
192.000000 115.527840 -24.566479 -29.802355 0.107696 0.700999 0.111194 -0.696160
192.100000 115.786980 -24.652323 -29.802187 0.106558 0.701176 0.110473 -0.696271
192.200000 115.910942 -24.693239 -29.802103 0.105993 0.701263 0.110094 -0.696329
192.300000 116.034927 -24.734060 -29.802025 0.105420 0.701352 0.109696 -0.696390
192.400000 116.170250 -24.778481 -29.801937 0.104786 0.701450 0.109242 -0.696459
192.500000 116.294334 -24.819088 -29.801857 0.104202 0.701539 0.108810 -0.696524
192.600000 116.418427 -24.859598 -29.801777 0.103614 0.701629 0.108368 -0.696590
192.700000 116.553848 -24.903679 -29.801687 0.102974 0.701726 0.107876 -0.696663
192.800000 116.689323 -24.947628 -29.801601 0.102337 0.701823 0.107376 -0.696737
192.900000 116.949059 -25.031507 -29.801430 0.101138 0.702003 0.106410 -0.696879
193.000000 117.073357 -25.071457 -29.801350 0.100578 0.702087 0.105949 -0.696946
193.100000 117.197655 -25.111294 -29.801266 0.100031 0.702168 0.105491 -0.697012
193.200000 117.310707 -25.147409 -29.801208 0.099545 0.702239 0.105080 -0.697072
193.300000 117.435104 -25.187040 -29.801147 0.099025 0.702316 0.104635 -0.697136
193.400000 117.559517 -25.226555 -29.801086 0.098521 0.702389 0.104199 -0.697198
193.500000 117.695290 -25.269531 -29.801020 0.097991 0.702466 0.103735 -0.697265
193.600000 117.831108 -25.312374 -29.800951 0.097484 0.702539 0.103285 -0.697329
193.700000 117.955620 -25.351530 -29.800890 0.097040 0.702603 0.102886 -0.697386
193.800000 118.091530 -25.394115 -29.800821 0.096578 0.702669 0.102466 -0.697445
193.900000 118.227478 -25.436569 -29.800756 0.096141 0.702731 0.102065 -0.697502
194.000000 118.340759 -25.471848 -29.800699 0.095797 0.702779 0.101743 -0.697548
194.100000 118.465469 -25.510538 -29.800636 0.095438 0.702829 0.101404 -0.697596
194.200000 118.703545 -25.584097 -29.800516 0.094812 0.702916 0.100800 -0.697681
194.300000 118.828346 -25.622463 -29.800453 0.094514 0.702957 0.100506 -0.697723
194.400000 118.964500 -25.664194 -29.800385 0.094212 0.702998 0.100203 -0.697766
194.500000 119.100693 -25.705790 -29.800316 0.093933 0.703036 0.099916 -0.697807
194.600000 119.225586 -25.743805 -29.800253 0.093696 0.703068 0.099669 -0.697842
194.700000 119.361839 -25.785156 -29.800184 0.093458 0.703099 0.099413 -0.697878
194.800000 119.759521 -25.905025 -29.799982 0.092871 0.703176 0.098749 -0.697974
194.900000 119.884598 -25.942478 -29.799919 0.092716 0.703195 0.098562 -0.698001
195.000000 120.271317 -26.057577 -29.799719 0.092307 0.703246 0.098032 -0.698079
195.100000 120.396492 -26.094608 -29.799656 0.092194 0.703260 0.097874 -0.698102
195.200000 120.521667 -26.131542 -29.799591 0.092088 0.703273 0.097720 -0.698124
195.300000 120.646935 -26.168373 -29.799513 0.091988 0.703285 0.097570 -0.698147
195.400000 120.920242 -26.248392 -29.799326 0.091787 0.703309 0.097250 -0.698194
195.500000 121.056992 -26.288231 -29.799234 0.091693 0.703320 0.097092 -0.698217
195.600000 121.193748 -26.327955 -29.799139 0.091601 0.703330 0.096935 -0.698240
195.700000 121.330498 -26.367577 -29.799047 0.091512 0.703341 0.096777 -0.698263
195.800000 121.444527 -26.400507 -29.798971 0.091438 0.703349 0.096645 -0.698283
195.900000 121.592781 -26.443205 -29.798868 0.091342 0.703360 0.096470 -0.698308
196.000000 121.718231 -26.479239 -29.798784 0.091260 0.703370 0.096321 -0.698330
196.100000 121.855141 -26.518450 -29.798691 0.091171 0.703380 0.096156 -0.698354
196.200000 122.003494 -26.560808 -29.798590 0.091073 0.703392 0.095973 -0.698380
196.300000 122.117615 -26.593313 -29.798510 0.090995 0.703401 0.095830 -0.698401
196.400000 122.254585 -26.632231 -29.798418 0.090901 0.703412 0.095657 -0.698425
196.500000 122.391617 -26.671049 -29.798325 0.090805 0.703424 0.095480 -0.698451
196.600000 122.528648 -26.709770 -29.798231 0.090707 0.703435 0.095300 -0.698476
196.700000 122.677109 -26.751614 -29.798130 0.090599 0.703448 0.095102 -0.698504
196.800000 122.814232 -26.790148 -29.798037 0.090497 0.703460 0.094916 -0.698530
196.900000 122.951363 -26.828587 -29.797943 0.090395 0.703473 0.094729 -0.698557
197.000000 123.077065 -26.863747 -29.797857 0.090300 0.703484 0.094555 -0.698581
197.100000 123.328560 -26.933855 -29.797688 0.090108 0.703508 0.094206 -0.698629
197.200000 123.454346 -26.968801 -29.797602 0.090012 0.703519 0.094031 -0.698653
197.300000 123.591560 -27.006845 -29.797508 0.089907 0.703532 0.093841 -0.698680
197.400000 123.705902 -27.038492 -29.797430 0.089821 0.703542 0.093682 -0.698702
197.500000 123.843201 -27.076393 -29.797337 0.089719 0.703555 0.093493 -0.698728
197.600000 123.969063 -27.111071 -29.797253 0.089627 0.703566 0.093322 -0.698751
197.700000 124.106377 -27.148825 -29.797159 0.089528 0.703578 0.093137 -0.698776
197.800000 124.346657 -27.214725 -29.796997 0.089363 0.703598 0.092821 -0.698820
197.900000 124.495506 -27.255415 -29.796894 0.089266 0.703609 0.092631 -0.698846
198.000000 124.621460 -27.289778 -29.796810 0.089188 0.703619 0.092474 -0.698867
198.100000 124.758858 -27.327202 -29.796715 0.089106 0.703628 0.092307 -0.698890
198.200000 124.884804 -27.361450 -29.796633 0.089036 0.703637 0.092159 -0.698910
198.300000 125.010757 -27.395647 -29.796547 0.088969 0.703644 0.092015 -0.698929
198.400000 125.136787 -27.429792 -29.796461 0.088906 0.703652 0.091876 -0.698948
198.500000 125.262810 -27.463884 -29.796377 0.088848 0.703658 0.091742 -0.698967
198.600000 125.377388 -27.494835 -29.796301 0.088800 0.703664 0.091625 -0.698982
198.700000 125.514870 -27.531921 -29.796207 0.088746 0.703670 0.091489 -0.699001
198.800000 125.629440 -27.562784 -29.796129 0.088706 0.703674 0.091381 -0.699016
198.900000 125.766922 -27.599770 -29.796038 0.088663 0.703679 0.091258 -0.699033
199.000000 125.881569 -27.630548 -29.795959 0.088631 0.703683 0.091159 -0.699046
199.100000 126.007683 -27.664364 -29.795876 0.088600 0.703686 0.091056 -0.699060
199.200000 126.133789 -27.698141 -29.795790 0.088574 0.703689 0.090959 -0.699073
199.300000 126.259903 -27.731873 -29.795706 0.088552 0.703691 0.090866 -0.699086
199.400000 126.397469 -27.768625 -29.795614 0.088534 0.703692 0.090771 -0.699099
199.500000 126.535034 -27.805332 -29.795523 0.088520 0.703693 0.090681 -0.699111
199.600000 126.661148 -27.838938 -29.795437 0.088511 0.703694 0.090604 -0.699122
199.700000 126.810272 -27.878609 -29.795336 0.088506 0.703694 0.090519 -0.699134
199.800000 126.936462 -27.912138 -29.795254 0.088505 0.703693 0.090452 -0.699143
199.900000 127.200310 -27.982130 -29.795074 0.088514 0.703691 0.090324 -0.699161
200.000000 127.464157 -28.051985 -29.794899 0.088534 0.703687 0.090213 -0.699176
200.100000 127.613266 -28.091406 -29.794796 0.088550 0.703685 0.090156 -0.699184
200.200000 127.739464 -28.124731 -29.794714 0.088566 0.703682 0.090111 -0.699191
200.300000 127.877182 -28.161055 -29.794621 0.088585 0.703679 0.090064 -0.699197
200.400000 128.037872 -28.203390 -29.794516 0.088609 0.703676 0.090014 -0.699204
200.500000 128.187103 -28.242662 -29.794407 0.088633 0.703672 0.089970 -0.699210
200.600000 128.324844 -28.278881 -29.794291 0.088656 0.703669 0.089931 -0.699216
200.700000 128.474060 -28.318089 -29.794167 0.088682 0.703665 0.089892 -0.699222
200.800000 128.611801 -28.354252 -29.794052 0.088706 0.703661 0.089857 -0.699227
200.900000 128.875793 -28.423483 -29.793835 0.088753 0.703654 0.089794 -0.699236
201.000000 129.013535 -28.459568 -29.793718 0.088778 0.703651 0.089762 -0.699240
201.100000 129.139786 -28.492626 -29.793613 0.088799 0.703648 0.089734 -0.699244
201.200000 129.289017 -28.531670 -29.793488 0.088825 0.703645 0.089701 -0.699248
201.300000 129.426743 -28.567688 -29.793373 0.088848 0.703641 0.089671 -0.699252
201.400000 129.553009 -28.600683 -29.793268 0.088868 0.703638 0.089645 -0.699256
201.500000 129.679260 -28.633663 -29.793163 0.088887 0.703636 0.089618 -0.699260
201.600000 129.805511 -28.666630 -29.793058 0.088906 0.703633 0.089592 -0.699263
201.700000 129.931763 -28.699577 -29.792953 0.088924 0.703631 0.089566 -0.699267
201.800000 130.207230 -28.771416 -29.792721 0.088961 0.703626 0.089511 -0.699275
201.900000 130.448380 -28.834223 -29.792521 0.088990 0.703622 0.089463 -0.699281
202.000000 130.597778 -28.873077 -29.792398 0.089007 0.703619 0.089434 -0.699285
202.100000 130.873611 -28.944767 -29.792170 0.089038 0.703615 0.089381 -0.699292
202.200000 131.011505 -28.980591 -29.792055 0.089052 0.703613 0.089355 -0.699296
202.300000 131.137924 -29.013418 -29.791950 0.089065 0.703611 0.089332 -0.699299
202.400000 131.275833 -29.049221 -29.791836 0.089078 0.703609 0.089307 -0.699302
202.500000 131.402252 -29.082024 -29.791731 0.089091 0.703608 0.089285 -0.699305
202.600000 131.528656 -29.114828 -29.791626 0.089103 0.703606 0.089264 -0.699308
202.700000 131.655075 -29.147614 -29.791521 0.089115 0.703604 0.089243 -0.699311
202.800000 131.792984 -29.183384 -29.791405 0.089129 0.703602 0.089222 -0.699314
202.900000 131.919388 -29.216154 -29.791300 0.089141 0.703601 0.089203 -0.699316
203.000000 132.057297 -29.251905 -29.791185 0.089155 0.703599 0.089184 -0.699318
203.100000 132.195175 -29.287638 -29.791073 0.089169 0.703598 0.089166 -0.699320
203.200000 132.321594 -29.320396 -29.790968 0.089182 0.703596 0.089151 -0.699322
203.300000 132.459503 -29.356127 -29.790854 0.089197 0.703594 0.089135 -0.699324
203.400000 132.597397 -29.391846 -29.790739 0.089212 0.703592 0.089121 -0.699326
203.500000 132.723801 -29.424587 -29.790634 0.089226 0.703590 0.089110 -0.699328
203.600000 132.999603 -29.496006 -29.790405 0.089259 0.703586 0.089088 -0.699330
203.700000 133.148987 -29.534681 -29.790279 0.089278 0.703584 0.089079 -0.699331
203.800000 133.275391 -29.567413 -29.790173 0.089294 0.703581 0.089073 -0.699333
203.900000 133.401810 -29.600138 -29.790068 0.089311 0.703578 0.089067 -0.699334
204.000000 133.551193 -29.638798 -29.789946 0.089331 0.703576 0.089063 -0.699335
204.100000 133.677597 -29.671513 -29.789841 0.089349 0.703573 0.089060 -0.699335
204.200000 133.803986 -29.704233 -29.789736 0.089367 0.703571 0.089058 -0.699335
204.300000 133.941895 -29.739923 -29.789621 0.089387 0.703568 0.089057 -0.699336
204.400000 134.206192 -29.808323 -29.789402 0.089427 0.703563 0.089059 -0.699336
204.500000 134.355560 -29.846975 -29.789276 0.089450 0.703560 0.089062 -0.699335
204.600000 134.642838 -29.921305 -29.789040 0.089495 0.703554 0.089070 -0.699335
204.700000 134.792221 -29.959963 -29.788916 0.089518 0.703551 0.089076 -0.699334
204.800000 134.930115 -29.995646 -29.788801 0.089540 0.703548 0.089082 -0.699333
204.900000 135.079498 -30.034306 -29.788675 0.089563 0.703545 0.089089 -0.699332
205.000000 135.217377 -30.069998 -29.788561 0.089585 0.703543 0.089096 -0.699331
205.100000 135.355270 -30.105686 -29.788446 0.089607 0.703540 0.089104 -0.699330
205.200000 135.504639 -30.144352 -29.788324 0.089630 0.703537 0.089113 -0.699329
205.300000 135.619553 -30.174099 -29.788229 0.089647 0.703535 0.089120 -0.699328
205.400000 135.757446 -30.209795 -29.788115 0.089668 0.703532 0.089128 -0.699327
205.500000 135.895325 -30.245489 -29.788000 0.089688 0.703529 0.089137 -0.699326
205.600000 136.033203 -30.281189 -29.787886 0.089708 0.703527 0.089146 -0.699325
205.700000 136.171097 -30.316889 -29.787771 0.089727 0.703524 0.089155 -0.699324
205.800000 136.308990 -30.352591 -29.787655 0.089746 0.703522 0.089164 -0.699323
205.900000 136.435394 -30.385317 -29.787550 0.089763 0.703520 0.089172 -0.699322
206.000000 136.573273 -30.421021 -29.787436 0.089781 0.703517 0.089181 -0.699321
206.100000 136.722641 -30.459702 -29.787313 0.089799 0.703515 0.089191 -0.699319
206.200000 136.860519 -30.495409 -29.787199 0.089816 0.703513 0.089199 -0.699318
206.300000 136.998398 -30.531115 -29.787085 0.089832 0.703511 0.089208 -0.699317
206.400000 137.124802 -30.563847 -29.786980 0.089846 0.703509 0.089216 -0.699316
206.500000 137.239700 -30.593605 -29.786884 0.089859 0.703507 0.089222 -0.699315
206.600000 137.377579 -30.629313 -29.786770 0.089873 0.703506 0.089230 -0.699314
206.700000 137.503983 -30.662050 -29.786665 0.089886 0.703504 0.089237 -0.699313
206.800000 137.630371 -30.694786 -29.786560 0.089899 0.703502 0.089244 -0.699313
206.900000 137.768265 -30.730503 -29.786444 0.089912 0.703501 0.089252 -0.699312
207.000000 137.906143 -30.766239 -29.786329 0.089924 0.703499 0.089259 -0.699311
207.100000 138.055511 -30.804955 -29.786205 0.089937 0.703497 0.089267 -0.699310
207.200000 138.193390 -30.840694 -29.786093 0.089949 0.703496 0.089274 -0.699309
207.300000 138.457657 -30.909197 -29.785873 0.089970 0.703493 0.089287 -0.699307
207.400000 138.584061 -30.941959 -29.785769 0.089979 0.703492 0.089293 -0.699307
207.500000 138.767899 -30.989614 -29.785614 0.089992 0.703490 0.089302 -0.699305
207.600000 138.940247 -31.034294 -29.785473 0.090004 0.703489 0.089310 -0.699304
207.700000 139.078125 -31.070053 -29.785358 0.090013 0.703488 0.089316 -0.699304
207.800000 139.204514 -31.102839 -29.785254 0.090022 0.703487 0.089322 -0.699303
207.900000 139.342392 -31.138607 -29.785139 0.090030 0.703486 0.089329 -0.699302
208.000000 139.480286 -31.174377 -29.785025 0.090039 0.703484 0.089336 -0.699301
208.100000 139.618164 -31.210146 -29.784908 0.090047 0.703483 0.089342 -0.699300
208.200000 139.756027 -31.245916 -29.784794 0.090055 0.703482 0.089349 -0.699299
208.300000 139.905411 -31.284670 -29.784672 0.090064 0.703481 0.089356 -0.699298
208.400000 140.181168 -31.356232 -29.784443 0.090080 0.703479 0.089370 -0.699297
208.500000 140.319046 -31.392025 -29.784328 0.090087 0.703478 0.089376 -0.699296
208.600000 140.456924 -31.427824 -29.784214 0.090095 0.703477 0.089384 -0.699295
208.700000 140.583313 -31.460634 -29.784109 0.090101 0.703476 0.089390 -0.699294
208.800000 140.709702 -31.493448 -29.784002 0.090108 0.703475 0.089397 -0.699293
208.900000 140.847580 -31.529245 -29.783888 0.090115 0.703474 0.089404 -0.699292
209.000000 140.973969 -31.562059 -29.783783 0.090122 0.703474 0.089410 -0.699291
209.100000 141.100342 -31.594877 -29.783678 0.090129 0.703473 0.089417 -0.699290
209.200000 141.226746 -31.627714 -29.783573 0.090135 0.703472 0.089424 -0.699290
209.300000 141.353134 -31.660551 -29.783468 0.090141 0.703471 0.089431 -0.699289
209.400000 141.617401 -31.729208 -29.783249 0.090155 0.703470 0.089445 -0.699287
209.500000 141.766769 -31.768040 -29.783127 0.090157 0.703469 0.089457 -0.699285
209.600000 141.893097 -31.801088 -29.783022 0.090121 0.703474 0.089499 -0.699280
209.700000 142.030853 -31.837408 -29.782907 0.090022 0.703486 0.089581 -0.699270
209.800000 142.306183 -31.910622 -29.782681 0.089660 0.703532 0.089788 -0.699244
209.900000 142.569962 -31.981203 -29.782463 0.089119 0.703599 0.089956 -0.699224
210.000000 142.707550 -32.018082 -29.782354 0.088765 0.703643 0.090005 -0.699218
210.100000 142.822220 -32.048832 -29.782282 0.088431 0.703684 0.090019 -0.699217
210.200000 142.959808 -32.085709 -29.782194 0.087988 0.703739 0.089996 -0.699221
210.300000 143.085938 -32.119476 -29.782114 0.087540 0.703794 0.089935 -0.699230
210.400000 143.223511 -32.156265 -29.782028 0.087006 0.703860 0.089822 -0.699245
210.500000 143.338196 -32.186844 -29.781958 0.086529 0.703918 0.089685 -0.699263
210.600000 143.601944 -32.256989 -29.781794 0.085311 0.704067 0.089237 -0.699320
210.700000 143.728119 -32.290386 -29.781715 0.084675 0.704145 0.088954 -0.699355
210.800000 143.865921 -32.326714 -29.781633 0.083945 0.704234 0.088596 -0.699399
210.900000 144.130112 -32.395962 -29.781471 0.082453 0.704414 0.087771 -0.699499
211.000000 144.256470 -32.428886 -29.781401 0.081703 0.704504 0.087316 -0.699553
211.100000 144.394348 -32.464664 -29.781340 0.080860 0.704605 0.086782 -0.699615
211.200000 144.532211 -32.500286 -29.781279 0.079996 0.704708 0.086211 -0.699682
211.300000 144.658615 -32.532799 -29.781223 0.079189 0.704804 0.085659 -0.699745
211.400000 144.773651 -32.562229 -29.781172 0.078446 0.704891 0.085135 -0.699805
211.500000 144.911728 -32.597389 -29.781111 0.077547 0.704996 0.084484 -0.699878
211.600000 145.038345 -32.629463 -29.781054 0.076719 0.705092 0.083868 -0.699947
211.700000 145.176468 -32.664280 -29.780993 0.075816 0.705196 0.083181 -0.700023
211.800000 145.291565 -32.693157 -29.780939 0.075065 0.705281 0.082599 -0.700086
211.900000 145.418198 -32.724777 -29.780884 0.074246 0.705374 0.081952 -0.700156
212.000000 145.556473 -32.759094 -29.780823 0.073362 0.705473 0.081243 -0.700233
212.100000 145.833176 -32.827156 -29.780724 0.071643 0.705663 0.079827 -0.700382
212.200000 146.225296 -32.922260 -29.780607 0.069361 0.705908 0.077880 -0.700584
212.300000 146.363861 -32.955467 -29.780563 0.068606 0.705988 0.077222 -0.700651
212.400000 146.641037 -33.021278 -29.780478 0.067193 0.706134 0.075963 -0.700778
212.500000 146.768082 -33.051186 -29.780439 0.066589 0.706195 0.075416 -0.700833
212.600000 146.895187 -33.080929 -29.780397 0.066014 0.706253 0.074888 -0.700886
212.700000 147.033997 -33.113182 -29.780354 0.065421 0.706311 0.074335 -0.700941
212.800000 147.172775 -33.145245 -29.780310 0.064863 0.706366 0.073807 -0.700994
212.900000 147.300018 -33.174465 -29.780268 0.064382 0.706412 0.073347 -0.701040
213.000000 147.450394 -33.208794 -29.780218 0.063851 0.706462 0.072830 -0.701092
213.100000 147.589310 -33.240280 -29.780172 0.063396 0.706505 0.072379 -0.701137
213.200000 147.739883 -33.274178 -29.780125 0.062941 0.706547 0.071919 -0.701183
213.300000 147.890472 -33.307846 -29.780075 0.062522 0.706585 0.071486 -0.701227
213.400000 148.017914 -33.336163 -29.780031 0.062196 0.706614 0.071140 -0.701262
213.500000 148.156937 -33.366871 -29.779985 0.061868 0.706642 0.070782 -0.701298
213.600000 148.296036 -33.397404 -29.779936 0.061566 0.706668 0.070446 -0.701333
213.700000 148.423645 -33.425224 -29.779892 0.061311 0.706689 0.070153 -0.701363
213.800000 148.562866 -33.455399 -29.779846 0.061054 0.706710 0.069850 -0.701394
213.900000 148.702072 -33.485397 -29.779797 0.060819 0.706729 0.069562 -0.701425
214.000000 148.841293 -33.515209 -29.779751 0.060603 0.706746 0.069286 -0.701454
214.100000 148.992172 -33.547310 -29.779697 0.060387 0.706762 0.069001 -0.701484
214.200000 149.143204 -33.579201 -29.779646 0.060190 0.706776 0.068727 -0.701513
214.300000 149.282608 -33.608463 -29.779594 0.060020 0.706789 0.068483 -0.701539
214.400000 149.491730 -33.652031 -29.779524 0.059785 0.706805 0.068127 -0.701578
214.500000 149.817169 -33.719055 -29.779385 0.059453 0.706827 0.067589 -0.701636
214.600000 149.968399 -33.749874 -29.779306 0.059307 0.706837 0.067341 -0.701662
214.700000 150.108002 -33.778156 -29.779236 0.059176 0.706845 0.067112 -0.701687
214.800000 150.235977 -33.803936 -29.779167 0.059057 0.706853 0.066901 -0.701709
214.900000 150.375580 -33.831917 -29.779097 0.058929 0.706861 0.066668 -0.701734
215.000000 150.515182 -33.859749 -29.779022 0.058800 0.706869 0.066433 -0.701759
215.100000 150.643280 -33.885128 -29.778957 0.058681 0.706877 0.066214 -0.701781
215.200000 150.911209 -33.937786 -29.778818 0.058427 0.706894 0.065747 -0.701829
215.300000 151.050995 -33.965050 -29.778748 0.058293 0.706903 0.065497 -0.701855
215.400000 151.167480 -33.987663 -29.778687 0.058179 0.706911 0.065286 -0.701876
215.500000 151.458710 -34.043785 -29.778534 0.057886 0.706931 0.064748 -0.701930
215.600000 151.586975 -34.068291 -29.778469 0.057755 0.706940 0.064506 -0.701954
215.700000 151.726959 -34.094906 -29.778399 0.057610 0.706950 0.064241 -0.701980
215.800000 151.855255 -34.119183 -29.778330 0.057476 0.706959 0.063995 -0.702004
215.900000 151.983566 -34.143360 -29.778263 0.057341 0.706969 0.063749 -0.702028
216.000000 152.123535 -34.169624 -29.778193 0.057194 0.706979 0.063479 -0.702054
216.100000 152.240173 -34.191414 -29.778131 0.057071 0.706988 0.063254 -0.702076
216.200000 152.368500 -34.215282 -29.778067 0.056937 0.706997 0.063006 -0.702099
216.300000 152.496796 -34.239056 -29.778000 0.056804 0.707006 0.062759 -0.702123
216.400000 152.625137 -34.262737 -29.777914 0.056672 0.707016 0.062514 -0.702146
216.500000 152.753616 -34.286324 -29.777826 0.056543 0.707025 0.062271 -0.702169
216.600000 152.870407 -34.307686 -29.777748 0.056427 0.707033 0.062053 -0.702189
216.700000 152.998886 -34.331097 -29.777660 0.056303 0.707042 0.061815 -0.702211
216.800000 153.127350 -34.354424 -29.777573 0.056183 0.707050 0.061582 -0.702233
216.900000 153.255829 -34.377659 -29.777487 0.056066 0.707058 0.061353 -0.702254
217.000000 153.395966 -34.402916 -29.777395 0.055944 0.707066 0.061108 -0.702277
217.100000 153.547806 -34.430168 -29.777292 0.055819 0.707075 0.060850 -0.702301
217.200000 153.687943 -34.455223 -29.777197 0.055709 0.707082 0.060620 -0.702322
217.300000 153.828094 -34.480186 -29.777103 0.055606 0.707089 0.060396 -0.702343
217.400000 153.979996 -34.507133 -29.777000 0.055503 0.707096 0.060163 -0.702364
217.500000 154.132004 -34.533970 -29.776901 0.055407 0.707102 0.059940 -0.702385
217.600000 154.284042 -34.560711 -29.776798 0.055321 0.707107 0.059726 -0.702405
217.700000 154.424347 -34.585308 -29.776703 0.055250 0.707111 0.059538 -0.702422
217.800000 154.576385 -34.611862 -29.776604 0.055181 0.707115 0.059344 -0.702440
217.900000 154.740082 -34.640354 -29.776493 0.055117 0.707118 0.059147 -0.702458
218.000000 154.880402 -34.664696 -29.776402 0.055070 0.707121 0.058988 -0.702473
218.100000 155.020721 -34.688965 -29.776306 0.055031 0.707122 0.058837 -0.702487
218.200000 155.149353 -34.711151 -29.776220 0.055002 0.707123 0.058706 -0.702499
218.300000 155.289673 -34.735283 -29.776127 0.054976 0.707124 0.058572 -0.702512
218.400000 155.710617 -34.807301 -29.775848 0.054939 0.707123 0.058217 -0.702546
218.500000 155.851105 -34.831177 -29.775753 0.054939 0.707121 0.058113 -0.702555
218.600000 155.979889 -34.853012 -29.775669 0.054943 0.707120 0.058024 -0.702564
218.700000 156.120392 -34.876781 -29.775576 0.054952 0.707118 0.057933 -0.702573
218.800000 156.284286 -34.904434 -29.775469 0.054969 0.707115 0.057834 -0.702582
218.900000 156.413086 -34.926113 -29.775383 0.054985 0.707113 0.057762 -0.702589
219.000000 156.565277 -34.951679 -29.775282 0.055009 0.707110 0.057682 -0.702597
219.100000 156.705765 -34.975227 -29.775190 0.055034 0.707107 0.057613 -0.702604
219.200000 156.857971 -35.000679 -29.775087 0.055064 0.707103 0.057542 -0.702611
219.300000 157.138947 -35.047527 -29.774904 0.055125 0.707096 0.057424 -0.702623
219.400000 157.349670 -35.082554 -29.774765 0.055174 0.707091 0.057343 -0.702631
219.500000 157.536987 -35.113613 -29.774641 0.055220 0.707086 0.057275 -0.702637
219.600000 157.677460 -35.136860 -29.774549 0.055254 0.707083 0.057227 -0.702642
219.700000 157.829666 -35.162006 -29.774450 0.055291 0.707079 0.057176 -0.702647
219.800000 157.981857 -35.187107 -29.774347 0.055328 0.707075 0.057128 -0.702652
219.900000 158.134048 -35.212170 -29.774250 0.055364 0.707072 0.057080 -0.702657
220.000000 158.274521 -35.235264 -29.774157 0.055397 0.707068 0.057037 -0.702661
220.100000 158.578888 -35.285217 -29.773918 0.055465 0.707062 0.056947 -0.702669
220.200000 158.719360 -35.308228 -29.773804 0.055495 0.707059 0.056907 -0.702673
220.300000 158.871613 -35.333118 -29.773678 0.055526 0.707056 0.056863 -0.702677
220.400000 159.012268 -35.356071 -29.773563 0.055553 0.707053 0.056824 -0.702681
220.500000 159.152924 -35.379002 -29.773447 0.055579 0.707051 0.056785 -0.702685
220.600000 159.293579 -35.401897 -29.773333 0.055605 0.707048 0.056746 -0.702688
220.700000 159.422516 -35.422878 -29.773228 0.055627 0.707046 0.056710 -0.702692
220.800000 159.574890 -35.447639 -29.773106 0.055652 0.707044 0.056669 -0.702695
220.900000 159.715546 -35.470482 -29.772989 0.055675 0.707041 0.056632 -0.702699
221.000000 159.844482 -35.491394 -29.772884 0.055695 0.707040 0.056598 -0.702702
221.100000 159.973404 -35.512302 -29.772779 0.055715 0.707038 0.056565 -0.702705
221.200000 160.102341 -35.533184 -29.772675 0.055734 0.707036 0.056533 -0.702708
221.300000 160.371918 -35.576817 -29.772453 0.055772 0.707032 0.056469 -0.702713
221.400000 160.524292 -35.601456 -29.772329 0.055794 0.707030 0.056434 -0.702717
221.500000 160.653214 -35.622299 -29.772223 0.055812 0.707029 0.056406 -0.702719
221.600000 160.793869 -35.645004 -29.772108 0.055831 0.707027 0.056377 -0.702721
221.700000 161.051727 -35.686634 -29.771898 0.055868 0.707024 0.056328 -0.702726
221.800000 161.180649 -35.707413 -29.771795 0.055886 0.707022 0.056305 -0.702728
221.900000 161.309570 -35.728199 -29.771690 0.055905 0.707020 0.056284 -0.702730
222.000000 161.450226 -35.750877 -29.771576 0.055926 0.707018 0.056263 -0.702732
222.100000 161.719788 -35.794285 -29.771357 0.055968 0.707015 0.056227 -0.702735
222.200000 161.860428 -35.816929 -29.771242 0.055991 0.707013 0.056211 -0.702737
222.300000 162.129990 -35.860336 -29.771023 0.056036 0.707009 0.056186 -0.702739
222.400000 162.270630 -35.882946 -29.770908 0.056061 0.707007 0.056175 -0.702740
222.500000 162.399551 -35.903671 -29.770803 0.056084 0.707004 0.056167 -0.702741
222.600000 162.551926 -35.928169 -29.770678 0.056113 0.707002 0.056160 -0.702741
222.700000 162.680832 -35.948902 -29.770575 0.056137 0.707000 0.056155 -0.702742
222.800000 162.821487 -35.971519 -29.770460 0.056164 0.706998 0.056152 -0.702742
222.900000 162.962112 -35.994141 -29.770344 0.056192 0.706996 0.056150 -0.702742
223.000000 163.091034 -36.014881 -29.770239 0.056218 0.706993 0.056150 -0.702743
223.100000 163.231674 -36.037472 -29.770124 0.056247 0.706991 0.056151 -0.702743
223.200000 163.372314 -36.060055 -29.770010 0.056276 0.706989 0.056154 -0.702742
223.300000 163.501221 -36.080757 -29.769903 0.056303 0.706986 0.056158 -0.702742
223.400000 163.794220 -36.127823 -29.769665 0.056365 0.706981 0.056169 -0.702741
223.500000 163.923141 -36.148537 -29.769560 0.056392 0.706979 0.056176 -0.702741
223.600000 164.052063 -36.169250 -29.769455 0.056420 0.706977 0.056183 -0.702741
223.700000 164.192688 -36.191853 -29.769342 0.056450 0.706974 0.056192 -0.702740
223.800000 164.309906 -36.210686 -29.769247 0.056475 0.706972 0.056200 -0.702739
223.900000 164.438812 -36.231407 -29.769142 0.056502 0.706970 0.056210 -0.702739
224.000000 164.579437 -36.254013 -29.769028 0.056532 0.706968 0.056220 -0.702738
224.100000 164.720078 -36.276623 -29.768913 0.056561 0.706965 0.056232 -0.702737
224.200000 164.860703 -36.299236 -29.768799 0.056590 0.706963 0.056244 -0.702736
224.300000 165.001343 -36.321846 -29.768682 0.056618 0.706961 0.056256 -0.702735
224.400000 165.130249 -36.342579 -29.768578 0.056644 0.706958 0.056267 -0.702734
224.500000 165.259155 -36.363312 -29.768473 0.056669 0.706956 0.056278 -0.702733
224.600000 165.399796 -36.385933 -29.768358 0.056695 0.706954 0.056291 -0.702732
224.700000 165.540421 -36.408554 -29.768244 0.056721 0.706952 0.056304 -0.702731
224.800000 165.669327 -36.429291 -29.768139 0.056744 0.706950 0.056315 -0.702730
224.900000 165.821701 -36.453804 -29.768017 0.056771 0.706948 0.056329 -0.702729
225.000000 165.950607 -36.474545 -29.767912 0.056793 0.706946 0.056340 -0.702729
225.100000 166.091232 -36.497173 -29.767797 0.056816 0.706944 0.056352 -0.702727
225.200000 166.290451 -36.529232 -29.767633 0.056848 0.706942 0.056369 -0.702726
225.300000 166.431091 -36.551868 -29.767521 0.056868 0.706940 0.056382 -0.702725
225.400000 166.571671 -36.574783 -29.767406 0.056834 0.706943 0.056439 -0.702721
225.500000 166.700485 -36.596142 -29.767302 0.056727 0.706951 0.056542 -0.702713
225.600000 166.840958 -36.619743 -29.767189 0.056533 0.706966 0.056683 -0.702702
225.700000 166.981400 -36.643578 -29.767075 0.056263 0.706986 0.056833 -0.702691
225.800000 167.110107 -36.665604 -29.766972 0.055948 0.707010 0.056965 -0.702682
225.900000 167.227112 -36.685696 -29.766882 0.055609 0.707036 0.057067 -0.702675
226.000000 167.367493 -36.709873 -29.766796 0.055136 0.707071 0.057154 -0.702669
226.100000 167.496170 -36.732056 -29.766718 0.054641 0.707108 0.057192 -0.702668
226.200000 167.636566 -36.756233 -29.766632 0.054035 0.707152 0.057178 -0.702671
226.300000 167.765228 -36.778362 -29.766560 0.053418 0.707198 0.057109 -0.702678
226.400000 167.893921 -36.800404 -29.766481 0.052750 0.707247 0.056978 -0.702690
226.500000 168.034317 -36.824375 -29.766403 0.051953 0.707305 0.056770 -0.702708
226.600000 168.174728 -36.848232 -29.766323 0.051092 0.707367 0.056486 -0.702731
226.700000 168.315140 -36.871937 -29.766258 0.050171 0.707434 0.056126 -0.702759
226.800000 168.455734 -36.895493 -29.766203 0.049192 0.707505 0.055692 -0.702792
226.900000 168.596359 -36.918869 -29.766150 0.048159 0.707578 0.055183 -0.702829
227.000000 168.713547 -36.938206 -29.766106 0.047260 0.707642 0.054704 -0.702863
227.100000 168.865921 -36.963120 -29.766047 0.046047 0.707727 0.054009 -0.702912
227.200000 168.983124 -36.982132 -29.766014 0.045079 0.707795 0.053426 -0.702951
227.300000 169.112061 -37.002869 -29.765987 0.043986 0.707870 0.052738 -0.702997
227.400000 169.252731 -37.025276 -29.765957 0.042764 0.707953 0.051935 -0.703048
227.500000 169.393417 -37.047447 -29.765926 0.041518 0.708036 0.051084 -0.703101
227.600000 169.534134 -37.069378 -29.765898 0.040253 0.708120 0.050191 -0.703155
227.700000 169.663300 -37.089275 -29.765886 0.039082 0.708195 0.049341 -0.703205
227.800000 169.780716 -37.107159 -29.765879 0.038014 0.708263 0.048546 -0.703251
227.900000 169.921631 -37.128387 -29.765869 0.036732 0.708343 0.047569 -0.703305
228.000000 170.027313 -37.144146 -29.765862 0.035772 0.708401 0.046826 -0.703346
228.100000 170.156494 -37.163208 -29.765852 0.034606 0.708471 0.045909 -0.703394
228.200000 170.285706 -37.182041 -29.765839 0.033452 0.708539 0.044985 -0.703442
228.300000 170.403168 -37.198971 -29.765839 0.032417 0.708598 0.044145 -0.703484
228.400000 170.532440 -37.217369 -29.765848 0.031298 0.708660 0.043223 -0.703529
228.500000 170.661835 -37.235542 -29.765860 0.030202 0.708719 0.042309 -0.703573
228.600000 170.791229 -37.253479 -29.765865 0.029134 0.708775 0.041404 -0.703615
228.700000 170.908844 -37.269588 -29.765873 0.028188 0.708824 0.040596 -0.703652
228.800000 171.038254 -37.287079 -29.765881 0.027180 0.708874 0.039722 -0.703691
228.900000 171.155914 -37.302784 -29.765886 0.026293 0.708917 0.038946 -0.703725
229.000000 171.285324 -37.319828 -29.765890 0.025354 0.708960 0.038114 -0.703761
229.100000 171.403000 -37.335117 -29.765896 0.024533 0.708998 0.037379 -0.703792
229.200000 171.532578 -37.351711 -29.765900 0.023669 0.709035 0.036596 -0.703825
229.300000 171.662201 -37.368069 -29.765903 0.022846 0.709070 0.035842 -0.703856
229.400000 171.780014 -37.382732 -29.765905 0.022135 0.709098 0.035180 -0.703883
229.500000 171.886047 -37.395767 -29.765907 0.021524 0.709122 0.034606 -0.703907
229.600000 172.015656 -37.411488 -29.765909 0.020815 0.709148 0.033933 -0.703935
229.700000 172.133514 -37.425575 -29.765909 0.020207 0.709170 0.033349 -0.703958
229.800000 172.263123 -37.440857 -29.765913 0.019577 0.709191 0.032734 -0.703984
229.900000 172.498993 -37.468033 -29.765913 0.018535 0.709224 0.031693 -0.704027
230.000000 172.617004 -37.481339 -29.765909 0.018062 0.709238 0.031208 -0.704047
230.100000 172.746811 -37.495754 -29.765909 0.017577 0.709250 0.030701 -0.704069
230.200000 172.876602 -37.509937 -29.765907 0.017128 0.709261 0.030220 -0.704090
230.300000 173.006409 -37.523903 -29.765905 0.016712 0.709270 0.029765 -0.704110
230.400000 173.136200 -37.537643 -29.765903 0.016327 0.709278 0.029333 -0.704129
230.500000 173.266006 -37.551163 -29.765900 0.015971 0.709284 0.028923 -0.704148
230.600000 173.407654 -37.565659 -29.765896 0.015614 0.709290 0.028497 -0.704168
230.700000 173.537628 -37.578724 -29.765892 0.015312 0.709293 0.028126 -0.704186
230.800000 173.785751 -37.603050 -29.765882 0.014799 0.709298 0.027458 -0.704219
230.900000 173.927551 -37.616604 -29.765879 0.014535 0.709299 0.027097 -0.704237
231.000000 174.045715 -37.627708 -29.765873 0.014330 0.709299 0.026806 -0.704252
231.100000 174.175720 -37.639725 -29.765869 0.014117 0.709300 0.026493 -0.704268
231.200000 174.305679 -37.651539 -29.765863 0.013916 0.709299 0.026187 -0.704284
231.300000 174.577454 -37.675587 -29.765852 0.013526 0.709297 0.025559 -0.704316
231.400000 174.731262 -37.688793 -29.765827 0.013318 0.709295 0.025208 -0.704334
231.500000 174.849609 -37.698769 -29.765802 0.013162 0.709294 0.024939 -0.704348
231.600000 175.287354 -37.734314 -29.765709 0.012600 0.709289 0.023930 -0.704398
231.700000 175.405685 -37.743557 -29.765682 0.012449 0.709288 0.023651 -0.704412
231.800000 175.547653 -37.754456 -29.765654 0.012266 0.709287 0.023312 -0.704428
231.900000 175.677811 -37.764263 -29.765627 0.012097 0.709286 0.022997 -0.704442
232.000000 175.807953 -37.773888 -29.765600 0.011926 0.709285 0.022677 -0.704456
232.100000 175.938095 -37.783348 -29.765570 0.011751 0.709284 0.022353 -0.704470
232.200000 176.068237 -37.792641 -29.765533 0.011574 0.709283 0.022024 -0.704484
232.300000 176.328842 -37.810730 -29.765438 0.011212 0.709282 0.021353 -0.704512
232.400000 176.459152 -37.819534 -29.765390 0.011027 0.709282 0.021012 -0.704525
232.500000 176.601303 -37.828968 -29.765337 0.010824 0.709282 0.020636 -0.704540
232.600000 176.743469 -37.838207 -29.765285 0.010618 0.709281 0.020258 -0.704554
232.700000 176.956680 -37.851730 -29.765203 0.010308 0.709281 0.019686 -0.704575
232.800000 177.110687 -37.861259 -29.765148 0.010084 0.709281 0.019272 -0.704590
232.900000 177.240997 -37.869164 -29.765102 0.009895 0.709281 0.018922 -0.704602
233.000000 177.371292 -37.876930 -29.765051 0.009707 0.709281 0.018574 -0.704614
233.100000 177.489746 -37.883869 -29.765009 0.009539 0.709281 0.018258 -0.704625
233.200000 177.620041 -37.891380 -29.764944 0.009356 0.709281 0.017914 -0.704636
233.300000 177.762177 -37.899414 -29.764868 0.009161 0.709281 0.017543 -0.704648
233.400000 177.904327 -37.907303 -29.764793 0.008971 0.709280 0.017178 -0.704660
233.500000 178.034622 -37.914402 -29.764727 0.008801 0.709280 0.016848 -0.704671
233.600000 178.164917 -37.921379 -29.764658 0.008638 0.709279 0.016525 -0.704681
233.700000 178.425674 -37.934971 -29.764519 0.008330 0.709278 0.015899 -0.704700
233.800000 178.544266 -37.940994 -29.764460 0.008200 0.709278 0.015625 -0.704708
233.900000 178.674728 -37.947514 -29.764391 0.008064 0.709277 0.015332 -0.704717
234.000000 178.793335 -37.953342 -29.764330 0.007947 0.709276 0.015073 -0.704725
234.100000 178.923782 -37.959663 -29.764261 0.007827 0.709274 0.014798 -0.704734
234.200000 179.042374 -37.965313 -29.764200 0.007725 0.709273 0.014556 -0.704741
234.300000 179.421875 -37.982838 -29.764006 0.007449 0.709269 0.013839 -0.704763
234.400000 179.552338 -37.988670 -29.763922 0.007372 0.709267 0.013613 -0.704770
234.500000 179.682785 -37.994415 -29.763832 0.007305 0.709265 0.013397 -0.704777
234.600000 179.813232 -38.000076 -29.763746 0.007245 0.709263 0.013193 -0.704783
234.700000 179.931839 -38.005142 -29.763666 0.007200 0.709261 0.013015 -0.704789
234.800000 180.062286 -38.010624 -29.763578 0.007158 0.709259 0.012830 -0.704795
234.900000 180.180862 -38.015545 -29.763500 0.007127 0.709257 0.012670 -0.704800
235.000000 180.323181 -38.021351 -29.763405 0.007099 0.709255 0.012488 -0.704806
235.100000 180.453613 -38.026596 -29.763317 0.007081 0.709253 0.012332 -0.704811
235.200000 180.572189 -38.031300 -29.763239 0.007071 0.709250 0.012198 -0.704816
235.300000 180.702652 -38.036396 -29.763153 0.007067 0.709248 0.012059 -0.704820
235.400000 180.833084 -38.041420 -29.763065 0.007070 0.709246 0.011928 -0.704825
235.500000 180.963516 -38.046379 -29.762980 0.007078 0.709243 0.011805 -0.704829
235.600000 181.093979 -38.051270 -29.762892 0.007093 0.709241 0.011689 -0.704834
235.700000 181.212555 -38.055653 -29.762814 0.007110 0.709239 0.011590 -0.704837
235.800000 181.331131 -38.059990 -29.762735 0.007131 0.709237 0.011497 -0.704841
235.900000 181.473434 -38.065125 -29.762640 0.007162 0.709234 0.011391 -0.704845
236.000000 181.603867 -38.069763 -29.762556 0.007193 0.709232 0.011300 -0.704848
236.100000 181.722443 -38.073936 -29.762478 0.007225 0.709229 0.011222 -0.704851
236.200000 181.864746 -38.078880 -29.762383 0.007265 0.709227 0.011133 -0.704855
236.300000 181.995178 -38.083355 -29.762299 0.007305 0.709225 0.011056 -0.704858
236.400000 182.125595 -38.087776 -29.762213 0.007346 0.709222 0.010983 -0.704861
236.500000 182.256058 -38.092144 -29.762125 0.007389 0.709220 0.010913 -0.704864
236.600000 182.374619 -38.096069 -29.762051 0.007429 0.709218 0.010852 -0.704866
236.700000 182.505051 -38.100353 -29.761965 0.007474 0.709216 0.010788 -0.704869
236.800000 182.635498 -38.104588 -29.761877 0.007519 0.709214 0.010726 -0.704871
236.900000 182.765930 -38.108772 -29.761793 0.007564 0.709213 0.010665 -0.704873
237.000000 182.908203 -38.113289 -29.761698 0.007612 0.709210 0.010602 -0.704876
237.100000 183.014938 -38.116646 -29.761631 0.007649 0.709209 0.010555 -0.704878
237.200000 183.133514 -38.120342 -29.761553 0.007688 0.709207 0.010504 -0.704880
237.300000 183.263916 -38.124374 -29.761469 0.007731 0.709206 0.010449 -0.704882
237.400000 183.394363 -38.128368 -29.761383 0.007773 0.709204 0.010395 -0.704884
237.500000 183.524796 -38.132332 -29.761297 0.007813 0.709202 0.010342 -0.704886
237.600000 183.643356 -38.135902 -29.761223 0.007849 0.709201 0.010294 -0.704887
237.700000 183.761963 -38.139446 -29.761143 0.007884 0.709200 0.010247 -0.704889
237.800000 183.892578 -38.143311 -29.761059 0.007921 0.709198 0.010195 -0.704891
237.900000 184.011292 -38.146797 -29.760983 0.007953 0.709197 0.010149 -0.704892
238.000000 184.130020 -38.150261 -29.760902 0.007985 0.709196 0.010103 -0.704894
238.100000 184.236877 -38.153366 -29.760834 0.008012 0.709195 0.010062 -0.704895
238.200000 184.498062 -38.160858 -29.760643 0.008076 0.709193 0.009963 -0.704898
238.300000 184.747375 -38.167927 -29.760441 0.008132 0.709191 0.009872 -0.704901
238.400000 184.866104 -38.171261 -29.760345 0.008158 0.709190 0.009830 -0.704902
238.500000 184.984818 -38.174583 -29.760250 0.008183 0.709189 0.009788 -0.704903
238.600000 185.103546 -38.177879 -29.760155 0.008207 0.709188 0.009747 -0.704904
238.700000 185.578430 -38.190926 -29.759771 0.008302 0.709185 0.009595 -0.704908
238.800000 185.697144 -38.194153 -29.759678 0.008325 0.709184 0.009560 -0.704909
238.900000 185.815872 -38.197372 -29.759583 0.008348 0.709184 0.009526 -0.704910
239.000000 185.934586 -38.200573 -29.759487 0.008371 0.709183 0.009494 -0.704911
239.100000 186.053299 -38.203777 -29.759392 0.008394 0.709182 0.009463 -0.704912
239.200000 186.183899 -38.207264 -29.759283 0.008420 0.709182 0.009431 -0.704912
239.300000 186.302612 -38.210434 -29.759186 0.008444 0.709181 0.009404 -0.704913
239.400000 186.421326 -38.213604 -29.759090 0.008469 0.709181 0.009378 -0.704914
239.500000 186.540039 -38.216747 -29.758995 0.008494 0.709180 0.009355 -0.704914
239.600000 186.670639 -38.220211 -29.758890 0.008522 0.709179 0.009331 -0.704915
239.700000 186.801224 -38.223671 -29.758785 0.008551 0.709179 0.009309 -0.704916
239.800000 186.943680 -38.227409 -29.758673 0.008583 0.709178 0.009287 -0.704916
239.900000 187.062424 -38.230530 -29.758575 0.008610 0.709177 0.009271 -0.704917
240.000000 187.193008 -38.233967 -29.758471 0.008641 0.709176 0.009256 -0.704917
240.100000 187.311722 -38.237141 -29.758375 0.008659 0.709176 0.009254 -0.704918
240.200000 187.442307 -38.241062 -29.758270 0.008590 0.709176 0.009326 -0.704917
240.300000 187.560989 -38.245056 -29.758175 0.008435 0.709177 0.009450 -0.704917
240.400000 187.691559 -38.249802 -29.758074 0.008174 0.709179 0.009620 -0.704915
240.500000 187.810226 -38.254326 -29.757992 0.007858 0.709181 0.009785 -0.704915
240.600000 187.928925 -38.259060 -29.757921 0.007464 0.709183 0.009948 -0.704915
240.700000 188.047638 -38.263908 -29.757851 0.006996 0.709185 0.010091 -0.704915
240.800000 188.178192 -38.269318 -29.757778 0.006399 0.709187 0.010208 -0.704917
240.900000 188.296890 -38.274269 -29.757711 0.005782 0.709190 0.010269 -0.704919
241.000000 188.427460 -38.279701 -29.757643 0.005023 0.709192 0.010273 -0.704923
241.100000 188.664871 -38.289436 -29.757545 0.003428 0.709196 0.010088 -0.704931
241.200000 188.926071 -38.299709 -29.757465 0.001365 0.709200 0.009556 -0.704941
241.300000 189.044800 -38.304180 -29.757448 0.000323 0.709202 0.009195 -0.704946
241.400000 189.282288 -38.312641 -29.757423 -0.001942 0.709204 0.008243 -0.704953
241.500000 189.401016 -38.316612 -29.757431 -0.003160 0.709204 0.007654 -0.704955
241.600000 189.650406 -38.324318 -29.757460 -0.005884 0.709201 0.006184 -0.704954
241.700000 189.769180 -38.327663 -29.757486 -0.007252 0.709199 0.005378 -0.704951
241.800000 189.887970 -38.330791 -29.757513 -0.008661 0.709194 0.004510 -0.704946
241.900000 190.006729 -38.333679 -29.757563 -0.010104 0.709188 0.003582 -0.704938
242.000000 190.125519 -38.336342 -29.757608 -0.011579 0.709180 0.002602 -0.704928
242.100000 190.256180 -38.338989 -29.757668 -0.013230 0.709169 0.001466 -0.704913
242.200000 190.374969 -38.341133 -29.757734 -0.014753 0.709157 0.000388 -0.704896
242.300000 190.505661 -38.343189 -29.757805 -0.016444 0.709140 -0.000842 -0.704875
242.400000 190.624451 -38.344795 -29.757883 -0.017992 0.709123 -0.001993 -0.704852
242.500000 190.743256 -38.346119 -29.757963 -0.019539 0.709103 -0.003174 -0.704827
242.600000 190.862045 -38.347195 -29.758043 -0.021090 0.709081 -0.004372 -0.704798
242.700000 191.123428 -38.348606 -29.758257 -0.024470 0.709022 -0.007055 -0.704726
242.800000 191.242249 -38.348804 -29.758352 -0.025983 0.708991 -0.008284 -0.704690
242.900000 191.361053 -38.348728 -29.758453 -0.027473 0.708958 -0.009511 -0.704651
243.000000 191.491760 -38.348316 -29.758579 -0.029082 0.708919 -0.010855 -0.704606
243.100000 191.610565 -38.347645 -29.758688 -0.030514 0.708881 -0.012066 -0.704564
243.200000 191.847961 -38.345436 -29.758907 -0.033269 0.708801 -0.014440 -0.704476
243.300000 192.085281 -38.342102 -29.759151 -0.035868 0.708714 -0.016724 -0.704386
243.400000 192.203964 -38.340008 -29.759277 -0.037102 0.708668 -0.017825 -0.704340
243.500000 192.322632 -38.337620 -29.759399 -0.038288 0.708622 -0.018897 -0.704295
243.600000 192.441284 -38.334949 -29.759521 -0.039426 0.708575 -0.019936 -0.704251
243.700000 192.571838 -38.331673 -29.759653 -0.040622 0.708523 -0.021040 -0.704203
243.800000 192.702347 -38.328045 -29.759785 -0.041754 0.708472 -0.022103 -0.704156
243.900000 192.820999 -38.324451 -29.759905 -0.042732 0.708425 -0.023030 -0.704115
244.000000 192.939667 -38.320580 -29.760021 -0.043660 0.708378 -0.023920 -0.704076
244.100000 193.058319 -38.316425 -29.760138 -0.044538 0.708331 -0.024772 -0.704038
244.200000 193.176971 -38.311985 -29.760250 -0.045366 0.708285 -0.025589 -0.704002
244.300000 193.307495 -38.306778 -29.760378 -0.046222 0.708236 -0.026445 -0.703965
244.400000 193.426147 -38.301739 -29.760490 -0.046949 0.708192 -0.027186 -0.703933
244.500000 193.544785 -38.296436 -29.760603 -0.047631 0.708149 -0.027892 -0.703903
244.600000 193.675171 -38.290272 -29.760725 -0.048329 0.708102 -0.028631 -0.703872
244.700000 193.793655 -38.284382 -29.760834 -0.048920 0.708062 -0.029269 -0.703846
244.800000 193.923996 -38.277584 -29.760956 -0.049523 0.708018 -0.029938 -0.703820
244.900000 194.172806 -38.263702 -29.761183 -0.050549 0.707938 -0.031120 -0.703775
245.000000 194.315002 -38.255241 -29.761312 -0.051069 0.707896 -0.031746 -0.703753
245.100000 194.433472 -38.247898 -29.761417 -0.051469 0.707861 -0.032244 -0.703736
245.200000 194.563782 -38.239521 -29.761515 -0.051877 0.707824 -0.032770 -0.703718
245.300000 194.682266 -38.231625 -29.761600 -0.052220 0.707792 -0.033230 -0.703704
245.400000 194.800720 -38.223476 -29.761686 -0.052541 0.707761 -0.033675 -0.703691
245.500000 194.930878 -38.214226 -29.761780 -0.052872 0.707727 -0.034148 -0.703677
245.600000 195.049149 -38.205551 -29.761864 -0.053155 0.707698 -0.034566 -0.703665
245.700000 195.179291 -38.195721 -29.761957 -0.053449 0.707666 -0.035017 -0.703652
245.800000 195.297607 -38.186535 -29.762035 -0.053703 0.707638 -0.035418 -0.703641
245.900000 195.439560 -38.175175 -29.762114 -0.053992 0.707605 -0.035895 -0.703628
246.000000 195.557846 -38.165443 -29.762177 -0.054223 0.707578 -0.036290 -0.703616
246.100000 195.687988 -38.154469 -29.762247 -0.054470 0.707549 -0.036722 -0.703604
246.200000 195.818100 -38.143211 -29.762320 -0.054710 0.707520 -0.037154 -0.703592
246.300000 195.936264 -38.132736 -29.762381 -0.054924 0.707495 -0.037548 -0.703580
246.400000 196.066193 -38.120953 -29.762428 -0.055158 0.707467 -0.037984 -0.703566
246.500000 196.184311 -38.110004 -29.762474 -0.055369 0.707442 -0.038383 -0.703553
246.600000 196.432373 -38.086304 -29.762568 -0.055815 0.707389 -0.039235 -0.703524
246.700000 196.550507 -38.074677 -29.762609 -0.056029 0.707364 -0.039647 -0.703509
246.800000 196.668610 -38.062847 -29.762638 -0.056245 0.707339 -0.040066 -0.703493
246.900000 196.786697 -38.050808 -29.762661 -0.056465 0.707314 -0.040488 -0.703477
247.000000 196.916519 -38.037342 -29.762690 -0.056710 0.707286 -0.040959 -0.703458
247.100000 197.152420 -38.012249 -29.762741 -0.057165 0.707236 -0.041830 -0.703420
247.200000 197.270370 -37.999405 -29.762756 -0.057397 0.707210 -0.042272 -0.703400
247.300000 197.388336 -37.986374 -29.762760 -0.057631 0.707185 -0.042719 -0.703380
247.400000 197.518066 -37.971813 -29.762770 -0.057892 0.707157 -0.043214 -0.703357
247.500000 197.624191 -37.959740 -29.762775 -0.058107 0.707134 -0.043622 -0.703337
247.600000 197.753937 -37.944782 -29.762783 -0.058370 0.707106 -0.044123 -0.703312
247.700000 197.871811 -37.931004 -29.762791 -0.058611 0.707080 -0.044579 -0.703289
247.800000 198.001343 -37.915642 -29.762777 -0.058877 0.707052 -0.045081 -0.703263
247.900000 198.119110 -37.901505 -29.762766 -0.059117 0.707026 -0.045538 -0.703239
248.000000 198.248688 -37.885757 -29.762753 -0.059380 0.706999 -0.046039 -0.703212
248.100000 198.378220 -37.869812 -29.762741 -0.059640 0.706971 -0.046537 -0.703185
248.200000 198.507767 -37.853676 -29.762730 -0.059896 0.706944 -0.047031 -0.703158
248.300000 198.743317 -37.823849 -29.762688 -0.060349 0.706896 -0.047915 -0.703108
248.400000 198.861053 -37.808708 -29.762657 -0.060568 0.706872 -0.048349 -0.703083
248.500000 198.990433 -37.791885 -29.762627 -0.060802 0.706847 -0.048818 -0.703056
248.600000 199.108047 -37.776443 -29.762596 -0.061008 0.706824 -0.049237 -0.703032
248.700000 199.237396 -37.759285 -29.762566 -0.061225 0.706800 -0.049688 -0.703005
248.800000 199.366776 -37.741966 -29.762533 -0.061433 0.706776 -0.050128 -0.702980
248.900000 199.613724 -37.708458 -29.762453 -0.061799 0.706734 -0.050935 -0.702932
249.000000 199.743103 -37.690678 -29.762402 -0.061975 0.706714 -0.051338 -0.702908
249.100000 199.872452 -37.672737 -29.762350 -0.062138 0.706694 -0.051728 -0.702885
249.200000 199.990036 -37.656303 -29.762304 -0.062276 0.706677 -0.052070 -0.702864
249.300000 200.119217 -37.638096 -29.762253 -0.062415 0.706659 -0.052433 -0.702843
249.400000 200.236649 -37.621414 -29.762207 -0.062531 0.706644 -0.052749 -0.702824
249.500000 200.354095 -37.604622 -29.762159 -0.062636 0.706630 -0.053054 -0.702806
249.600000 200.471542 -37.587723 -29.762115 -0.062730 0.706617 -0.053346 -0.702789
249.700000 200.577240 -37.572414 -29.762068 -0.062805 0.706605 -0.053598 -0.702774
249.800000 200.706421 -37.553593 -29.761999 -0.062886 0.706593 -0.053892 -0.702757
249.900000 200.835602 -37.534641 -29.761929 -0.062954 0.706581 -0.054172 -0.702741
250.000000 200.941299 -37.519051 -29.761871 -0.063001 0.706573 -0.054389 -0.702729
250.100000 201.070511 -37.499886 -29.761801 -0.063047 0.706563 -0.054642 -0.702715
250.200000 201.199677 -37.480598 -29.761730 -0.063082 0.706555 -0.054881 -0.702701
250.300000 201.317047 -37.462975 -29.761669 -0.063104 0.706548 -0.055087 -0.702690
250.400000 201.446045 -37.443485 -29.761599 -0.063118 0.706542 -0.055300 -0.702678
250.500000 201.551590 -37.427456 -29.761541 -0.063122 0.706537 -0.055465 -0.702669
250.600000 201.680618 -37.407772 -29.761475 -0.063118 0.706533 -0.055657 -0.702659
250.700000 201.797913 -37.389793 -29.761414 -0.063107 0.706529 -0.055820 -0.702651
250.800000 201.915192 -37.371727 -29.761349 -0.063089 0.706526 -0.055975 -0.702643
250.900000 202.032471 -37.353584 -29.761288 -0.063065 0.706524 -0.056121 -0.702636
251.000000 202.196671 -37.328060 -29.761181 -0.063021 0.706522 -0.056311 -0.702626
251.100000 202.313965 -37.309742 -29.761101 -0.062984 0.706521 -0.056439 -0.702620
251.200000 202.442978 -37.289509 -29.761013 -0.062938 0.706521 -0.056571 -0.702614
251.300000 202.560272 -37.271046 -29.760929 -0.062892 0.706521 -0.056684 -0.702609
251.400000 202.677551 -37.252510 -29.760851 -0.062842 0.706522 -0.056792 -0.702604
251.500000 202.794846 -37.233913 -29.760771 -0.062790 0.706523 -0.056895 -0.702599
251.600000 202.923767 -37.213379 -29.760685 -0.062729 0.706525 -0.057002 -0.702594
251.700000 203.029190 -37.196529 -29.760612 -0.062678 0.706526 -0.057085 -0.702591
251.800000 203.146317 -37.177746 -29.760532 -0.062619 0.706528 -0.057175 -0.702587
251.900000 203.275177 -37.157021 -29.760447 -0.062554 0.706530 -0.057269 -0.702582
252.000000 203.415741 -37.134331 -29.760351 -0.062481 0.706533 -0.057368 -0.702578
252.100000 203.532883 -37.115372 -29.760273 -0.062420 0.706536 -0.057447 -0.702574
252.200000 203.638290 -37.098259 -29.760202 -0.062365 0.706538 -0.057516 -0.702571
252.300000 203.743729 -37.081108 -29.760132 -0.062311 0.706541 -0.057584 -0.702568
252.400000 203.860870 -37.062008 -29.760054 -0.062251 0.706543 -0.057657 -0.702565
252.500000 203.989716 -37.040939 -29.759966 -0.062186 0.706546 -0.057736 -0.702561
252.600000 204.095139 -37.023666 -29.759893 -0.062133 0.706549 -0.057800 -0.702558
252.700000 204.223999 -37.002499 -29.759809 -0.062070 0.706552 -0.057876 -0.702554
252.800000 204.352844 -36.981285 -29.759722 -0.062009 0.706555 -0.057951 -0.702550
252.900000 204.716385 -36.923519 -29.759491 -0.062312 0.706521 -0.057811 -0.702569
253.000000 204.951385 -36.888447 -29.759361 -0.063121 0.706441 -0.057454 -0.702607
253.100000 205.068954 -36.871273 -29.759304 -0.063691 0.706384 -0.057281 -0.702627
253.200000 205.198196 -36.852524 -29.759264 -0.064440 0.706309 -0.057128 -0.702646
253.300000 205.315735 -36.835560 -29.759233 -0.065233 0.706229 -0.057042 -0.702660
253.400000 205.445038 -36.816895 -29.759216 -0.066223 0.706129 -0.057024 -0.702669
253.500000 205.586121 -36.796494 -29.759211 -0.067447 0.706006 -0.057113 -0.702670
253.600000 205.985977 -36.737736 -29.759333 -0.071691 0.705575 -0.058112 -0.702600
253.700000 206.126968 -36.716499 -29.759418 -0.073453 0.705395 -0.058755 -0.702545
253.800000 206.244431 -36.698563 -29.759514 -0.075022 0.705234 -0.059409 -0.702486
253.900000 206.373672 -36.678520 -29.759634 -0.076847 0.705046 -0.060256 -0.702406
254.000000 206.502823 -36.658169 -29.759775 -0.078772 0.704845 -0.061232 -0.702310
254.100000 206.643631 -36.635567 -29.759953 -0.080978 0.704613 -0.062440 -0.702186
254.200000 206.760925 -36.616390 -29.760117 -0.082892 0.704409 -0.063557 -0.702066
254.300000 206.889938 -36.594936 -29.760319 -0.085073 0.704174 -0.064893 -0.701919
254.400000 207.147644 -36.550804 -29.760777 -0.089631 0.703671 -0.067879 -0.701573
254.500000 207.276398 -36.528099 -29.761032 -0.091989 0.703405 -0.069511 -0.701376
254.600000 207.393356 -36.507080 -29.761278 -0.094169 0.703154 -0.071063 -0.701183
254.700000 207.533630 -36.481369 -29.761597 -0.096818 0.702843 -0.073001 -0.700935
254.800000 207.638748 -36.461746 -29.761845 -0.098823 0.702602 -0.074499 -0.700738
254.900000 207.755524 -36.439548 -29.762133 -0.101055 0.702330 -0.076207 -0.700509
255.000000 207.883820 -36.414700 -29.762457 -0.103515 0.702023 -0.078122 -0.700246
255.100000 208.012070 -36.389366 -29.762802 -0.105965 0.701711 -0.080068 -0.699973
255.200000 208.140152 -36.363552 -29.763153 -0.108399 0.701393 -0.082032 -0.699691
255.300000 208.256561 -36.339661 -29.763479 -0.110589 0.701102 -0.083827 -0.699428
255.400000 208.651520 -36.255398 -29.764650 -0.117777 0.700098 -0.089894 -0.698506
255.500000 208.767502 -36.229733 -29.765005 -0.119797 0.699802 -0.091639 -0.698232
255.600000 208.883362 -36.203640 -29.765364 -0.121762 0.699509 -0.093358 -0.697958
255.700000 208.999100 -36.177147 -29.765732 -0.123670 0.699217 -0.095045 -0.697687
255.800000 209.114822 -36.150242 -29.766098 -0.125517 0.698930 -0.096695 -0.697418
255.900000 209.241882 -36.120167 -29.766499 -0.127474 0.698619 -0.098464 -0.697128
256.000000 209.357315 -36.092396 -29.766880 -0.129182 0.698341 -0.100026 -0.696869
256.100000 209.484192 -36.061356 -29.767292 -0.130978 0.698043 -0.101693 -0.696591
256.200000 209.610931 -36.029827 -29.767702 -0.132689 0.697753 -0.103298 -0.696322
256.300000 209.726028 -36.000748 -29.768072 -0.134171 0.697496 -0.104702 -0.696086
256.400000 209.852539 -35.968285 -29.768478 -0.135715 0.697223 -0.106186 -0.695835
256.500000 209.967361 -35.938343 -29.768845 -0.137043 0.696983 -0.107478 -0.695617
256.600000 210.208252 -35.874157 -29.769606 -0.139595 0.696508 -0.110019 -0.695188
256.700000 210.345657 -35.836685 -29.770037 -0.140912 0.696254 -0.111367 -0.694962
256.800000 210.460022 -35.805008 -29.770395 -0.141933 0.696053 -0.112437 -0.694783
256.900000 210.585739 -35.769722 -29.770786 -0.142983 0.695841 -0.113553 -0.694598
257.000000 210.699844 -35.737244 -29.771137 -0.143872 0.695658 -0.114517 -0.694440
257.100000 210.813858 -35.704365 -29.771488 -0.144699 0.695484 -0.115437 -0.694290
257.200000 210.950546 -35.664410 -29.771885 -0.145617 0.695287 -0.116482 -0.694121
257.300000 211.064285 -35.630692 -29.772213 -0.146321 0.695131 -0.117310 -0.693989
257.400000 211.189285 -35.593163 -29.772575 -0.147039 0.694969 -0.118177 -0.693853
257.500000 211.314178 -35.555183 -29.772932 -0.147699 0.694816 -0.119003 -0.693725
257.600000 211.427567 -35.520252 -29.773237 -0.148251 0.694684 -0.119724 -0.693615
257.700000 211.563477 -35.477871 -29.773600 -0.148866 0.694534 -0.120548 -0.693491
257.800000 211.676575 -35.442158 -29.773903 -0.149339 0.694416 -0.121208 -0.693393
257.900000 211.800888 -35.402454 -29.774216 -0.149823 0.694292 -0.121910 -0.693289
258.000000 211.925079 -35.362324 -29.774527 -0.150273 0.694174 -0.122590 -0.693190
258.100000 212.026535 -35.329178 -29.774776 -0.150620 0.694081 -0.123133 -0.693111
258.200000 212.150452 -35.288277 -29.775064 -0.151018 0.693973 -0.123786 -0.693017
258.300000 212.262985 -35.250748 -29.775326 -0.151363 0.693877 -0.124366 -0.692934
258.400000 212.386612 -35.209072 -29.775600 -0.151725 0.693775 -0.124997 -0.692843
258.500000 212.498886 -35.170834 -29.775839 -0.152039 0.693685 -0.125568 -0.692761
258.600000 212.611069 -35.132259 -29.776079 -0.152344 0.693598 -0.126136 -0.692678
258.700000 212.723114 -35.093357 -29.776299 -0.152640 0.693512 -0.126704 -0.692595
258.800000 212.835037 -35.054142 -29.776518 -0.152930 0.693428 -0.127272 -0.692512
258.900000 212.958038 -35.010635 -29.776745 -0.153246 0.693336 -0.127901 -0.692418
259.000000 213.080933 -34.966763 -29.776964 -0.153559 0.693244 -0.128534 -0.692323
259.100000 213.203629 -34.922520 -29.777174 -0.153872 0.693154 -0.129173 -0.692225
259.200000 213.315079 -34.881981 -29.777355 -0.154156 0.693072 -0.129760 -0.692134
259.300000 213.426437 -34.841156 -29.777536 -0.154444 0.692989 -0.130352 -0.692042
259.400000 213.548798 -34.795921 -29.777714 -0.154765 0.692898 -0.131009 -0.691937
259.500000 213.671036 -34.750343 -29.777893 -0.155089 0.692807 -0.131676 -0.691829
259.600000 213.793152 -34.704430 -29.778053 -0.155418 0.692715 -0.132350 -0.691719
259.700000 213.915131 -34.658192 -29.778210 -0.155752 0.692622 -0.133031 -0.691606
259.800000 214.036972 -34.611629 -29.778357 -0.156091 0.692529 -0.133720 -0.691490
259.900000 214.147675 -34.569027 -29.778481 -0.156403 0.692443 -0.134351 -0.691383
260.000000 214.269287 -34.521858 -29.778616 -0.156748 0.692349 -0.135052 -0.691262
260.100000 214.390808 -34.474407 -29.778730 -0.157100 0.692254 -0.135755 -0.691140
260.200000 214.512238 -34.426655 -29.778847 -0.157452 0.692159 -0.136462 -0.691016
260.300000 214.633514 -34.378605 -29.778950 -0.157807 0.692064 -0.137171 -0.690890
260.400000 214.754684 -34.330276 -29.779047 -0.158162 0.691969 -0.137881 -0.690762
260.500000 215.007706 -34.228333 -29.779222 -0.158900 0.691772 -0.139360 -0.690493
260.600000 215.117554 -34.183640 -29.779293 -0.159216 0.691688 -0.139999 -0.690376
260.700000 215.260254 -34.125217 -29.779375 -0.159620 0.691580 -0.140821 -0.690224
260.800000 215.358917 -34.084568 -29.779421 -0.159896 0.691506 -0.141384 -0.690119
260.900000 215.468536 -34.039200 -29.779472 -0.160196 0.691425 -0.142002 -0.690003
261.000000 215.588959 -33.989067 -29.779518 -0.160517 0.691338 -0.142672 -0.689877
261.100000 215.698395 -33.943291 -29.779554 -0.160801 0.691261 -0.143271 -0.689764
261.200000 215.818634 -33.892700 -29.779596 -0.161101 0.691179 -0.143917 -0.689641
261.300000 216.047958 -33.795498 -29.779640 -0.161640 0.691030 -0.145110 -0.689415
261.400000 216.167984 -33.744270 -29.779659 -0.161903 0.690957 -0.145711 -0.689300
261.500000 216.276962 -33.697514 -29.779680 -0.162127 0.690893 -0.146242 -0.689198
261.600000 216.385925 -33.650585 -29.779680 -0.162339 0.690833 -0.146757 -0.689100
261.700000 216.505661 -33.598770 -29.779680 -0.162556 0.690770 -0.147305 -0.688995
261.800000 216.614471 -33.551498 -29.779682 -0.162739 0.690716 -0.147787 -0.688903
261.900000 216.733994 -33.499313 -29.779682 -0.162923 0.690660 -0.148297 -0.688805
262.000000 216.842712 -33.451710 -29.779665 -0.163075 0.690614 -0.148742 -0.688720
262.100000 216.972946 -33.394390 -29.779646 -0.163239 0.690562 -0.149254 -0.688622
262.200000 217.092346 -33.341663 -29.779631 -0.163371 0.690519 -0.149700 -0.688538
262.300000 217.200760 -33.293579 -29.779613 -0.163475 0.690483 -0.150088 -0.688464
262.400000 217.319977 -33.240517 -29.779587 -0.163572 0.690448 -0.150495 -0.688387
262.500000 217.428314 -33.192139 -29.779552 -0.163646 0.690420 -0.150846 -0.688321
262.600000 217.536545 -33.143631 -29.779520 -0.163706 0.690395 -0.151181 -0.688258
262.700000 217.655579 -33.090130 -29.779484 -0.163756 0.690372 -0.151530 -0.688193
262.800000 217.763702 -33.041351 -29.779455 -0.163788 0.690354 -0.151831 -0.688137
262.900000 218.001480 -32.933628 -29.779358 -0.163816 0.690325 -0.152437 -0.688025
263.000000 218.109390 -32.884476 -29.779308 -0.163810 0.690317 -0.152689 -0.687979
263.100000 218.228134 -32.830338 -29.779257 -0.163802 0.690308 -0.152940 -0.687934
263.200000 218.336319 -32.781498 -29.779215 -0.163888 0.690278 -0.153070 -0.687915
263.300000 218.455597 -32.728477 -29.779186 -0.164159 0.690203 -0.153069 -0.687926
263.400000 218.586075 -32.671253 -29.779179 -0.164651 0.690073 -0.152963 -0.687962
263.500000 218.694992 -32.623901 -29.779192 -0.165206 0.689929 -0.152838 -0.688001
263.600000 218.814896 -32.572029 -29.779228 -0.165962 0.689734 -0.152704 -0.688044
263.700000 218.924042 -32.524998 -29.779284 -0.166785 0.689523 -0.152608 -0.688079
263.800000 219.033173 -32.478035 -29.779362 -0.167739 0.689278 -0.152559 -0.688103
263.900000 219.153320 -32.426327 -29.779480 -0.168931 0.688972 -0.152592 -0.688110
264.000000 219.262421 -32.379227 -29.779615 -0.170146 0.688661 -0.152715 -0.688094
264.100000 219.502411 -32.275032 -29.780012 -0.173254 0.687867 -0.153369 -0.687968
264.200000 219.611328 -32.227303 -29.780241 -0.174860 0.687456 -0.153862 -0.687862
264.300000 219.720154 -32.179295 -29.780497 -0.176581 0.687016 -0.154490 -0.687721
264.400000 219.828842 -32.130997 -29.780785 -0.178420 0.686546 -0.155248 -0.687546
264.500000 219.937424 -32.082397 -29.781105 -0.180376 0.686044 -0.156138 -0.687335
264.600000 220.175720 -31.974239 -29.781912 -0.185055 0.684837 -0.158571 -0.686737
264.700000 220.402374 -31.869253 -29.782814 -0.189957 0.683561 -0.161481 -0.685992
264.800000 220.520752 -31.813528 -29.783339 -0.192672 0.682847 -0.163219 -0.685534
264.900000 220.638855 -31.757259 -29.783892 -0.195471 0.682106 -0.165096 -0.685030
265.000000 220.756729 -31.700478 -29.784477 -0.198350 0.681336 -0.167092 -0.684484
265.100000 221.012924 -31.574713 -29.785849 -0.204850 0.679569 -0.171816 -0.683155
265.200000 221.257111 -31.451643 -29.787279 -0.211248 0.677786 -0.176729 -0.681724
265.300000 221.384003 -31.386417 -29.788063 -0.214613 0.676828 -0.179399 -0.680927
265.400000 221.489410 -31.331528 -29.788734 -0.217414 0.676020 -0.181666 -0.680239
265.500000 221.605087 -31.270597 -29.789492 -0.220483 0.675123 -0.184187 -0.679464
265.600000 221.709930 -31.214682 -29.790192 -0.223248 0.674303 -0.186497 -0.678745
265.700000 221.835403 -31.146942 -29.791050 -0.226528 0.673316 -0.189274 -0.677869
265.800000 221.950073 -31.084215 -29.791847 -0.229482 0.672413 -0.191815 -0.677057
265.900000 222.054016 -31.026678 -29.792585 -0.232118 0.671595 -0.194108 -0.676316
266.000000 222.178360 -30.956972 -29.793476 -0.235205 0.670623 -0.196832 -0.675426
266.100000 222.291946 -30.892448 -29.794298 -0.237955 0.669743 -0.199291 -0.674615
266.200000 222.507843 -30.767588 -29.795889 -0.242958 0.668106 -0.203852 -0.673090
266.300000 222.610214 -30.707388 -29.796648 -0.245222 0.667348 -0.205946 -0.672383
266.400000 222.712234 -30.646688 -29.797411 -0.247402 0.666608 -0.207986 -0.671690
266.500000 222.813965 -30.585505 -29.798174 -0.249494 0.665888 -0.209969 -0.671013
266.600000 222.935638 -30.511442 -29.799084 -0.251888 0.665051 -0.212266 -0.670226
266.700000 223.036697 -30.449196 -29.799833 -0.253782 0.664379 -0.214109 -0.669591
266.800000 223.147491 -30.380167 -29.800659 -0.255758 0.663666 -0.216062 -0.668919
266.900000 223.257904 -30.310549 -29.801474 -0.257619 0.662985 -0.217935 -0.668272
267.000000 223.357941 -30.246771 -29.802212 -0.259216 0.662391 -0.219563 -0.667711
267.100000 223.457733 -30.182539 -29.802948 -0.260724 0.661821 -0.221122 -0.667173
267.200000 223.567078 -30.111340 -29.803755 -0.262278 0.661226 -0.222760 -0.666610
267.300000 223.666183 -30.046133 -29.804480 -0.263599 0.660711 -0.224180 -0.666123
267.400000 223.774826 -29.973871 -29.805258 -0.264952 0.660175 -0.225667 -0.665616
267.500000 223.883057 -29.901068 -29.806032 -0.266207 0.659669 -0.227078 -0.665137
267.600000 223.981171 -29.834414 -29.806721 -0.267263 0.659235 -0.228299 -0.664725
267.700000 224.098450 -29.753830 -29.807533 -0.268430 0.658747 -0.229693 -0.664258
267.800000 224.195862 -29.686213 -29.808205 -0.269327 0.658364 -0.230792 -0.663893
267.900000 224.380051 -29.556557 -29.809441 -0.270853 0.657697 -0.232746 -0.663252
268.000000 224.486206 -29.480803 -29.810131 -0.271638 0.657343 -0.233804 -0.662909
268.100000 224.582382 -29.411495 -29.810749 -0.272294 0.657042 -0.234725 -0.662613
268.200000 224.678253 -29.341784 -29.811357 -0.272901 0.656757 -0.235610 -0.662332
268.300000 224.773819 -29.271664 -29.811945 -0.273464 0.656488 -0.236463 -0.662062
268.400000 224.878586 -29.194059 -29.812582 -0.274035 0.656209 -0.237369 -0.661778
268.500000 224.983002 -29.115986 -29.813202 -0.274563 0.655946 -0.238246 -0.661505
268.600000 225.096481 -29.030268 -29.813854 -0.275094 0.655676 -0.239177 -0.661216
268.700000 225.190735 -28.958427 -29.814379 -0.275509 0.655460 -0.239932 -0.660983
268.800000 225.294083 -28.878963 -29.814945 -0.275938 0.655234 -0.240750 -0.660731
268.900000 225.397049 -28.799040 -29.815493 -0.276341 0.655018 -0.241558 -0.660482
269.000000 225.499680 -28.718672 -29.816023 -0.276724 0.654810 -0.242358 -0.660235
269.100000 225.601944 -28.637869 -29.816530 -0.277090 0.654609 -0.243155 -0.659988
269.200000 225.703888 -28.556641 -29.817020 -0.277444 0.654413 -0.243948 -0.659740
269.300000 225.805481 -28.474997 -29.817492 -0.277790 0.654222 -0.244742 -0.659491
269.400000 225.906754 -28.392946 -29.817945 -0.278130 0.654033 -0.245538 -0.659239
269.500000 226.199493 -28.152025 -29.819164 -0.279114 0.653490 -0.247875 -0.658486
269.600000 226.381104 -27.999828 -29.819845 -0.279737 0.653152 -0.249364 -0.657995
269.700000 226.480560 -27.915617 -29.820200 -0.280087 0.652964 -0.250192 -0.657718
269.800000 226.588699 -27.823351 -29.820568 -0.280476 0.652757 -0.251102 -0.657411
269.900000 226.687576 -27.738415 -29.820890 -0.280837 0.652567 -0.251944 -0.657123
270.000000 226.786148 -27.653147 -29.821190 -0.281204 0.652375 -0.252792 -0.656831
270.100000 226.884430 -27.567551 -29.821478 -0.281576 0.652182 -0.253645 -0.656534
270.200000 226.982437 -27.481638 -29.821753 -0.281953 0.651988 -0.254502 -0.656234
270.300000 227.071289 -27.403267 -29.821989 -0.282298 0.651811 -0.255283 -0.655958
270.400000 227.177612 -27.308876 -29.822252 -0.282713 0.651599 -0.256224 -0.655623
270.500000 227.274826 -27.222055 -29.822483 -0.283098 0.651403 -0.257084 -0.655315
270.600000 227.371750 -27.134935 -29.822702 -0.283481 0.651208 -0.257943 -0.655005
270.700000 227.459656 -27.055492 -29.822886 -0.283829 0.651032 -0.258721 -0.654723
270.800000 227.573624 -26.951872 -29.823107 -0.284277 0.650806 -0.259725 -0.654355
270.900000 227.695984 -26.839863 -29.823330 -0.284751 0.650566 -0.260796 -0.653962
271.000000 227.817963 -26.727428 -29.823538 -0.285215 0.650331 -0.261851 -0.653572
271.100000 227.913544 -26.638803 -29.823681 -0.285570 0.650151 -0.262667 -0.653269
271.200000 228.008881 -26.549929 -29.823814 -0.285914 0.649975 -0.263468 -0.652970
271.300000 228.104019 -26.460812 -29.823942 -0.286246 0.649805 -0.264255 -0.652676
271.400000 228.190323 -26.379595 -29.824041 -0.286537 0.649655 -0.264955 -0.652414
271.500000 228.379547 -26.200270 -29.824240 -0.287133 0.649345 -0.266442 -0.651855
271.600000 228.482437 -26.102091 -29.824337 -0.287430 0.649188 -0.267217 -0.651562
271.700000 228.755661 -25.839058 -29.824530 -0.288117 0.648817 -0.269155 -0.650831
271.800000 228.849213 -25.748251 -29.824581 -0.288315 0.648706 -0.269774 -0.650597
271.900000 229.027313 -25.574381 -29.824656 -0.288638 0.648520 -0.270887 -0.650178
272.000000 229.162674 -25.441536 -29.824701 -0.288849 0.648393 -0.271659 -0.649888
272.100000 229.392868 -25.218912 -29.824856 -0.289769 0.647928 -0.272367 -0.649645
272.200000 229.487335 -25.128815 -29.824963 -0.290413 0.647617 -0.272487 -0.649617
272.300000 229.582031 -25.038872 -29.825104 -0.291200 0.647241 -0.272580 -0.649601
272.400000 229.659607 -24.965334 -29.825247 -0.291946 0.646887 -0.272661 -0.649585
272.500000 229.745819 -24.883619 -29.825432 -0.292883 0.646443 -0.272781 -0.649555
272.600000 229.840622 -24.793657 -29.825670 -0.294040 0.645897 -0.272973 -0.649494
272.700000 229.926727 -24.711756 -29.825920 -0.295209 0.645347 -0.273219 -0.649408
272.800000 230.029922 -24.613266 -29.826260 -0.296755 0.644620 -0.273627 -0.649253
272.900000 230.124252 -24.522713 -29.826609 -0.298301 0.643895 -0.274132 -0.649051
273.000000 230.226944 -24.423672 -29.827044 -0.300150 0.643028 -0.274819 -0.648768
273.100000 230.320816 -24.332577 -29.827349 -0.301982 0.642170 -0.275589 -0.648440
273.200000 230.406036 -24.249697 -29.825907 -0.303793 0.641327 -0.276377 -0.648093
273.300000 230.499237 -24.157927 -29.824831 -0.305848 0.640363 -0.277438 -0.647627
273.400000 230.592026 -24.065754 -29.824497 -0.308020 0.639341 -0.278645 -0.647088
273.500000 230.684448 -23.973179 -29.824594 -0.310305 0.638265 -0.279996 -0.646476
273.600000 230.784760 -23.871712 -29.824997 -0.312915 0.637032 -0.281629 -0.645724
273.700000 230.867966 -23.786774 -29.825474 -0.315181 0.635957 -0.283109 -0.645034
273.800000 230.959061 -23.692923 -29.826094 -0.317753 0.634731 -0.284861 -0.644207
273.900000 231.147964 -23.495247 -29.827599 -0.323376 0.632029 -0.288892 -0.642268
274.000000 231.237534 -23.400000 -29.828386 -0.326155 0.630680 -0.290978 -0.641247
274.100000 231.326691 -23.304379 -29.828833 -0.328998 0.629292 -0.293131 -0.640177
274.200000 231.407669 -23.217434 -29.826653 -0.331678 0.627981 -0.295083 -0.639183
274.300000 231.495850 -23.120964 -29.824045 -0.334552 0.626557 -0.297386 -0.638015
274.400000 231.583313 -23.023857 -29.822960 -0.337410 0.625124 -0.299768 -0.636800
274.500000 231.670227 -22.926279 -29.822775 -0.340274 0.623674 -0.302179 -0.635556
274.600000 231.748779 -22.837149 -29.823053 -0.342867 0.622351 -0.304395 -0.634402
274.700000 231.826828 -22.747631 -29.823582 -0.345445 0.621023 -0.306621 -0.633232
274.800000 231.919876 -22.639687 -29.824406 -0.348501 0.619432 -0.309298 -0.631811
274.900000 231.996933 -22.549316 -29.825190 -0.351010 0.618112 -0.311522 -0.630621
275.000000 232.073486 -22.458549 -29.826019 -0.353474 0.616803 -0.313735 -0.629428
275.100000 232.164719 -22.349133 -29.827061 -0.356366 0.615250 -0.316361 -0.628002
275.200000 232.247772 -22.248348 -29.828030 -0.358944 0.613849 -0.318733 -0.626704
275.300000 232.315262 -22.165554 -29.828833 -0.360997 0.612723 -0.320642 -0.625652
275.400000 232.389801 -22.073193 -29.829735 -0.363211 0.611495 -0.322727 -0.624499
275.500000 232.471420 -21.971304 -29.830179 -0.365592 0.610165 -0.324937 -0.623263
275.600000 232.545517 -21.878670 -29.827919 -0.367745 0.608962 -0.326824 -0.622186
275.700000 232.625977 -21.775915 -29.825598 -0.369914 0.607721 -0.328948 -0.620993
275.800000 232.705643 -21.672565 -29.824707 -0.371959 0.606533 -0.331028 -0.619827
275.900000 232.784668 -21.568760 -29.824646 -0.373904 0.605390 -0.333033 -0.618698
276.000000 232.863159 -21.464535 -29.825041 -0.375755 0.604289 -0.334954 -0.617615
276.100000 232.926941 -21.378948 -29.825558 -0.377194 0.603425 -0.336468 -0.616760
276.200000 233.074234 -21.178144 -29.827091 -0.380285 0.601535 -0.339795 -0.614881
276.300000 233.143631 -21.081997 -29.827887 -0.381626 0.600700 -0.341280 -0.614043
276.400000 233.205658 -20.995182 -29.828623 -0.382765 0.599983 -0.342562 -0.613321
276.500000 233.287766 -20.879015 -29.829592 -0.384181 0.599079 -0.344193 -0.612405
276.600000 233.362518 -20.772200 -29.830109 -0.385398 0.598296 -0.345594 -0.611617
276.700000 233.570557 -20.469456 -29.824892 -0.388377 0.596334 -0.349151 -0.609625
276.800000 233.643021 -20.361097 -29.824697 -0.389239 0.595739 -0.350337 -0.608977
276.900000 233.708389 -20.262268 -29.824913 -0.389960 0.595233 -0.351364 -0.608417
277.000000 233.773315 -20.163149 -29.825338 -0.390628 0.594758 -0.352345 -0.607887
277.100000 233.908173 -19.954052 -29.826551 -0.391868 0.593852 -0.354276 -0.606851
277.200000 233.971695 -19.854048 -29.827185 -0.392389 0.593461 -0.355141 -0.606391
277.300000 234.034775 -19.753771 -29.827833 -0.392871 0.593093 -0.355975 -0.605950
277.400000 234.097412 -19.653225 -29.828482 -0.393318 0.592746 -0.356782 -0.605525
277.500000 234.159622 -19.552416 -29.829111 -0.393733 0.592419 -0.357565 -0.605113
277.600000 234.233902 -19.431238 -29.829121 -0.394223 0.592036 -0.358447 -0.604647
277.700000 234.307938 -19.309965 -29.826025 -0.394727 0.591654 -0.359255 -0.604212
277.800000 234.362656 -19.218483 -29.824381 -0.395009 0.591414 -0.359927 -0.603862
277.900000 234.429001 -19.106361 -29.823431 -0.395335 0.591133 -0.360737 -0.603441
278.000000 234.494812 -18.993938 -29.823158 -0.395646 0.590862 -0.361533 -0.603026
278.100000 234.560196 -18.881229 -29.823263 -0.395946 0.590600 -0.362320 -0.602614
278.200000 234.677780 -18.675602 -29.823881 -0.396469 0.590140 -0.363735 -0.601867
278.300000 234.736008 -18.572456 -29.824284 -0.396724 0.589915 -0.364439 -0.601493
278.400000 234.919754 -18.240992 -29.825605 -0.397535 0.589207 -0.366692 -0.600282
278.500000 234.998962 -18.095337 -29.826168 -0.397894 0.588897 -0.367683 -0.599741
278.600000 235.060730 -17.980621 -29.826593 -0.398180 0.588653 -0.368466 -0.599310
278.700000 235.122086 -17.865683 -29.827000 -0.398471 0.588407 -0.369252 -0.598874
278.800000 235.183029 -17.750521 -29.827387 -0.398767 0.588160 -0.370042 -0.598433
278.900000 235.238068 -17.645653 -29.827728 -0.399039 0.587933 -0.370762 -0.598028
279.000000 235.298477 -17.530270 -29.826698 -0.399384 0.587665 -0.371517 -0.597594
279.100000 235.358322 -17.414560 -29.825207 -0.399693 0.587413 -0.372313 -0.597138
279.200000 235.417709 -17.298595 -29.824497 -0.399997 0.587163 -0.373120 -0.596677
279.300000 235.471405 -17.193007 -29.824238 -0.400278 0.586935 -0.373853 -0.596254
279.400000 235.524765 -17.087257 -29.824188 -0.400562 0.586706 -0.374584 -0.595831
279.500000 235.635880 -16.864698 -29.824406 -0.401162 0.586224 -0.376110 -0.594939
279.600000 235.693527 -16.747864 -29.824594 -0.401476 0.585973 -0.376903 -0.594472
279.700000 235.740509 -16.652145 -29.824759 -0.401732 0.585769 -0.377547 -0.594091
279.800000 235.802734 -16.524343 -29.824974 -0.402068 0.585501 -0.378399 -0.593586
279.900000 235.854309 -16.417702 -29.825157 -0.402346 0.585280 -0.379099 -0.593169
280.000000 235.905640 -16.310926 -29.825331 -0.402617 0.585063 -0.379790 -0.592756
280.100000 235.961807 -16.193329 -29.825514 -0.402909 0.584830 -0.380539 -0.592307
280.200000 236.017670 -16.075584 -29.825684 -0.403192 0.584604 -0.381275 -0.591865
280.300000 236.068192 -15.968416 -29.825832 -0.403440 0.584404 -0.381932 -0.591470
280.400000 236.118469 -15.861135 -29.825964 -0.403679 0.584211 -0.382575 -0.591082
280.500000 236.168503 -15.753738 -29.826090 -0.403908 0.584025 -0.383204 -0.590701
280.600000 236.267929 -15.538620 -29.826315 -0.404332 0.583677 -0.384417 -0.589967
280.700000 236.317307 -15.430902 -29.826410 -0.404526 0.583516 -0.384998 -0.589614
280.800000 236.366455 -15.323083 -29.826500 -0.404707 0.583364 -0.385563 -0.589271
280.900000 236.420288 -15.204370 -29.826593 -0.404890 0.583208 -0.386163 -0.588907
281.000000 236.473877 -15.085543 -29.826654 -0.405056 0.583064 -0.386740 -0.588556
281.100000 236.522537 -14.977537 -29.825140 -0.405220 0.582932 -0.387218 -0.588259
281.200000 236.575714 -14.858522 -29.823460 -0.405352 0.582813 -0.387753 -0.587934
281.300000 236.623779 -14.750207 -29.822598 -0.405452 0.582717 -0.388224 -0.587649
281.400000 236.676483 -14.630965 -29.822069 -0.405547 0.582623 -0.388717 -0.587351
281.500000 236.724213 -14.522475 -29.821814 -0.405619 0.582548 -0.389145 -0.587092
281.600000 236.771729 -14.413902 -29.821674 -0.405676 0.582483 -0.389554 -0.586846
281.700000 236.819122 -14.305254 -29.821604 -0.405720 0.582429 -0.389943 -0.586611
281.800000 236.866302 -14.196531 -29.821569 -0.405750 0.582384 -0.390313 -0.586389
281.900000 236.913361 -14.087734 -29.821552 -0.405767 0.582349 -0.390665 -0.586178
282.000000 236.960266 -13.978868 -29.821550 -0.405770 0.582323 -0.390998 -0.585979
282.100000 237.011856 -13.859104 -29.821550 -0.405789 0.582285 -0.391318 -0.585789
282.200000 237.059174 -13.750383 -29.821564 -0.405896 0.582188 -0.391512 -0.585683
282.300000 237.106934 -13.641822 -29.821598 -0.406105 0.582021 -0.391619 -0.585633
282.400000 237.155014 -13.533364 -29.821657 -0.406406 0.581789 -0.391674 -0.585617
282.500000 237.208099 -13.414125 -29.821728 -0.406837 0.581464 -0.391707 -0.585619
282.600000 237.261337 -13.294919 -29.821825 -0.407371 0.581067 -0.391735 -0.585622
282.700000 237.309784 -13.186539 -29.821934 -0.407942 0.580645 -0.391782 -0.585612
282.800000 237.363037 -13.067289 -29.822069 -0.408668 0.580113 -0.391871 -0.585574
282.900000 237.416183 -12.947971 -29.822231 -0.409490 0.579512 -0.392021 -0.585493
283.000000 237.464355 -12.839415 -29.822401 -0.410321 0.578908 -0.392224 -0.585373
283.100000 237.512360 -12.730779 -29.822588 -0.411235 0.578245 -0.392494 -0.585207
283.200000 237.560165 -12.622054 -29.822794 -0.412234 0.577522 -0.392837 -0.584988
283.300000 237.607773 -12.513215 -29.823025 -0.413313 0.576742 -0.393263 -0.584709
283.400000 237.659821 -12.393351 -29.823298 -0.414591 0.575820 -0.393831 -0.584331
283.500000 237.711472 -12.273331 -29.823593 -0.415961 0.574832 -0.394506 -0.583875
283.600000 237.758163 -12.164084 -29.823889 -0.417286 0.573877 -0.395213 -0.583391
283.700000 237.804489 -12.054693 -29.824198 -0.418681 0.572870 -0.396010 -0.582840
283.800000 237.855026 -11.934188 -29.824562 -0.420291 0.571708 -0.396990 -0.582155
283.900000 237.905151 -11.813508 -29.824945 -0.421979 0.570487 -0.398070 -0.581393
284.000000 237.954834 -11.692650 -29.825354 -0.423741 0.569210 -0.399244 -0.580558
284.100000 237.999603 -11.582613 -29.825739 -0.425397 0.568007 -0.400393 -0.579733
284.200000 238.043976 -11.472422 -29.826141 -0.427101 0.566766 -0.401612 -0.578851
284.300000 238.096634 -11.339981 -29.826643 -0.429199 0.565232 -0.403163 -0.577721
284.400000 238.144409 -11.218380 -29.827118 -0.431166 0.563788 -0.404657 -0.576621
284.500000 238.191650 -11.096581 -29.827610 -0.433163 0.562314 -0.406215 -0.575466
284.600000 238.238510 -10.974644 -29.827568 -0.435199 0.560808 -0.407812 -0.574270
284.700000 238.285233 -10.852697 -29.824656 -0.437299 0.559253 -0.409401 -0.573059
284.800000 238.330933 -10.730350 -29.822344 -0.439331 0.557729 -0.411103 -0.571770
284.900000 238.376022 -10.607779 -29.821295 -0.441356 0.556200 -0.412836 -0.570449
285.000000 238.468491 -10.350864 -29.821058 -0.445553 0.553002 -0.416499 -0.567626
285.100000 238.511826 -10.227701 -29.821371 -0.447525 0.551484 -0.418254 -0.566261
285.200000 238.554642 -10.104352 -29.821808 -0.449461 0.549982 -0.420000 -0.564894
285.300000 238.596893 -9.980817 -29.822311 -0.451354 0.548502 -0.421732 -0.563531
285.400000 238.638596 -9.857109 -29.822851 -0.453203 0.547046 -0.423438 -0.562181
285.500000 238.679764 -9.733226 -29.823416 -0.454999 0.545621 -0.425115 -0.560848
285.600000 238.720352 -9.609165 -29.823996 -0.456735 0.544233 -0.426759 -0.559536
285.700000 238.760361 -9.484933 -29.824575 -0.458408 0.542884 -0.428363 -0.558251
285.800000 238.873672 -9.122576 -29.826246 -0.462881 0.539222 -0.432772 -0.554697
285.900000 238.948822 -8.872664 -29.827372 -0.465598 0.536952 -0.435547 -0.552449
286.000000 239.025085 -8.610732 -29.828537 -0.468112 0.534812 -0.438211 -0.550289
286.100000 239.077423 -8.428402 -29.825634 -0.469756 0.533414 -0.439826 -0.548955
286.200000 239.115524 -8.291312 -29.822716 -0.470817 0.532487 -0.441033 -0.547978
286.300000 239.152802 -8.153990 -29.821415 -0.471774 0.531636 -0.442192 -0.547045
286.400000 239.186447 -8.027967 -29.821007 -0.472587 0.530906 -0.443193 -0.546242
286.500000 239.246201 -7.798495 -29.821177 -0.473905 0.529706 -0.444878 -0.544894
286.600000 239.315704 -7.522573 -29.821964 -0.475232 0.528468 -0.446692 -0.543454
286.700000 239.346725 -7.395915 -29.822392 -0.475756 0.527968 -0.447457 -0.542852
286.800000 239.371735 -7.292196 -29.822756 -0.476149 0.527588 -0.448054 -0.542384
286.900000 239.401871 -7.165329 -29.823200 -0.476590 0.527156 -0.448752 -0.541840
287.000000 239.428848 -7.049897 -29.823593 -0.476955 0.526793 -0.449359 -0.541368
287.100000 239.460678 -6.911260 -29.824057 -0.477353 0.526391 -0.450057 -0.540829
287.200000 239.491974 -6.772499 -29.824509 -0.477712 0.526021 -0.450724 -0.540316
287.300000 239.517593 -6.656770 -29.824875 -0.477984 0.525735 -0.451262 -0.539904
287.400000 239.572632 -6.401878 -29.825644 -0.478514 0.525168 -0.452394 -0.539039
287.500000 239.606689 -6.239479 -29.826103 -0.478812 0.524840 -0.453086 -0.538512
287.600000 239.637665 -6.088545 -29.826513 -0.479067 0.524556 -0.453717 -0.538031
287.700000 239.661072 -5.972359 -29.826818 -0.479252 0.524347 -0.454196 -0.537665
287.800000 239.686417 -5.844471 -29.827131 -0.479446 0.524126 -0.454720 -0.537264
287.900000 239.709061 -5.728139 -29.827414 -0.479618 0.523930 -0.455194 -0.536900
288.000000 239.731598 -5.611804 -29.826731 -0.479813 0.523721 -0.455641 -0.536551
288.100000 239.755890 -5.483742 -29.825016 -0.480008 0.523506 -0.456150 -0.536154
288.200000 239.777451 -5.367208 -29.824192 -0.480166 0.523322 -0.456634 -0.535779
288.300000 239.821716 -5.122291 -29.823647 -0.480509 0.522933 -0.457651 -0.534984
288.400000 239.844315 -4.993900 -29.823666 -0.480695 0.522725 -0.458188 -0.534560
288.500000 239.864548 -4.877123 -29.823761 -0.480867 0.522534 -0.458679 -0.534170
288.600000 239.884445 -4.760292 -29.823893 -0.481044 0.522340 -0.459174 -0.533776
288.700000 239.906036 -4.631718 -29.824064 -0.481244 0.522122 -0.459723 -0.533336
288.800000 239.923416 -4.526477 -29.824202 -0.481412 0.521941 -0.460175 -0.532972
288.900000 239.942474 -4.409496 -29.824358 -0.481602 0.521737 -0.460680 -0.532563
289.000000 239.963058 -4.280761 -29.824528 -0.481815 0.521511 -0.461240 -0.532108
289.100000 239.981491 -4.163684 -29.824682 -0.482014 0.521300 -0.461750 -0.531691
289.200000 239.999680 -4.046560 -29.824821 -0.482215 0.521089 -0.462263 -0.531270
289.300000 240.017578 -3.929394 -29.824957 -0.482420 0.520875 -0.462776 -0.530847
289.400000 240.033493 -3.823910 -29.825068 -0.482606 0.520681 -0.463239 -0.530465
289.500000 240.052612 -3.694941 -29.825201 -0.482835 0.520443 -0.463804 -0.529996
289.600000 240.069717 -3.577656 -29.825314 -0.483043 0.520227 -0.464316 -0.529569
289.700000 240.088303 -3.448599 -29.825426 -0.483273 0.519989 -0.464878 -0.529100
289.800000 240.121307 -3.213838 -29.825613 -0.483689 0.519560 -0.465889 -0.528252
289.900000 240.139053 -3.084661 -29.825703 -0.483913 0.519329 -0.466438 -0.527789
290.000000 240.154938 -2.967193 -29.825771 -0.484112 0.519123 -0.466931 -0.527373
290.100000 240.172165 -2.837941 -29.825846 -0.484327 0.518901 -0.467465 -0.526920
290.200000 240.189133 -2.708652 -29.825911 -0.484536 0.518685 -0.467990 -0.526475
290.300000 240.204330 -2.591086 -29.825962 -0.484719 0.518495 -0.468458 -0.526077
290.400000 240.219284 -2.473491 -29.826012 -0.484895 0.518311 -0.468917 -0.525687
290.500000 240.235565 -2.344105 -29.826054 -0.485081 0.518117 -0.469410 -0.525267
290.600000 240.251572 -2.214687 -29.826090 -0.485256 0.517933 -0.469890 -0.524858
290.700000 240.267380 -2.085237 -29.826124 -0.485420 0.517759 -0.470355 -0.524460
290.800000 240.281540 -1.967530 -29.826145 -0.485560 0.517609 -0.470766 -0.524110
290.900000 240.296890 -1.838024 -29.826162 -0.485703 0.517456 -0.471203 -0.523737
291.000000 240.312042 -1.708491 -29.826181 -0.485833 0.517314 -0.471623 -0.523378
291.100000 240.325623 -1.590709 -29.826181 -0.485940 0.517196 -0.471992 -0.523063
291.200000 240.339020 -1.472907 -29.826183 -0.486036 0.517088 -0.472346 -0.522760
291.300000 240.353561 -1.343300 -29.826183 -0.486130 0.516980 -0.472721 -0.522441
291.400000 240.367966 -1.213669 -29.826178 -0.486210 0.516886 -0.473077 -0.522137
291.500000 240.382141 -1.084015 -29.826159 -0.486277 0.516804 -0.473417 -0.521847
291.600000 240.394897 -0.966128 -29.826145 -0.486326 0.516740 -0.473711 -0.521597
291.700000 240.408707 -0.836433 -29.826128 -0.486368 0.516682 -0.474018 -0.521337
291.800000 240.421143 -0.718509 -29.826107 -0.486395 0.516640 -0.474283 -0.521112
291.900000 240.432220 -0.612364 -29.826078 -0.486411 0.516611 -0.474509 -0.520921
292.000000 240.446793 -0.470817 -29.826040 -0.486419 0.516584 -0.474795 -0.520680
292.100000 240.458801 -0.352844 -29.826006 -0.486414 0.516572 -0.475019 -0.520492
292.200000 240.470673 -0.234856 -29.825974 -0.486402 0.516568 -0.475230 -0.520315
292.300000 240.482422 -0.116854 -29.825941 -0.486380 0.516574 -0.475429 -0.520148
292.400000 240.494034 0.001161 -29.825893 -0.486350 0.516587 -0.475616 -0.519991
292.500000 240.505539 0.119190 -29.825846 -0.486313 0.516607 -0.475793 -0.519844
292.600000 240.518097 0.249037 -29.825792 -0.486263 0.516638 -0.475975 -0.519694
292.700000 240.529388 0.367093 -29.825745 -0.486211 0.516673 -0.476129 -0.519566
292.800000 240.540573 0.485160 -29.825695 -0.486153 0.516714 -0.476275 -0.519446
292.900000 240.552704 0.615048 -29.825644 -0.486083 0.516766 -0.476424 -0.519323
293.000000 240.564774 0.744948 -29.825584 -0.486007 0.516823 -0.476564 -0.519209
293.100000 240.576706 0.874862 -29.825514 -0.485925 0.516886 -0.476694 -0.519103
293.200000 240.586395 0.981164 -29.825457 -0.485856 0.516940 -0.476795 -0.519022
293.300000 240.597061 1.099286 -29.825388 -0.485775 0.517004 -0.476900 -0.518937
293.400000 240.608704 1.229232 -29.825319 -0.485684 0.517078 -0.477009 -0.518849
293.500000 240.620270 1.359190 -29.825249 -0.485590 0.517154 -0.477111 -0.518767
293.600000 240.630661 1.477341 -29.825182 -0.485503 0.517225 -0.477200 -0.518696
293.700000 240.640991 1.595501 -29.825121 -0.485416 0.517297 -0.477283 -0.518629
293.800000 240.652237 1.725486 -29.825050 -0.485319 0.517377 -0.477371 -0.518559
293.900000 240.663452 1.855481 -29.824980 -0.485222 0.517458 -0.477454 -0.518493
294.000000 240.674545 1.985484 -29.824903 -0.485124 0.517539 -0.477535 -0.518429
294.100000 240.684540 2.103676 -29.824821 -0.485037 0.517613 -0.477605 -0.518372
294.200000 240.694717 2.221860 -29.824743 -0.484979 0.517659 -0.477648 -0.518341
294.300000 240.706360 2.351831 -29.824659 -0.484999 0.517631 -0.477631 -0.518364
294.400000 240.731873 2.623525 -29.824528 -0.485299 0.517331 -0.477488 -0.518516
294.500000 240.744431 2.753455 -29.824476 -0.485555 0.517081 -0.477412 -0.518595
294.600000 240.755890 2.871572 -29.824432 -0.485854 0.516792 -0.477354 -0.518658
294.700000 240.767456 2.989692 -29.824394 -0.486212 0.516446 -0.477320 -0.518698
294.800000 240.780167 3.119635 -29.824364 -0.486671 0.516003 -0.477321 -0.518706
294.900000 240.791672 3.237775 -29.824347 -0.487150 0.515543 -0.477364 -0.518675
295.000000 240.804214 3.367745 -29.824333 -0.487742 0.514975 -0.477467 -0.518588
295.100000 240.815536 3.485915 -29.824333 -0.488339 0.514402 -0.477614 -0.518460
295.200000 240.827850 3.615921 -29.824341 -0.489058 0.513714 -0.477839 -0.518257
295.300000 240.839920 3.745949 -29.824360 -0.489840 0.512965 -0.478136 -0.517986
295.400000 240.851837 3.875999 -29.824394 -0.490688 0.512154 -0.478500 -0.517650
295.500000 240.863525 4.006071 -29.824432 -0.491598 0.511283 -0.478935 -0.517245
295.600000 240.887085 4.278116 -29.824558 -0.493678 0.509290 -0.480072 -0.516175
295.700000 240.896927 4.396430 -29.824629 -0.494653 0.508355 -0.480657 -0.515618
295.800000 240.927689 4.787002 -29.824909 -0.498112 0.505024 -0.482944 -0.513420
295.900000 240.937302 4.917237 -29.825026 -0.499335 0.503842 -0.483809 -0.512579
296.000000 240.946579 5.047495 -29.825140 -0.500581 0.502633 -0.484719 -0.511690
296.100000 240.957077 5.201462 -29.825302 -0.502078 0.501176 -0.485843 -0.510585
296.200000 240.965607 5.331765 -29.825439 -0.503359 0.499924 -0.486828 -0.509611
296.300000 240.973022 5.450239 -29.825573 -0.504529 0.498777 -0.487747 -0.508699
296.400000 240.982910 5.616129 -29.825766 -0.506166 0.497165 -0.489061 -0.507387
296.500000 240.990265 5.746490 -29.825920 -0.507446 0.495899 -0.490110 -0.506335
296.600000 240.997879 5.888721 -29.826103 -0.508831 0.494523 -0.491260 -0.505175
296.700000 241.005020 6.030970 -29.826288 -0.510196 0.493160 -0.492413 -0.504007
296.800000 241.018478 6.327376 -29.826683 -0.512948 0.490389 -0.494790 -0.501582
296.900000 241.030243 6.623794 -29.824413 -0.515566 0.487735 -0.497065 -0.499232
297.000000 241.035049 6.766113 -29.823248 -0.516731 0.486538 -0.498140 -0.498123
297.100000 241.038712 6.884720 -29.822788 -0.517667 0.485571 -0.499009 -0.497224
297.200000 241.042984 7.038918 -29.822561 -0.518830 0.484365 -0.500102 -0.496088
297.300000 241.046188 7.169401 -29.822554 -0.519765 0.483390 -0.500993 -0.495161
297.400000 241.049011 7.299889 -29.822632 -0.520654 0.482458 -0.501851 -0.494267
297.500000 241.051651 7.442244 -29.822775 -0.521568 0.481493 -0.502749 -0.493330
297.600000 241.053864 7.584604 -29.822948 -0.522426 0.480582 -0.503604 -0.492437
297.700000 241.055603 7.726964 -29.823132 -0.523225 0.479729 -0.504419 -0.491586
297.800000 241.057892 8.035418 -29.823566 -0.524767 0.478065 -0.506037 -0.489899
297.900000 241.058258 8.189645 -29.823786 -0.525442 0.477328 -0.506774 -0.489132
298.000000 241.058136 8.332006 -29.823984 -0.526011 0.476701 -0.507413 -0.488468
298.100000 241.057648 8.462493 -29.824158 -0.526489 0.476171 -0.507966 -0.487895
298.200000 241.056717 8.604837 -29.824331 -0.526966 0.475638 -0.508536 -0.487306
298.300000 241.055466 8.735318 -29.824490 -0.527364 0.475189 -0.509028 -0.486799
298.400000 241.053726 8.877651 -29.824659 -0.527758 0.474741 -0.509535 -0.486278
298.500000 241.051559 9.019976 -29.824831 -0.528114 0.474332 -0.510014 -0.485788
298.600000 241.048752 9.174150 -29.825014 -0.528461 0.473930 -0.510503 -0.485290
298.700000 241.045731 9.316455 -29.825165 -0.528748 0.473592 -0.510930 -0.484857
298.800000 241.042023 9.470603 -29.825323 -0.529028 0.473260 -0.511370 -0.484412
298.900000 241.038177 9.612880 -29.825466 -0.529260 0.472981 -0.511760 -0.484020
299.000000 241.033615 9.767000 -29.825623 -0.529488 0.472703 -0.512165 -0.483613
299.100000 241.023041 10.075191 -29.825890 -0.529887 0.472208 -0.512935 -0.482841
299.200000 241.017593 10.217407 -29.826008 -0.530052 0.472002 -0.513280 -0.482497
299.300000 241.011749 10.359608 -29.826124 -0.530207 0.471805 -0.513620 -0.482156
299.400000 240.998459 10.655807 -29.826323 -0.530512 0.471417 -0.514325 -0.481448
299.500000 240.990936 10.809801 -29.826426 -0.530666 0.471221 -0.514693 -0.481077
299.600000 240.981750 10.987459 -29.826525 -0.530843 0.470996 -0.515121 -0.480644
299.700000 240.970261 11.200589 -29.825041 -0.531082 0.470706 -0.515619 -0.480130
299.800000 240.962082 11.342658 -29.823248 -0.531228 0.470523 -0.515974 -0.479767
299.900000 240.953552 11.484716 -29.822319 -0.531374 0.470338 -0.516337 -0.479395
300.000000 240.944702 11.626754 -29.821856 -0.531525 0.470149 -0.516705 -0.479015
300.100000 240.936310 11.756938 -29.821646 -0.531670 0.469971 -0.517046 -0.478663
300.200000 240.928467 11.875273 -29.821552 -0.531805 0.469805 -0.517359 -0.478338
300.300000 240.919601 12.005427 -29.821510 -0.531956 0.469619 -0.517707 -0.477975
300.400000 240.902878 12.242030 -29.821503 -0.532242 0.469270 -0.518349 -0.477303
300.500000 240.893356 12.372140 -29.821510 -0.532404 0.469074 -0.518705 -0.476928
300.600000 240.864334 12.750546 -29.821556 -0.532887 0.468491 -0.519753 -0.475821
300.700000 240.854904 12.868770 -29.821562 -0.533040 0.468307 -0.520080 -0.475473
300.800000 240.844284 12.998799 -29.821568 -0.533207 0.468105 -0.520440 -0.475089
300.900000 240.832520 13.140632 -29.821573 -0.533390 0.467885 -0.520830 -0.474673
301.000000 240.821503 13.270630 -29.821581 -0.533555 0.467686 -0.521185 -0.474293
301.100000 240.787277 13.660524 -29.821543 -0.534033 0.467111 -0.522225 -0.473178
301.200000 240.763504 13.920375 -29.821518 -0.534329 0.466752 -0.522889 -0.472464
301.300000 240.750244 14.062086 -29.821486 -0.534480 0.466568 -0.523239 -0.472087
301.400000 240.737900 14.191973 -29.821451 -0.534612 0.466407 -0.523552 -0.471750
301.500000 240.724258 14.333649 -29.821417 -0.534747 0.466241 -0.523882 -0.471393
301.600000 240.711578 14.463505 -29.821386 -0.534863 0.466099 -0.524175 -0.471077
301.700000 240.698746 14.593343 -29.821354 -0.534971 0.465965 -0.524459 -0.470771
301.800000 240.675018 14.829382 -29.821285 -0.535146 0.465747 -0.524947 -0.470244
301.900000 240.660538 14.970981 -29.821228 -0.535236 0.465632 -0.525223 -0.469946
302.000000 240.648331 15.088967 -29.821180 -0.535303 0.465546 -0.525443 -0.469709
302.100000 240.634781 15.218741 -29.821129 -0.535368 0.465462 -0.525675 -0.469459
302.200000 240.621109 15.348500 -29.821079 -0.535424 0.465388 -0.525895 -0.469222
302.300000 240.607300 15.478248 -29.821030 -0.535472 0.465324 -0.526105 -0.468996
302.400000 240.593353 15.607983 -29.820978 -0.535510 0.465270 -0.526304 -0.468783
302.500000 240.580582 15.725914 -29.820934 -0.535537 0.465230 -0.526475 -0.468599
302.600000 240.567688 15.843834 -29.820873 -0.535558 0.465198 -0.526637 -0.468425
302.700000 240.552109 15.985323 -29.820795 -0.535574 0.465170 -0.526821 -0.468228
302.800000 240.539017 16.103222 -29.820732 -0.535580 0.465155 -0.526965 -0.468075
302.900000 240.525803 16.221111 -29.820669 -0.535579 0.465147 -0.527101 -0.467930
303.000000 240.512527 16.338989 -29.820608 -0.535573 0.465146 -0.527229 -0.467793
303.100000 240.497849 16.468649 -29.820536 -0.535560 0.465153 -0.527361 -0.467653
303.200000 240.483002 16.598293 -29.820469 -0.535540 0.465167 -0.527485 -0.467522
303.300000 240.468094 16.727934 -29.820396 -0.535514 0.465187 -0.527600 -0.467400
303.400000 240.437988 16.987177 -29.820263 -0.535448 0.465248 -0.527809 -0.467180
303.500000 240.422806 17.116777 -29.820194 -0.535409 0.465285 -0.527904 -0.467081
303.600000 240.392136 17.375965 -29.820036 -0.535319 0.465374 -0.528075 -0.466902
303.700000 240.378098 17.493765 -29.819958 -0.535274 0.465419 -0.528146 -0.466829
303.800000 240.364014 17.611563 -29.819878 -0.535227 0.465467 -0.528213 -0.466759
303.900000 240.349838 17.729343 -29.819794 -0.535179 0.465516 -0.528276 -0.466693
304.000000 240.332764 17.870680 -29.819702 -0.535120 0.465577 -0.528348 -0.466618
304.100000 240.304138 18.106215 -29.819540 -0.535019 0.465682 -0.528460 -0.466503
304.200000 240.289703 18.223976 -29.819462 -0.534968 0.465736 -0.528512 -0.466448
304.300000 240.273804 18.353510 -29.819376 -0.534912 0.465795 -0.528568 -0.466391
304.400000 240.257828 18.483027 -29.819286 -0.534857 0.465853 -0.528621 -0.466335
304.500000 240.241776 18.612543 -29.819201 -0.534802 0.465911 -0.528673 -0.466281
304.600000 240.227188 18.730284 -29.819122 -0.534752 0.465964 -0.528720 -0.466233
304.700000 240.211014 18.859783 -29.819035 -0.534699 0.466020 -0.528769 -0.466181
304.800000 240.196304 18.977507 -29.818956 -0.534652 0.466070 -0.528813 -0.466135
304.900000 240.178635 19.118776 -29.818865 -0.534597 0.466129 -0.528866 -0.466080
305.000000 240.165268 19.224720 -29.818792 -0.534557 0.466172 -0.528904 -0.466039
305.100000 240.150406 19.342426 -29.818716 -0.534514 0.466218 -0.528947 -0.465994
305.200000 240.134079 19.471905 -29.818630 -0.534468 0.466267 -0.528994 -0.465945
305.300000 240.117645 19.601383 -29.818542 -0.534425 0.466313 -0.529040 -0.465896
305.400000 240.102692 19.719084 -29.818466 -0.534387 0.466354 -0.529081 -0.465852
305.500000 240.087708 19.836775 -29.818388 -0.534350 0.466394 -0.529122 -0.465808
305.600000 240.072754 19.954464 -29.818312 -0.534314 0.466432 -0.529163 -0.465765
305.700000 240.056122 20.083923 -29.818224 -0.534276 0.466472 -0.529207 -0.465717
305.800000 240.042557 20.189844 -29.818155 -0.534246 0.466504 -0.529243 -0.465678
305.900000 240.025925 20.319300 -29.818071 -0.534211 0.466542 -0.529287 -0.465631
306.000000 239.997223 20.542877 -29.817923 -0.534153 0.466604 -0.529361 -0.465551
306.100000 239.965256 20.789995 -29.817762 -0.534094 0.466668 -0.529439 -0.465467
306.200000 239.950027 20.907671 -29.817682 -0.534066 0.466698 -0.529475 -0.465427
306.300000 239.934814 21.025343 -29.817606 -0.534039 0.466727 -0.529510 -0.465389
306.400000 239.919601 21.143000 -29.817532 -0.534013 0.466756 -0.529544 -0.465352
306.500000 239.904312 21.260662 -29.817453 -0.533987 0.466784 -0.529577 -0.465316
306.600000 239.887421 21.390083 -29.817358 -0.533958 0.466815 -0.529612 -0.465278
306.700000 239.870544 21.519506 -29.817255 -0.533930 0.466845 -0.529645 -0.465242
306.800000 239.855225 21.637167 -29.817158 -0.533904 0.466873 -0.529673 -0.465211
306.900000 239.838348 21.766592 -29.817051 -0.533876 0.466904 -0.529703 -0.465179
307.000000 239.821503 21.896015 -29.816946 -0.533848 0.466936 -0.529731 -0.465148
307.100000 239.806198 22.013680 -29.816851 -0.533821 0.466964 -0.529755 -0.465123
307.200000 239.787735 22.154871 -29.816738 -0.533790 0.466999 -0.529781 -0.465095
307.300000 239.770752 22.284279 -29.816633 -0.533764 0.467027 -0.529799 -0.465075
307.400000 239.753860 22.413698 -29.816528 -0.533745 0.467048 -0.529810 -0.465064
307.500000 239.737000 22.543125 -29.816420 -0.533733 0.467061 -0.529815 -0.465059
307.600000 239.720184 22.672556 -29.816315 -0.533727 0.467066 -0.529816 -0.465058
307.700000 239.703415 22.801992 -29.816210 -0.533728 0.467065 -0.529816 -0.465060
307.800000 239.686676 22.931433 -29.816105 -0.533734 0.467056 -0.529815 -0.465062
307.900000 239.671463 23.049107 -29.816010 -0.533745 0.467043 -0.529814 -0.465064
308.000000 239.654755 23.178549 -29.815908 -0.533763 0.467022 -0.529815 -0.465064
308.100000 239.639587 23.296225 -29.815813 -0.533783 0.466997 -0.529818 -0.465061
308.200000 239.622787 23.425673 -29.815708 -0.533812 0.466964 -0.529825 -0.465054
308.300000 239.607468 23.543352 -29.815613 -0.533843 0.466928 -0.529834 -0.465044
308.400000 239.590637 23.672800 -29.815508 -0.533881 0.466883 -0.529849 -0.465027
308.500000 239.555420 23.943417 -29.815287 -0.533980 0.466770 -0.529897 -0.464974
308.600000 239.540085 24.061081 -29.815191 -0.534029 0.466712 -0.529926 -0.464942
308.700000 239.524765 24.178740 -29.815098 -0.534083 0.466650 -0.529958 -0.464906
308.800000 239.509445 24.296400 -29.815002 -0.534141 0.466584 -0.529995 -0.464864
308.900000 239.492599 24.425825 -29.814898 -0.534208 0.466506 -0.530041 -0.464812
309.000000 239.477158 24.543486 -29.814802 -0.534274 0.466431 -0.530086 -0.464761
309.100000 239.461700 24.661142 -29.814707 -0.534342 0.466352 -0.530136 -0.464704
309.200000 239.447754 24.767036 -29.814619 -0.534406 0.466278 -0.530184 -0.464650
309.300000 239.432266 24.884672 -29.814524 -0.534480 0.466194 -0.530241 -0.464585
309.400000 239.415207 25.014074 -29.814421 -0.534564 0.466097 -0.530307 -0.464509
309.500000 239.399704 25.131710 -29.814325 -0.534642 0.466007 -0.530371 -0.464437
309.600000 239.381104 25.272873 -29.814211 -0.534738 0.465897 -0.530451 -0.464346
309.700000 239.365601 25.390511 -29.814116 -0.534820 0.465803 -0.530519 -0.464267
309.800000 239.348358 25.519909 -29.814011 -0.534911 0.465698 -0.530598 -0.464178
309.900000 239.329559 25.661068 -29.813896 -0.535011 0.465583 -0.530685 -0.464078
310.000000 239.313889 25.778683 -29.813801 -0.535095 0.465487 -0.530759 -0.463994
310.100000 239.296631 25.908058 -29.813696 -0.535187 0.465382 -0.530842 -0.463899
310.200000 239.280945 26.025669 -29.813601 -0.535269 0.465286 -0.530917 -0.463813
310.300000 239.249512 26.260895 -29.813410 -0.535433 0.465099 -0.531068 -0.463640
310.400000 239.232086 26.390268 -29.813313 -0.535521 0.464998 -0.531150 -0.463546
310.500000 239.216232 26.507870 -29.813234 -0.535598 0.464908 -0.531224 -0.463461
310.600000 239.200363 26.625463 -29.813158 -0.535674 0.464821 -0.531297 -0.463377
310.700000 239.182922 26.754814 -29.813076 -0.535755 0.464727 -0.531376 -0.463286
310.800000 239.167068 26.872404 -29.813000 -0.535827 0.464645 -0.531446 -0.463206
310.900000 239.151184 26.989994 -29.812922 -0.535895 0.464566 -0.531514 -0.463128
311.000000 239.133606 27.119341 -29.812840 -0.535968 0.464482 -0.531587 -0.463044
311.100000 239.117599 27.236931 -29.812763 -0.536031 0.464409 -0.531651 -0.462971
311.200000 239.098373 27.378014 -29.812670 -0.536103 0.464326 -0.531724 -0.462886
311.300000 239.080719 27.507341 -29.812565 -0.536165 0.464255 -0.531789 -0.462812
311.400000 239.064697 27.624912 -29.812469 -0.536218 0.464194 -0.531846 -0.462747
311.500000 239.045441 27.765993 -29.812355 -0.536277 0.464125 -0.531910 -0.462673
311.600000 239.029327 27.883558 -29.812260 -0.536324 0.464071 -0.531961 -0.462615
311.700000 239.013138 28.001129 -29.812164 -0.536367 0.464021 -0.532009 -0.462560
311.800000 238.993698 28.142187 -29.812050 -0.536416 0.463965 -0.532063 -0.462497
311.900000 238.977493 28.259735 -29.811954 -0.536452 0.463922 -0.532107 -0.462448
312.000000 238.961304 28.377279 -29.811859 -0.536486 0.463883 -0.532147 -0.462401
312.100000 238.945099 28.494829 -29.811764 -0.536517 0.463847 -0.532185 -0.462357
312.200000 238.927277 28.624130 -29.811659 -0.536548 0.463811 -0.532225 -0.462312
312.300000 238.910965 28.741676 -29.811563 -0.536574 0.463781 -0.532259 -0.462273
312.400000 238.891327 28.882717 -29.811449 -0.536602 0.463748 -0.532296 -0.462230
312.500000 238.873337 29.011999 -29.811344 -0.536625 0.463722 -0.532329 -0.462193
312.600000 238.855331 29.141279 -29.811239 -0.536645 0.463698 -0.532359 -0.462158
312.700000 238.837326 29.270554 -29.811134 -0.536663 0.463677 -0.532388 -0.462125
312.800000 238.819305 29.399834 -29.811029 -0.536679 0.463659 -0.532414 -0.462095
312.900000 238.801315 29.529114 -29.810925 -0.536693 0.463642 -0.532439 -0.462066
313.000000 238.784775 29.646635 -29.810827 -0.536704 0.463629 -0.532461 -0.462041
313.100000 238.763321 29.799391 -29.810703 -0.536717 0.463614 -0.532488 -0.462011
313.200000 238.745132 29.928646 -29.810598 -0.536727 0.463602 -0.532510 -0.461986
313.300000 238.723648 30.081406 -29.810476 -0.536737 0.463590 -0.532535 -0.461957
313.400000 238.703827 30.222412 -29.810360 -0.536745 0.463581 -0.532557 -0.461932
313.500000 238.685623 30.351669 -29.810255 -0.536752 0.463572 -0.532577 -0.461909
313.600000 238.664093 30.504425 -29.810131 -0.536760 0.463563 -0.532600 -0.461882
313.700000 238.634064 30.715900 -29.809959 -0.536771 0.463550 -0.532632 -0.461846
313.800000 238.602356 30.939125 -29.809780 -0.536781 0.463538 -0.532666 -0.461806
313.900000 238.582352 31.080107 -29.809666 -0.536788 0.463529 -0.532689 -0.461781
314.000000 238.563995 31.209341 -29.809561 -0.536795 0.463521 -0.532710 -0.461757
314.100000 238.547302 31.326826 -29.809465 -0.536802 0.463514 -0.532729 -0.461735
314.200000 238.528961 31.456060 -29.809361 -0.536809 0.463505 -0.532750 -0.461710
314.300000 238.508804 31.597023 -29.809244 -0.536818 0.463494 -0.532774 -0.461683
314.400000 238.493652 31.702744 -29.809160 -0.536825 0.463486 -0.532792 -0.461662
314.500000 238.475128 31.831955 -29.809055 -0.536834 0.463476 -0.532815 -0.461636
314.600000 238.456589 31.961168 -29.808950 -0.536843 0.463465 -0.532839 -0.461608
314.700000 238.438080 32.090366 -29.808844 -0.536853 0.463453 -0.532863 -0.461580
314.800000 238.419571 32.219559 -29.808739 -0.536863 0.463442 -0.532888 -0.461552
314.900000 238.401031 32.348751 -29.808632 -0.536874 0.463429 -0.532913 -0.461523
315.000000 238.363983 32.607132 -29.808422 -0.536896 0.463403 -0.532964 -0.461465
315.100000 238.343719 32.748070 -29.808308 -0.536909 0.463388 -0.532992 -0.461433
315.200000 238.306335 33.006454 -29.808098 -0.536933 0.463360 -0.533043 -0.461373
315.300000 238.287674 33.135647 -29.807993 -0.536945 0.463346 -0.533070 -0.461343
315.400000 238.268982 33.264839 -29.807888 -0.536957 0.463332 -0.533096 -0.461313
315.500000 238.250290 33.394032 -29.807783 -0.536969 0.463318 -0.533122 -0.461283
315.600000 238.231598 33.523220 -29.807678 -0.536981 0.463304 -0.533148 -0.461253
315.700000 238.212906 33.652412 -29.807573 -0.536992 0.463291 -0.533173 -0.461223
315.800000 238.195908 33.769859 -29.807478 -0.537003 0.463279 -0.533196 -0.461197
315.900000 238.177216 33.899052 -29.807373 -0.537014 0.463266 -0.533220 -0.461169
316.000000 238.156830 34.039989 -29.807257 -0.537026 0.463252 -0.533247 -0.461139
316.100000 238.138138 34.169182 -29.807152 -0.537036 0.463240 -0.533270 -0.461112
316.200000 238.119324 34.298374 -29.807047 -0.537046 0.463228 -0.533292 -0.461086
316.300000 238.097061 34.451057 -29.806925 -0.537057 0.463215 -0.533318 -0.461057
316.400000 238.078201 34.580250 -29.806820 -0.537066 0.463205 -0.533339 -0.461032
316.500000 238.059357 34.709427 -29.806715 -0.537074 0.463196 -0.533360 -0.461008
316.600000 238.040482 34.838577 -29.806610 -0.537081 0.463188 -0.533380 -0.460985
316.700000 238.021637 34.967728 -29.806505 -0.537087 0.463181 -0.533399 -0.460963
316.800000 238.002792 35.096878 -29.806400 -0.537092 0.463174 -0.533417 -0.460942
316.900000 237.985641 35.214287 -29.806305 -0.537097 0.463169 -0.533433 -0.460924
317.000000 237.966797 35.343437 -29.806200 -0.537101 0.463164 -0.533449 -0.460905
317.100000 237.949661 35.460846 -29.806105 -0.537104 0.463161 -0.533463 -0.460889
317.200000 237.930817 35.590000 -29.806000 -0.537106 0.463158 -0.533477 -0.460873
317.300000 237.911972 35.719151 -29.805895 -0.537109 0.463155 -0.533491 -0.460857
317.400000 237.894836 35.836559 -29.805799 -0.537110 0.463153 -0.533502 -0.460844
317.500000 237.877716 35.953972 -29.805704 -0.537111 0.463152 -0.533513 -0.460832
317.600000 237.860580 36.071377 -29.805609 -0.537111 0.463152 -0.533523 -0.460820
317.700000 237.841736 36.200535 -29.805504 -0.537111 0.463152 -0.533533 -0.460809
317.800000 237.822769 36.329685 -29.805399 -0.537111 0.463152 -0.533542 -0.460798
317.900000 237.803757 36.458836 -29.805294 -0.537110 0.463153 -0.533551 -0.460788
318.000000 237.784760 36.587990 -29.805189 -0.537108 0.463155 -0.533559 -0.460779
318.100000 237.765762 36.717140 -29.805084 -0.537106 0.463157 -0.533567 -0.460770
318.200000 237.746750 36.846294 -29.804979 -0.537103 0.463161 -0.533574 -0.460761
318.300000 237.729462 36.963703 -29.804884 -0.537100 0.463164 -0.533580 -0.460754
318.400000 237.712189 37.081116 -29.804789 -0.537096 0.463169 -0.533587 -0.460747
318.500000 237.693161 37.210266 -29.804684 -0.537092 0.463174 -0.533593 -0.460740
318.600000 237.674149 37.339417 -29.804579 -0.537087 0.463180 -0.533598 -0.460733
318.700000 237.655151 37.468567 -29.804474 -0.537082 0.463185 -0.533604 -0.460727
318.800000 237.636124 37.597717 -29.804369 -0.537076 0.463191 -0.533608 -0.460722
318.900000 237.615402 37.738613 -29.804255 -0.537071 0.463198 -0.533613 -0.460717
319.000000 237.596405 37.867764 -29.804150 -0.537065 0.463205 -0.533617 -0.460712
319.100000 237.575653 38.008659 -29.804033 -0.537059 0.463212 -0.533620 -0.460708
319.200000 237.558380 38.126072 -29.803938 -0.537054 0.463217 -0.533623 -0.460705
319.300000 237.539383 38.255222 -29.803833 -0.537049 0.463223 -0.533625 -0.460703
319.400000 237.520386 38.384377 -29.803728 -0.537044 0.463229 -0.533627 -0.460700
319.500000 237.499680 38.525272 -29.803612 -0.537038 0.463235 -0.533629 -0.460698
319.600000 237.477219 38.677910 -29.803488 -0.537033 0.463242 -0.533631 -0.460695
319.700000 237.442673 38.912735 -29.803297 -0.537023 0.463253 -0.533635 -0.460691
319.800000 237.425430 39.030144 -29.803202 -0.537019 0.463257 -0.533637 -0.460689
319.900000 237.406418 39.159302 -29.803097 -0.537015 0.463262 -0.533639 -0.460687
320.000000 237.389160 39.276714 -29.803001 -0.537011 0.463267 -0.533641 -0.460685
320.100000 237.370163 39.405869 -29.802896 -0.537008 0.463271 -0.533643 -0.460682
320.200000 237.351181 39.535023 -29.802792 -0.537004 0.463275 -0.533645 -0.460680
320.300000 237.332169 39.664177 -29.802687 -0.537001 0.463278 -0.533647 -0.460677
320.400000 237.311462 39.805077 -29.802572 -0.536998 0.463281 -0.533650 -0.460675
320.500000 237.292480 39.934231 -29.802467 -0.536996 0.463284 -0.533652 -0.460672
320.600000 237.273483 40.063385 -29.802362 -0.536994 0.463286 -0.533654 -0.460669
320.700000 237.256241 40.180801 -29.802267 -0.536993 0.463288 -0.533657 -0.460666
320.800000 237.237274 40.309959 -29.802162 -0.536995 0.463286 -0.533657 -0.460666
320.900000 237.220093 40.427383 -29.802067 -0.537005 0.463274 -0.533651 -0.460673
321.000000 237.201111 40.556564 -29.801962 -0.537025 0.463250 -0.533640 -0.460686
321.100000 237.183884 40.674004 -29.801867 -0.537052 0.463220 -0.533628 -0.460700
321.200000 237.168396 40.779705 -29.801785 -0.537081 0.463185 -0.533616 -0.460713
321.300000 237.149506 40.908897 -29.801680 -0.537125 0.463135 -0.533604 -0.460727
321.400000 237.130615 41.038094 -29.801575 -0.537177 0.463075 -0.533595 -0.460738
321.500000 237.113464 41.155544 -29.801479 -0.537230 0.463012 -0.533591 -0.460743
321.600000 237.094650 41.284706 -29.801374 -0.537297 0.462935 -0.533591 -0.460743
321.700000 237.056946 41.543026 -29.801165 -0.537452 0.462755 -0.533611 -0.460720
321.800000 237.038116 41.672188 -29.801060 -0.537541 0.462651 -0.533632 -0.460696
321.900000 237.020966 41.789604 -29.800966 -0.537628 0.462549 -0.533658 -0.460666
322.000000 236.983276 42.047924 -29.800756 -0.537841 0.462303 -0.533738 -0.460573
322.100000 236.967850 42.153599 -29.800671 -0.537935 0.462193 -0.533780 -0.460524
322.200000 236.931610 42.400169 -29.800472 -0.538172 0.461917 -0.533899 -0.460386
322.300000 236.914276 42.517582 -29.800377 -0.538292 0.461778 -0.533966 -0.460308
322.400000 236.896973 42.634995 -29.800293 -0.538416 0.461634 -0.534039 -0.460223
322.500000 236.872696 42.799374 -29.800184 -0.538595 0.461425 -0.534150 -0.460093
322.600000 236.853607 42.928524 -29.800104 -0.538740 0.461256 -0.534245 -0.459983
322.700000 236.836227 43.045918 -29.800026 -0.538875 0.461099 -0.534336 -0.459876
322.800000 236.816986 43.175018 -29.799944 -0.539026 0.460923 -0.534441 -0.459754
322.900000 236.799454 43.292385 -29.799868 -0.539165 0.460761 -0.534540 -0.459638
323.000000 236.781906 43.409756 -29.799791 -0.539304 0.460598 -0.534643 -0.459518
323.100000 236.764374 43.527119 -29.799717 -0.539445 0.460435 -0.534748 -0.459395
323.200000 236.746796 43.644482 -29.799641 -0.539585 0.460271 -0.534856 -0.459269
323.300000 236.729172 43.761848 -29.799564 -0.539726 0.460107 -0.534965 -0.459141
323.400000 236.691925 44.008301 -29.799404 -0.540018 0.459765 -0.535198 -0.458868
323.500000 236.672409 44.137379 -29.799322 -0.540167 0.459590 -0.535320 -0.458724
323.600000 236.654663 44.254692 -29.799248 -0.540302 0.459433 -0.535432 -0.458594
323.700000 236.635040 44.383743 -29.799162 -0.540447 0.459263 -0.535553 -0.458451
323.800000 236.617111 44.501057 -29.799086 -0.540576 0.459112 -0.535662 -0.458323
323.900000 236.597382 44.630108 -29.799004 -0.540713 0.458951 -0.535781 -0.458183
324.000000 236.574081 44.782616 -29.798903 -0.540871 0.458766 -0.535919 -0.458022
324.100000 236.556076 44.899925 -29.798828 -0.540987 0.458629 -0.536022 -0.457900
324.200000 236.537964 45.017227 -29.798750 -0.541100 0.458496 -0.536123 -0.457782
324.300000 236.518036 45.146229 -29.798666 -0.541219 0.458356 -0.536230 -0.457655
324.400000 236.498093 45.275227 -29.798586 -0.541333 0.458222 -0.536335 -0.457533
324.500000 236.478165 45.404228 -29.798500 -0.541442 0.458094 -0.536435 -0.457414
324.600000 236.439743 45.650494 -29.798342 -0.541634 0.457868 -0.536616 -0.457201
324.700000 236.419617 45.779488 -29.798256 -0.541726 0.457759 -0.536706 -0.457096
324.800000 236.399506 45.908455 -29.798174 -0.541813 0.457657 -0.536791 -0.456996
324.900000 236.360733 46.154636 -29.798012 -0.541964 0.457478 -0.536942 -0.456818
325.000000 236.336716 46.307030 -29.797915 -0.542047 0.457379 -0.537029 -0.456716
325.100000 236.318237 46.424255 -29.797836 -0.542107 0.457309 -0.537092 -0.456642
325.200000 236.299637 46.541477 -29.797760 -0.542163 0.457242 -0.537152 -0.456571
325.300000 236.279129 46.670425 -29.797678 -0.542220 0.457175 -0.537215 -0.456497
325.400000 236.256775 46.811050 -29.797583 -0.542277 0.457107 -0.537279 -0.456421
325.500000 236.236267 46.939949 -29.797499 -0.542325 0.457049 -0.537335 -0.456355
325.600000 236.215622 47.068851 -29.797417 -0.542370 0.456996 -0.537389 -0.456292
325.700000 236.196808 47.186035 -29.797338 -0.542408 0.456951 -0.537435 -0.456238
325.800000 236.176132 47.314934 -29.797255 -0.542446 0.456906 -0.537484 -0.456180
325.900000 236.155441 47.443836 -29.797173 -0.542481 0.456864 -0.537531 -0.456125
326.000000 236.136551 47.561005 -29.797094 -0.542511 0.456828 -0.537572 -0.456077
326.100000 236.113800 47.701576 -29.797003 -0.542544 0.456788 -0.537620 -0.456021
326.200000 236.091034 47.842148 -29.796911 -0.542575 0.456752 -0.537666 -0.455967
326.300000 236.068253 47.982719 -29.796820 -0.542604 0.456717 -0.537711 -0.455915
326.400000 236.049240 48.099857 -29.796745 -0.542626 0.456690 -0.537747 -0.455872
326.500000 236.028183 48.228710 -29.796659 -0.542650 0.456661 -0.537787 -0.455825
326.600000 236.009064 48.345852 -29.796581 -0.542671 0.456636 -0.537823 -0.455783
326.700000 235.986084 48.486397 -29.796488 -0.542695 0.456607 -0.537866 -0.455733
326.800000 235.965027 48.615208 -29.796406 -0.542716 0.456581 -0.537905 -0.455687
326.900000 235.945770 48.732307 -29.796329 -0.542736 0.456558 -0.537940 -0.455646
327.000000 235.922607 48.872829 -29.796238 -0.542759 0.456531 -0.537983 -0.455595
327.100000 235.882080 49.118740 -29.796078 -0.542799 0.456482 -0.538059 -0.455506
327.200000 235.858932 49.259262 -29.795986 -0.542822 0.456455 -0.538104 -0.455454
327.300000 235.810287 49.551949 -29.795794 -0.542871 0.456395 -0.538198 -0.455343
327.400000 235.786942 49.692417 -29.795702 -0.542895 0.456366 -0.538245 -0.455288
327.500000 235.765518 49.821186 -29.795616 -0.542918 0.456339 -0.538288 -0.455237
327.600000 235.744095 49.949951 -29.795534 -0.542941 0.456312 -0.538332 -0.455185
327.700000 235.720566 50.090424 -29.795441 -0.542966 0.456281 -0.538380 -0.455128
327.800000 235.679367 50.336254 -29.795282 -0.543012 0.456227 -0.538466 -0.455027
327.900000 235.651901 50.500095 -29.795176 -0.543042 0.456190 -0.538524 -0.454959
328.000000 235.632294 50.617119 -29.795099 -0.543064 0.456163 -0.538566 -0.454909
328.100000 235.612534 50.734138 -29.795019 -0.543087 0.456137 -0.538608 -0.454860
328.200000 235.592743 50.851162 -29.794943 -0.543109 0.456110 -0.538649 -0.454811
328.300000 235.572983 50.968182 -29.794867 -0.543131 0.456084 -0.538691 -0.454762
328.400000 235.555191 51.073505 -29.794786 -0.543151 0.456060 -0.538728 -0.454718
328.500000 235.533447 51.202225 -29.794682 -0.543174 0.456032 -0.538774 -0.454664
328.600000 235.511719 51.330952 -29.794577 -0.543198 0.456004 -0.538819 -0.454611
328.700000 235.491867 51.447971 -29.794481 -0.543219 0.455978 -0.538860 -0.454563
328.800000 235.469971 51.576694 -29.794376 -0.543242 0.455951 -0.538903 -0.454511
328.900000 235.450058 51.693676 -29.794281 -0.543262 0.455927 -0.538943 -0.454464
329.000000 235.430130 51.810658 -29.794186 -0.543281 0.455904 -0.538982 -0.454418
329.100000 235.410202 51.927639 -29.794090 -0.543300 0.455882 -0.539020 -0.454373
329.200000 235.390289 52.044624 -29.793993 -0.543317 0.455860 -0.539057 -0.454329
329.300000 235.368378 52.173306 -29.793888 -0.543336 0.455838 -0.539097 -0.454281
329.400000 235.348465 52.290287 -29.793793 -0.543353 0.455818 -0.539133 -0.454240
329.500000 235.310333 52.512558 -29.793613 -0.543382 0.455783 -0.539197 -0.454163
329.600000 235.288254 52.641239 -29.793509 -0.543397 0.455765 -0.539233 -0.454121
329.700000 235.268204 52.758224 -29.793413 -0.543410 0.455749 -0.539264 -0.454084
329.800000 235.248123 52.875210 -29.793318 -0.543422 0.455735 -0.539295 -0.454048
329.900000 235.226044 53.003891 -29.793213 -0.543433 0.455721 -0.539327 -0.454010
330.000000 235.183899 53.249481 -29.793013 -0.543453 0.455698 -0.539384 -0.453942
330.100000 235.161774 53.378120 -29.792908 -0.543461 0.455687 -0.539412 -0.453909
330.200000 235.139511 53.506756 -29.792803 -0.543469 0.455678 -0.539438 -0.453878
330.300000 235.119308 53.623711 -29.792707 -0.543475 0.455671 -0.539461 -0.453851
330.400000 235.097061 53.752346 -29.792603 -0.543480 0.455665 -0.539486 -0.453822
330.500000 235.074814 53.880985 -29.792494 -0.543484 0.455660 -0.539509 -0.453795
330.600000 235.052597 54.009628 -29.792389 -0.543486 0.455657 -0.539530 -0.453769
330.700000 235.032379 54.126575 -29.792294 -0.543488 0.455655 -0.539549 -0.453747
330.800000 235.010132 54.255215 -29.792189 -0.543489 0.455653 -0.539568 -0.453725
330.900000 234.987900 54.383858 -29.792084 -0.543489 0.455653 -0.539586 -0.453703
331.000000 234.967712 54.500805 -29.791988 -0.543489 0.455653 -0.539601 -0.453685
331.100000 234.945465 54.629448 -29.791883 -0.543488 0.455655 -0.539617 -0.453667
331.200000 234.925095 54.746395 -29.791788 -0.543486 0.455656 -0.539630 -0.453651
331.300000 234.904739 54.863342 -29.791693 -0.543484 0.455659 -0.539643 -0.453636
331.400000 234.884369 54.980282 -29.791595 -0.543481 0.455662 -0.539655 -0.453622
331.500000 234.864014 55.097195 -29.791500 -0.543477 0.455666 -0.539667 -0.453608
331.600000 234.839584 55.237484 -29.791388 -0.543473 0.455671 -0.539680 -0.453592
331.700000 234.819229 55.354393 -29.791290 -0.543469 0.455677 -0.539691 -0.453580
331.800000 234.800919 55.459614 -29.791204 -0.543464 0.455682 -0.539700 -0.453569
331.900000 234.778503 55.588211 -29.791100 -0.543459 0.455688 -0.539710 -0.453557
332.000000 234.758163 55.705120 -29.791006 -0.543453 0.455695 -0.539719 -0.453546
332.100000 234.737808 55.822037 -29.790911 -0.543448 0.455701 -0.539728 -0.453536
332.200000 234.717453 55.938946 -29.790815 -0.543443 0.455707 -0.539735 -0.453527
332.300000 234.697098 56.055855 -29.790720 -0.543437 0.455713 -0.539743 -0.453518
332.400000 234.676758 56.172764 -29.790625 -0.543432 0.455720 -0.539751 -0.453509
332.500000 234.634064 56.418289 -29.790424 -0.543426 0.455727 -0.539761 -0.453497
332.600000 234.611649 56.546913 -29.790319 -0.543437 0.455714 -0.539755 -0.453504
332.700000 234.593353 56.652161 -29.790234 -0.543455 0.455692 -0.539746 -0.453515
332.800000 234.573074 56.769115 -29.790138 -0.543483 0.455658 -0.539733 -0.453530
332.900000 234.512482 57.120010 -29.789852 -0.543619 0.455496 -0.539700 -0.453570
333.000000 234.494354 57.225281 -29.789764 -0.543675 0.455429 -0.539696 -0.453576
333.100000 234.472183 57.353954 -29.789665 -0.543752 0.455337 -0.539696 -0.453575
333.200000 234.452042 57.470932 -29.789568 -0.543830 0.455243 -0.539703 -0.453567
333.300000 234.429916 57.599590 -29.789463 -0.543926 0.455128 -0.539719 -0.453549
333.400000 234.409775 57.716534 -29.789370 -0.544022 0.455014 -0.539741 -0.453522
333.500000 234.387558 57.845165 -29.789265 -0.544136 0.454877 -0.539775 -0.453482
333.600000 234.367279 57.962109 -29.789186 -0.544248 0.454743 -0.539814 -0.453435
333.700000 234.344940 58.090736 -29.789106 -0.544379 0.454586 -0.539868 -0.453371
333.800000 234.324661 58.207676 -29.789030 -0.544506 0.454434 -0.539926 -0.453301
333.900000 234.302322 58.336308 -29.788944 -0.544653 0.454258 -0.540000 -0.453213
334.000000 234.281982 58.453239 -29.788872 -0.544794 0.454090 -0.540077 -0.453122
334.100000 234.261581 58.570175 -29.788795 -0.544940 0.453915 -0.540161 -0.453021
334.200000 234.243134 58.675388 -29.788727 -0.545076 0.453751 -0.540243 -0.452922
334.300000 234.222656 58.792282 -29.788654 -0.545233 0.453564 -0.540342 -0.452804
334.400000 234.200089 58.920864 -29.788568 -0.545410 0.453352 -0.540459 -0.452664
334.500000 234.177521 59.049438 -29.788488 -0.545592 0.453134 -0.540583 -0.452515
334.600000 234.158920 59.154633 -29.788420 -0.545743 0.452952 -0.540690 -0.452386
334.700000 234.115448 59.400082 -29.788261 -0.546105 0.452518 -0.540955 -0.452067
334.800000 234.094727 59.516926 -29.788185 -0.546279 0.452308 -0.541088 -0.451907
334.900000 234.076004 59.622082 -29.788116 -0.546438 0.452118 -0.541210 -0.451760
335.000000 234.034210 59.855755 -29.787966 -0.546789 0.451695 -0.541489 -0.451423
335.100000 234.013290 59.972591 -29.787889 -0.546963 0.451485 -0.541631 -0.451251
335.200000 233.994431 60.077724 -29.787821 -0.547119 0.451298 -0.541760 -0.451096
335.300000 233.973328 60.194515 -29.787746 -0.547289 0.451092 -0.541903 -0.450923
335.400000 233.952240 60.311306 -29.787670 -0.547458 0.450888 -0.542046 -0.450750
335.500000 233.933243 60.416420 -29.787601 -0.547607 0.450708 -0.542174 -0.450595
335.600000 233.909912 60.544880 -29.787519 -0.547786 0.450492 -0.542329 -0.450408
335.700000 233.888641 60.661655 -29.787443 -0.547944 0.450301 -0.542467 -0.450239
335.800000 233.867355 60.778400 -29.787365 -0.548098 0.450115 -0.542604 -0.450074
335.900000 233.846054 60.895149 -29.787289 -0.548247 0.449934 -0.542738 -0.449911
336.000000 233.826752 61.000217 -29.787224 -0.548377 0.449777 -0.542856 -0.449768
336.100000 233.805283 61.116962 -29.787148 -0.548516 0.449607 -0.542984 -0.449612
336.200000 233.783829 61.233685 -29.787069 -0.548650 0.449445 -0.543109 -0.449461
336.300000 233.740616 61.467083 -29.786919 -0.548902 0.449139 -0.543346 -0.449173
336.400000 233.718979 61.583782 -29.786842 -0.549019 0.448996 -0.543458 -0.449036
336.500000 233.697342 61.700481 -29.786764 -0.549131 0.448860 -0.543567 -0.448904
336.600000 233.675522 61.817146 -29.786688 -0.549236 0.448732 -0.543670 -0.448778
336.700000 233.653687 61.933804 -29.786613 -0.549336 0.448610 -0.543770 -0.448657
336.800000 233.634064 62.038792 -29.786545 -0.549420 0.448507 -0.543856 -0.448553
336.900000 233.609970 62.167114 -29.786459 -0.549517 0.448388 -0.543956 -0.448431
337.000000 233.587982 62.283760 -29.786383 -0.549600 0.448287 -0.544043 -0.448325
337.100000 233.565994 62.400375 -29.786308 -0.549677 0.448193 -0.544126 -0.448225
337.200000 233.546188 62.505325 -29.786240 -0.549742 0.448113 -0.544196 -0.448139
337.300000 233.524063 62.621937 -29.786163 -0.549809 0.448031 -0.544272 -0.448048
337.400000 233.501892 62.738548 -29.786085 -0.549872 0.447954 -0.544343 -0.447961
337.500000 233.481934 62.843479 -29.786016 -0.549924 0.447889 -0.544404 -0.447887
337.600000 233.457474 62.971714 -29.785933 -0.549983 0.447816 -0.544475 -0.447800
337.700000 233.432922 63.099941 -29.785847 -0.550038 0.447749 -0.544543 -0.447719
337.800000 233.410599 63.216507 -29.785770 -0.550084 0.447693 -0.544602 -0.447648
337.900000 233.388260 63.333076 -29.785696 -0.550125 0.447641 -0.544658 -0.447580
338.000000 233.365768 63.449612 -29.785620 -0.550164 0.447593 -0.544711 -0.447515
338.100000 233.343262 63.566143 -29.785542 -0.550200 0.447548 -0.544763 -0.447453
338.200000 233.318512 63.694321 -29.785458 -0.550237 0.447503 -0.544817 -0.447387
338.300000 233.295944 63.810848 -29.785383 -0.550268 0.447464 -0.544865 -0.447329
338.400000 233.273300 63.927368 -29.785305 -0.550296 0.447428 -0.544912 -0.447272
338.500000 233.250641 64.043861 -29.785227 -0.550323 0.447395 -0.544958 -0.447217
338.600000 233.227982 64.160347 -29.785151 -0.550349 0.447363 -0.545003 -0.447163
338.700000 233.202927 64.288483 -29.785069 -0.550376 0.447329 -0.545051 -0.447105
338.800000 233.182404 64.393326 -29.785000 -0.550397 0.447302 -0.545090 -0.447057
338.900000 233.157272 64.521461 -29.784914 -0.550422 0.447271 -0.545138 -0.447000
339.000000 233.109207 64.766075 -29.784752 -0.550468 0.447214 -0.545229 -0.446890
339.100000 233.086243 64.882492 -29.784674 -0.550489 0.447187 -0.545272 -0.446838
339.200000 233.065536 64.987259 -29.784607 -0.550509 0.447162 -0.545312 -0.446790
339.300000 233.042557 65.103668 -29.784531 -0.550530 0.447136 -0.545356 -0.446736
339.400000 233.019470 65.220070 -29.784454 -0.550552 0.447108 -0.545401 -0.446682
339.500000 232.994019 65.348122 -29.784367 -0.550576 0.447078 -0.545450 -0.446622
339.600000 232.940781 65.615852 -29.784191 -0.550628 0.447013 -0.545557 -0.446492
339.700000 232.915176 65.743896 -29.784109 -0.550654 0.446981 -0.545610 -0.446429
339.800000 232.894211 65.848671 -29.784040 -0.550675 0.446954 -0.545653 -0.446376
339.900000 232.868576 65.976715 -29.783955 -0.550702 0.446921 -0.545707 -0.446311
340.000000 232.817215 66.232697 -29.783787 -0.550757 0.446853 -0.545816 -0.446178
340.100000 232.793762 66.349030 -29.783710 -0.550782 0.446821 -0.545866 -0.446117
340.200000 232.767960 66.476982 -29.783625 -0.550811 0.446785 -0.545922 -0.446048
340.300000 232.742157 66.604950 -29.783539 -0.550839 0.446750 -0.545979 -0.445979
340.400000 232.716354 66.732910 -29.783453 -0.550868 0.446714 -0.546035 -0.445911
340.500000 232.695114 66.837601 -29.783386 -0.550892 0.446684 -0.546082 -0.445854
340.600000 232.669159 66.965569 -29.783302 -0.550921 0.446648 -0.546138 -0.445785
340.700000 232.619568 67.209854 -29.783142 -0.550976 0.446580 -0.546246 -0.445653
340.800000 232.595978 67.326187 -29.783066 -0.551002 0.446548 -0.546297 -0.445591
340.900000 232.546112 67.570473 -29.782902 -0.551055 0.446481 -0.546402 -0.445463
341.000000 232.498581 67.802979 -29.782751 -0.551103 0.446422 -0.546500 -0.445344
341.100000 232.472458 67.930855 -29.782667 -0.551128 0.446390 -0.546552 -0.445280
341.200000 232.448685 68.047112 -29.782589 -0.551151 0.446363 -0.546599 -0.445223
341.300000 232.419998 68.186607 -29.782499 -0.551176 0.446331 -0.546653 -0.445157
341.400000 232.393692 68.314484 -29.782412 -0.551198 0.446303 -0.546702 -0.445097
341.500000 232.369781 68.430740 -29.782335 -0.551217 0.446280 -0.546744 -0.445045
341.600000 232.338684 68.581871 -29.782217 -0.551240 0.446252 -0.546799 -0.444979
341.700000 232.314804 68.698120 -29.782122 -0.551256 0.446231 -0.546838 -0.444930
341.800000 232.288452 68.825996 -29.782017 -0.551272 0.446210 -0.546881 -0.444878
341.900000 232.264389 68.942253 -29.781921 -0.551286 0.446193 -0.546918 -0.444833
342.000000 232.237946 69.070122 -29.781816 -0.551300 0.446176 -0.546957 -0.444785
342.100000 232.134506 69.570007 -29.781403 -0.551340 0.446126 -0.547093 -0.444619
342.200000 232.100769 69.732651 -29.781269 -0.551348 0.446116 -0.547131 -0.444572
342.300000 232.066895 69.895302 -29.781137 -0.551354 0.446108 -0.547167 -0.444528
342.400000 232.045105 69.999863 -29.781050 -0.551356 0.446104 -0.547188 -0.444502
342.500000 232.020920 70.116035 -29.780954 -0.551358 0.446102 -0.547211 -0.444474
342.600000 231.994293 70.243835 -29.780849 -0.551359 0.446101 -0.547235 -0.444445
342.700000 231.967667 70.371628 -29.780745 -0.551359 0.446101 -0.547257 -0.444418
342.800000 231.941071 70.499435 -29.780640 -0.551359 0.446101 -0.547276 -0.444394
342.900000 231.914566 70.627243 -29.780535 -0.551370 0.446087 -0.547285 -0.444384
343.000000 231.890564 70.743462 -29.780439 -0.551393 0.446058 -0.547283 -0.444387
343.100000 231.868927 70.848076 -29.780354 -0.551423 0.446021 -0.547276 -0.444396
343.200000 231.842499 70.975952 -29.780249 -0.551472 0.445960 -0.547264 -0.444410
343.300000 231.818527 71.092209 -29.780153 -0.551526 0.445892 -0.547254 -0.444424
343.400000 231.792206 71.220100 -29.780050 -0.551599 0.445802 -0.547245 -0.444435
343.500000 231.765900 71.348007 -29.779955 -0.551683 0.445698 -0.547241 -0.444440
343.600000 231.718140 71.580559 -29.779806 -0.551867 0.445470 -0.547253 -0.444426
343.700000 231.694199 71.696838 -29.779730 -0.551974 0.445337 -0.547270 -0.444404
343.800000 231.670166 71.813126 -29.779655 -0.552090 0.445192 -0.547298 -0.444371
343.900000 231.622147 72.045555 -29.779507 -0.552353 0.444867 -0.547382 -0.444267
344.000000 231.598099 72.161758 -29.779430 -0.552498 0.444687 -0.547441 -0.444195
344.100000 231.574005 72.277954 -29.779354 -0.552652 0.444495 -0.547510 -0.444109
344.200000 231.549774 72.394165 -29.779282 -0.552814 0.444293 -0.547590 -0.444010
344.300000 231.523163 72.521980 -29.779202 -0.553003 0.444059 -0.547690 -0.443886
344.400000 231.501358 72.626564 -29.779131 -0.553164 0.443859 -0.547782 -0.443772
344.500000 231.477051 72.742752 -29.779057 -0.553350 0.443627 -0.547894 -0.443633
344.600000 231.447754 72.882187 -29.778969 -0.553582 0.443339 -0.548041 -0.443450
344.700000 231.423309 72.998344 -29.778891 -0.553782 0.443090 -0.548173 -0.443286
344.800000 231.396423 73.126076 -29.778811 -0.554009 0.442808 -0.548329 -0.443092
344.900000 231.371811 73.242180 -29.778738 -0.554220 0.442546 -0.548478 -0.442906
345.000000 231.344742 73.369888 -29.778652 -0.554456 0.442252 -0.548651 -0.442690
345.100000 231.322556 73.474388 -29.778585 -0.554652 0.442007 -0.548797 -0.442507
345.200000 231.297775 73.590485 -29.778509 -0.554872 0.441733 -0.548966 -0.442296
345.300000 231.272919 73.706573 -29.778437 -0.555093 0.441456 -0.549139 -0.442080
345.400000 231.220596 73.950279 -29.778278 -0.555559 0.440873 -0.549515 -0.441608
345.500000 231.198105 74.054688 -29.778210 -0.555759 0.440624 -0.549679 -0.441402
345.600000 231.155426 74.251900 -29.778082 -0.556132 0.440157 -0.549992 -0.441008
345.700000 231.127716 74.379501 -29.778000 -0.556369 0.439859 -0.550195 -0.440753
345.800000 231.079651 74.599869 -29.777855 -0.556769 0.439356 -0.550544 -0.440313
345.900000 231.051712 74.727379 -29.777773 -0.556994 0.439074 -0.550743 -0.440061
346.000000 231.026230 74.843292 -29.777700 -0.557192 0.438824 -0.550923 -0.439835
346.100000 231.000671 74.959206 -29.777622 -0.557385 0.438580 -0.551098 -0.439614
346.200000 230.972534 75.086708 -29.777538 -0.557590 0.438321 -0.551287 -0.439374
346.300000 230.944229 75.214211 -29.777456 -0.557788 0.438071 -0.551472 -0.439141
346.400000 230.918488 75.330055 -29.777378 -0.557961 0.437852 -0.551634 -0.438935
346.500000 230.892670 75.445877 -29.777302 -0.558127 0.437642 -0.551793 -0.438735
346.600000 230.866760 75.561707 -29.777225 -0.558286 0.437441 -0.551946 -0.438541
346.700000 230.840836 75.677536 -29.777153 -0.558437 0.437249 -0.552094 -0.438354
346.800000 230.814758 75.793350 -29.777075 -0.558581 0.437066 -0.552237 -0.438173
346.900000 230.788666 75.909164 -29.776999 -0.558717 0.436893 -0.552373 -0.437999
347.000000 230.762512 76.024918 -29.776920 -0.558846 0.436728 -0.552505 -0.437833
347.100000 230.736267 76.140656 -29.776846 -0.558968 0.436573 -0.552631 -0.437674
347.200000 230.712616 76.244820 -29.776773 -0.559071 0.436441 -0.552739 -0.437536
347.300000 230.683609 76.372124 -29.776691 -0.559190 0.436290 -0.552866 -0.437376
347.400000 230.654526 76.499435 -29.776608 -0.559299 0.436149 -0.552986 -0.437224
347.500000 230.625381 76.626701 -29.776524 -0.559401 0.436019 -0.553100 -0.437080
347.600000 230.598785 76.742355 -29.776447 -0.559486 0.435909 -0.553198 -0.436955
347.700000 230.572159 76.858009 -29.776371 -0.559566 0.435807 -0.553292 -0.436837
347.800000 230.545441 76.973663 -29.776293 -0.559639 0.435712 -0.553381 -0.436725
347.900000 230.515991 77.100883 -29.776207 -0.559714 0.435616 -0.553473 -0.436608
348.000000 230.483841 77.239662 -29.776117 -0.559788 0.435520 -0.553569 -0.436487
348.100000 230.456894 77.355232 -29.776039 -0.559845 0.435447 -0.553645 -0.436391
348.200000 230.429962 77.470802 -29.775963 -0.559897 0.435379 -0.553717 -0.436300
348.300000 230.400208 77.597931 -29.775879 -0.559949 0.435310 -0.553794 -0.436204
348.400000 230.373108 77.713493 -29.775803 -0.559993 0.435253 -0.553861 -0.436120
348.500000 230.345993 77.829063 -29.775724 -0.560034 0.435200 -0.553925 -0.436039
348.600000 230.316010 77.956161 -29.775639 -0.560076 0.435145 -0.553993 -0.435954
348.700000 230.286011 78.083199 -29.775557 -0.560114 0.435095 -0.554059 -0.435871
348.800000 230.255966 78.210236 -29.775471 -0.560150 0.435048 -0.554123 -0.435790
348.900000 230.228531 78.325722 -29.775393 -0.560180 0.435007 -0.554181 -0.435718
349.000000 230.201111 78.441208 -29.775316 -0.560210 0.434969 -0.554237 -0.435647
349.100000 230.173584 78.556686 -29.775238 -0.560238 0.434932 -0.554293 -0.435577
349.200000 230.115646 78.799103 -29.775078 -0.560293 0.434858 -0.554410 -0.435430
349.300000 230.087982 78.914505 -29.775002 -0.560319 0.434824 -0.554466 -0.435360
349.400000 230.060226 79.029915 -29.774923 -0.560345 0.434790 -0.554521 -0.435290
349.500000 230.032471 79.145317 -29.774845 -0.560370 0.434756 -0.554578 -0.435219
349.600000 230.001892 79.272263 -29.774763 -0.560398 0.434719 -0.554640 -0.435141
349.700000 229.976746 79.376129 -29.774694 -0.560422 0.434688 -0.554691 -0.435076
349.800000 229.948837 79.491470 -29.774614 -0.560448 0.434653 -0.554749 -0.435003
349.900000 229.918121 79.618324 -29.774530 -0.560477 0.434615 -0.554814 -0.434922
350.000000 229.890030 79.733650 -29.774454 -0.560505 0.434578 -0.554873 -0.434847
350.100000 229.861969 79.848976 -29.774374 -0.560533 0.434542 -0.554933 -0.434771
350.200000 229.828308 79.987366 -29.774284 -0.560567 0.434497 -0.555007 -0.434678
350.300000 229.797256 80.114227 -29.774200 -0.560599 0.434455 -0.555075 -0.434592
350.400000 229.769043 80.229553 -29.774120 -0.560629 0.434416 -0.555137 -0.434513
350.500000 229.715347 80.448524 -29.773977 -0.560687 0.434340 -0.555258 -0.434360
350.600000 229.658585 80.679016 -29.773821 -0.560749 0.434258 -0.555386 -0.434196
350.700000 229.630234 80.794273 -29.773745 -0.560781 0.434217 -0.555451 -0.434114
350.800000 229.598907 80.921036 -29.773661 -0.560816 0.434171 -0.555523 -0.434023
350.900000 229.564667 81.059334 -29.773565 -0.560854 0.434121 -0.555601 -0.433924
351.000000 229.533279 81.186081 -29.773483 -0.560889 0.434075 -0.555672 -0.433833
351.100000 229.504761 81.301247 -29.773407 -0.560920 0.434034 -0.555736 -0.433751
351.200000 229.444519 81.543106 -29.773245 -0.560986 0.433948 -0.555870 -0.433581
351.300000 229.378571 81.807999 -29.773067 -0.561054 0.433859 -0.556013 -0.433398
351.400000 229.349747 81.923172 -29.772989 -0.561082 0.433822 -0.556074 -0.433321
351.500000 229.277695 82.211090 -29.772800 -0.561149 0.433735 -0.556220 -0.433134
351.600000 229.248856 82.326180 -29.772724 -0.561174 0.433702 -0.556277 -0.433062
351.700000 229.217010 82.452789 -29.772636 -0.561200 0.433668 -0.556337 -0.432985
351.800000 229.188049 82.567886 -29.772560 -0.561222 0.433639 -0.556390 -0.432918
351.900000 229.159073 82.682976 -29.772484 -0.561243 0.433611 -0.556441 -0.432853
352.000000 229.095734 82.936295 -29.772316 -0.561333 0.433494 -0.556511 -0.432764
352.100000 229.064102 83.062996 -29.772234 -0.561404 0.433401 -0.556528 -0.432743
352.200000 229.035431 83.178207 -29.772158 -0.561483 0.433299 -0.556538 -0.432729
352.300000 229.003937 83.304962 -29.772078 -0.561584 0.433167 -0.556550 -0.432715
352.400000 228.975372 83.420181 -29.772001 -0.561689 0.433029 -0.556562 -0.432700
352.500000 228.943909 83.546860 -29.771917 -0.561819 0.432861 -0.556583 -0.432674
352.600000 228.915253 83.662041 -29.771845 -0.561950 0.432690 -0.556607 -0.432643
352.700000 228.886581 83.777237 -29.771772 -0.562093 0.432504 -0.556640 -0.432601
352.800000 228.855087 83.903946 -29.771688 -0.562264 0.432282 -0.556688 -0.432540
352.900000 228.826340 84.019127 -29.771616 -0.562431 0.432064 -0.556743 -0.432469
353.000000 228.794662 84.145836 -29.771538 -0.562629 0.431806 -0.556818 -0.432373
353.100000 228.762985 84.272507 -29.771454 -0.562840 0.431531 -0.556908 -0.432257
353.200000 228.736969 84.376099 -29.771389 -0.563022 0.431294 -0.556993 -0.432146
353.300000 228.705093 84.502724 -29.771307 -0.563257 0.430988 -0.557111 -0.431993
353.400000 228.673218 84.629341 -29.771231 -0.563504 0.430666 -0.557246 -0.431818
353.500000 228.641129 84.755959 -29.771147 -0.563762 0.430329 -0.557396 -0.431623
353.600000 228.609039 84.882515 -29.771069 -0.564031 0.429979 -0.557561 -0.431408
353.700000 228.582687 84.986031 -29.771002 -0.564259 0.429682 -0.557707 -0.431218
353.800000 228.553329 85.101051 -29.770927 -0.564518 0.429343 -0.557880 -0.430992
353.900000 228.520966 85.227554 -29.770847 -0.564812 0.428959 -0.558083 -0.430726
354.000000 228.488449 85.354050 -29.770769 -0.565112 0.428566 -0.558298 -0.430445
354.100000 228.458862 85.468971 -29.770693 -0.565390 0.428202 -0.558502 -0.430177
354.200000 228.426132 85.595390 -29.770613 -0.565700 0.427797 -0.558738 -0.429868
354.300000 228.396362 85.710304 -29.770538 -0.565985 0.427423 -0.558958 -0.429578
354.400000 228.333466 85.951500 -29.770382 -0.566588 0.426630 -0.559439 -0.428944
354.500000 228.306335 86.054840 -29.770334 -0.566847 0.426289 -0.559651 -0.428664
354.600000 228.273178 86.181137 -29.770269 -0.567163 0.425873 -0.559913 -0.428317
354.700000 228.245895 86.284454 -29.770222 -0.567419 0.425535 -0.560130 -0.428030
354.800000 228.212509 86.410652 -29.770161 -0.567730 0.425125 -0.560396 -0.427677
354.900000 228.182022 86.525375 -29.770107 -0.568008 0.424757 -0.560638 -0.427356
355.000000 228.151474 86.640106 -29.770050 -0.568282 0.424394 -0.560880 -0.427036
355.100000 228.117706 86.766220 -29.769989 -0.568578 0.424002 -0.561143 -0.426685
355.200000 228.083878 86.892319 -29.769926 -0.568866 0.423619 -0.561404 -0.426337
355.300000 228.056076 86.995483 -29.769875 -0.569096 0.423313 -0.561615 -0.426057
355.400000 228.025116 87.110085 -29.769819 -0.569345 0.422982 -0.561845 -0.425750
355.500000 227.994080 87.224640 -29.769762 -0.569586 0.422660 -0.562071 -0.425448
355.600000 227.962921 87.339180 -29.769707 -0.569819 0.422349 -0.562292 -0.425153
355.700000 227.928543 87.465164 -29.769644 -0.570065 0.422020 -0.562530 -0.424836
355.800000 227.897156 87.579620 -29.769587 -0.570279 0.421732 -0.562738 -0.424557
355.900000 227.862610 87.705528 -29.769526 -0.570505 0.421429 -0.562961 -0.424260
356.000000 227.827866 87.831421 -29.769463 -0.570720 0.421141 -0.563176 -0.423972
356.100000 227.799393 87.934364 -29.769411 -0.570887 0.420916 -0.563345 -0.423746
356.200000 227.767639 88.048737 -29.769350 -0.571063 0.420678 -0.563527 -0.423502
356.300000 227.735840 88.163094 -29.769293 -0.571231 0.420451 -0.563702 -0.423268
356.400000 227.703903 88.277420 -29.769236 -0.571389 0.420238 -0.563870 -0.423044
356.500000 227.671890 88.391716 -29.769178 -0.571537 0.420036 -0.564031 -0.422828
356.600000 227.636551 88.517418 -29.769115 -0.571690 0.419829 -0.564201 -0.422602
356.700000 227.565613 88.768715 -29.768988 -0.571965 0.419454 -0.564515 -0.422182
356.800000 227.533203 88.882919 -29.768930 -0.572076 0.419301 -0.564647 -0.422006
356.900000 227.497452 89.008514 -29.768864 -0.572190 0.419145 -0.564786 -0.421820
357.000000 227.428940 89.248161 -29.768742 -0.572383 0.418880 -0.565032 -0.421492
357.100000 227.392899 89.373672 -29.768679 -0.572472 0.418757 -0.565152 -0.421333
357.200000 227.356750 89.499107 -29.768616 -0.572554 0.418644 -0.565267 -0.421181
357.300000 227.320496 89.624542 -29.768551 -0.572629 0.418540 -0.565376 -0.421036
357.400000 227.284134 89.749977 -29.768484 -0.572698 0.418444 -0.565480 -0.420897
357.500000 227.247726 89.875328 -29.768398 -0.572761 0.418355 -0.565581 -0.420764
357.600000 227.214462 89.989288 -29.768322 -0.572814 0.418280 -0.565669 -0.420647
357.700000 227.181213 90.103233 -29.768242 -0.572864 0.418211 -0.565755 -0.420534
357.800000 227.144470 90.228523 -29.768158 -0.572915 0.418139 -0.565846 -0.420412
357.900000 227.107712 90.353767 -29.768072 -0.572962 0.418072 -0.565936 -0.420294
358.000000 227.070755 90.479034 -29.767984 -0.573007 0.418009 -0.566024 -0.420178
358.100000 227.040543 90.581512 -29.767918 -0.573041 0.417959 -0.566094 -0.420085
358.200000 227.003448 90.706665 -29.767832 -0.573082 0.417901 -0.566180 -0.419972
358.300000 226.966324 90.831833 -29.767744 -0.573122 0.417845 -0.566264 -0.419860
358.400000 226.929062 90.957001 -29.767660 -0.573160 0.417790 -0.566349 -0.419748
358.500000 226.891754 91.082108 -29.767574 -0.573198 0.417737 -0.566433 -0.419636
358.600000 226.850906 91.218559 -29.767479 -0.573238 0.417679 -0.566525 -0.419514
358.700000 226.816849 91.332253 -29.767405 -0.573272 0.417631 -0.566602 -0.419412
358.800000 226.782684 91.445961 -29.767326 -0.573305 0.417583 -0.566679 -0.419309
358.900000 226.748474 91.559601 -29.767246 -0.573339 0.417535 -0.566758 -0.419205
359.000000 226.710770 91.684586 -29.767162 -0.573377 0.417481 -0.566844 -0.419089
359.100000 226.669525 91.820938 -29.767067 -0.573419 0.417422 -0.566940 -0.418962
359.200000 226.631668 91.945915 -29.766981 -0.573458 0.417367 -0.567029 -0.418844
359.300000 226.597122 92.059448 -29.766907 -0.573494 0.417315 -0.567110 -0.418735
359.400000 226.555695 92.195717 -29.766811 -0.573538 0.417253 -0.567208 -0.418603
359.500000 226.521057 92.309265 -29.766733 -0.573575 0.417201 -0.567291 -0.418492
359.600000 226.482880 92.434158 -29.766649 -0.573616 0.417142 -0.567383 -0.418370
359.700000 226.406357 92.683784 -29.766476 -0.573701 0.417023 -0.567568 -0.418121
359.800000 226.340088 92.899376 -29.766331 -0.573776 0.416919 -0.567728 -0.417905
359.900000 226.263428 93.148972 -29.766161 -0.573901 0.416744 -0.567883 -0.417698
360.000000 226.225250 93.273857 -29.766079 -0.574001 0.416604 -0.567936 -0.417628
360.100000 226.194092 93.376076 -29.766010 -0.574103 0.416463 -0.567972 -0.417580
360.200000 226.156143 93.501022 -29.765932 -0.574249 0.416260 -0.568013 -0.417525
360.300000 226.118103 93.625923 -29.765852 -0.574417 0.416027 -0.568058 -0.417466
360.400000 226.083588 93.739487 -29.765778 -0.574589 0.415788 -0.568104 -0.417404
360.500000 226.049042 93.853081 -29.765707 -0.574778 0.415525 -0.568159 -0.417330
360.600000 225.983292 94.068832 -29.765574 -0.575185 0.414961 -0.568296 -0.417145
360.700000 225.948547 94.182358 -29.765503 -0.575421 0.414632 -0.568390 -0.417017
360.800000 225.913818 94.295883 -29.765448 -0.575676 0.414278 -0.568498 -0.416869
360.900000 225.878967 94.409370 -29.765398 -0.575946 0.413903 -0.568623 -0.416699
361.000000 225.844055 94.522827 -29.765348 -0.576232 0.413506 -0.568765 -0.416503
361.100000 225.805481 94.647621 -29.765293 -0.576564 0.413046 -0.568942 -0.416260
361.200000 225.770370 94.761017 -29.765238 -0.576880 0.412607 -0.569121 -0.416013
361.300000 225.696228 94.999062 -29.765133 -0.577585 0.411625 -0.569554 -0.415414
361.400000 225.664307 95.101006 -29.765089 -0.577902 0.411183 -0.569763 -0.415124
361.500000 225.628708 95.214272 -29.765038 -0.578265 0.410677 -0.570009 -0.414781
361.600000 225.589417 95.338806 -29.764982 -0.578676 0.410104 -0.570296 -0.414381
361.700000 225.549988 95.463295 -29.764931 -0.579096 0.409517 -0.570599 -0.413956
361.800000 225.506775 95.599037 -29.764893 -0.579564 0.408862 -0.570948 -0.413468
361.900000 225.434357 95.825165 -29.764826 -0.580359 0.407748 -0.571562 -0.412603
362.000000 225.401581 95.926857 -29.764797 -0.580721 0.407240 -0.571850 -0.412197
362.100000 225.361359 96.051109 -29.764757 -0.581164 0.406617 -0.572210 -0.411688
362.200000 225.284180 96.288162 -29.764688 -0.582008 0.405425 -0.572914 -0.410691
362.300000 225.247223 96.400955 -29.764652 -0.582407 0.404860 -0.573254 -0.410208
362.400000 225.169083 96.637703 -29.764580 -0.583230 0.403692 -0.573971 -0.409186
362.500000 225.131668 96.750351 -29.764545 -0.583613 0.403147 -0.574311 -0.408700
362.600000 225.090363 96.874237 -29.764505 -0.584026 0.402558 -0.574682 -0.408168
362.700000 225.052673 96.986778 -29.764469 -0.584391 0.402036 -0.575017 -0.407689
362.800000 225.011032 97.110565 -29.764431 -0.584782 0.401475 -0.575379 -0.407169
362.900000 224.969193 97.234245 -29.764389 -0.585162 0.400929 -0.575734 -0.406659
363.000000 224.927246 97.357895 -29.764347 -0.585528 0.400402 -0.576082 -0.406159
363.100000 224.885086 97.481483 -29.764309 -0.585880 0.399894 -0.576421 -0.405671
363.200000 224.846619 97.593788 -29.764269 -0.586188 0.399449 -0.576721 -0.405239
363.300000 224.808044 97.706055 -29.764233 -0.586482 0.399021 -0.577012 -0.404819
363.400000 224.769272 97.818237 -29.764194 -0.586764 0.398611 -0.577294 -0.404411
363.500000 224.730392 97.930405 -29.764154 -0.587033 0.398219 -0.577569 -0.404015
363.600000 224.687469 98.053719 -29.764112 -0.587314 0.397809 -0.577859 -0.403596
363.700000 224.652267 98.154579 -29.764078 -0.587531 0.397490 -0.578087 -0.403267
363.800000 224.612976 98.266579 -29.764040 -0.587761 0.397153 -0.578331 -0.402914
363.900000 224.569580 98.389732 -29.763996 -0.587998 0.396803 -0.578589 -0.402541
364.000000 224.522110 98.524033 -29.763950 -0.588240 0.396447 -0.578858 -0.402154
364.100000 224.478394 98.647072 -29.763903 -0.588445 0.396142 -0.579092 -0.401817
364.200000 224.434525 98.770050 -29.763859 -0.588636 0.395858 -0.579314 -0.401496
364.300000 224.394531 98.881798 -29.763821 -0.588796 0.395618 -0.579508 -0.401218
364.400000 224.306076 99.127487 -29.763729 -0.589112 0.395144 -0.579902 -0.400651
364.500000 224.265640 99.239090 -29.763691 -0.589239 0.394953 -0.580069 -0.400411
364.600000 224.221054 99.361816 -29.763645 -0.589368 0.394757 -0.580244 -0.400161
364.700000 224.131424 99.607071 -29.763556 -0.589595 0.394412 -0.580570 -0.399694
364.800000 224.090469 99.718483 -29.763515 -0.589686 0.394272 -0.580709 -0.399496
364.900000 224.037064 99.863243 -29.763462 -0.589793 0.394107 -0.580883 -0.399249
365.000000 223.995834 99.974571 -29.763422 -0.589869 0.393989 -0.581010 -0.399067
365.100000 223.950378 100.096939 -29.763372 -0.589946 0.393869 -0.581146 -0.398874
365.200000 223.904816 100.219284 -29.763329 -0.590018 0.393757 -0.581278 -0.398686
365.300000 223.859055 100.341568 -29.763283 -0.590084 0.393652 -0.581406 -0.398504
365.400000 223.817337 100.452705 -29.763241 -0.590141 0.393562 -0.581521 -0.398341
365.500000 223.771362 100.574898 -29.763189 -0.590200 0.393469 -0.581645 -0.398165
365.600000 223.721054 100.708145 -29.763119 -0.590261 0.393372 -0.581778 -0.397976
365.700000 223.678986 100.819145 -29.763056 -0.590310 0.393294 -0.581888 -0.397820
365.800000 223.628372 100.952271 -29.762983 -0.590367 0.393203 -0.582019 -0.397634
365.900000 223.586121 101.063202 -29.762924 -0.590413 0.393129 -0.582128 -0.397479
366.000000 223.539490 101.185143 -29.762856 -0.590463 0.393049 -0.582248 -0.397308
366.100000 223.492737 101.307060 -29.762791 -0.590513 0.392969 -0.582368 -0.397137
366.200000 223.450256 101.417862 -29.762732 -0.590567 0.392884 -0.582470 -0.396991
366.300000 223.407852 101.528755 -29.762672 -0.590650 0.392755 -0.582550 -0.396878
366.400000 223.365616 101.639694 -29.762619 -0.590764 0.392578 -0.582612 -0.396791
366.500000 223.319305 101.761787 -29.762564 -0.590926 0.392330 -0.582669 -0.396713
366.600000 223.272980 101.883896 -29.762506 -0.591121 0.392031 -0.582725 -0.396636
366.700000 223.230911 101.994926 -29.762478 -0.591327 0.391714 -0.582780 -0.396560
366.800000 223.184601 102.117027 -29.762447 -0.591586 0.391320 -0.582852 -0.396458
366.900000 223.142456 102.228058 -29.762424 -0.591849 0.390918 -0.582933 -0.396343
367.000000 223.053680 102.461052 -29.762373 -0.592486 0.389947 -0.583164 -0.396008
367.100000 223.015503 102.560875 -29.762363 -0.592793 0.389478 -0.583294 -0.395817
367.200000 222.972961 102.671722 -29.762360 -0.593157 0.388923 -0.583464 -0.395567
367.300000 222.934570 102.771461 -29.762356 -0.593508 0.388389 -0.583636 -0.395312
367.400000 222.883163 102.904373 -29.762356 -0.594005 0.387631 -0.583901 -0.394918
367.500000 222.835861 103.026123 -29.762360 -0.594490 0.386892 -0.584177 -0.394504
367.600000 222.792694 103.136726 -29.762377 -0.594953 0.386186 -0.584456 -0.394083
367.700000 222.736298 103.280418 -29.762396 -0.595585 0.385221 -0.584859 -0.393475
367.800000 222.697083 103.379845 -29.762411 -0.596042 0.384523 -0.585163 -0.393014
367.900000 222.640152 103.523315 -29.762445 -0.596724 0.383479 -0.585638 -0.392291
368.000000 222.596146 103.633614 -29.762478 -0.597267 0.382648 -0.586029 -0.391693
368.100000 222.551941 103.743813 -29.762512 -0.597823 0.381794 -0.586440 -0.391062
368.200000 222.507553 103.853943 -29.762547 -0.598391 0.380921 -0.586870 -0.390400
368.300000 222.453979 103.985962 -29.762583 -0.599083 0.379853 -0.587409 -0.389567
368.400000 222.409134 104.095909 -29.762627 -0.599669 0.378948 -0.587874 -0.388844
368.500000 222.355057 104.227699 -29.762688 -0.600377 0.377851 -0.588450 -0.387948
368.600000 222.309708 104.337448 -29.762735 -0.600969 0.376930 -0.588941 -0.387181
368.700000 222.264175 104.447090 -29.762785 -0.601561 0.376007 -0.589440 -0.386397
368.800000 222.163239 104.688004 -29.762888 -0.602856 0.373980 -0.590557 -0.384638
368.900000 222.112396 104.808289 -29.762939 -0.603494 0.372977 -0.591119 -0.383747
369.000000 222.065948 104.917534 -29.762991 -0.604065 0.372074 -0.591630 -0.382937
369.100000 222.019257 105.026695 -29.763056 -0.604626 0.371184 -0.592139 -0.382127
369.200000 221.967667 105.146667 -29.763123 -0.605231 0.370223 -0.592693 -0.381242
369.300000 221.911087 105.277412 -29.763197 -0.605872 0.369199 -0.593290 -0.380287
369.400000 221.858963 105.397125 -29.763264 -0.606442 0.368284 -0.593828 -0.379424
369.500000 221.806564 105.516724 -29.763329 -0.606993 0.367398 -0.594355 -0.378578
369.600000 221.758682 105.625359 -29.763388 -0.607476 0.366617 -0.594823 -0.377824
369.700000 221.710617 105.733894 -29.763447 -0.607940 0.365863 -0.595280 -0.377086
369.800000 221.662323 105.842331 -29.763502 -0.608387 0.365136 -0.595725 -0.376369
369.900000 221.608963 105.961510 -29.763567 -0.608855 0.364370 -0.596199 -0.375602
370.000000 221.555344 106.080566 -29.763628 -0.609300 0.363638 -0.596657 -0.374861
370.100000 221.511261 106.177879 -29.763678 -0.609647 0.363067 -0.597019 -0.374276
370.200000 221.452255 106.307510 -29.763744 -0.610082 0.362345 -0.597483 -0.373523
370.300000 221.402893 106.415443 -29.763798 -0.610424 0.361776 -0.597854 -0.372924
370.400000 221.348282 106.534058 -29.763857 -0.610777 0.361185 -0.598243 -0.372293
370.500000 221.298477 106.641785 -29.763910 -0.611077 0.360680 -0.598583 -0.371744
370.600000 221.243439 106.760185 -29.763962 -0.611385 0.360159 -0.598939 -0.371168
370.700000 221.183105 106.889198 -29.764004 -0.611695 0.359632 -0.599307 -0.370573
370.800000 221.127548 107.007355 -29.764040 -0.611956 0.359185 -0.599628 -0.370056
370.900000 221.071777 107.125397 -29.764074 -0.612197 0.358771 -0.599932 -0.369567
371.000000 221.010635 107.254028 -29.764112 -0.612435 0.358358 -0.600247 -0.369061
371.100000 220.954376 107.371841 -29.764147 -0.612635 0.358008 -0.600520 -0.368625
371.200000 220.897873 107.489540 -29.764183 -0.612818 0.357688 -0.600779 -0.368210
371.300000 220.841141 107.607109 -29.764215 -0.612983 0.357394 -0.601025 -0.367818
371.400000 220.789383 107.713905 -29.764244 -0.613121 0.357148 -0.601239 -0.367478
371.500000 220.732239 107.831284 -29.764282 -0.613258 0.356900 -0.601463 -0.367122
371.600000 220.680115 107.937897 -29.764296 -0.613374 0.356690 -0.601658 -0.366814
371.700000 220.617554 108.065857 -29.764313 -0.613526 0.356414 -0.601859 -0.366498
371.800000 220.565659 108.172615 -29.764347 -0.613692 0.356115 -0.601983 -0.366306
371.900000 220.508759 108.290176 -29.764406 -0.613919 0.355709 -0.602085 -0.366152
372.000000 220.451950 108.407799 -29.764471 -0.614189 0.355229 -0.602170 -0.366027
372.100000 220.395111 108.525444 -29.764555 -0.614498 0.354679 -0.602251 -0.365907
372.200000 220.333099 108.653770 -29.764662 -0.614882 0.353999 -0.602350 -0.365760
372.300000 220.281265 108.760651 -29.764765 -0.615235 0.353372 -0.602450 -0.365606
372.400000 220.224121 108.878181 -29.764893 -0.615667 0.352608 -0.602582 -0.365399
372.500000 220.172012 108.984947 -29.765028 -0.616095 0.351852 -0.602731 -0.365161
372.600000 220.109207 109.112946 -29.765207 -0.616652 0.350868 -0.602952 -0.364803
372.700000 220.056656 109.219498 -29.765368 -0.617154 0.349982 -0.603174 -0.364438
372.800000 219.998550 109.336563 -29.765566 -0.617744 0.348941 -0.603462 -0.363959
372.900000 219.940125 109.453484 -29.765774 -0.618376 0.347827 -0.603796 -0.363399
373.000000 219.886749 109.559624 -29.765974 -0.618983 0.346756 -0.604142 -0.362813
373.100000 219.822327 109.686798 -29.766237 -0.619754 0.345395 -0.604609 -0.362016
373.200000 219.762863 109.803192 -29.766491 -0.620498 0.344080 -0.605087 -0.361194
373.300000 219.708496 109.908813 -29.766729 -0.621201 0.342836 -0.605564 -0.360368
373.400000 219.587769 110.140640 -29.767294 -0.622843 0.339922 -0.606732 -0.358324
373.500000 219.532394 110.245743 -29.767565 -0.623625 0.338529 -0.607316 -0.357293
373.600000 219.403778 110.486763 -29.768219 -0.625487 0.335194 -0.608767 -0.354702
373.700000 219.330292 110.622566 -29.768608 -0.626569 0.333244 -0.609644 -0.353120
373.800000 219.250488 110.768433 -29.769033 -0.627748 0.331109 -0.610627 -0.351333
373.900000 219.112137 111.017624 -29.769781 -0.629782 0.327389 -0.612372 -0.348127
374.000000 219.030518 111.162445 -29.770237 -0.630962 0.325210 -0.613413 -0.346194
374.100000 218.942307 111.317184 -29.770720 -0.632210 0.322889 -0.614536 -0.344092
374.200000 218.877136 111.430367 -29.771074 -0.633109 0.321203 -0.615359 -0.342543
374.300000 218.817535 111.533043 -29.771399 -0.633910 0.319691 -0.616104 -0.341133
374.400000 218.763565 111.625252 -29.771702 -0.634616 0.318351 -0.616771 -0.339867
374.500000 218.691193 111.747963 -29.772099 -0.635535 0.316595 -0.617648 -0.338194
374.600000 218.618347 111.870377 -29.772495 -0.636423 0.314883 -0.618508 -0.336544
374.700000 218.557281 111.972153 -29.772821 -0.637139 0.313495 -0.619212 -0.335190
374.800000 218.495850 112.073730 -29.773149 -0.637829 0.312145 -0.619900 -0.333860
374.900000 218.434113 112.175079 -29.773472 -0.638493 0.310838 -0.620574 -0.332557
375.000000 218.378235 112.266121 -29.773762 -0.639068 0.309699 -0.621164 -0.331412
375.100000 218.315842 112.367088 -29.774082 -0.639680 0.308478 -0.621803 -0.330170
375.200000 218.259430 112.457748 -29.774370 -0.640206 0.307421 -0.622362 -0.329081
375.300000 218.196381 112.558311 -29.774681 -0.640763 0.306293 -0.622964 -0.327907
375.400000 218.133041 112.658669 -29.774977 -0.641291 0.305215 -0.623545 -0.326775
375.500000 218.062988 112.768806 -29.775303 -0.641838 0.304089 -0.624159 -0.325575
375.600000 217.998978 112.868706 -29.775595 -0.642304 0.303120 -0.624696 -0.324528
375.700000 217.928040 112.978249 -29.775909 -0.642767 0.302152 -0.625277 -0.323394
375.800000 217.856018 113.086990 -29.776163 -0.643118 0.301405 -0.625898 -0.322189
375.900000 217.789612 113.185181 -29.776346 -0.643335 0.300932 -0.626486 -0.321053
376.000000 217.729218 113.273094 -29.776474 -0.643451 0.300661 -0.627020 -0.320031
376.100000 217.661514 113.370346 -29.776571 -0.643493 0.300528 -0.627605 -0.318922
376.200000 217.579544 113.486519 -29.776638 -0.643428 0.300593 -0.628278 -0.317664
376.300000 217.510712 113.582977 -29.776657 -0.643280 0.300830 -0.628801 -0.316703
376.400000 217.434570 113.688766 -29.776642 -0.643022 0.301276 -0.629326 -0.315761
376.500000 217.358002 113.794304 -29.776596 -0.642665 0.301914 -0.629787 -0.314957
376.600000 217.211014 113.995209 -29.776438 -0.641723 0.303644 -0.630464 -0.313858
376.700000 217.133713 114.100250 -29.776329 -0.641098 0.304809 -0.630701 -0.313530
376.800000 217.049179 114.214745 -29.776201 -0.640318 0.306276 -0.630861 -0.313372
376.900000 216.971573 114.319611 -29.776072 -0.639518 0.307791 -0.630915 -0.313413
377.000000 216.879776 114.443520 -29.775913 -0.638472 0.309781 -0.630863 -0.313690
377.100000 216.731476 114.643700 -29.775661 -0.636569 0.313416 -0.630517 -0.314640
377.200000 216.512726 114.939484 -29.775333 -0.633349 0.319583 -0.629439 -0.317084
377.300000 216.442322 115.035004 -29.775244 -0.632220 0.321741 -0.628960 -0.318102
377.400000 216.364975 115.140221 -29.775150 -0.630937 0.324190 -0.628366 -0.319336
377.500000 216.280731 115.255135 -29.775076 -0.629496 0.326935 -0.627641 -0.320803
377.600000 216.203751 115.360596 -29.775019 -0.628142 0.329504 -0.626916 -0.322244
377.700000 216.126907 115.466202 -29.774975 -0.626763 0.332111 -0.626137 -0.323763
377.800000 216.057220 115.562332 -29.774950 -0.625494 0.334501 -0.625388 -0.325202
377.900000 215.980774 115.668221 -29.774940 -0.624085 0.337142 -0.624527 -0.326833
378.000000 215.911499 115.764656 -29.774940 -0.622802 0.339536 -0.623711 -0.328357
378.100000 215.842377 115.861206 -29.774960 -0.621514 0.341926 -0.622877 -0.329897
378.200000 215.773453 115.957901 -29.774992 -0.620229 0.344297 -0.622025 -0.331451
378.300000 215.711594 116.045067 -29.775030 -0.619081 0.346408 -0.621247 -0.332855
378.400000 215.636200 116.151726 -29.775097 -0.617683 0.348961 -0.620294 -0.334559
378.500000 215.567245 116.248497 -29.775192 -0.616355 0.351360 -0.619484 -0.335995
378.600000 215.405563 116.469482 -29.775639 -0.612861 0.357535 -0.617950 -0.338685
378.700000 215.334396 116.565186 -29.775963 -0.611171 0.360466 -0.617361 -0.339705
378.800000 215.262878 116.660805 -29.776384 -0.609384 0.363532 -0.616786 -0.340691
378.900000 215.176849 116.775597 -29.777029 -0.607116 0.367379 -0.616087 -0.341876
379.000000 215.026306 116.976883 -29.778582 -0.602826 0.374536 -0.614754 -0.344095
379.100000 214.940582 117.092339 -29.779743 -0.600190 0.378862 -0.613886 -0.345513
379.200000 214.862366 117.198570 -29.780996 -0.597660 0.382970 -0.612996 -0.346947
379.300000 214.784546 117.305199 -29.782438 -0.595014 0.387220 -0.612006 -0.348523
379.400000 214.700287 117.422089 -29.784235 -0.591998 0.392011 -0.610794 -0.350422
379.500000 214.630676 117.519951 -29.785915 -0.589384 0.396123 -0.609668 -0.352162
379.600000 214.554764 117.628136 -29.787960 -0.586395 0.400774 -0.608305 -0.354241
379.700000 214.479630 117.736908 -29.790215 -0.583296 0.405545 -0.606797 -0.356505
379.800000 214.405350 117.846298 -29.792683 -0.580080 0.410441 -0.605147 -0.358947
379.900000 214.332001 117.956314 -29.795355 -0.576755 0.415446 -0.603343 -0.361574
380.000000 214.253113 118.077095 -29.798510 -0.573003 0.421024 -0.601201 -0.364642
380.100000 214.194824 118.168228 -29.801025 -0.570117 0.425268 -0.599466 -0.367089
380.200000 214.124435 118.280190 -29.804296 -0.566475 0.430554 -0.597224 -0.370206
380.300000 214.061462 118.382576 -29.807451 -0.563079 0.435422 -0.595053 -0.373178
380.400000 213.987167 118.506180 -29.811438 -0.558899 0.441332 -0.592285 -0.376903
380.500000 213.920364 118.620239 -29.815298 -0.554971 0.446803 -0.589599 -0.380456
380.600000 213.860626 118.724510 -29.818975 -0.551313 0.451822 -0.587047 -0.383779
380.700000 213.807083 118.818718 -29.822512 -0.547862 0.456459 -0.584731 -0.386759
380.800000 213.681458 119.039772 -29.831970 -0.538961 0.467955 -0.579385 -0.393512
380.900000 213.621689 119.145836 -29.837143 -0.534307 0.473750 -0.576807 -0.396700
381.000000 213.562286 119.252487 -29.842777 -0.529403 0.479729 -0.574155 -0.399924
381.100000 213.503311 119.359703 -29.848494 -0.524255 0.485896 -0.571403 -0.403188
381.200000 213.438492 119.477905 -29.852196 -0.518302 0.492952 -0.568253 -0.406756
381.300000 213.386612 119.575233 -29.853594 -0.513315 0.498776 -0.565484 -0.409827
381.400000 213.324997 119.695030 -29.854271 -0.507097 0.505926 -0.561849 -0.413784
381.500000 213.276047 119.793701 -29.854462 -0.501900 0.511803 -0.558677 -0.417174
381.600000 213.223328 119.904060 -29.854589 -0.496007 0.518358 -0.554946 -0.421090
381.700000 213.172470 120.015182 -29.854807 -0.490000 0.524925 -0.550994 -0.425159
381.800000 213.118591 120.138275 -29.855282 -0.483240 0.532165 -0.546412 -0.429784
381.900000 213.071671 120.250923 -29.855984 -0.476974 0.538741 -0.542026 -0.434122
382.000000 213.027084 120.364326 -29.857172 -0.470632 0.545263 -0.537410 -0.438617
382.100000 212.982483 120.490303 -29.861523 -0.463691 0.552188 -0.531984 -0.443927
382.200000 212.942184 120.605202 -29.866257 -0.457041 0.558704 -0.527038 -0.448546
382.300000 212.903290 120.720551 -29.870056 -0.450239 0.565242 -0.521958 -0.453152
382.400000 212.866348 120.836479 -29.873327 -0.443342 0.571717 -0.516710 -0.457820
382.500000 212.795685 121.081650 -29.879721 -0.428588 0.585063 -0.505189 -0.467757
382.600000 212.765549 121.199097 -29.882803 -0.421475 0.591263 -0.499472 -0.472540
382.700000 212.737457 121.317047 -29.886059 -0.414266 0.597377 -0.493662 -0.477307
382.800000 212.711578 121.435417 -29.889500 -0.406994 0.603383 -0.487750 -0.482064
382.900000 212.687988 121.554131 -29.893124 -0.399681 0.609264 -0.481737 -0.486808
383.000000 212.666611 121.673172 -29.896957 -0.392317 0.615022 -0.475652 -0.491518
383.100000 212.645782 121.804459 -29.901402 -0.384179 0.621200 -0.468880 -0.496657
383.200000 212.630173 121.912392 -29.905382 -0.377367 0.626194 -0.463381 -0.500753
383.300000 212.613983 122.033012 -29.910307 -0.369550 0.631717 -0.457365 -0.505157
383.400000 212.599350 122.154335 -29.915783 -0.361496 0.637197 -0.451397 -0.509452
383.500000 212.586487 122.276176 -29.921799 -0.353250 0.642631 -0.445427 -0.513648
383.600000 212.576035 122.409859 -29.928556 -0.344289 0.648404 -0.438619 -0.518315
383.700000 212.569962 122.530968 -29.934702 -0.336276 0.653450 -0.432222 -0.522595
383.800000 212.566956 122.663666 -29.941381 -0.327614 0.658768 -0.424999 -0.527323
383.900000 212.570175 122.891647 -29.952587 -0.312993 0.667378 -0.412230 -0.535451
384.000000 212.575974 123.010994 -29.958258 -0.305468 0.671614 -0.405432 -0.539675
384.100000 212.596909 123.260056 -29.969557 -0.290075 0.679832 -0.391150 -0.548349
384.200000 212.610870 123.377899 -29.974621 -0.282949 0.683424 -0.384405 -0.552362
384.300000 212.627335 123.495209 -29.979462 -0.275963 0.686811 -0.377729 -0.556288
384.400000 212.648239 123.623611 -29.984535 -0.268447 0.690300 -0.370493 -0.560497
384.500000 212.667511 123.728142 -29.988474 -0.262438 0.692974 -0.364669 -0.563853
384.600000 212.691132 123.843719 -29.992641 -0.255910 0.695758 -0.358321 -0.567483
384.700000 212.742294 124.061531 -29.999905 -0.243981 0.700516 -0.346644 -0.574098
384.800000 212.772461 124.175194 -30.003395 -0.237953 0.702752 -0.340728 -0.577427
384.900000 212.804779 124.288132 -30.006649 -0.232114 0.704809 -0.334974 -0.580654
385.000000 212.839188 124.400360 -30.009682 -0.226454 0.706697 -0.329397 -0.583777
385.100000 212.875763 124.511787 -30.012472 -0.220987 0.708418 -0.323991 -0.586804
385.200000 212.914337 124.622429 -30.015053 -0.215704 0.709984 -0.318766 -0.589731
385.300000 212.954956 124.732254 -30.017412 -0.210613 0.711399 -0.313717 -0.592567
385.400000 212.997574 124.841225 -30.019550 -0.205711 0.712672 -0.308844 -0.595313
385.500000 213.042206 124.949287 -30.021454 -0.201011 0.713806 -0.304134 -0.597979
385.600000 213.093414 125.067162 -30.023325 -0.196044 0.714910 -0.299158 -0.600812
385.700000 213.142151 125.173119 -30.024723 -0.191775 0.715774 -0.294768 -0.603326
385.800000 213.192902 125.277855 -30.025780 -0.187761 0.716506 -0.290491 -0.605788
385.900000 213.251007 125.391739 -30.026552 -0.183616 0.717171 -0.285941 -0.608431
386.000000 213.311325 125.504242 -30.026901 -0.179748 0.717698 -0.281556 -0.611004
386.100000 213.373825 125.615463 -30.026842 -0.176136 0.718100 -0.277349 -0.613503
386.200000 213.432358 125.715408 -30.026445 -0.173067 0.718364 -0.273678 -0.615712
386.300000 213.554260 125.912155 -30.024702 -0.167499 0.718637 -0.266779 -0.619946
386.400000 213.682312 126.104782 -30.021767 -0.162627 0.718620 -0.260449 -0.623943
386.500000 213.741806 126.190132 -30.020084 -0.160642 0.718532 -0.257776 -0.625666
386.600000 213.809296 126.284012 -30.017965 -0.158573 0.718385 -0.254925 -0.627528
386.700000 213.871185 126.367622 -30.015837 -0.156831 0.718212 -0.252456 -0.629159
386.800000 213.941193 126.459587 -30.013247 -0.155013 0.717982 -0.249821 -0.630922
386.900000 214.019669 126.559608 -30.010132 -0.153152 0.717687 -0.247036 -0.632806
387.000000 214.084991 126.640533 -30.007381 -0.151725 0.717420 -0.244841 -0.634304
387.100000 214.158752 126.729546 -30.004135 -0.150231 0.717100 -0.242481 -0.635926
387.200000 214.309677 126.904678 -29.997063 -0.147496 0.716406 -0.237976 -0.639042
387.300000 214.386673 126.991020 -29.993305 -0.146184 0.716052 -0.235849 -0.640527
387.400000 214.687790 127.312546 -29.978207 -0.141069 0.714811 -0.228360 -0.645752
387.500000 214.761093 127.387016 -29.974470 -0.139810 0.714553 -0.226637 -0.646919
387.600000 214.843414 127.468941 -29.970253 -0.138382 0.714285 -0.224708 -0.648193
387.700000 214.926636 127.550018 -29.965977 -0.136913 0.714042 -0.222756 -0.649445
387.800000 215.087280 127.701561 -29.957687 -0.134005 0.713649 -0.218930 -0.651781
387.900000 215.181778 127.787827 -29.952814 -0.132229 0.713467 -0.216631 -0.653109
388.000000 215.259872 127.857536 -29.948771 -0.130736 0.713342 -0.214683 -0.654188
388.100000 215.356308 127.941719 -29.943789 -0.128845 0.713220 -0.212226 -0.655497
388.200000 215.453751 128.024750 -29.938749 -0.126886 0.713132 -0.209675 -0.656795
388.300000 215.552170 128.106644 -29.933668 -0.124852 0.713076 -0.207032 -0.658082
388.400000 215.651596 128.187393 -29.928539 -0.122745 0.713051 -0.204294 -0.659360
388.500000 215.742813 128.259796 -29.923841 -0.120769 0.713054 -0.201721 -0.660513
388.600000 215.834793 128.331253 -29.919115 -0.118736 0.713080 -0.199072 -0.661656
388.700000 215.936874 128.408752 -29.913881 -0.116438 0.713133 -0.196072 -0.662902
388.800000 216.039841 128.485092 -29.908600 -0.114086 0.713207 -0.192983 -0.664136
388.900000 216.134201 128.553467 -29.903761 -0.111908 0.713291 -0.190102 -0.665247
389.000000 216.229279 128.620880 -29.898884 -0.109698 0.713387 -0.187160 -0.666346
389.100000 216.325058 128.687332 -29.893972 -0.107458 0.713493 -0.184166 -0.667430
389.200000 216.421494 128.752838 -29.889021 -0.105198 0.713607 -0.181125 -0.668500
389.300000 216.528320 128.823853 -29.883541 -0.102690 0.713739 -0.177743 -0.669656
389.400000 216.626129 128.887421 -29.878517 -0.100403 0.713862 -0.174638 -0.670688
389.500000 216.724533 128.950089 -29.873476 -0.098110 0.713985 -0.171519 -0.671700
389.600000 216.833466 129.017960 -29.867887 -0.095605 0.714117 -0.168071 -0.672791
389.700000 216.933075 129.078796 -29.862785 -0.093329 0.714235 -0.164948 -0.673758
389.800000 217.033295 129.138702 -29.857666 -0.091077 0.714346 -0.161832 -0.674703
389.900000 217.123917 129.191895 -29.853041 -0.089073 0.714441 -0.159045 -0.675533
390.000000 217.225128 129.250183 -29.847887 -0.086877 0.714537 -0.155974 -0.676433
390.100000 217.337067 129.313324 -29.842199 -0.084510 0.714631 -0.152634 -0.677395
390.200000 217.531830 129.419983 -29.832359 -0.080561 0.714759 -0.146991 -0.678986
390.300000 217.646057 129.479446 -29.828671 -0.078514 0.714750 -0.143672 -0.679946
390.400000 217.740112 129.527115 -29.827787 -0.076914 0.714719 -0.140994 -0.680722
390.500000 217.845001 129.579407 -29.828154 -0.075169 0.714684 -0.138115 -0.681543
390.600000 217.950287 129.630951 -29.829336 -0.073471 0.714646 -0.135335 -0.682326
390.700000 218.161911 129.731995 -29.832825 -0.070254 0.714550 -0.130065 -0.683788
390.800000 218.268234 129.781494 -29.834787 -0.068748 0.714490 -0.127576 -0.684472
390.900000 218.374802 129.830460 -29.836559 -0.067296 0.714430 -0.125206 -0.685116
391.000000 218.491852 129.884460 -29.835733 -0.065657 0.714409 -0.122844 -0.685725
391.100000 218.716461 129.985016 -29.828953 -0.062936 0.714293 -0.118532 -0.686859
391.200000 219.030548 130.116547 -29.827772 -0.060151 0.713912 -0.112904 -0.688450
391.300000 219.161224 130.169403 -29.828949 -0.059179 0.713744 -0.110822 -0.689047
391.400000 219.281387 130.217072 -29.830292 -0.058383 0.713583 -0.109031 -0.689567
391.500000 219.390854 130.259781 -29.831610 -0.057735 0.713433 -0.107495 -0.690018
391.600000 219.500565 130.301987 -29.832825 -0.057150 0.713282 -0.106053 -0.690446
391.700000 219.610107 130.344269 -29.831810 -0.056532 0.713166 -0.104791 -0.690809
391.800000 219.719818 130.386124 -29.828556 -0.055984 0.713048 -0.103603 -0.691155
391.900000 219.951935 130.470459 -29.824789 -0.055311 0.712685 -0.101053 -0.691960
392.000000 220.185150 130.552139 -29.825129 -0.054875 0.712316 -0.098779 -0.692703
392.100000 220.285400 130.586426 -29.825729 -0.054745 0.712160 -0.097884 -0.693001
392.200000 220.385773 130.620285 -29.826445 -0.054647 0.712004 -0.097029 -0.693288
392.300000 220.497513 130.657425 -29.827305 -0.054572 0.711834 -0.096124 -0.693596
392.400000 220.598206 130.690460 -29.828100 -0.054527 0.711682 -0.095349 -0.693862
392.500000 220.699051 130.723083 -29.828894 -0.054508 0.711532 -0.094601 -0.694119
392.600000 220.800049 130.755356 -29.829672 -0.054511 0.711384 -0.093879 -0.694369
392.700000 220.901169 130.787262 -29.830297 -0.054523 0.711241 -0.093189 -0.694607
392.800000 221.002136 130.819290 -29.829020 -0.054478 0.711126 -0.092592 -0.694808
392.900000 221.125870 130.857712 -29.826097 -0.054494 0.710974 -0.091832 -0.695064
393.000000 221.238708 130.891785 -29.824724 -0.054582 0.710816 -0.091101 -0.695314
393.100000 221.351700 130.925446 -29.824196 -0.054666 0.710665 -0.090397 -0.695554
393.200000 221.566650 130.988831 -29.824394 -0.054705 0.710404 -0.089189 -0.695974
393.300000 221.668610 131.018539 -29.824753 -0.054672 0.710291 -0.088651 -0.696160
393.400000 221.782013 131.051285 -29.825253 -0.054594 0.710175 -0.088068 -0.696359
393.500000 221.884155 131.080505 -29.825741 -0.054488 0.710077 -0.087545 -0.696533
393.600000 221.986404 131.109467 -29.826260 -0.054348 0.709986 -0.087016 -0.696702
393.700000 222.088730 131.138184 -29.826784 -0.054172 0.709903 -0.086478 -0.696868
393.800000 222.213928 131.172897 -29.827423 -0.053910 0.709810 -0.085799 -0.697066
393.900000 222.316467 131.201004 -29.827938 -0.053655 0.709742 -0.085221 -0.697226
394.000000 222.430481 131.231949 -29.828131 -0.053322 0.709679 -0.084558 -0.697397
394.100000 222.635681 131.287354 -29.823540 -0.052536 0.709607 -0.083352 -0.697675
394.200000 222.738571 131.314255 -29.822058 -0.052150 0.709562 -0.082644 -0.697834
394.300000 222.864471 131.346710 -29.821215 -0.051627 0.709517 -0.081741 -0.698025
394.400000 223.013428 131.384506 -29.820984 -0.050938 0.709476 -0.080618 -0.698248
394.500000 223.231506 131.438599 -29.821341 -0.049808 0.709438 -0.078864 -0.698568
394.600000 223.449875 131.491394 -29.822006 -0.048547 0.709421 -0.076984 -0.698884
394.700000 223.564957 131.518661 -29.822399 -0.047836 0.709419 -0.075950 -0.699048
394.800000 223.680145 131.545578 -29.822794 -0.047099 0.709422 -0.074885 -0.699210
394.900000 223.795410 131.572144 -29.823193 -0.046337 0.709428 -0.073797 -0.699370
395.000000 223.910751 131.598343 -29.823582 -0.045556 0.709437 -0.072686 -0.699529
395.100000 224.026230 131.624191 -29.823961 -0.044757 0.709449 -0.071557 -0.699684
395.200000 224.130188 131.647171 -29.824291 -0.044027 0.709462 -0.070528 -0.699823
395.300000 224.245819 131.672379 -29.824650 -0.043209 0.709477 -0.069374 -0.699973
395.400000 224.361496 131.697281 -29.824991 -0.042384 0.709493 -0.068213 -0.700121
395.500000 224.465683 131.719391 -29.825293 -0.041640 0.709508 -0.067167 -0.700252
395.600000 224.697418 131.767578 -29.825920 -0.039999 0.709542 -0.064844 -0.700532
395.700000 224.801834 131.788834 -29.826189 -0.039272 0.709557 -0.063806 -0.700654
395.800000 225.033997 131.835175 -29.826742 -0.037698 0.709586 -0.061539 -0.700913
395.900000 225.254807 131.878067 -29.827230 -0.036275 0.709609 -0.059453 -0.701145
396.000000 225.382614 131.902634 -29.826324 -0.035460 0.709628 -0.058315 -0.701264
396.100000 225.475693 131.920212 -29.825014 -0.034902 0.709637 -0.057495 -0.701350
396.200000 225.592102 131.941818 -29.824039 -0.034251 0.709640 -0.056477 -0.701461
396.300000 225.696945 131.960999 -29.823586 -0.033690 0.709642 -0.055589 -0.701557
396.400000 225.813477 131.982071 -29.823355 -0.033096 0.709643 -0.054635 -0.701660
396.500000 225.930038 132.002838 -29.823290 -0.032537 0.709641 -0.053718 -0.701758
396.600000 226.046692 132.023346 -29.823326 -0.032014 0.709638 -0.052836 -0.701853
396.700000 226.175034 132.045609 -29.823425 -0.031479 0.709632 -0.051911 -0.701953
396.800000 226.280136 132.063583 -29.823532 -0.031075 0.709624 -0.051189 -0.702031
396.900000 226.408615 132.085266 -29.823666 -0.030624 0.709613 -0.050347 -0.702123
397.000000 226.513733 132.102783 -29.823788 -0.030287 0.709603 -0.049696 -0.702194
397.100000 226.642334 132.123978 -29.823925 -0.029917 0.709588 -0.048942 -0.702278
397.200000 226.747574 132.141052 -29.824036 -0.029648 0.709574 -0.048360 -0.702344
397.300000 226.864502 132.159836 -29.824162 -0.029383 0.709556 -0.047749 -0.702415
397.400000 226.981583 132.178391 -29.824274 -0.029154 0.709538 -0.047176 -0.702482
397.500000 227.086914 132.194901 -29.824369 -0.028977 0.709520 -0.046691 -0.702540
397.600000 227.192245 132.211212 -29.824463 -0.028827 0.709500 -0.046235 -0.702596
397.700000 227.309387 132.229141 -29.824553 -0.028691 0.709478 -0.045761 -0.702655
397.800000 227.414856 132.245102 -29.824633 -0.028595 0.709457 -0.045361 -0.702706
397.900000 227.520309 132.260895 -29.824707 -0.028522 0.709435 -0.044988 -0.702755
398.000000 227.625763 132.276520 -29.824774 -0.028471 0.709412 -0.044638 -0.702802
398.100000 227.754776 132.295395 -29.824850 -0.028437 0.709384 -0.044241 -0.702857
398.200000 227.872086 132.312363 -29.824909 -0.028430 0.709358 -0.043908 -0.702904
398.300000 228.001083 132.330795 -29.824972 -0.028448 0.709329 -0.043569 -0.702954
398.400000 228.118393 132.347351 -29.825024 -0.028484 0.709302 -0.043284 -0.702998
398.500000 228.224091 132.362122 -29.825058 -0.028532 0.709278 -0.043045 -0.703035
398.600000 228.341522 132.378357 -29.825096 -0.028599 0.709251 -0.042796 -0.703075
398.700000 228.564606 132.408707 -29.825153 -0.028761 0.709199 -0.042367 -0.703146
398.800000 228.682098 132.424423 -29.825174 -0.028861 0.709173 -0.042159 -0.703181
398.900000 228.787888 132.438461 -29.825191 -0.028958 0.709149 -0.041982 -0.703212
399.000000 228.893692 132.452347 -29.825207 -0.029060 0.709126 -0.041812 -0.703241
399.100000 228.999481 132.466125 -29.825209 -0.029165 0.709103 -0.041649 -0.703269
399.200000 229.117020 132.481293 -29.825214 -0.029284 0.709078 -0.041473 -0.703300
399.300000 229.234543 132.496292 -29.825218 -0.029405 0.709054 -0.041301 -0.703329
399.400000 229.352188 132.511169 -29.825218 -0.029526 0.709030 -0.041134 -0.703358
399.500000 229.446350 132.522980 -29.825207 -0.029621 0.709012 -0.041001 -0.703380
399.600000 229.564026 132.537598 -29.825195 -0.029739 0.708990 -0.040835 -0.703407
399.700000 229.681671 132.552094 -29.825180 -0.029852 0.708968 -0.040670 -0.703433
399.800000 229.787567 132.565018 -29.825169 -0.029951 0.708950 -0.040521 -0.703456
399.900000 229.893478 132.577835 -29.825153 -0.030046 0.708932 -0.040370 -0.703479
400.000000 230.011154 132.591980 -29.825125 -0.030145 0.708913 -0.040201 -0.703503
400.100000 230.117157 132.604630 -29.825096 -0.030230 0.708897 -0.040046 -0.703525
400.200000 230.223175 132.617142 -29.825069 -0.030308 0.708882 -0.039889 -0.703546
400.300000 230.352768 132.632324 -29.825035 -0.030397 0.708864 -0.039693 -0.703571
400.400000 230.458771 132.644653 -29.825012 -0.030462 0.708850 -0.039529 -0.703591
400.500000 230.564774 132.656906 -29.824980 -0.030522 0.708837 -0.039362 -0.703611
400.600000 230.670776 132.669052 -29.824938 -0.030575 0.708825 -0.039192 -0.703631
400.700000 230.800354 132.683792 -29.824886 -0.030633 0.708810 -0.038981 -0.703655
400.800000 230.906342 132.695801 -29.824842 -0.030673 0.708799 -0.038804 -0.703674
400.900000 231.012390 132.707703 -29.824802 -0.030708 0.708789 -0.038626 -0.703692
401.000000 231.118530 132.719543 -29.824760 -0.030737 0.708780 -0.038444 -0.703711
401.100000 231.236435 132.732620 -29.824713 -0.030764 0.708770 -0.038241 -0.703731
401.200000 231.342575 132.744278 -29.824675 -0.030780 0.708761 -0.038058 -0.703748
401.300000 231.554779 132.767746 -29.824577 -0.030746 0.708748 -0.037730 -0.703781
401.400000 231.672653 132.780853 -29.824518 -0.030682 0.708743 -0.037568 -0.703797
401.500000 231.790527 132.793961 -29.824457 -0.030590 0.708740 -0.037413 -0.703813
401.600000 232.002655 132.817535 -29.824352 -0.030354 0.708738 -0.037136 -0.703840
401.700000 232.108704 132.829269 -29.824301 -0.030206 0.708739 -0.036991 -0.703853
401.800000 232.214767 132.840988 -29.824249 -0.030038 0.708740 -0.036840 -0.703866
401.900000 232.320892 132.852646 -29.824202 -0.029851 0.708743 -0.036678 -0.703880
402.000000 232.438889 132.865570 -29.824144 -0.029622 0.708748 -0.036487 -0.703895
402.100000 232.533279 132.875824 -29.824099 -0.029423 0.708752 -0.036324 -0.703907
402.200000 232.769211 132.901291 -29.823986 -0.028868 0.708766 -0.035871 -0.703940
402.300000 232.887207 132.913925 -29.823931 -0.028561 0.708774 -0.035618 -0.703956
402.400000 233.005173 132.926437 -29.823875 -0.028236 0.708784 -0.035348 -0.703973
402.500000 233.099548 132.936386 -29.823830 -0.027965 0.708792 -0.035119 -0.703987
402.600000 233.205719 132.947510 -29.823782 -0.027647 0.708802 -0.034848 -0.704004
402.700000 233.323685 132.959778 -29.823725 -0.027280 0.708814 -0.034531 -0.704022
402.800000 233.453445 132.973175 -29.823664 -0.026861 0.708827 -0.034163 -0.704042
402.900000 233.547852 132.982803 -29.823618 -0.026547 0.708838 -0.033885 -0.704057
403.000000 233.665817 132.994766 -29.823565 -0.026145 0.708851 -0.033523 -0.704076
403.100000 233.771988 133.005447 -29.823513 -0.025776 0.708863 -0.033187 -0.704093
403.200000 233.890060 133.017212 -29.823454 -0.025357 0.708877 -0.032802 -0.704113
403.300000 234.008179 133.028900 -29.823400 -0.024933 0.708891 -0.032407 -0.704132
403.400000 234.126297 133.040421 -29.823341 -0.024504 0.708905 -0.032002 -0.704151
403.500000 234.268066 133.054138 -29.823273 -0.023987 0.708922 -0.031507 -0.704174
403.600000 234.457062 133.072174 -29.823183 -0.023294 0.708945 -0.030834 -0.704204
403.700000 234.575195 133.083344 -29.823124 -0.022862 0.708959 -0.030410 -0.704223
403.800000 234.705124 133.095444 -29.823063 -0.022390 0.708974 -0.029941 -0.704243
403.900000 234.811447 133.105270 -29.823009 -0.022008 0.708986 -0.029558 -0.704259
404.000000 234.929581 133.116089 -29.822954 -0.021589 0.708998 -0.029134 -0.704277
404.100000 235.047714 133.126785 -29.822897 -0.021178 0.709011 -0.028712 -0.704295
404.200000 235.165848 133.137405 -29.822838 -0.020775 0.709023 -0.028295 -0.704311
404.300000 235.283981 133.147873 -29.822783 -0.020381 0.709034 -0.027883 -0.704328
404.400000 235.520233 133.168549 -29.822666 -0.019627 0.709055 -0.027082 -0.704359
404.500000 235.638367 133.178696 -29.822605 -0.019268 0.709065 -0.026695 -0.704374
404.600000 235.756653 133.188751 -29.822548 -0.018922 0.709074 -0.026317 -0.704389
404.700000 235.863098 133.197723 -29.822496 -0.018623 0.709081 -0.025986 -0.704402
404.800000 235.981400 133.207581 -29.822435 -0.018304 0.709089 -0.025629 -0.704415
404.900000 236.087845 133.216400 -29.822384 -0.018029 0.709095 -0.025317 -0.704427
405.000000 236.206146 133.226059 -29.822327 -0.017739 0.709102 -0.024983 -0.704440
405.100000 236.312592 133.234680 -29.822275 -0.017490 0.709108 -0.024692 -0.704451
405.200000 236.430893 133.244156 -29.822214 -0.017229 0.709113 -0.024382 -0.704463
405.300000 236.537338 133.252609 -29.822161 -0.017007 0.709117 -0.024114 -0.704473
405.400000 236.655640 133.261917 -29.822104 -0.016775 0.709122 -0.023827 -0.704484
405.500000 236.773895 133.271103 -29.822042 -0.016558 0.709125 -0.023554 -0.704494
405.600000 236.880386 133.279327 -29.821989 -0.016376 0.709128 -0.023320 -0.704503
405.700000 236.998642 133.288315 -29.821934 -0.016188 0.709131 -0.023070 -0.704513
405.800000 237.105118 133.296371 -29.821878 -0.016031 0.709133 -0.022857 -0.704522
405.900000 237.211578 133.304306 -29.821825 -0.015884 0.709135 -0.022653 -0.704530
406.000000 237.329865 133.313080 -29.821764 -0.015736 0.709137 -0.022437 -0.704538
406.100000 237.436325 133.320877 -29.821712 -0.015612 0.709138 -0.022253 -0.704546
406.200000 237.542770 133.328613 -29.821659 -0.015498 0.709139 -0.022078 -0.704553
406.300000 237.779327 133.345551 -29.821539 -0.015278 0.709140 -0.021716 -0.704568
406.400000 237.897629 133.353882 -29.821484 -0.015184 0.709140 -0.021549 -0.704575
406.500000 238.015915 133.362122 -29.821423 -0.015100 0.709139 -0.021390 -0.704582
406.600000 238.134354 133.370285 -29.821363 -0.015024 0.709139 -0.021238 -0.704588
406.700000 238.252792 133.378342 -29.821302 -0.014956 0.709139 -0.021094 -0.704595
406.800000 238.371231 133.386368 -29.821245 -0.014896 0.709138 -0.020955 -0.704601
406.900000 238.608078 133.402130 -29.821112 -0.014793 0.709136 -0.020695 -0.704613
407.000000 238.714676 133.409103 -29.821041 -0.014753 0.709135 -0.020583 -0.704618
407.100000 238.916031 133.422134 -29.820910 -0.014687 0.709133 -0.020379 -0.704627
407.200000 239.046280 133.430450 -29.820822 -0.014650 0.709131 -0.020252 -0.704633
407.300000 239.141037 133.436462 -29.820759 -0.014624 0.709130 -0.020161 -0.704637
407.400000 239.389755 133.451965 -29.820595 -0.014563 0.709128 -0.019925 -0.704648
407.500000 239.508179 133.459213 -29.820517 -0.014535 0.709127 -0.019814 -0.704653
407.600000 239.638474 133.467178 -29.820431 -0.014505 0.709125 -0.019693 -0.704658
407.700000 239.756882 133.474274 -29.820353 -0.014478 0.709124 -0.019582 -0.704663
407.800000 239.863495 133.480652 -29.820282 -0.014453 0.709123 -0.019481 -0.704667
407.900000 239.970078 133.486954 -29.820211 -0.014428 0.709122 -0.019380 -0.704671
408.000000 240.076660 133.493210 -29.820141 -0.014401 0.709122 -0.019279 -0.704675
408.100000 240.195099 133.500137 -29.820063 -0.014371 0.709121 -0.019165 -0.704680
408.200000 240.325348 133.507629 -29.819981 -0.014337 0.709120 -0.019038 -0.704685
408.300000 240.420090 133.513046 -29.819916 -0.014311 0.709119 -0.018945 -0.704689
408.400000 240.538528 133.519775 -29.819838 -0.014277 0.709119 -0.018827 -0.704693
408.500000 240.656952 133.526413 -29.819759 -0.014241 0.709118 -0.018708 -0.704697
408.600000 240.893829 133.539597 -29.819607 -0.014165 0.709117 -0.018467 -0.704706
408.700000 241.000412 133.545425 -29.819536 -0.014129 0.709117 -0.018357 -0.704710
408.800000 241.130676 133.552551 -29.819448 -0.014083 0.709117 -0.018221 -0.704715
408.900000 241.237259 133.558289 -29.819380 -0.014045 0.709117 -0.018109 -0.704719
409.000000 241.355682 133.564621 -29.819302 -0.014001 0.709117 -0.017985 -0.704723
409.100000 241.474121 133.570953 -29.819225 -0.013956 0.709116 -0.017860 -0.704727
409.200000 241.592529 133.577179 -29.819145 -0.013911 0.709116 -0.017734 -0.704731
409.300000 241.699112 133.582733 -29.819077 -0.013870 0.709116 -0.017622 -0.704735
409.400000 241.817551 133.588928 -29.818998 -0.013824 0.709117 -0.017497 -0.704739
409.500000 241.935974 133.595032 -29.818922 -0.013778 0.709117 -0.017372 -0.704743
409.600000 242.054413 133.601074 -29.818842 -0.013732 0.709117 -0.017249 -0.704746
409.700000 242.172806 133.607101 -29.818766 -0.013687 0.709117 -0.017126 -0.704750
409.800000 242.291336 133.613129 -29.818687 -0.013642 0.709117 -0.017005 -0.704754
409.900000 242.386230 133.617844 -29.818626 -0.013607 0.709117 -0.016909 -0.704757
410.000000 242.504807 133.623734 -29.818552 -0.013564 0.709117 -0.016791 -0.704760
410.100000 242.623367 133.629623 -29.818472 -0.013522 0.709117 -0.016675 -0.704764
410.200000 242.741928 133.635468 -29.818396 -0.013482 0.709117 -0.016562 -0.704767
410.300000 242.848663 133.640640 -29.818327 -0.013448 0.709117 -0.016462 -0.704770
410.400000 242.955383 133.645813 -29.818256 -0.013415 0.709117 -0.016364 -0.704773
410.500000 243.073944 133.651566 -29.818180 -0.013380 0.709117 -0.016258 -0.704776
410.600000 243.311111 133.662872 -29.818024 -0.013318 0.709117 -0.016055 -0.704782
410.700000 243.417801 133.667938 -29.817955 -0.013293 0.709117 -0.015969 -0.704785
410.800000 243.524521 133.672974 -29.817888 -0.013271 0.709117 -0.015885 -0.704787
410.900000 243.643112 133.678574 -29.817810 -0.013248 0.709117 -0.015795 -0.704790
411.000000 243.761673 133.684113 -29.817732 -0.013227 0.709116 -0.015711 -0.704792
411.100000 243.868393 133.689102 -29.817663 -0.013198 0.709116 -0.015647 -0.704794
411.200000 243.986969 133.694733 -29.817587 -0.013151 0.709117 -0.015594 -0.704796
411.300000 244.081818 133.699280 -29.817526 -0.013101 0.709117 -0.015560 -0.704797
411.400000 244.212219 133.705627 -29.817444 -0.013018 0.709118 -0.015521 -0.704799
411.500000 244.330795 133.711349 -29.817366 -0.012929 0.709119 -0.015491 -0.704800
411.600000 244.449356 133.717041 -29.817291 -0.012825 0.709121 -0.015462 -0.704801
411.700000 244.567886 133.722794 -29.817217 -0.012708 0.709122 -0.015430 -0.704802
411.800000 244.805008 133.734299 -29.817064 -0.012434 0.709126 -0.015350 -0.704805
411.900000 244.911697 133.739365 -29.816996 -0.012294 0.709128 -0.015303 -0.704806
412.000000 245.018387 133.744446 -29.816931 -0.012143 0.709131 -0.015247 -0.704807
412.100000 245.125107 133.749512 -29.816862 -0.011982 0.709133 -0.015182 -0.704809
412.200000 245.243652 133.755142 -29.816790 -0.011791 0.709136 -0.015098 -0.704811
412.300000 245.362198 133.760620 -29.816713 -0.011589 0.709139 -0.014999 -0.704814
412.400000 245.480774 133.766098 -29.816637 -0.011374 0.709143 -0.014887 -0.704816
412.500000 245.575623 133.770493 -29.816580 -0.011192 0.709145 -0.014787 -0.704818
412.600000 245.694153 133.775894 -29.816504 -0.010956 0.709149 -0.014649 -0.704821
412.700000 245.800858 133.780670 -29.816437 -0.010733 0.709153 -0.014513 -0.704824
412.800000 246.085403 133.793274 -29.816257 -0.010099 0.709163 -0.014094 -0.704832
412.900000 246.192108 133.797882 -29.816191 -0.009847 0.709167 -0.013917 -0.704835
413.000000 246.310654 133.802979 -29.816114 -0.009560 0.709171 -0.013707 -0.704838
413.100000 246.429214 133.808014 -29.816040 -0.009265 0.709176 -0.013486 -0.704842
413.200000 246.559616 133.813431 -29.815956 -0.008933 0.709181 -0.013231 -0.704846
413.300000 246.808609 133.823593 -29.815798 -0.008282 0.709190 -0.012712 -0.704854
413.400000 246.927170 133.828339 -29.815725 -0.007966 0.709195 -0.012452 -0.704858
413.500000 247.057587 133.833496 -29.815641 -0.007617 0.709199 -0.012158 -0.704862
413.600000 247.188004 133.838516 -29.815556 -0.007265 0.709204 -0.011858 -0.704866
413.700000 247.294724 133.842590 -29.815491 -0.006978 0.709208 -0.011608 -0.704869
413.800000 247.425156 133.847458 -29.815407 -0.006629 0.709212 -0.011299 -0.704873
413.900000 247.543701 133.851837 -29.815331 -0.006312 0.709216 -0.011017 -0.704877
414.000000 247.674118 133.856567 -29.815247 -0.005968 0.709220 -0.010705 -0.704880
414.100000 247.792694 133.860764 -29.815172 -0.005660 0.709224 -0.010422 -0.704883
414.200000 248.017960 133.868607 -29.815029 -0.005088 0.709230 -0.009888 -0.704889
414.300000 248.124680 133.872223 -29.814959 -0.004825 0.709233 -0.009639 -0.704892
414.400000 248.255096 133.876572 -29.814875 -0.004512 0.709236 -0.009338 -0.704895
414.500000 248.373672 133.880432 -29.814798 -0.004235 0.709238 -0.009069 -0.704898
414.600000 248.492233 133.884262 -29.814724 -0.003967 0.709241 -0.008806 -0.704900
414.700000 248.610794 133.887970 -29.814646 -0.003709 0.709243 -0.008549 -0.704903
414.800000 248.717499 133.891266 -29.814577 -0.003484 0.709244 -0.008323 -0.704905
414.900000 248.847946 133.895248 -29.814493 -0.003220 0.709246 -0.008055 -0.704907
415.000000 248.954636 133.898392 -29.814426 -0.003014 0.709248 -0.007842 -0.704909
415.100000 249.061340 133.901535 -29.814358 -0.002815 0.709249 -0.007635 -0.704911
415.200000 249.191772 133.905258 -29.814272 -0.002585 0.709250 -0.007391 -0.704914
415.300000 249.298492 133.908234 -29.814203 -0.002406 0.709251 -0.007199 -0.704915
415.400000 249.405212 133.911224 -29.814135 -0.002236 0.709251 -0.007013 -0.704917
415.500000 249.535614 133.914703 -29.814049 -0.002039 0.709252 -0.006796 -0.704919
415.600000 249.760910 133.920609 -29.813904 -0.001730 0.709253 -0.006444 -0.704922
415.700000 249.879471 133.923599 -29.813828 -0.001582 0.709253 -0.006271 -0.704924
415.800000 249.986191 133.926270 -29.813759 -0.001457 0.709253 -0.006122 -0.704926
415.900000 250.116623 133.929428 -29.813671 -0.001315 0.709253 -0.005948 -0.704927
416.000000 250.235168 133.932236 -29.813595 -0.001196 0.709253 -0.005798 -0.704929
416.100000 250.365616 133.935287 -29.813513 -0.001074 0.709253 -0.005641 -0.704930
416.200000 250.614578 133.940842 -29.813349 -0.000871 0.709253 -0.005363 -0.704934
416.300000 250.745041 133.943604 -29.813267 -0.000777 0.709252 -0.005229 -0.704935
416.400000 250.851730 133.945847 -29.813198 -0.000707 0.709252 -0.005123 -0.704936
416.500000 250.970306 133.948334 -29.813116 -0.000635 0.709251 -0.005011 -0.704938
416.600000 251.088867 133.950653 -29.813042 -0.000569 0.709251 -0.004903 -0.704939
416.700000 251.207443 133.952972 -29.812965 -0.000508 0.709250 -0.004800 -0.704940
416.800000 251.314148 133.955048 -29.812897 -0.000457 0.709250 -0.004709 -0.704941
416.900000 251.432709 133.957214 -29.812819 -0.000405 0.709249 -0.004613 -0.704943
417.000000 251.539429 133.959152 -29.812748 -0.000361 0.709249 -0.004528 -0.704944
417.100000 251.646149 133.961075 -29.812679 -0.000320 0.709248 -0.004445 -0.704945
417.200000 251.752853 133.962891 -29.812609 -0.000281 0.709248 -0.004364 -0.704946
417.300000 251.990173 133.966888 -29.812458 -0.000202 0.709246 -0.004189 -0.704948
417.400000 252.097000 133.968536 -29.812387 -0.000169 0.709246 -0.004112 -0.704949
417.500000 252.203857 133.970215 -29.812317 -0.000136 0.709245 -0.004035 -0.704950
417.600000 252.441299 133.973770 -29.812162 -0.000068 0.709244 -0.003865 -0.704952
417.700000 252.536285 133.975128 -29.812101 -0.000041 0.709244 -0.003798 -0.704953
417.800000 252.654999 133.976822 -29.812025 -0.000007 0.709243 -0.003713 -0.704954
417.900000 252.773727 133.978470 -29.811947 0.000026 0.709243 -0.003627 -0.704955
418.000000 252.880554 133.979828 -29.811876 0.000057 0.709242 -0.003550 -0.704956
418.100000 252.999268 133.981369 -29.811802 0.000091 0.709242 -0.003464 -0.704957
418.200000 253.106125 133.982742 -29.811733 0.000122 0.709241 -0.003385 -0.704958
418.300000 253.224854 133.984161 -29.811655 0.000157 0.709240 -0.003297 -0.704959
418.400000 253.331696 133.985413 -29.811586 0.000189 0.709240 -0.003217 -0.704960
418.500000 253.450409 133.986786 -29.811508 0.000226 0.709240 -0.003127 -0.704961
418.600000 253.569122 133.988144 -29.811432 0.000263 0.709239 -0.003037 -0.704961
418.700000 253.687851 133.989365 -29.811354 0.000301 0.709239 -0.002946 -0.704962
418.800000 253.806580 133.990585 -29.811279 0.000340 0.709238 -0.002853 -0.704963
418.900000 253.925293 133.991806 -29.811201 0.000379 0.709238 -0.002760 -0.704964
419.000000 254.043991 133.992981 -29.811123 0.000420 0.709237 -0.002667 -0.704965
419.100000 254.150833 133.993958 -29.811054 0.000456 0.709237 -0.002583 -0.704965
419.200000 254.269562 133.995026 -29.810978 0.000497 0.709237 -0.002488 -0.704966
419.300000 254.388275 133.996094 -29.810900 0.000538 0.709236 -0.002394 -0.704967
419.400000 254.506989 133.997131 -29.810822 0.000580 0.709236 -0.002300 -0.704967
419.500000 254.625717 133.998047 -29.810747 0.000622 0.709235 -0.002205 -0.704968
419.600000 254.732559 133.998886 -29.810678 0.000659 0.709235 -0.002121 -0.704969
419.700000 254.851288 133.999802 -29.810602 0.000700 0.709235 -0.002027 -0.704969
419.800000 254.970001 134.000717 -29.810522 0.000741 0.709234 -0.001934 -0.704970
419.900000 255.088699 134.001541 -29.810446 0.000781 0.709234 -0.001843 -0.704970
420.000000 255.207413 134.002304 -29.810369 0.000821 0.709234 -0.001752 -0.704971
420.100000 255.326141 134.003082 -29.810295 0.000859 0.709233 -0.001662 -0.704971
420.200000 255.456711 134.003937 -29.810207 0.000901 0.709233 -0.001565 -0.704972
420.300000 255.575470 134.004684 -29.810131 0.000937 0.709233 -0.001478 -0.704972
420.400000 255.670425 134.005188 -29.810070 0.000965 0.709232 -0.001410 -0.704973
420.500000 255.789139 134.005814 -29.809994 0.000999 0.709232 -0.001327 -0.704973
420.600000 255.895966 134.006378 -29.809927 0.001028 0.709232 -0.001254 -0.704974
420.700000 256.002838 134.006927 -29.809855 0.001055 0.709231 -0.001182 -0.704974
420.800000 256.121552 134.007568 -29.809776 0.001084 0.709231 -0.001104 -0.704974
420.900000 256.228363 134.008072 -29.809710 0.001108 0.709231 -0.001037 -0.704975
421.000000 256.347076 134.008560 -29.809633 0.001134 0.709231 -0.000964 -0.704975
421.100000 256.453949 134.008987 -29.809565 0.001155 0.709230 -0.000901 -0.704975
421.200000 256.584534 134.009521 -29.809479 0.001179 0.709230 -0.000826 -0.704976
421.300000 256.691376 134.009949 -29.809410 0.001196 0.709230 -0.000767 -0.704976
421.400000 256.798218 134.010376 -29.809340 0.001211 0.709229 -0.000710 -0.704976
421.500000 257.023773 134.011139 -29.809179 0.001239 0.709229 -0.000598 -0.704977
421.600000 257.130615 134.011459 -29.809093 0.001249 0.709229 -0.000548 -0.704977
421.700000 257.249329 134.011780 -29.808996 0.001258 0.709228 -0.000495 -0.704978
421.800000 257.356171 134.012085 -29.808910 0.001265 0.709228 -0.000449 -0.704978
421.900000 257.463013 134.012390 -29.808825 0.001269 0.709228 -0.000406 -0.704978
422.000000 257.569855 134.012680 -29.808739 0.001272 0.709228 -0.000365 -0.704978
422.100000 257.688599 134.013031 -29.808645 0.001274 0.709228 -0.000321 -0.704978
422.200000 257.795410 134.013245 -29.808556 0.001274 0.709227 -0.000285 -0.704979
422.300000 257.914154 134.013428 -29.808462 0.001273 0.709227 -0.000246 -0.704979
422.400000 258.020996 134.013611 -29.808376 0.001270 0.709227 -0.000213 -0.704979
422.500000 258.246552 134.013977 -29.808193 0.001259 0.709227 -0.000149 -0.704979
422.600000 258.365265 134.014175 -29.808098 0.001250 0.709226 -0.000119 -0.704980
422.700000 258.483978 134.014374 -29.808002 0.001241 0.709226 -0.000090 -0.704980
422.800000 258.590820 134.014542 -29.807917 0.001231 0.709226 -0.000066 -0.704980
422.900000 258.709534 134.014755 -29.807821 0.001220 0.709226 -0.000041 -0.704980
423.000000 258.804504 134.014847 -29.807745 0.001210 0.709226 -0.000023 -0.704980
423.100000 259.030060 134.014938 -29.807566 0.001184 0.709225 0.000018 -0.704981
423.200000 259.160645 134.014999 -29.807457 0.001168 0.709225 0.000040 -0.704981
423.300000 259.267487 134.015045 -29.807369 0.001154 0.709226 0.000057 -0.704981
423.400000 259.374329 134.015121 -29.807285 0.001140 0.709226 0.000072 -0.704980
423.500000 259.493042 134.015167 -29.807190 0.001123 0.709226 0.000089 -0.704980
423.600000 259.611755 134.015228 -29.807095 0.001106 0.709226 0.000105 -0.704980
423.700000 259.730469 134.015274 -29.806999 0.001089 0.709226 0.000120 -0.704980
423.800000 259.861053 134.015366 -29.806894 0.001070 0.709226 0.000135 -0.704980
423.900000 259.991638 134.015442 -29.806789 0.001051 0.709226 0.000149 -0.704980
424.000000 260.110352 134.015488 -29.806694 0.001035 0.709226 0.000161 -0.704981
424.100000 260.240936 134.015411 -29.806589 0.001017 0.709225 0.000173 -0.704981
424.200000 260.347778 134.015335 -29.806503 0.001002 0.709224 0.000183 -0.704982
424.300000 260.466492 134.015259 -29.806408 0.000986 0.709224 0.000195 -0.704983
424.400000 260.585205 134.015167 -29.806313 0.000969 0.709224 0.000206 -0.704982
424.500000 260.715790 134.015091 -29.806208 0.000950 0.709225 0.000219 -0.704982
424.600000 260.834473 134.014999 -29.806112 0.000934 0.709225 0.000231 -0.704982
424.700000 260.941345 134.014938 -29.806026 0.000920 0.709225 0.000240 -0.704982
424.800000 261.071960 134.014862 -29.805922 0.000903 0.709224 0.000252 -0.704983
424.900000 261.178772 134.014801 -29.805834 0.000890 0.709224 0.000261 -0.704983
425.000000 261.309357 134.014725 -29.805731 0.000874 0.709223 0.000272 -0.704984
425.100000 261.546783 134.014587 -29.805538 0.000847 0.709222 0.000292 -0.704984
425.200000 261.653656 134.014526 -29.805454 0.000835 0.709222 0.000300 -0.704984
425.300000 261.902954 134.014404 -29.805254 0.000809 0.709223 0.000319 -0.704984
425.400000 262.069122 134.014328 -29.805120 0.000794 0.709224 0.000332 -0.704983
425.500000 262.211609 134.014267 -29.805006 0.000782 0.709224 0.000342 -0.704983
425.600000 262.342163 134.014206 -29.804901 0.000771 0.709224 0.000351 -0.704982
425.700000 262.449005 134.014099 -29.804815 0.000762 0.709224 0.000359 -0.704982
425.800000 262.567719 134.013901 -29.804718 0.000753 0.709225 0.000367 -0.704982
425.900000 262.674530 134.013702 -29.804632 0.000744 0.709225 0.000375 -0.704982
426.000000 262.805145 134.013489 -29.804527 0.000734 0.709225 0.000384 -0.704982
426.100000 262.923859 134.013275 -29.804434 0.000725 0.709225 0.000393 -0.704982
426.200000 263.030701 134.013107 -29.804344 0.000716 0.709225 0.000401 -0.704982
426.300000 263.137543 134.012924 -29.804260 0.000708 0.709224 0.000409 -0.704982
426.400000 263.351257 134.012558 -29.804089 0.000691 0.709223 0.000423 -0.704984
426.500000 263.481842 134.012329 -29.803984 0.000680 0.709223 0.000432 -0.704984
426.600000 263.600555 134.012131 -29.803888 0.000670 0.709222 0.000439 -0.704985
426.700000 263.719238 134.011932 -29.803793 0.000660 0.709222 0.000445 -0.704985
426.800000 263.826080 134.011749 -29.803705 0.000651 0.709222 0.000450 -0.704985
426.900000 263.932953 134.011581 -29.803619 0.000642 0.709222 0.000455 -0.704985
427.000000 264.039764 134.011398 -29.803534 0.000634 0.709222 0.000458 -0.704985
427.100000 264.253448 134.011063 -29.803364 0.000616 0.709223 0.000464 -0.704984
427.200000 264.348419 134.010910 -29.803288 0.000607 0.709223 0.000466 -0.704984
427.300000 264.455261 134.010742 -29.803200 0.000597 0.709222 0.000468 -0.704984
427.400000 264.573975 134.010559 -29.803104 0.000586 0.709222 0.000470 -0.704985
427.500000 264.692719 134.010361 -29.803009 0.000575 0.709222 0.000471 -0.704985
427.600000 264.918243 134.010010 -29.802830 0.000553 0.709223 0.000471 -0.704984
427.700000 265.025085 134.009857 -29.802744 0.000542 0.709222 0.000470 -0.704985
427.800000 265.131958 134.009674 -29.802658 0.000531 0.709222 0.000468 -0.704984
427.900000 265.250671 134.009506 -29.802563 0.000519 0.709223 0.000466 -0.704984
428.000000 265.357483 134.009338 -29.802477 0.000507 0.709222 0.000464 -0.704985
428.100000 265.464325 134.009186 -29.802389 0.000496 0.709222 0.000461 -0.704985
428.200000 265.583069 134.009003 -29.802294 0.000483 0.709223 0.000457 -0.704984
428.300000 265.713623 134.008804 -29.802189 0.000469 0.709222 0.000453 -0.704984
428.400000 265.927307 134.008499 -29.802019 0.000446 0.709223 0.000444 -0.704984
428.500000 266.057892 134.008301 -29.801914 0.000432 0.709222 0.000438 -0.704985
428.600000 266.164734 134.008148 -29.801828 0.000420 0.709223 0.000433 -0.704984
428.700000 266.283447 134.007965 -29.801733 0.000407 0.709223 0.000428 -0.704984
428.800000 266.414032 134.007782 -29.801628 0.000393 0.709223 0.000421 -0.704984
428.900000 266.532745 134.007599 -29.801533 0.000380 0.709222 0.000415 -0.704984
429.000000 266.651489 134.007431 -29.801437 0.000367 0.709223 0.000408 -0.704984
429.100000 266.972015 134.006973 -29.801178 0.000334 0.709223 0.000390 -0.704984
429.200000 267.090729 134.006821 -29.801083 0.000322 0.709223 0.000383 -0.704984
429.300000 267.209442 134.006653 -29.800987 0.000310 0.709223 0.000376 -0.704984
429.400000 267.304382 134.006516 -29.800913 0.000300 0.709223 0.000371 -0.704984
429.500000 267.411255 134.006363 -29.800827 0.000290 0.709223 0.000365 -0.704984
429.600000 267.529968 134.006195 -29.800732 0.000279 0.709223 0.000358 -0.704984
429.700000 267.636780 134.006058 -29.800646 0.000269 0.709223 0.000352 -0.704984
429.800000 267.743622 134.005905 -29.800558 0.000259 0.709223 0.000346 -0.704984
429.900000 267.862366 134.005737 -29.800463 0.000248 0.709223 0.000339 -0.704984
430.000000 267.969208 134.005600 -29.800377 0.000239 0.709223 0.000333 -0.704984
430.100000 268.099792 134.005417 -29.800272 0.000228 0.709223 0.000326 -0.704984
430.200000 268.218475 134.005249 -29.800177 0.000218 0.709223 0.000320 -0.704984
430.300000 268.325317 134.005112 -29.800093 0.000209 0.709223 0.000314 -0.704984
430.400000 268.432159 134.004959 -29.800007 0.000201 0.709223 0.000309 -0.704984
430.500000 268.539032 134.004807 -29.799921 0.000193 0.709223 0.000303 -0.704984
430.600000 268.645844 134.004669 -29.799833 0.000185 0.709223 0.000298 -0.704984
430.700000 268.764557 134.004501 -29.799738 0.000176 0.709223 0.000293 -0.704984
430.800000 268.883270 134.004349 -29.799643 0.000168 0.709223 0.000287 -0.704984
430.900000 268.990143 134.004211 -29.799557 0.000161 0.709223 0.000282 -0.704984
431.000000 269.108856 134.004044 -29.799461 0.000153 0.709223 0.000277 -0.704984
431.100000 269.203796 134.003922 -29.799387 0.000147 0.709223 0.000273 -0.704984
431.200000 269.310669 134.003769 -29.799301 0.000140 0.709223 0.000268 -0.704984
431.300000 269.417480 134.003632 -29.799215 0.000134 0.709224 0.000263 -0.704984
431.400000 269.524323 134.003479 -29.799128 0.000127 0.709224 0.000259 -0.704984
431.500000 269.643036 134.003326 -29.799032 0.000120 0.709223 0.000254 -0.704984
431.600000 269.761780 134.003174 -29.798937 0.000113 0.709223 0.000249 -0.704984
431.700000 269.880493 134.003006 -29.798841 0.000106 0.709224 0.000245 -0.704984
431.800000 270.094147 134.002716 -29.798672 0.000095 0.709223 0.000236 -0.704984
431.900000 270.201019 134.002579 -29.798586 0.000089 0.709223 0.000231 -0.704984
432.000000 270.307831 134.002441 -29.798500 0.000083 0.709224 0.000227 -0.704983
432.100000 270.426544 134.002289 -29.798405 0.000077 0.709224 0.000223 -0.704984
432.200000 270.545258 134.002136 -29.798307 0.000071 0.709223 0.000218 -0.704984
432.300000 270.652100 134.001984 -29.798222 0.000065 0.709223 0.000213 -0.704984
432.400000 270.770844 134.001831 -29.798126 0.000059 0.709224 0.000209 -0.704984
432.500000 270.996368 134.001541 -29.797947 0.000047 0.709223 0.000199 -0.704984
432.600000 271.115082 134.001389 -29.797852 0.000041 0.709223 0.000194 -0.704984
432.700000 271.233795 134.001221 -29.797756 0.000035 0.709224 0.000190 -0.704983
432.800000 271.471222 134.000916 -29.797565 0.000023 0.709223 0.000179 -0.704984
432.900000 271.589966 134.000748 -29.797470 0.000016 0.709223 0.000174 -0.704984
433.000000 271.815491 134.000504 -29.797287 0.000004 0.709224 0.000164 -0.704984
433.100000 271.946075 134.000504 -29.797184 -0.000003 0.709223 0.000157 -0.704984
433.200000 272.052917 134.000504 -29.797096 -0.000009 0.709224 0.000152 -0.704984
433.300000 272.159790 134.000504 -29.797010 -0.000014 0.709224 0.000146 -0.704983
433.400000 272.266602 134.000504 -29.796926 -0.000018 0.709223 0.000140 -0.704984
433.500000 272.385315 134.000519 -29.796831 -0.000023 0.709223 0.000132 -0.704984
433.600000 272.504028 134.000519 -29.796736 -0.000027 0.709223 0.000125 -0.704984
433.700000 272.622742 134.000534 -29.796640 -0.000031 0.709224 0.000118 -0.704984
433.800000 272.848328 134.000549 -29.796459 -0.000037 0.709223 0.000104 -0.704984
433.900000 272.955139 134.000565 -29.796373 -0.000039 0.709224 0.000099 -0.704984
434.000000 273.061981 134.000580 -29.796286 -0.000041 0.709224 0.000093 -0.704983
434.100000 273.168854 134.000580 -29.796200 -0.000043 0.709224 0.000087 -0.704984
434.200000 273.275665 134.000595 -29.796116 -0.000044 0.709223 0.000082 -0.704984
434.300000 273.406250 134.000610 -29.796011 -0.000045 0.709223 0.000076 -0.704984
434.400000 273.513092 134.000626 -29.795925 -0.000046 0.709223 0.000071 -0.704984
434.500000 273.631805 134.000626 -29.795830 -0.000046 0.709223 0.000067 -0.704984
434.600000 273.738678 134.000641 -29.795744 -0.000047 0.709224 0.000063 -0.704983
434.700000 273.857391 134.000656 -29.795649 -0.000046 0.709224 0.000060 -0.704983
434.800000 273.976074 134.000656 -29.795553 -0.000045 0.709225 0.000056 -0.704983
434.900000 274.094788 134.000687 -29.795456 -0.000044 0.709224 0.000054 -0.704983
435.000000 274.201630 134.000687 -29.795370 -0.000043 0.709224 0.000052 -0.704983
435.100000 274.308502 134.000702 -29.795284 -0.000041 0.709223 0.000050 -0.704984
435.200000 274.415314 134.000702 -29.795200 -0.000040 0.709223 0.000048 -0.704984
435.300000 274.522156 134.000717 -29.795115 -0.000038 0.709223 0.000047 -0.704984
435.400000 274.629028 134.000717 -29.795029 -0.000035 0.709223 0.000047 -0.704985
435.500000 274.747742 134.000732 -29.794933 -0.000032 0.709223 0.000046 -0.704984
435.600000 274.842682 134.000732 -29.794855 -0.000030 0.709223 0.000046 -0.704984
435.700000 274.961395 134.000748 -29.794760 -0.000027 0.709224 0.000046 -0.704983
435.800000 275.080139 134.000763 -29.794664 -0.000023 0.709224 0.000046 -0.704983
435.900000 275.186951 134.000763 -29.794579 -0.000020 0.709224 0.000047 -0.704983
436.000000 275.305664 134.000763 -29.794485 -0.000017 0.709224 0.000048 -0.704983
436.100000 275.424377 134.000778 -29.794390 -0.000013 0.709224 0.000049 -0.704983
436.200000 275.531219 134.000793 -29.794304 -0.000009 0.709223 0.000049 -0.704984
436.300000 275.649933 134.000793 -29.794209 -0.000005 0.709223 0.000051 -0.704984
436.400000 275.756805 134.000809 -29.794123 -0.000001 0.709223 0.000052 -0.704985
436.500000 275.875488 134.000809 -29.794027 0.000002 0.709222 0.000053 -0.704985
436.600000 275.982330 134.000824 -29.793940 0.000006 0.709222 0.000055 -0.704985
436.700000 276.089203 134.000824 -29.793854 0.000009 0.709223 0.000056 -0.704984
436.800000 276.184143 134.000824 -29.793779 0.000012 0.709223 0.000058 -0.704984
436.900000 276.302856 134.000824 -29.793684 0.000015 0.709224 0.000059 -0.704984
437.000000 276.516571 134.000839 -29.793512 0.000022 0.709223 0.000062 -0.704984
437.100000 276.730225 134.000839 -29.793339 0.000027 0.709223 0.000064 -0.704985
437.200000 276.837097 134.000854 -29.793253 0.000030 0.709222 0.000065 -0.704985
437.300000 276.943909 134.000854 -29.793169 0.000032 0.709223 0.000066 -0.704985
437.400000 277.062622 134.000870 -29.793074 0.000035 0.709223 0.000068 -0.704984
437.500000 277.181335 134.000870 -29.792978 0.000037 0.709224 0.000068 -0.704984
437.600000 277.288208 134.000870 -29.792892 0.000039 0.709224 0.000069 -0.704983
437.700000 277.406921 134.000870 -29.792797 0.000041 0.709224 0.000070 -0.704983
437.800000 277.525604 134.000870 -29.792702 0.000043 0.709224 0.000070 -0.704983
437.900000 277.620575 134.000870 -29.792624 0.000044 0.709224 0.000071 -0.704983
438.000000 277.727448 134.000885 -29.792538 0.000045 0.709224 0.000071 -0.704983
438.100000 277.834259 134.000885 -29.792454 0.000045 0.709224 0.000071 -0.704983
438.200000 277.952972 134.000885 -29.792358 0.000047 0.709223 0.000071 -0.704984
438.300000 278.071686 134.000885 -29.792263 0.000047 0.709223 0.000071 -0.704984
438.400000 278.178558 134.000900 -29.792177 0.000048 0.709222 0.000070 -0.704985
438.500000 278.309113 134.000900 -29.792072 0.000048 0.709222 0.000070 -0.704985
438.600000 278.427856 134.000900 -29.791977 0.000049 0.709222 0.000069 -0.704985
438.700000 278.534668 134.000900 -29.791891 0.000049 0.709222 0.000069 -0.704985
438.800000 278.653381 134.000900 -29.791794 0.000049 0.709222 0.000067 -0.704985
438.900000 278.760223 134.000900 -29.791708 0.000049 0.709222 0.000067 -0.704985
439.000000 278.878967 134.000900 -29.791613 0.000048 0.709222 0.000065 -0.704986
439.100000 278.985809 134.000900 -29.791527 0.000048 0.709222 0.000064 -0.704985
439.200000 279.223206 134.000916 -29.791338 0.000047 0.709223 0.000061 -0.704984
439.300000 279.330048 134.000916 -29.791252 0.000046 0.709224 0.000060 -0.704984
439.400000 279.460632 134.000916 -29.791147 0.000045 0.709224 0.000059 -0.704983
439.500000 279.567505 134.000916 -29.791061 0.000045 0.709224 0.000057 -0.704983
439.600000 279.781158 134.000931 -29.790888 0.000043 0.709225 0.000055 -0.704983
439.700000 279.899872 134.000931 -29.790792 0.000042 0.709225 0.000053 -0.704983
439.800000 280.125458 134.000931 -29.790611 0.000040 0.709224 0.000051 -0.704984
439.900000 280.256042 134.000931 -29.790506 0.000039 0.709223 0.000049 -0.704984
440.000000 280.374725 134.000931 -29.790411 0.000039 0.709223 0.000048 -0.704985
440.100000 280.481567 134.000931 -29.790327 0.000038 0.709222 0.000047 -0.704985
440.200000 280.600281 134.000931 -29.790232 0.000037 0.709222 0.000045 -0.704985
440.300000 280.825867 134.000931 -29.790051 0.000036 0.709222 0.000043 -0.704985
440.400000 280.932678 134.000931 -29.789963 0.000035 0.709222 0.000042 -0.704986
440.500000 281.051392 134.000931 -29.789867 0.000035 0.709221 0.000041 -0.704986
440.600000 281.170105 134.000931 -29.789772 0.000034 0.709221 0.000041 -0.704986
440.700000 281.288818 134.000931 -29.789677 0.000034 0.709221 0.000041 -0.704986
440.800000 281.395691 134.000931 -29.789591 0.000033 0.709222 0.000039 -0.704985
440.900000 281.502502 134.000931 -29.789507 0.000033 0.709222 0.000039 -0.704985
441.000000 281.716217 134.000931 -29.789335 0.000033 0.709223 0.000038 -0.704984
441.100000 281.882385 134.000946 -29.789202 0.000033 0.709224 0.000038 -0.704983
441.200000 282.012970 134.000946 -29.789097 0.000033 0.709224 0.000038 -0.704983
441.300000 282.131683 134.000946 -29.789001 0.000033 0.709224 0.000038 -0.704983
441.400000 282.238525 134.000946 -29.788916 0.000033 0.709224 0.000038 -0.704983
441.500000 282.452209 134.000946 -29.788742 0.000033 0.709225 0.000037 -0.704983
441.600000 282.570923 134.000946 -29.788647 0.000033 0.709225 0.000037 -0.704983
441.700000 282.677765 134.000946 -29.788561 0.000033 0.709225 0.000037 -0.704983
441.800000 282.772736 134.000946 -29.788486 0.000034 0.709225 0.000038 -0.704983
441.900000 282.879578 134.000946 -29.788401 0.000034 0.709225 0.000038 -0.704983
442.000000 282.998260 134.000946 -29.788305 0.000035 0.709225 0.000038 -0.704983
442.100000 283.105133 134.000946 -29.788219 0.000035 0.709225 0.000038 -0.704983
442.200000 283.211975 134.000946 -29.788132 0.000036 0.709224 0.000039 -0.704983
442.300000 283.425690 134.000946 -29.787960 0.000037 0.709224 0.000040 -0.704983
442.400000 283.532501 134.000946 -29.787876 0.000038 0.709223 0.000040 -0.704985
442.500000 283.639343 134.000946 -29.787790 0.000038 0.709223 0.000040 -0.704985
442.600000 283.758057 134.000946 -29.787695 0.000039 0.709222 0.000041 -0.704985
442.700000 283.864929 134.000946 -29.787609 0.000039 0.709222 0.000041 -0.704985
442.800000 283.971741 134.000946 -29.787521 0.000040 0.709221 0.000042 -0.704986
442.900000 284.090454 134.000946 -29.787426 0.000040 0.709221 0.000042 -0.704986
443.000000 284.209198 134.000946 -29.787331 0.000041 0.709221 0.000043 -0.704986
443.100000 284.316040 134.000946 -29.787245 0.000041 0.709221 0.000043 -0.704986
443.200000 284.434753 134.000961 -29.787149 0.000042 0.709221 0.000044 -0.704987
443.300000 284.565338 134.000961 -29.787045 0.000042 0.709221 0.000044 -0.704987
443.400000 284.897736 134.000961 -29.786779 0.000044 0.709221 0.000045 -0.704987
443.500000 285.016449 134.000961 -29.786684 0.000044 0.709221 0.000045 -0.704987
443.600000 285.253876 134.000961 -29.786493 0.000044 0.709221 0.000046 -0.704986
443.700000 285.372589 134.000961 -29.786398 0.000044 0.709221 0.000046 -0.704986
443.800000 285.491302 134.000961 -29.786301 0.000044 0.709221 0.000046 -0.704986
443.900000 285.610016 134.000961 -29.786205 0.000044 0.709221 0.000046 -0.704986
444.000000 285.728729 134.000961 -29.786110 0.000044 0.709221 0.000046 -0.704986
444.100000 285.847412 134.000961 -29.786015 0.000045 0.709221 0.000046 -0.704986
444.200000 285.966156 134.000961 -29.785919 0.000045 0.709221 0.000046 -0.704986
444.300000 286.072968 134.000961 -29.785833 0.000045 0.709221 0.000046 -0.704986
444.400000 286.191681 134.000961 -29.785740 0.000045 0.709221 0.000046 -0.704986
444.500000 286.298523 134.000961 -29.785654 0.000045 0.709221 0.000046 -0.704986
444.600000 286.417236 134.000961 -29.785559 0.000045 0.709221 0.000046 -0.704986
444.700000 286.535980 134.000961 -29.785463 0.000045 0.709221 0.000046 -0.704986
444.800000 286.630920 134.000961 -29.785387 0.000045 0.709221 0.000046 -0.704986
444.900000 286.749634 134.000961 -29.785290 0.000045 0.709221 0.000046 -0.704986
445.000000 286.868347 134.000961 -29.785194 0.000045 0.709222 0.000045 -0.704986
445.100000 286.987061 134.000961 -29.785099 0.000045 0.709222 0.000045 -0.704986
445.200000 287.105804 134.000961 -29.785004 0.000045 0.709222 0.000045 -0.704986
445.300000 287.224518 134.000961 -29.784908 0.000045 0.709222 0.000045 -0.704986
445.400000 287.343231 134.000961 -29.784813 0.000044 0.709222 0.000044 -0.704986
445.500000 287.450043 134.000961 -29.784729 0.000044 0.709222 0.000044 -0.704986
445.600000 287.568756 134.000961 -29.784634 0.000044 0.709222 0.000044 -0.704986
445.700000 287.675629 134.000961 -29.784548 0.000043 0.709222 0.000044 -0.704985
445.800000 287.794342 134.000961 -29.784452 0.000043 0.709222 0.000044 -0.704985
445.900000 287.924927 134.000961 -29.784348 0.000043 0.709222 0.000044 -0.704985
446.000000 288.055511 134.000961 -29.784243 0.000043 0.709222 0.000043 -0.704985
446.100000 288.292938 134.000961 -29.784052 0.000043 0.709222 0.000043 -0.704985
446.200000 288.506592 134.000961 -29.783878 0.000042 0.709222 0.000042 -0.704985
446.300000 288.625336 134.000961 -29.783783 0.000042 0.709222 0.000042 -0.704985
446.400000 288.732147 134.000961 -29.783697 0.000042 0.709222 0.000042 -0.704985
446.500000 288.838989 134.000961 -29.783613 0.000042 0.709222 0.000042 -0.704985
446.600000 288.957703 134.000961 -29.783518 0.000042 0.709222 0.000042 -0.704985
446.700000 289.064575 134.000961 -29.783432 0.000041 0.709222 0.000041 -0.704985
446.800000 289.195160 134.000961 -29.783327 0.000041 0.709222 0.000041 -0.704985
446.900000 289.313873 134.000961 -29.783232 0.000041 0.709222 0.000041 -0.704985
447.000000 289.432587 134.000961 -29.783136 0.000041 0.709222 0.000041 -0.704985
447.100000 289.551270 134.000961 -29.783041 0.000041 0.709222 0.000041 -0.704985
447.200000 289.669983 134.000961 -29.782946 0.000041 0.709222 0.000041 -0.704985
447.300000 289.776825 134.000961 -29.782858 0.000041 0.709222 0.000041 -0.704985
447.400000 289.895569 134.000961 -29.782763 0.000041 0.709222 0.000041 -0.704985
447.500000 290.014282 134.000961 -29.782667 0.000041 0.709222 0.000041 -0.704985
447.600000 290.132996 134.000961 -29.782572 0.000041 0.709222 0.000041 -0.704985
447.700000 290.251678 134.000961 -29.782476 0.000041 0.709222 0.000041 -0.704985
447.800000 290.382294 134.000961 -29.782372 0.000041 0.709222 0.000041 -0.704985
447.900000 290.500977 134.000961 -29.782278 0.000041 0.709222 0.000041 -0.704985
448.000000 290.619690 134.000961 -29.782183 0.000041 0.709222 0.000041 -0.704985
448.100000 290.750275 134.000961 -29.782078 0.000041 0.709222 0.000041 -0.704985
448.200000 290.868988 134.000961 -29.781982 0.000041 0.709222 0.000041 -0.704985
448.300000 291.118286 134.000961 -29.781782 0.000041 0.709222 0.000041 -0.704985
448.400000 291.248871 134.000961 -29.781677 0.000041 0.709222 0.000041 -0.704985
448.500000 291.367584 134.000961 -29.781582 0.000041 0.709222 0.000041 -0.704985
448.600000 291.486298 134.000961 -29.781487 0.000041 0.709222 0.000041 -0.704985
448.700000 291.605011 134.000961 -29.781391 0.000041 0.709222 0.000041 -0.704985
448.800000 291.830566 134.000961 -29.781210 0.000042 0.709222 0.000042 -0.704985
448.900000 291.937408 134.000961 -29.781122 0.000042 0.709222 0.000042 -0.704985
449.000000 292.056122 134.000961 -29.781027 0.000042 0.709222 0.000042 -0.704985
449.100000 292.174866 134.000961 -29.780931 0.000042 0.709222 0.000042 -0.704985
449.200000 292.281708 134.000961 -29.780846 0.000042 0.709222 0.000042 -0.704985
449.300000 292.400391 134.000961 -29.780752 0.000042 0.709222 0.000042 -0.704985
449.400000 292.507233 134.000961 -29.780666 0.000042 0.709222 0.000042 -0.704985
449.500000 292.625946 134.000961 -29.780571 0.000043 0.709222 0.000043 -0.704985
449.600000 292.732819 134.000961 -29.780485 0.000043 0.709222 0.000043 -0.704985
449.700000 292.851532 134.000961 -29.780390 0.000043 0.709222 0.000043 -0.704985
449.800000 293.077057 134.000961 -29.780207 0.000043 0.709222 0.000043 -0.704985
449.900000 293.183929 134.000961 -29.780121 0.000043 0.709222 0.000043 -0.704985
450.000000 293.290741 134.000961 -29.780035 0.000043 0.709222 0.000043 -0.704985
450.100000 293.397583 134.000961 -29.779951 0.000043 0.709222 0.000043 -0.704985
450.200000 293.516296 134.000961 -29.779856 0.000043 0.709222 0.000043 -0.704985
450.300000 293.623169 134.000961 -29.779770 0.000043 0.709222 0.000043 -0.704985
450.400000 293.741882 134.000961 -29.779675 0.000043 0.709222 0.000043 -0.704985
450.500000 293.848694 134.000961 -29.779587 0.000043 0.709222 0.000043 -0.704985
450.600000 293.967407 134.000961 -29.779491 0.000043 0.709222 0.000043 -0.704985
450.700000 294.086121 134.000961 -29.779396 0.000043 0.709222 0.000043 -0.704985
450.800000 294.204834 134.000961 -29.779301 0.000043 0.709222 0.000043 -0.704985
450.900000 294.323578 134.000961 -29.779205 0.000043 0.709222 0.000043 -0.704985
451.000000 294.454163 134.000961 -29.779100 0.000043 0.709222 0.000043 -0.704985
451.100000 294.572876 134.000961 -29.779005 0.000043 0.709222 0.000043 -0.704985
451.200000 294.679688 134.000961 -29.778921 0.000043 0.709222 0.000043 -0.704985
451.300000 294.786530 134.000961 -29.778835 0.000043 0.709222 0.000043 -0.704985
451.400000 294.893402 134.000961 -29.778749 0.000043 0.709222 0.000043 -0.704985
451.500000 295.000214 134.000961 -29.778664 0.000043 0.709222 0.000043 -0.704985
451.600000 295.118927 134.000961 -29.778568 0.000043 0.709222 0.000043 -0.704985
451.700000 295.225769 134.000961 -29.778481 0.000043 0.709222 0.000043 -0.704985
451.800000 295.439453 134.000961 -29.778311 0.000043 0.709222 0.000043 -0.704985
451.900000 295.546295 134.000961 -29.778225 0.000043 0.709222 0.000043 -0.704985
452.000000 295.665009 134.000961 -29.778130 0.000043 0.709222 0.000043 -0.704985
452.100000 295.783722 134.000961 -29.778034 0.000043 0.709222 0.000043 -0.704985
452.200000 295.890594 134.000961 -29.777948 0.000043 0.709222 0.000043 -0.704985
452.300000 295.997406 134.000961 -29.777861 0.000043 0.709222 0.000043 -0.704985
452.400000 296.092407 134.000961 -29.777784 0.000043 0.709222 0.000043 -0.704985
452.500000 296.199219 134.000961 -29.777700 0.000043 0.709222 0.000043 -0.704985
452.600000 296.306061 134.000961 -29.777615 0.000043 0.709222 0.000043 -0.704985
452.700000 296.424774 134.000961 -29.777519 0.000043 0.709222 0.000043 -0.704985
452.800000 296.638458 134.000961 -29.777348 0.000043 0.709222 0.000043 -0.704985
452.900000 296.757172 134.000961 -29.777250 0.000043 0.709222 0.000043 -0.704985
453.000000 296.887756 134.000961 -29.777145 0.000043 0.709222 0.000043 -0.704985
453.100000 297.018341 134.000961 -29.777042 0.000043 0.709222 0.000043 -0.704985
453.200000 297.137054 134.000961 -29.776945 0.000043 0.709222 0.000043 -0.704985
453.300000 297.243896 134.000961 -29.776859 0.000043 0.709222 0.000043 -0.704985
453.400000 297.362640 134.000961 -29.776764 0.000043 0.709222 0.000043 -0.704985
453.500000 297.457581 134.000961 -29.776690 0.000043 0.709222 0.000043 -0.704985
453.600000 297.576294 134.000961 -29.776594 0.000043 0.709222 0.000043 -0.704985
453.700000 297.790009 134.000961 -29.776423 0.000043 0.709222 0.000043 -0.704985
453.800000 297.896820 134.000961 -29.776335 0.000043 0.709222 0.000043 -0.704985
453.900000 298.015533 134.000961 -29.776239 0.000043 0.709222 0.000043 -0.704985
454.000000 298.241119 134.000961 -29.776058 0.000043 0.709222 0.000043 -0.704985
454.100000 298.347931 134.000961 -29.775974 0.000043 0.709222 0.000043 -0.704985
