1.000000 1.798309871361270496e+02 4.905589356579003635e+01 2.118136035722889332e+01 8.009282992798683054e-02 7.972503250378156769e-01 4.334816475779144085e-01 -4.123963130707651858e-01
1.100000 1.799778244472610709e+02 4.896740758615818123e+01 2.117972790630662772e+01 7.931219685117753271e-02 7.977931513273123221e-01 4.322446527297025276e-01 -4.127956192990120954e-01
1.200000 1.801357726391084668e+02 4.886965547677569788e+01 2.118245740849569714e+01 7.858689704608408377e-02 7.983904983591134652e-01 4.309560966194448950e-01 -4.131265599414860601e-01
1.300000 1.802925103805260960e+02 4.876938367726260992e+01 2.118153280931142746e+01 7.775679826234159486e-02 7.990341979134376604e-01 4.295449959679766283e-01 -4.135085577442018101e-01
1.400000 1.804311240319691194e+02 4.866804136884056931e+01 2.118444564210231107e+01 7.702537000795549316e-02 7.998929733820888677e-01 4.279452801529762263e-01 -4.136437606248750676e-01
1.500000 1.805837078599862195e+02 4.853853207214252308e+01 2.119338121124148344e+01 7.603421803318241579e-02 8.010279066673529069e-01 4.258008345718061194e-01 -4.138438590895781588e-01
1.600000 1.807207869502178710e+02 4.843519351518642679e+01 2.119317304547353231e+01 7.540897304377121302e-02 8.018801843556201403e-01 4.240382872122207547e-01 -4.141173598153146118e-01
1.700000 1.808745448457298437e+02 4.833060895218896036e+01 2.119151722806674698e+01 7.477756693613822614e-02 8.026024102609270461e-01 4.225392500552831443e-01 -4.143648979935207199e-01
1.800000 1.810237554214107263e+02 4.821975367707192106e+01 2.119012403171132775e+01 7.424497029941716508e-02 8.033518700737132257e-01 4.208648906326230010e-01 -4.147121906420121462e-01
1.900000 1.813054219138188898e+02 4.799984132210580867e+01 2.119639660135817394e+01 7.360843462729621534e-02 8.042587479007503592e-01 4.191323271466763090e-01 -4.148225610034338429e-01
2.000000 1.815116306221857769e+02 4.784612807469066809e+01 2.119822340764016388e+01 7.295939857420244423e-02 8.050492776767660397e-01 4.176204792124025844e-01 -4.149285745935211711e-01
2.100000 1.818200347795518326e+02 4.761371797245735848e+01 2.120198859020035087e+01 7.221571686133901324e-02 8.058673201973018951e-01 4.160832259277113532e-01 -4.150150618686160309e-01
2.200000 1.819567823807993818e+02 4.750981152745866609e+01 2.120207004612747426e+01 7.128412510570884819e-02 8.066628025065131213e-01 4.145870450828040843e-01 -4.151280267697672888e-01
2.300000 1.820919381823049719e+02 4.740394131107330367e+01 2.120356734010897881e+01 7.017687052754617572e-02 8.076612611339393233e-01 4.129100226558652387e-01 -4.150467531457479597e-01
2.400000 1.822179559818909240e+02 4.730973847455675241e+01 2.120108718731047048e+01 6.917047182904306757e-02 8.084577844112456058e-01 4.113823327911241279e-01 -4.151819274958150063e-01
2.500000 1.823622928941935015e+02 4.719262746440595180e+01 2.120402478144052338e+01 6.755377951311079820e-02 8.094795438623121342e-01 4.094925683424163743e-01 -4.153254042486304587e-01
2.600000 1.824901919682843072e+02 4.710128103674823308e+01 2.119853293775541303e+01 6.616723201832851176e-02 8.102648879874291277e-01 4.079818027514283130e-01 -4.155039799152906999e-01
2.700000 1.826249308999222478e+02 4.699510690624397569e+01 2.119676235068731529e+01 6.492543789587240655e-02 8.111996000541265017e-01 4.064742269640617134e-01 -4.153535833479989337e-01
2.800000 1.827473518051645840e+02 4.689662103732447918e+01 2.119279911670415473e+01 6.398950933348759862e-02 8.117973782508565161e-01 4.050692112029900538e-01 -4.157033720042248581e-01
2.900000 1.828780820064895067e+02 4.678579029473132778e+01 2.119012821577202388e+01 6.304996544157928651e-02 8.123409678710853399e-01 4.037127897169789370e-01 -4.161043585388383148e-01
3.000000 1.830141159502654773e+02 4.666002927667707922e+01 2.120796677386721640e+01 6.156488930042706975e-02 8.133876178279300095e-01 4.015097461245232258e-01 -4.164135820751436734e-01
3.100000 1.831539559978945420e+02 4.653747225023782619e+01 2.121418590924282555e+01 6.070474716148285821e-02 8.140703758931844281e-01 4.002705997225042278e-01 -4.163986116246984337e-01
3.200000 1.832823132648540252e+02 4.642374005137146753e+01 2.122212296145158916e+01 5.974788692778205956e-02 8.142971556790119525e-01 3.993214078419318191e-01 -4.170044909828590773e-01
3.300000 1.834118112461572707e+02 4.631181371247991763e+01 2.123510619781853137e+01 5.873994048972149690e-02 8.146114611360667501e-01 3.983858062891689200e-01 -4.174284802506356695e-01
3.400000 1.835393102138268659e+02 4.619780651877798761e+01 2.124856374389479186e+01 5.791047606252529983e-02 8.150930692790937515e-01 3.973203265465310996e-01 -4.176197113264121796e-01
3.500000 1.836976159537288993e+02 4.605473577451789424e+01 2.126978029835007078e+01 5.680930732018746321e-02 8.152110751450433179e-01 3.966790176233909171e-01 -4.181499283032396597e-01
3.600000 1.838288262611023924e+02 4.594463991091729582e+01 2.127863985429245730e+01 5.556474414334740264e-02 8.150401704189288443e-01 3.961741355042836532e-01 -4.191278255725828239e-01
3.700000 1.839608377454924266e+02 4.583625119588302255e+01 2.129328463047992415e+01 5.425868855097822768e-02 8.149276741535497193e-01 3.957632746636512433e-01 -4.199051214773609764e-01
3.800000 1.840943768621112895e+02 4.569251907102373877e+01 2.133364361880201443e+01 5.319775672684739359e-02 8.159404203585661763e-01 3.940549939304299754e-01 -4.196807010845347019e-01
3.900000 1.843690031841701398e+02 4.546541162193503283e+01 2.136556852911156312e+01 5.158685673387009007e-02 8.153674294771851017e-01 3.938176521424517906e-01 -4.212153938557960942e-01
4.000000 1.845166612302482179e+02 4.535280492877662084e+01 2.137515745316463978e+01 4.973427844477853327e-02 8.145260918987918819e-01 3.936792907281042031e-01 -4.231906936777730666e-01
4.100000 1.846588854771335662e+02 4.523622908171169854e+01 2.140230150808621445e+01 4.788400533529409142e-02 8.138126878463034508e-01 3.935292736068192743e-01 -4.249126286048860446e-01
4.200000 1.847894642058827515e+02 4.512794273591212857e+01 2.142792909403618040e+01 4.596386426586760582e-02 8.130887800361358275e-01 3.933436611666488725e-01 -4.266787118911767318e-01
4.300000 1.849117350595737719e+02 4.503132364329538007e+01 2.144833481242979545e+01 4.428482370525040762e-02 8.122562340321419772e-01 3.932379876266164920e-01 -4.285353541455897419e-01
4.400000 1.850422068531120487e+02 4.492328517421643141e+01 2.147488932277400409e+01 4.216120360858538474e-02 8.114057245493614401e-01 3.930338758852089387e-01 -4.305433259097758980e-01
4.500000 1.851647367084686380e+02 4.482786823552085309e+01 2.149915630415677725e+01 4.025486951824779752e-02 8.104354633551282827e-01 3.929438233981303874e-01 -4.326303929102603973e-01
4.600000 1.853090890585354487e+02 4.471405686218316333e+01 2.152818417449624988e+01 3.836546085719354932e-02 8.095707180391509272e-01 3.928686021098368730e-01 -4.344854489888601012e-01
4.700000 1.854430775686626873e+02 4.461014185669714749e+01 2.155541029610701287e+01 3.641591128351943929e-02 8.086881199022480926e-01 3.927878614612593799e-01 -4.363657892445836906e-01
4.800000 1.855623388605926039e+02 4.451234460132877757e+01 2.158677086166729353e+01 3.432384380142312896e-02 8.078538467816257507e-01 3.926960181118931414e-01 -4.381596436755541002e-01
4.900000 1.856922941893943175e+02 4.440637687508792908e+01 2.162348566816174866e+01 3.212718099786710663e-02 8.069578912521194747e-01 3.926676512529732599e-01 -4.399987745966300601e-01
5.000000 1.858229115591850871e+02 4.430131086757730685e+01 2.166015585410120536e+01 2.995171472440368368e-02 8.059196672628406999e-01 3.925265832498442409e-01 -4.421756055530687290e-01
5.100000 1.859409616670634762e+02 4.416665513550128708e+01 2.171000809033729340e+01 2.742172757069824898e-02 8.056958585303609643e-01 3.918127257884380654e-01 -4.433790932309474297e-01
5.200000 1.860705907337686256e+02 4.408029041077917753e+01 2.173136222524205863e+01 2.484548201100827622e-02 8.042929125477262797e-01 3.915696174282483066e-01 -4.462833713642390676e-01
5.300000 1.862237026378383291e+02 4.397792769880376085e+01 2.175549884221262076e+01 2.198552987768243733e-02 8.026410928764382557e-01 3.914110380650347443e-01 -4.495345501548976830e-01
5.400000 1.863721270438448414e+02 4.405811891158808180e+01 2.172491733165228567e+01 1.953500502511116774e-02 8.008913877173399198e-01 3.910122618881378131e-01 -4.531012907860501593e-01
5.500000 1.865235072930719582e+02 4.397792390148337205e+01 2.173527451890386430e+01 1.647108872822818440e-02 7.990293693931771468e-01 3.907107074016040738e-01 -4.567558573296973123e-01
5.600000 1.865726357433347857e+02 4.384719083251128779e+01 2.163524839894731144e+01 1.516010291420782745e-02 7.978373161231820943e-01 3.901691289488944392e-01 -4.593406569162469810e-01
5.700000 1.865903931142681813e+02 4.374345696544164497e+01 2.151819986836222398e+01 1.364945501135811541e-02 7.956919138989718698e-01 3.906473617568061996e-01 -4.626907274693658478e-01
5.800000 1.866060130216154676e+02 4.361863447341532662e+01 2.142358499895000534e+01 1.362626210726685175e-02 7.945647065351015836e-01 3.898472569442369418e-01 -4.652960008025279759e-01
5.900000 1.866179401111708671e+02 4.344067601257152944e+01 2.125828385163566026e+01 1.351634066165232836e-02 7.930498410491271244e-01 3.899349368761443890e-01 -4.678033808668656257e-01
6.000000 1.866303026315579530e+02 4.328386053338953587e+01 2.115926846384162729e+01 1.704681929284345906e-02 7.924088967191136312e-01 3.885582286242796890e-01 -4.699149383885940501e-01
6.100000 1.866363966094219791e+02 4.314826522740732173e+01 2.107979836927054507e+01 1.876027340457697354e-02 7.912408763583507199e-01 3.879791769366321974e-01 -4.722902560767353597e-01
6.200000 1.867627875374761288e+02 4.306013447850691023e+01 2.111125764420075512e+01 1.498960478087879925e-02 7.914917236320347937e-01 3.864109265193348963e-01 -4.732892974037894995e-01
6.300000 1.867592317331028937e+02 4.291393888603317919e+01 2.102164753109783746e+01 1.486598996767186584e-02 7.899975521887978580e-01 3.863888153628693423e-01 -4.758009596884680281e-01
6.400000 1.867655913937894070e+02 4.263860537243199644e+01 2.084248006198151870e+01 1.653106707171580689e-02 7.883820928064140254e-01 3.858702652363634744e-01 -4.788366506127823552e-01
6.500000 1.869066036446498345e+02 4.239115741057655384e+01 2.062599750276611488e+01 1.757069319519398085e-02 7.864817832541363130e-01 3.846881516178010108e-01 -4.828588834793389739e-01
6.600000 1.869966303595460602e+02 4.227288865988006705e+01 2.051407987427318957e+01 1.835625870033616436e-02 7.842111116955633454e-01 3.840145377739919708e-01 -4.870408759416012257e-01
6.700000 1.870455869595883485e+02 4.215904746021812599e+01 2.041706520812881820e+01 1.997896385032351188e-02 7.830357414360633594e-01 3.833113084317815722e-01 -4.894162946464470365e-01
6.800000 1.871262333102067146e+02 4.190924119038039919e+01 2.021865667152995982e+01 2.192070683643283432e-02 7.822720057026310014e-01 3.831904874980123221e-01 -4.906475741271015822e-01
6.900000 1.871562403315568304e+02 4.179681475425899606e+01 2.013550589274209202e+01 2.443545173223952288e-02 7.812279242169174465e-01 3.828310980549917697e-01 -4.924694807644194317e-01
7.000000 1.872096005536872667e+02 4.167207015335969089e+01 2.003044115770287803e+01 2.574361790586822754e-02 7.808288116800629064e-01 3.826034542052905718e-01 -4.932121549775487224e-01
7.100000 1.872525927668208681e+02 4.156802180860675833e+01 1.994227804696803830e+01 2.805672711525029547e-02 7.799352044089636893e-01 3.827408224637662282e-01 -4.943919091236103625e-01
7.200000 1.873284275476138987e+02 4.145062912211872685e+01 1.991236857698899243e+01 2.795009604421882718e-02 7.792058829682472210e-01 3.821740157579384678e-01 -4.959838765103602443e-01
7.300000 1.873219806210805700e+02 4.131295246777069252e+01 1.983659957783752148e+01 3.078730144393994339e-02 7.783258150099515715e-01 3.818269147861829693e-01 -4.974628377112801370e-01
7.400000 1.873534017414905861e+02 4.120965833615144192e+01 1.976674874578568009e+01 3.061589237078023509e-02 7.776403678463603697e-01 3.794644607971259798e-01 -5.003447295835788955e-01
7.500000 1.874172118630223736e+02 4.108610563345808941e+01 1.966639520374848260e+01 3.217349851086707957e-02 7.761407391419067325e-01 3.791183032687325261e-01 -5.028317125683935407e-01
7.600000 1.874739382332569733e+02 4.096616877138780666e+01 1.958210201699449726e+01 3.422761843227534184e-02 7.744968716289493127e-01 3.776266688656423343e-01 -5.063409571966935863e-01
7.700000 1.875354873419799446e+02 4.086093603726772727e+01 1.948297160628168001e+01 3.432044073011133317e-02 7.746414242998896915e-01 3.778136268854436208e-01 -5.059739464106782769e-01
7.800000 1.875844892691466725e+02 4.075862994651237869e+01 1.939612653521500363e+01 3.600454207294587206e-02 7.737351915686668802e-01 3.785359676020464970e-01 -5.067031157491516113e-01
7.900000 1.876848310839737906e+02 4.065692116530337330e+01 1.930068246675114807e+01 3.587211722905297301e-02 7.733941226650887790e-01 3.807713127902727646e-01 -5.055570487972402827e-01
8.000000 1.877735329983255212e+02 4.054970480449000547e+01 1.920000840258832042e+01 3.582402556420975076e-02 7.734626379807915120e-01 3.816347403450306430e-01 -5.048040330682302956e-01
8.100000 1.878410298548925539e+02 4.041390113533949346e+01 1.911933898039281132e+01 3.708715826230802454e-02 7.719814199684084111e-01 3.816135814471889320e-01 -5.069914243561089995e-01
8.200000 1.879272611808297881e+02 4.028807489775424955e+01 1.904041477364095059e+01 3.653796272034175868e-02 7.722675935389078372e-01 3.828033079850480802e-01 -5.056969138185202217e-01
8.300000 1.879713097805922928e+02 4.016922430829537660e+01 1.894712179087850856e+01 3.892404937257750580e-02 7.710203261484680493e-01 3.828137488485091611e-01 -5.074112816433055118e-01
8.400000 1.880520099649730241e+02 4.003680934670959601e+01 1.884438688796088712e+01 3.651245098010589413e-02 7.710849956016583295e-01 3.836030185616991495e-01 -5.068959406345335816e-01
8.500000 1.880903673592316920e+02 3.992705342108748567e+01 1.876099368241354171e+01 3.935339749994346686e-02 7.693100881609559183e-01 3.832206171156615770e-01 -5.096619045764412270e-01
8.600000 1.881789097921542293e+02 3.979147070665455033e+01 1.870420987828061854e+01 3.621115393357494938e-02 7.706812030876643016e-01 3.847495962314401718e-01 -5.066625935846190698e-01
8.700000 1.882482935354133815e+02 3.968773130076084499e+01 1.860837734200735838e+01 3.662491955357295714e-02 7.701553776888669933e-01 3.849547060336415139e-01 -5.072762401169264024e-01
8.800000 1.883248052070541121e+02 3.957195928952974384e+01 1.850744079837144440e+01 3.502418504354599255e-02 7.704793611142297660e-01 3.859898065501056741e-01 -5.061094049693758423e-01
8.900000 1.884220490252768911e+02 3.947795077880453363e+01 1.842715427834312791e+01 3.494055691176494588e-02 7.700287202370061923e-01 3.887643642020558454e-01 -5.046753378355488540e-01
9.000000 1.885044543569138398e+02 3.933466463355340181e+01 1.838107284307447387e+01 3.507247227843945936e-02 7.694054825867242542e-01 3.893875391907777872e-01 -5.051360899566752494e-01
9.100000 1.885758121399936726e+02 3.922220057422637751e+01 1.829745651768550374e+01 3.184580712150514303e-02 7.703429018699130548e-01 3.896664841778539889e-01 -5.037039698234387908e-01
9.200000 1.886073518411253076e+02 3.909391522236251149e+01 1.821219176432357401e+01 2.099964252310040566e-02 7.718389956654295725e-01 3.870127667444029917e-01 -5.040284695936582127e-01
9.300000 1.886959037459788249e+02 3.899297502737877608e+01 1.816316255745130803e+01 -1.506085842226359941e-03 7.736642458321559834e-01 3.826778253056690171e-01 -5.049743047380936822e-01
9.400000 1.887404451060087069e+02 3.886948439396529409e+01 1.805279732119878133e+01 -1.002429043007345075e-02 7.740510799519700891e-01 3.813640969989897100e-01 -5.052780073847541464e-01
9.500000 1.888270771652473741e+02 3.874894860310819666e+01 1.796691196589123152e+01 -2.599543860151271729e-02 7.759520278988827346e-01 3.769694000756440566e-01 -5.050908423027835603e-01
9.600000 1.889052235431165911e+02 3.861360205022973702e+01 1.789632498638309954e+01 -4.363485465156800164e-02 7.773459951864308826e-01 3.713647431816207711e-01 -5.058828231406981013e-01
9.700000 1.889590865889319105e+02 3.850803329308308065e+01 1.779311200731492448e+01 -5.236513356948201831e-02 7.771009061072947643e-01 3.695928372484260094e-01 -5.067279439384905215e-01
9.800000 1.890209850957269566e+02 3.839837666579512643e+01 1.769906986360732049e+01 -6.739675436114304918e-02 7.772936978967399657e-01 3.662689585448772323e-01 -5.070692602771799118e-01
9.900000 1.890807636394090991e+02 3.828929767855210997e+01 1.762875800891348277e+01 -7.686137687434295429e-02 7.783478837863226918e-01 3.610778429283517110e-01 -5.078284079258877926e-01
10.000000 1.892630970399103489e+02 3.806405466773996693e+01 1.750587512866317041e+01 -9.377045063533787084e-02 7.786518564075869397e-01 3.555462484827695002e-01 -5.084242857009223515e-01
10.100000 1.894105154774111952e+02 3.785538704334457094e+01 1.732171455128614923e+01 -1.044274428512303177e-01 7.793430850218516781e-01 3.516616879956335207e-01 -5.079894902497860132e-01
10.200000 1.894781761525852346e+02 3.775625135101682872e+01 1.721986620059025341e+01 -1.141263502260472656e-01 7.790982231104108813e-01 3.498443720108200261e-01 -5.075332996982927503e-01
10.300000 1.895879632748858796e+02 3.769424649035566688e+01 1.715219973049048008e+01 -1.139331683131401263e-01 7.793062098598324550e-01 3.514734651414034294e-01 -5.061298921556869335e-01
10.400000 1.897115841798479892e+02 3.760025214617056122e+01 1.707893202915336772e+01 -1.338789671425584249e-01 7.791107788339004525e-01 3.439482964172048685e-01 -5.067172642148454198e-01
10.500000 1.899220937749655320e+02 3.743821579191666160e+01 1.691013058022322468e+01 -1.364615501502229877e-01 7.797769251088410014e-01 3.424464228303953361e-01 -5.060203947362844623e-01
10.600000 1.900127056081148567e+02 3.735709627278017564e+01 1.681034766064920660e+01 -1.390007075752704158e-01 7.798954920647002131e-01 3.412386189914050627e-01 -5.059624785095945265e-01
10.700000 1.901273670708662848e+02 3.726522953103780367e+01 1.672169650369172089e+01 -1.413868601838353667e-01 7.806842755706084880e-01 3.401100959086724163e-01 -5.048434809969762904e-01
10.800000 1.902325270390444700e+02 3.718500126458935995e+01 1.666738115885795324e+01 -1.416230884410992763e-01 7.815867589159192219e-01 3.403588339261678919e-01 -5.032105953536077925e-01
10.900000 1.904278614757426453e+02 3.696676147124208711e+01 1.648860503659503252e+01 -1.445839002070929968e-01 7.823491850697555927e-01 3.371400855836867438e-01 -5.033505846964110297e-01
11.000000 1.905365843602588427e+02 3.686771035112268891e+01 1.640040645417406040e+01 -1.543664540688228226e-01 7.812289279317563562e-01 3.327394869037327840e-01 -5.051106748781473144e-01
11.100000 1.906461863055902484e+02 3.679071548255215873e+01 1.631817103029156613e+01 -1.575036933269826633e-01 7.824524034023341290e-01 3.298126870215731254e-01 -5.041670501707550267e-01
11.200000 1.908018237106696233e+02 3.677279564254773447e+01 1.633039431079970427e+01 -1.772283768555719119e-01 7.815633286354192188e-01 3.226530339880519516e-01 -5.036307034204408062e-01
11.300000 1.909427316188198915e+02 3.670985246017390580e+01 1.636021791601900333e+01 -1.800955117530615990e-01 7.827049442762956666e-01 3.203441288199354031e-01 -5.023128666303905421e-01
11.400000 1.911059998168613845e+02 3.662158018561152062e+01 1.637423388129165858e+01 -1.831766408172220140e-01 7.841667356453654314e-01 3.164058177226993229e-01 -5.014142074946021932e-01
11.500000 1.912713878346960144e+02 3.659897379317254007e+01 1.641478650944454643e+01 -1.885377182700119780e-01 7.851542996448239720e-01 3.139861606868560862e-01 -4.993985837343866696e-01
11.600000 1.914217693200763222e+02 3.658624438130657808e+01 1.645957330813408248e+01 -1.939552887256335012e-01 7.859394251570518408e-01 3.120360212598553007e-01 -4.973068342537413922e-01
11.700000 1.915702666520323021e+02 3.657247933850737098e+01 1.651002678562611692e+01 -1.981065016962033076e-01 7.870662970196686814e-01 3.100979775312323050e-01 -4.950956497612135632e-01
11.800000 1.917311664777836882e+02 3.655162133564216020e+01 1.656622440081092407e+01 -2.025380498353626380e-01 7.877711913838842950e-01 3.075529678741465434e-01 -4.937672127088916785e-01
11.900000 1.918804452370831086e+02 3.653187516157486669e+01 1.661181997454664128e+01 -2.065846586189327982e-01 7.886694447873724423e-01 3.050014474298023415e-01 -4.922371407642888719e-01
12.000000 1.920567149897623267e+02 3.650606756425607102e+01 1.666507339862589987e+01 -2.107947477944608350e-01 7.895131774584775997e-01 3.022540809085969560e-01 -4.907922039883959586e-01
12.100000 1.921972279071516141e+02 3.645750167616652959e+01 1.671648150124023147e+01 -2.146683719174060923e-01 7.908946655590924912e-01 2.994617018830449950e-01 -4.885957502821854925e-01
12.200000 1.923467250605833669e+02 3.642770955488951756e+01 1.675519310950417662e+01 -2.176665071776545668e-01 7.907892684267193717e-01 2.959266043464644502e-01 -4.895927587640416245e-01
12.300000 1.924965138043762352e+02 3.640546005477768432e+01 1.679752716684808078e+01 -2.207128210871574236e-01 7.911461385863995943e-01 2.931767663628471188e-01 -4.893066744615308106e-01
12.400000 1.926431490518110081e+02 3.639925577799287737e+01 1.685388060595589721e+01 -2.237853580939680731e-01 7.905499272248469600e-01 2.904756114313606918e-01 -4.904842966203106225e-01
12.500000 1.928110623030166835e+02 3.643310965107463062e+01 1.686243098683519648e+01 -2.270834736055119818e-01 7.884841075632702534e-01 2.866478705402427662e-01 -4.945289743282514361e-01
12.600000 1.929811043568987259e+02 3.645028677716444321e+01 1.687596956238281365e+01 -2.303362824239691409e-01 7.867200288579039302e-01 2.829173437855307394e-01 -4.979704507079352194e-01
12.700000 1.931199731743755592e+02 3.648304029970324791e+01 1.688266614919450959e+01 -2.336701904555978093e-01 7.847846358037056103e-01 2.797055104954326299e-01 -5.012745204948872990e-01
12.800000 1.933176584365744759e+02 3.651602286119600649e+01 1.688241937590441211e+01 -2.365698526178773853e-01 7.830068566931620566e-01 2.762818962639638221e-01 -5.045822836769421338e-01
12.900000 1.937542770047097065e+02 3.659387806881993299e+01 1.689438969368374899e+01 -2.390935134785422689e-01 7.813884028112856317e-01 2.732010428702354443e-01 -5.075703359526932967e-01
13.000000 1.939024624619731298e+02 3.660746084410278911e+01 1.684301625049692674e+01 -2.408011449504038615e-01 7.791822648546170571e-01 2.696391675115155651e-01 -5.120395747110771945e-01
13.100000 1.940602096371439984e+02 3.655522733306747085e+01 1.688626067981222434e+01 -2.426921703926659957e-01 7.796250981212973219e-01 2.669806461404117259e-01 -5.118657552482906992e-01
13.200000 1.943613718781501234e+02 3.657491205136484069e+01 1.679736547510969302e+01 -2.441100855683010218e-01 7.772077130831913649e-01 2.634299551799546002e-01 -5.166847158197345191e-01
13.300000 1.946993636617640391e+02 3.662923803559997538e+01 1.682126136093112123e+01 -2.462657212152012665e-01 7.755494404942127051e-01 2.607500496938601753e-01 -5.195052179604355835e-01
13.400000 1.948393097337150834e+02 3.665813153225419541e+01 1.682488669126808389e+01 -2.484231232925671606e-01 7.737018429065130043e-01 2.580454274830772388e-01 -5.225743654751037193e-01
13.500000 1.949953318820931543e+02 3.667251701136116537e+01 1.681201716942128499e+01 -2.494061132241030543e-01 7.710918307838418029e-01 2.545924105206585630e-01 -5.276330957115458187e-01
13.600000 1.952922133229268979e+02 3.657413992111764145e+01 1.684389134141487432e+01 -2.499590484246774769e-01 7.712262138728258609e-01 2.525309733879313456e-01 -5.281654178623964579e-01
13.700000 1.954345396408185422e+02 3.658639799402244108e+01 1.684378006180744336e+01 -2.501464922107937694e-01 7.680499219394829602e-01 2.489475220367740327e-01 -5.343698916622634520e-01
13.800000 1.955643187785209705e+02 3.664517376768219492e+01 1.683176189850871651e+01 -2.518201748844252075e-01 7.655054904473275190e-01 2.468154971665587616e-01 -5.382100463337695651e-01
13.900000 1.957330984960510420e+02 3.667271899136603963e+01 1.684810309102132919e+01 -2.536882159403741066e-01 7.637640132064015264e-01 2.446194854236282690e-01 -5.408032253739997186e-01
14.000000 1.958880775554267188e+02 3.669893361861404202e+01 1.683831950545412326e+01 -2.549674777579793994e-01 7.610229287344181248e-01 2.420902711377686256e-01 -5.451861955760295420e-01
14.100000 1.960365070529625484e+02 3.672170846911703279e+01 1.679106540976423290e+01 -2.559650557902547474e-01 7.579867811020064572e-01 2.394087416589541217e-01 -5.501103383014963599e-01
14.200000 1.961839247525974486e+02 3.676049716296320469e+01 1.671194461232528639e+01 -2.569618877813222291e-01 7.551180919949100900e-01 2.367561494290917889e-01 -5.547195517352304650e-01
14.300000 1.963525503736357223e+02 3.679127749077792942e+01 1.672161164659218002e+01 -2.585357374861331770e-01 7.533173211321063656e-01 2.349284769404794415e-01 -5.572081270470440328e-01
14.400000 1.964863989118526320e+02 3.681352250492044220e+01 1.664185477142234859e+01 -2.592162993175668451e-01 7.500240031655074358e-01 2.323361139577675705e-01 -5.623973995269677673e-01
14.500000 1.966407060865392111e+02 3.679693373390112754e+01 1.666773752971064226e+01 -2.607119165388467885e-01 7.498267028149809832e-01 2.301818122620248319e-01 -5.628548175364810335e-01
14.600000 1.967969634442303573e+02 3.680235486226788311e+01 1.668541809836264633e+01 -2.617014902335660920e-01 7.489270934264934398e-01 2.287687999828630636e-01 -5.641678605660516155e-01
14.700000 1.969401788538242499e+02 3.682637521577488826e+01 1.662488541353516425e+01 -2.622712524989199157e-01 7.457442615195142288e-01 2.266585825392539999e-01 -5.689509411932267557e-01
14.800000 1.970831268397514293e+02 3.682523866252032008e+01 1.655921431357634077e+01 -2.624459646277362279e-01 7.427439781072298075e-01 2.245524445229762078e-01 -5.736111037060036555e-01
14.900000 1.972373432753168743e+02 3.685664964110116415e+01 1.649096251412281688e+01 -2.628780864021684760e-01 7.398245980542929034e-01 2.225557553241876985e-01 -5.779477585175134546e-01
15.000000 1.973933865684263083e+02 3.686750694052050648e+01 1.650729596696898582e+01 -2.635579037056533513e-01 7.391612795624736831e-01 2.214731750052376658e-01 -5.789019493342094647e-01
15.100000 1.978745593077210856e+02 3.687580695285394228e+01 1.657474784668236722e+01 -2.641353253777715127e-01 7.390938523875604238e-01 2.202916966031992774e-01 -5.791756000196984777e-01
15.200000 1.980154683065409529e+02 3.688313877733664725e+01 1.659743735685829336e+01 -2.648150429697182506e-01 7.392094506695306988e-01 2.191027321071922773e-01 -5.791686920414128581e-01
15.300000 1.981839442917185181e+02 3.688478844994622818e+01 1.662930207296768259e+01 -2.656907636018064900e-01 7.397616077592020778e-01 2.176894224318041970e-01 -5.785952792613477946e-01
15.400000 1.983526151223798308e+02 3.689093832566008757e+01 1.665912707645961888e+01 -2.663018200766183452e-01 7.399704841881256101e-01 2.165030576551770780e-01 -5.784923933641913374e-01
15.500000 1.986891860945827375e+02 3.689517460954085948e+01 1.672706334269765804e+01 -2.668437485297292522e-01 7.403266685348381948e-01 2.153451054828200706e-01 -5.782190962527123945e-01
15.600000 1.988291163056063340e+02 3.690151885411015797e+01 1.675660743498850280e+01 -2.673309024246513510e-01 7.405182285880147486e-01 2.143836074685327164e-01 -5.781060547913924319e-01
15.700000 1.990386972513502428e+02 3.691574639383217971e+01 1.680116905582680076e+01 -2.679607346087048425e-01 7.406035657367829872e-01 2.132680319004567060e-01 -5.781177645560042766e-01
15.800000 1.992064571178697463e+02 3.692700719483305249e+01 1.683629048399340178e+01 -2.684107228014644408e-01 7.409079338814993365e-01 2.121977847479533386e-01 -5.779128113692448832e-01
15.900000 1.993463377007319082e+02 3.693405617232468074e+01 1.686564094321363427e+01 -2.688227907707535502e-01 7.411420792274674429e-01 2.112942851538531508e-01 -5.777520667396459642e-01
16.000000 1.995129606716605224e+02 3.694544071439888455e+01 1.690563954334174213e+01 -2.699880694483056676e-01 7.419234693683040005e-01 2.097890818815001390e-01 -5.767534560619408390e-01
16.100000 1.996656561434187438e+02 3.696035708218482796e+01 1.694067083677198582e+01 -2.705117341911583706e-01 7.421793041419143533e-01 2.089437426456497715e-01 -5.764857279912004584e-01
16.200000 1.998187958148578787e+02 3.696983037140611827e+01 1.697581449830987310e+01 -2.707688174936570547e-01 7.426467838927656162e-01 2.080568134949929426e-01 -5.760836434105105486e-01
16.300000 1.999852878707470154e+02 3.698465125279122390e+01 1.701483407352311161e+01 -2.711083373565744692e-01 7.430381454955803378e-01 2.072299460887173927e-01 -5.757172337166136522e-01
16.400000 2.001521187365432866e+02 3.699236004310616721e+01 1.705460607271045603e+01 -2.713168106883241948e-01 7.435079576161502946e-01 2.063720458506010103e-01 -5.753205053627188370e-01
16.500000 2.003182800698891981e+02 3.700087706132065080e+01 1.709681631288801640e+01 -2.716557434588672826e-01 7.439339631832507793e-01 2.057256363919536535e-01 -5.748411763255983908e-01
16.600000 2.004842717609341776e+02 3.701532274280795320e+01 1.713802235928435991e+01 -2.722840649743861197e-01 7.441255786308400566e-01 2.052919621001840778e-01 -5.744507998822859784e-01
16.700000 2.006484179875543532e+02 3.703789020368282081e+01 1.718266106610132482e+01 -2.731871846808929805e-01 7.441796171756752676e-01 2.051082256342821597e-01 -5.740174869144225589e-01
16.800000 2.008001905648518459e+02 3.704832947617566674e+01 1.722269386864569896e+01 -2.743768612903846882e-01 7.443753749303956280e-01 2.049335396343831273e-01 -5.732581299193170166e-01
16.900000 2.012390170822615403e+02 3.710629787214799791e+01 1.733847094775434527e+01 -2.757414190348324579e-01 7.439419533757437586e-01 2.049229640808602204e-01 -5.731697991245302548e-01
17.000000 2.013773277705529381e+02 3.711683970754870643e+01 1.737306826703551010e+01 -2.773445435739375631e-01 7.439780074012903865e-01 2.048036823116783089e-01 -5.723916319833360911e-01
17.100000 2.015300649971034943e+02 3.712881967905546787e+01 1.740856247207242191e+01 -2.790609777364281285e-01 7.437518781140456392e-01 2.044973937946805154e-01 -5.719606021727389189e-01
17.200000 2.016817401005251327e+02 3.714869342602847979e+01 1.744486682774829944e+01 -2.813282913595367418e-01 7.435234366729893685e-01 2.040617829126980254e-01 -5.713020920259277435e-01
17.300000 2.018327816665173771e+02 3.717308872614411541e+01 1.748119462962803539e+01 -2.837627247637877770e-01 7.431542462839799690e-01 2.033392675978414610e-01 -5.708358998149064556e-01
17.400000 2.019857114783778229e+02 3.718774727279213721e+01 1.751454570460100513e+01 -2.864959531243444490e-01 7.429706498393627845e-01 2.023653318502604825e-01 -5.700552208214413330e-01
17.500000 2.023061389493859394e+02 3.721779278198304297e+01 1.758300098620130925e+01 -2.935198174706997176e-01 7.428922784168257021e-01 2.001086590629882755e-01 -5.673743949004373954e-01
17.600000 2.024599193674904427e+02 3.723305823923050184e+01 1.761285181532105781e+01 -2.965165171888948792e-01 7.426750336739105229e-01 1.984216933139855976e-01 -5.666926689256127636e-01
17.700000 2.026256415302750611e+02 3.725932513946463587e+01 1.764915181569133296e+01 -3.001011405651839437e-01 7.425428801267349721e-01 1.962429942083383783e-01 -5.657367442801599644e-01
17.800000 2.027754741473936804e+02 3.728961882685370455e+01 1.768655078000137593e+01 -3.036064069724842551e-01 7.422789015921825717e-01 1.940204769689396758e-01 -5.649789698856997333e-01
17.900000 2.029437038907863382e+02 3.730127093899497481e+01 1.771869841859745875e+01 -3.126931586069241487e-01 7.423736056238984249e-01 1.889357371447279166e-01 -5.616117034597620794e-01
18.000000 2.031068149889626682e+02 3.733487045916866975e+01 1.776021295090993846e+01 -3.170152457918183342e-01 7.423916322755024222e-01 1.858387889004778359e-01 -5.601963430823801993e-01
18.100000 2.032788839873156235e+02 3.738199238265512747e+01 1.781261330113148489e+01 -3.211597227175690961e-01 7.423338546086932777e-01 1.828067756573480696e-01 -5.589083677845033682e-01
18.200000 2.034462337530499667e+02 3.739355998566309580e+01 1.784891415132188541e+01 -3.315258572354940481e-01 7.427206876522405299e-01 1.758444131348293471e-01 -5.545586790294794177e-01
18.300000 2.036049674707349766e+02 3.743367339066610811e+01 1.790040061919246028e+01 -3.367701499244211694e-01 7.427894887686545822e-01 1.716733327858445401e-01 -5.526100870459067504e-01
18.400000 2.037612726150987328e+02 3.747778156151255047e+01 1.795577696086134623e+01 -3.421340043127527597e-01 7.429570365339001059e-01 1.672770979965217120e-01 -5.504339537524447490e-01
18.500000 2.040783983764815162e+02 3.755715075354167709e+01 1.806025073680733328e+01 -3.479337138637238480e-01 7.431249995814277476e-01 1.624510980890447320e-01 -5.480118671012179643e-01
18.600000 2.042552857677385418e+02 3.761634458710416595e+01 1.813295783696490560e+01 -3.528489647634702742e-01 7.432538479724100089e-01 1.583239163821456019e-01 -5.458982167409710540e-01
18.700000 2.043785737303949759e+02 3.766164644178723364e+01 1.818945346595607759e+01 -3.578336550182493192e-01 7.433334565112480474e-01 1.541338576802899207e-01 -5.437400129509629698e-01
18.800000 2.045306065039196710e+02 3.771359822103897841e+01 1.824965585575915838e+01 -3.626872286824002201e-01 7.434028698812950031e-01 1.499024299687997108e-01 -5.416081689675514843e-01
18.900000 2.046880131184518632e+02 3.777780480256017626e+01 1.832473146330731595e+01 -3.675842523073012957e-01 7.433557938310424440e-01 1.455615660421981372e-01 -5.395514912636658611e-01
19.000000 2.049808914384972240e+02 3.789458225354896115e+01 1.846018234047429019e+01 -3.722065918650115934e-01 7.433412397467017430e-01 1.414228378470063774e-01 -5.374994280921318035e-01
19.100000 2.051173579638702904e+02 3.794665058254698664e+01 1.851886008974490849e+01 -3.772706184089619774e-01 7.433014188245067322e-01 1.369255279901937516e-01 -5.351834087893621028e-01
19.200000 2.052484518365926647e+02 3.800634523586307267e+01 1.858230012810336973e+01 -3.816093226525339444e-01 7.430979468758481810e-01 1.328777092031721285e-01 -5.334072371185928363e-01
19.300000 2.053817563626171534e+02 3.808016092746400005e+01 1.866140050446225018e+01 -3.859602317442085706e-01 7.428402255691873846e-01 1.288617156344758208e-01 -5.316180555925607010e-01
19.400000 2.054853534684506826e+02 3.816360526866679237e+01 1.874553483988793090e+01 -3.898340836944126919e-01 7.423541353360834094e-01 1.252362406232723213e-01 -5.303353740550439399e-01
19.500000 2.056213109949603677e+02 3.825579659030752566e+01 1.883270283504973364e+01 -3.939162209609428644e-01 7.418570312444663362e-01 1.213358935351175755e-01 -5.289194239173216072e-01
19.600000 2.058605397896696445e+02 3.858706173041619536e+01 1.916899927550467453e+01 -3.978143885118486378e-01 7.410916105566089929e-01 1.177071893053085322e-01 -5.278938857776243054e-01
19.700000 2.060656645206248641e+02 3.872464849501036355e+01 1.931313677402199502e+01 -4.018312680893936784e-01 7.404936534366789447e-01 1.137587901356429815e-01 -5.265545734988390514e-01
19.800000 2.061840125617713966e+02 3.882544867736352501e+01 1.941498006167599399e+01 -4.055741542556712820e-01 7.398326412938966978e-01 1.100845793604494222e-01 -5.253938081695730400e-01
19.900000 2.063306585034688396e+02 3.885388849385360288e+01 1.946409039569804378e+01 -4.120123098599797196e-01 7.394516994842614821e-01 1.033901788664033927e-01 -5.222714922027188456e-01
20.000000 2.063802043855907868e+02 3.894763178573142426e+01 1.956008786272463595e+01 -4.150981023194181274e-01 7.384933588961870576e-01 1.002542862154024855e-01 -5.217951728528019695e-01
20.100000 2.064071202761637664e+02 3.905522690496424332e+01 1.967181032608034741e+01 -4.177666029491063915e-01 7.375529310703985431e-01 9.752341754457907741e-02 -5.215131085219749663e-01
20.200000 2.064371352689379364e+02 3.915265359768142872e+01 1.977219171337857162e+01 -4.203364315096322912e-01 7.365197908347544953e-01 9.477254344432048394e-02 -5.214154265684627365e-01
20.300000 2.064795812855134045e+02 3.926898025938349690e+01 1.989113303289127188e+01 -4.227148418757056270e-01 7.355100402707295260e-01 9.224428354074901137e-02 -5.213713985950906293e-01
20.400000 2.063496182966851507e+02 3.969014113736814409e+01 2.037963708840324273e+01 -4.248394941132928593e-01 7.342874884984010864e-01 8.985859163612339162e-02 -5.217841718425774156e-01
20.500000 2.064585053216052302e+02 3.975123402603370693e+01 2.044926981314202408e+01 -4.281803058525635586e-01 7.333209403367191292e-01 8.592217616334242580e-02 -5.210752381250050025e-01
20.600000 2.064812824765474772e+02 3.987179219796277607e+01 2.056919246488368103e+01 -4.299610775400817819e-01 7.321075844074743655e-01 8.377911945426552709e-02 -5.216636999035800804e-01
20.700000 2.064591646536303244e+02 3.998067591676060317e+01 2.069990998899373125e+01 -4.312743808220947384e-01 7.309929662506780002e-01 8.215464706273500894e-02 -5.224005223050138813e-01
20.800000 2.064714467078146072e+02 4.009882535706672257e+01 2.082383547530093892e+01 -4.325711881171462880e-01 7.298959540831889692e-01 8.041690714692312225e-02 -5.231320908421073224e-01
20.900000 2.064294070216859893e+02 4.021879546407114958e+01 2.095964837534649305e+01 -4.335816422442759777e-01 7.287980945815647482e-01 7.905404734943462242e-02 -5.240331615849428415e-01
21.000000 2.064289240095105527e+02 4.032906121338099581e+01 2.107192451283096091e+01 -4.346123923846886838e-01 7.277245772879185060e-01 7.757196965038500036e-02 -5.248919865280257113e-01
21.100000 2.063972233059508881e+02 4.042753510920239535e+01 2.119052045209031121e+01 -4.356726010766745483e-01 7.264778562757312486e-01 7.595924404669913976e-02 -5.259748114272743136e-01
21.200000 2.063824591069773646e+02 4.053733216485458257e+01 2.130227996935990831e+01 -4.364022897159658410e-01 7.254104045510930687e-01 7.476740718546855125e-02 -5.270129232973743694e-01
21.300000 2.064958882721118698e+02 4.060099147594987556e+01 2.136173210210910156e+01 -4.380886865682275810e-01 7.241858447634574869e-01 7.229288127192663727e-02 -5.276427809252827172e-01
21.400000 2.064252930025757564e+02 4.070926083399721307e+01 2.147464004304432450e+01 -4.395825800559748364e-01 7.225387699458539759e-01 7.141877166340529492e-02 -5.287761722038494261e-01
21.500000 2.063672899368465892e+02 4.082120063901072626e+01 2.159104783271321892e+01 -4.414035201203239112e-01 7.207465418809155810e-01 7.065049884991761453e-02 -5.298073817948806274e-01
21.600000 2.062970248570147760e+02 4.091880664380733634e+01 2.169236596440874365e+01 -4.435072708395975671e-01 7.188114596258763367e-01 6.985777348844354750e-02 -5.307836449120927336e-01
21.700000 2.062244767939775443e+02 4.100303672229484420e+01 2.178223503920791870e+01 -4.461395960088581081e-01 7.164675449007960051e-01 6.883989841895413186e-02 -5.318785447473389771e-01
21.800000 2.060691407689764958e+02 4.120448298607041693e+01 2.196747662686491864e+01 -4.486498274787641960e-01 7.144842964378951278e-01 6.787786044273207142e-02 -5.325580893279511230e-01
21.900000 2.061268448563468212e+02 4.132073335261782887e+01 2.205651946333521352e+01 -4.550423974672240246e-01 7.107278567690450410e-01 6.490122595856595566e-02 -5.325318403521387411e-01
22.000000 2.060370896664307452e+02 4.141304578061680530e+01 2.214702180830400025e+01 -4.587815298458990942e-01 7.084308641362794257e-01 6.291510509010762864e-02 -5.326226695915987630e-01
22.100000 2.060971064332019864e+02 4.153436316612159374e+01 2.222735475236192926e+01 -4.663439659959960903e-01 7.051870480915130024e-01 5.876667376231343998e-02 -5.308304914358417115e-01
22.200000 2.059047232464774311e+02 4.171648332312578589e+01 2.239716059401967030e+01 -4.706280528360758941e-01 7.030141164199451564e-01 5.604728881084797276e-02 -5.302255080764795014e-01
22.300000 2.058089320872032033e+02 4.180753255246569466e+01 2.248247912207854782e+01 -4.751941907204964566e-01 7.009473241471203542e-01 5.302449489489048651e-02 -5.291991428731019909e-01
22.400000 2.057604664800092564e+02 4.191661459656134525e+01 2.256128134981603850e+01 -4.812656591266579742e-01 6.985974671183923235e-01 4.886358657142338136e-02 -5.272165534090591521e-01
22.500000 2.056924031726119324e+02 4.201650635449008320e+01 2.263761548620052366e+01 -4.868963361027464076e-01 6.964514460616116898e-01 4.474143088429208964e-02 -5.252480799877687900e-01
22.600000 2.055396512871804475e+02 4.223164444224598668e+01 2.280885526708352273e+01 -4.926950281607584969e-01 6.943199985110721784e-01 4.032591943815844876e-02 -5.230154578162307111e-01
22.700000 2.054786079851106990e+02 4.235146791917409814e+01 2.289036981011781435e+01 -4.986129218873435742e-01 6.923172145220550799e-01 3.560759245769609671e-02 -5.203980476162023416e-01
22.800000 2.054003392254612095e+02 4.247397655146671980e+01 2.298179698952768746e+01 -5.048243677680810393e-01 6.901742193646822621e-01 3.061243120672230492e-02 -5.175662118874475581e-01
22.900000 2.053419940488069528e+02 4.259379171312200185e+01 2.306550786101377781e+01 -5.113130049097434071e-01 6.879104475840298605e-01 2.550818535877638973e-02 -5.144779485989759982e-01
23.000000 2.052986193258722665e+02 4.272012826777071837e+01 2.314876861950200038e+01 -5.183549278514169023e-01 6.855317257845199297e-01 1.966589044875288392e-02 -5.108499529880647927e-01
23.100000 2.052577420555135745e+02 4.284675481709008693e+01 2.323280545856335166e+01 -5.254985568329156864e-01 6.831523256150197065e-01 1.344334890013078494e-02 -5.069254808585403893e-01
23.200000 2.052092745933363744e+02 4.297244571880635533e+01 2.331414666119736268e+01 -5.318761929715725145e-01 6.811185101291671318e-01 7.335274153864282561e-03 -5.031217390081429430e-01
23.300000 2.051623291309958006e+02 4.309887934057154268e+01 2.339516073558142750e+01 -5.380672821800758232e-01 6.791796561309676461e-01 8.827008570845208029e-04 -4.991971708497193183e-01
23.400000 2.051413517075865514e+02 4.324715630216941520e+01 2.347901364855406214e+01 -5.452844455557226411e-01 6.769814702359718828e-01 -6.794510544305434191e-03 -4.942821026687022612e-01
23.500000 2.050825271220050183e+02 4.337204970594522990e+01 2.355441042310504329e+01 -5.518172818417584891e-01 6.747133698197725904e-01 -1.331302560499187868e-02 -4.899819582356689796e-01
23.600000 2.050205409074013119e+02 4.349287110702783821e+01 2.363382037903246058e+01 -5.582176708312710511e-01 6.723532150341781088e-01 -1.978348481375648282e-02 -4.857394362552198697e-01
23.700000 2.050172796786087588e+02 4.362020355611387856e+01 2.372612971046591213e+01 -5.708974431265900762e-01 6.674031019845532153e-01 -3.185397247996062803e-02 -4.771106091150811856e-01
23.800000 2.049570431701883138e+02 4.374395291625023674e+01 2.380217847416044918e+01 -5.765845053044577062e-01 6.652327774856434672e-01 -3.874548192016449150e-02 -4.727731460566731436e-01
23.900000 2.048822629834552913e+02 4.387241815359654140e+01 2.388781748663814142e+01 -5.816281478886138334e-01 6.633042032905335228e-01 -4.503551403668343278e-02 -4.687302358033061389e-01
24.000000 2.048067773340358144e+02 4.398921946084156787e+01 2.396123075414313419e+01 -5.869723268555973039e-01 6.611430048100250811e-01 -5.166148515611411474e-02 -4.644184596330789283e-01
24.100000 2.047389776528816299e+02 4.409539787027173219e+01 2.402905736858014052e+01 -5.923761515775867181e-01 6.587348418320930765e-01 -5.796971907909333199e-02 -4.602156178015543997e-01
24.200000 2.046459122893167546e+02 4.421537868555078887e+01 2.410928744599089768e+01 -5.975832736521737854e-01 6.562879987270479054e-01 -6.409665134283226706e-02 -4.561490031389226485e-01
24.300000 2.045644672988596255e+02 4.432779175344931843e+01 2.418343259893147135e+01 -6.025004456458764590e-01 6.539017441588709234e-01 -7.023182154472550065e-02 -4.521871440289038091e-01
24.400000 2.044884821595482549e+02 4.444511483666268958e+01 2.425577152780895318e+01 -6.075643831119187377e-01 6.513440589206811460e-01 -7.657859201044332764e-02 -4.480537429017460438e-01
24.500000 2.043938664270561674e+02 4.454596965802895170e+01 2.433090315162506201e+01 -6.114122141116626885e-01 6.493951426683453043e-01 -8.200380952798093370e-02 -4.446756439661750937e-01
24.600000 2.043137944587670631e+02 4.465905775822235313e+01 2.440548602794146049e+01 -6.154309759549735359e-01 6.473102997086499499e-01 -8.835263307752286299e-02 -4.409397940246207459e-01
24.700000 2.042343112633431019e+02 4.478551441840824054e+01 2.449007276572410774e+01 -6.193942814526848251e-01 6.451447810660974058e-01 -9.435094699521331951e-02 -4.373063392725928256e-01
24.800000 2.039563388599549398e+02 4.513443159260394566e+01 2.471717262007269156e+01 -6.233514118293667083e-01 6.427519989187683302e-01 -9.990133637483830653e-02 -4.339615285330996053e-01
24.900000 2.038353482484288293e+02 4.523477517326210773e+01 2.478607034863434677e+01 -6.266171540208668178e-01 6.406516455894823991e-01 -1.042626203091572834e-01 -4.313301720220210078e-01
25.000000 2.036396791730853124e+02 4.542024197586626144e+01 2.491825095245621569e+01 -6.298528524939556172e-01 6.385220441534565916e-01 -1.090037394588403846e-01 -4.285944098087466347e-01
25.100000 2.035198479291522062e+02 4.550037628027090619e+01 2.498121883992656578e+01 -6.328191995146466020e-01 6.363723539013718122e-01 -1.133823944606493495e-01 -4.262798617598989592e-01
25.200000 2.033318599700510845e+02 4.569232227362666521e+01 2.511516572315272811e+01 6.355422242188899506e-01 -6.344411724960875576e-01 1.180444613173008417e-01 4.238348558448258308e-01
25.300000 2.032421456917941214e+02 4.579940740944141453e+01 2.518738982176099128e+01 6.375846984063203715e-01 -6.329510594352325548e-01 1.222366644446945122e-01 4.218019755565085016e-01
25.400000 2.031605698680368732e+02 4.591339229701492286e+01 2.525867188640219752e+01 6.395145111513746983e-01 -6.314420339327847520e-01 1.261798181015614528e-01 4.199771437989248679e-01
25.500000 2.030372249014929196e+02 4.599059978759898115e+01 2.531874857356092434e+01 6.412735990894107285e-01 -6.298420523092654877e-01 1.293161625946267768e-01 4.187415555513524512e-01
25.600000 2.029273107579164730e+02 4.608355598253949381e+01 2.538244695160611641e+01 6.431396288590456312e-01 -6.281471555246541660e-01 1.326087418208046487e-01 4.173936875301758609e-01
25.700000 2.028079449556282441e+02 4.618770485135551240e+01 2.544872356354684229e+01 6.448444907400145976e-01 -6.264562577463498316e-01 1.359964392440633774e-01 4.162128162438371026e-01
25.800000 2.026342120350334426e+02 4.640824988945172436e+01 2.559107885009802885e+01 6.457405770583651838e-01 -6.254052651077931513e-01 1.391878408109571696e-01 4.153481750124395910e-01
25.900000 2.025640347083568997e+02 4.653128024967050891e+01 2.565964927366482939e+01 6.466733920126844781e-01 -6.243695928745165435e-01 1.421278676556691489e-01 4.144584476062372347e-01
26.000000 2.024583498473211023e+02 4.663312305423323778e+01 2.571653115213676344e+01 6.478186242652810289e-01 -6.229282204832840009e-01 1.451106983816569107e-01 4.138047213309142269e-01
26.100000 2.023328934075370285e+02 4.671199555520603752e+01 2.576939755936096077e+01 6.485708873978496269e-01 -6.217589965094533211e-01 1.473871627341940549e-01 4.135801960209015693e-01
26.200000 2.022220899682487811e+02 4.678768854360573926e+01 2.581904100811651048e+01 6.493740288479918910e-01 -6.205111204391909885e-01 1.498227206651371879e-01 4.133188508180140608e-01
26.300000 2.021683084854984429e+02 4.692016493524326393e+01 2.588471766237609728e+01 6.502403971790268189e-01 -6.184796107815943023e-01 1.548208652397164431e-01 4.131596502689183215e-01
26.400000 2.021012446537493190e+02 4.704733781646459079e+01 2.594871489999811587e+01 6.502133454108677268e-01 -6.179006820166991210e-01 1.575424923813771028e-01 4.130396054946419704e-01
26.500000 2.019902851124906817e+02 4.716258603478030409e+01 2.601084247852563891e+01 6.507349486006190897e-01 -6.167240641260902656e-01 1.593617713376926370e-01 4.132786968059942168e-01
26.600000 2.019327454569527163e+02 4.728744753455715966e+01 2.608737203040075059e+01 6.509859424311824627e-01 -6.159164143687018145e-01 1.610523945594568851e-01 4.134324605964702637e-01
26.700000 2.017572954346990741e+02 4.749523082294081178e+01 2.621480964901230948e+01 6.511453741992083710e-01 -6.151331227933458656e-01 1.628750754185024352e-01 4.136334762913859708e-01
26.800000 2.016890367845385299e+02 4.762089645064055787e+01 2.628043029025131005e+01 6.509882164690719009e-01 -6.146120143982990447e-01 1.647383330006192970e-01 4.139174983204492175e-01
26.900000 2.015997463308417537e+02 4.774758683580174079e+01 2.635408054087963237e+01 6.510759333287450268e-01 -6.137215150211492443e-01 1.666007285636304791e-01 4.143551957950042386e-01
27.000000 2.015054473566427191e+02 4.785858044986656523e+01 2.641351452288908064e+01 6.514365266991983816e-01 -6.124449802939531118e-01 1.684254628183228519e-01 4.149391054953217584e-01
27.100000 2.014009701877029386e+02 4.796200238491541512e+01 2.646939306260266989e+01 6.518098595535903872e-01 -6.112644589827883612e-01 1.698018672627857051e-01 4.155321817227627390e-01
27.200000 2.012943319671304323e+02 4.806083179663600902e+01 2.652944409597514763e+01 6.527605021314620837e-01 -6.093778976071977382e-01 1.714186112560110442e-01 4.161465661037873076e-01
27.300000 2.011764606220053793e+02 4.817000424487677890e+01 2.658965803251876991e+01 6.538405667644204833e-01 -6.073235435363432133e-01 1.732445706206999225e-01 4.166976667442360838e-01
27.400000 2.010749743932639717e+02 4.825889685634568593e+01 2.663707575972513553e+01 6.548183436711273453e-01 -6.056242854756475058e-01 1.749605323720986039e-01 4.169184257693399620e-01
27.500000 2.009550499674058699e+02 4.838634105511794559e+01 2.669970592017067545e+01 6.559922634539422370e-01 -6.037559270226011687e-01 1.770401586475998934e-01 4.169049209348407725e-01
27.600000 2.008738317202580674e+02 4.849352193227571917e+01 2.674824000036289462e+01 6.572329990442719039e-01 -6.020251324005855276e-01 1.790387224987270709e-01 4.166001209449574083e-01
27.700000 2.007845538432630121e+02 4.861557065079009021e+01 2.679142525936829600e+01 6.606773997599021397e-01 -5.976578477883704998e-01 1.842302188655702833e-01 4.151742969888809753e-01
27.800000 2.005752401178236823e+02 4.882275303683209700e+01 2.690192135743024693e+01 6.626018622388142321e-01 -5.954622953644218564e-01 1.868729916835854266e-01 4.140795961360765887e-01
27.900000 2.004803662163120066e+02 4.895320267693608685e+01 2.696031592394433574e+01 6.644712416480312855e-01 -5.934107054246059443e-01 1.899177735366936459e-01 4.126414218241552523e-01
28.000000 2.003744200954968449e+02 4.905756879671960746e+01 2.701136895126014537e+01 6.664715459568847367e-01 -5.912935032498355392e-01 1.930512789298695908e-01 4.109974150136694870e-01
28.100000 2.003085619857300230e+02 4.920851992638120009e+01 2.705931943347661672e+01 6.708709114393913708e-01 -5.865487120811302413e-01 2.006363777643958846e-01 4.069863295714368223e-01
28.200000 2.001930514293184729e+02 4.930177098029230365e+01 2.711127846295435972e+01 6.735323340373173817e-01 -5.838053264610176818e-01 2.046727753885443923e-01 4.045177262083070047e-01
28.300000 2.000654371749349991e+02 4.940093334591850294e+01 2.716935839887924686e+01 6.759357179714857722e-01 -5.814725809790051159e-01 2.089460364254456248e-01 4.016741174161993500e-01
28.400000 1.999699572009687927e+02 4.952893983373928677e+01 2.723255707178095975e+01 6.781757026224568552e-01 -5.792524658868548615e-01 2.130119692580230428e-01 3.989613992472879067e-01
28.500000 1.998411356270020462e+02 4.962616551827717615e+01 2.729130860202865705e+01 6.804934024953657179e-01 -5.769593333599993823e-01 2.171300614926398587e-01 3.961075525728682822e-01
28.600000 1.997308752260364884e+02 4.972350268967998232e+01 2.734748082274786896e+01 6.828772271546184047e-01 -5.746044478329899174e-01 2.212485860862077047e-01 3.931379965343190785e-01
28.700000 1.996057138901985866e+02 4.982762770480808001e+01 2.740207715356176266e+01 6.857127457553757743e-01 -5.717032044143929292e-01 2.259430030662947231e-01 3.897476564859917447e-01
28.800000 1.994970063875554445e+02 4.991005491699355900e+01 2.744528855878589724e+01 6.885153938724419831e-01 -5.687585276660402922e-01 2.306540065638639503e-01 3.863405477863682824e-01
28.900000 1.993807703745559934e+02 5.002306753554226759e+01 2.750188211535680693e+01 6.909754393117027993e-01 -5.661963751898088093e-01 2.355570998864969789e-01 3.827368021016313016e-01
29.000000 1.992915144644917405e+02 5.014162725880506599e+01 2.755432779255812648e+01 6.933335050491815643e-01 -5.637045234828194085e-01 2.404500115694420403e-01 3.790905603117534772e-01
29.100000 1.991930391583155711e+02 5.025372850764691179e+01 2.760447010682965896e+01 6.955155789426012980e-01 -5.613695951133951256e-01 2.448592860663631743e-01 3.757208899667834334e-01
29.200000 1.990888174368046180e+02 5.036256353903853977e+01 2.764992712796678376e+01 6.976716422962876418e-01 -5.589730814882346577e-01 2.493787538145047222e-01 3.723084888275757232e-01
29.300000 1.989765815643104077e+02 5.046505994905463410e+01 2.769094283019997960e+01 6.999030637314530567e-01 -5.564071020278185120e-01 2.540160993533926437e-01 3.688124990582852258e-01
29.400000 1.988524551098461188e+02 5.055036981133364549e+01 2.773659886354870707e+01 7.020347696406292748e-01 -5.538593354083232168e-01 2.581865938427921336e-01 3.656866165947781355e-01
29.500000 1.987239409530172622e+02 5.065107822577421359e+01 2.778991190104421349e+01 7.039957732349811925e-01 -5.515473940980486489e-01 2.622098036944426336e-01 3.625347461657361658e-01
29.600000 1.987000102170993046e+02 5.079904854344572840e+01 2.783798063121782462e+01 7.074218759727392003e-01 -5.468211217191162321e-01 2.719721721704191908e-01 3.557697117546146370e-01
29.700000 1.986347968028243827e+02 5.093394247967226818e+01 2.788642465750776012e+01 7.088694874808190161e-01 -5.448890661139010883e-01 2.761028143834301507e-01 3.526573283482857257e-01
29.800000 1.985301563047887612e+02 5.104230121843782797e+01 2.793214641923899322e+01 7.100825546988993597e-01 -5.431720255240063411e-01 2.797197695674433771e-01 3.500053809780201974e-01
29.900000 1.983374995394639768e+02 5.126001656106321036e+01 2.800801445136644574e+01 7.113397580674438725e-01 -5.412630226963031088e-01 2.835683952280756426e-01 3.473025396998786762e-01
30.000000 1.982922063336594647e+02 5.140271920628576652e+01 2.805610048251645239e+01 7.123637864082550397e-01 -5.396718118471791614e-01 2.867949092376048670e-01 3.450229722019549361e-01
30.100000 1.981963398915300445e+02 5.151832403132334548e+01 2.810272391504681266e+01 7.134444534938384486e-01 -5.377654595208237742e-01 2.904685121871045661e-01 3.426855201975209098e-01
30.200000 1.981311060142147085e+02 5.165683103452214908e+01 2.813853869497510374e+01 7.139836085541452215e-01 -5.365796447076148779e-01 2.934894389199471654e-01 3.408425455307854124e-01
30.300000 1.981542103307737364e+02 5.180741066144635454e+01 2.817759674799813041e+01 7.143789973331675647e-01 -5.356039929928209098e-01 2.966189133370340514e-01 3.388336333809874867e-01
30.400000 1.981795272077009429e+02 5.197009454435445264e+01 2.822584655947677845e+01 7.146636917654010102e-01 -5.346763276392695330e-01 2.996047374601688573e-01 3.370668088463409928e-01
30.500000 1.981407799504522416e+02 5.214584906031932832e+01 2.827226115209583668e+01 7.149548551032497423e-01 -5.335773827335810182e-01 3.027786235545705806e-01 3.353503196925156637e-01
30.600000 1.981615206504223750e+02 5.229969065541083495e+01 2.829756370066468918e+01 7.152733434907507792e-01 -5.320705095361086823e-01 3.066001105162621254e-01 3.335886526921501005e-01
30.700000 1.981526519892970839e+02 5.245028945388818897e+01 2.834203264499107533e+01 7.153971461121155784e-01 -5.310256508627138050e-01 3.091791399556808595e-01 3.326062850830350803e-01
30.800000 1.982004977080434855e+02 5.278399818430840895e+01 2.840637036058277687e+01 7.151414608122287353e-01 -5.304768199329555900e-01 3.117550132079834335e-01 3.316260639347578532e-01
30.900000 1.982702256933675642e+02 5.292495613904432616e+01 2.840897365950516473e+01 7.141511402784737061e-01 -5.296175549242999603e-01 3.168320006034589520e-01 3.303193572114290211e-01
31.000000 1.983234032778592280e+02 5.308541009879834149e+01 2.843870389558966139e+01 7.135920921170273434e-01 -5.293497994446563215e-01 3.190529709906723133e-01 3.298186131769572094e-01
31.100000 1.983891157512079246e+02 5.324287561944885283e+01 2.845727159939983864e+01 7.128543345083153682e-01 -5.291851429783280825e-01 3.212244135292836589e-01 3.295704148986695059e-01
31.200000 1.984471213076283789e+02 5.340340606121988287e+01 2.847528525639846464e+01 7.121514340205629123e-01 -5.291480819087744925e-01 3.229391120920795943e-01 3.294737809233084236e-01
31.300000 1.984933680941692273e+02 5.356402024265162964e+01 2.851425087087752530e+01 7.115199270696604961e-01 -5.289887083530874223e-01 3.245653584838278927e-01 3.294960817520925511e-01
31.400000 1.985651870804943258e+02 5.373540191890983664e+01 2.852169053446463920e+01 7.107094159506797126e-01 -5.287665942657364671e-01 3.265106299761319497e-01 3.296798801568688875e-01
31.500000 1.985627264223302859e+02 5.390285001649523622e+01 2.855939430495391207e+01 7.099388069396203038e-01 -5.286990201630448194e-01 3.281530200543970599e-01 3.298178768789884474e-01
31.600000 1.986349977447231936e+02 5.405619222778667421e+01 2.858640373182029037e+01 7.092349734819893836e-01 -5.287768805498528346e-01 3.294784192889778640e-01 3.298859412112083445e-01
31.700000 1.986984637453859079e+02 5.420015859502644417e+01 2.858990551481443276e+01 7.082302146527617026e-01 -5.288693065956137085e-01 3.312465095438707485e-01 3.301256874418896925e-01
31.800000 1.987832505295506280e+02 5.433244259310404800e+01 2.859873897010286825e+01 7.071681040934135742e-01 -5.291477209486716848e-01 3.329527971906383610e-01 3.302399079618986155e-01
31.900000 1.988304098157557576e+02 5.448105351463731694e+01 2.862023854600560924e+01 7.062089158607415262e-01 -5.291941467234009266e-01 3.347052756840822596e-01 3.304465170972908927e-01
32.000000 1.989159995475722553e+02 5.462900821202917712e+01 2.863669067717613004e+01 7.052086035623068572e-01 -5.294275555842976599e-01 3.362490621091930865e-01 3.306415840157204689e-01
32.100000 1.989273349459927545e+02 5.479927442680218519e+01 2.865583346864430325e+01 7.043181661244650726e-01 -5.294501385168530749e-01 3.377436483648351695e-01 3.309799082735475073e-01
32.200000 1.989628476414878264e+02 5.496480863550989682e+01 2.868463894020499794e+01 7.036098235441362592e-01 -5.294442306162477907e-01 3.390232177951861825e-01 3.311876819496110125e-01
32.300000 1.990401519028780228e+02 5.513341310613014201e+01 2.869886650229819836e+01 7.025363951426979447e-01 -5.297206693964370272e-01 3.406101525486261439e-01 3.313960619785563666e-01
32.400000 1.991264053885406611e+02 5.528154572690528568e+01 2.870959871101313610e+01 7.015254060941358283e-01 -5.300200592923062226e-01 3.420036512763310887e-01 3.316237987025293932e-01
32.500000 1.991455121013302687e+02 5.546403671160690152e+01 2.873948884741063381e+01 7.005995583067201604e-01 -5.301841960984566837e-01 3.434518926933381455e-01 3.318219017985787334e-01
32.600000 1.992156995217462168e+02 5.560465812154986054e+01 2.873500681886956443e+01 6.993375555297258739e-01 -5.304788574311489757e-01 3.453104230321626389e-01 3.320841414304502304e-01
32.700000 1.993621617779490123e+02 5.593017305481153301e+01 2.875422186479961795e+01 6.983378557601378489e-01 -5.306268654854414679e-01 3.470036202843861384e-01 3.321864782723066289e-01
32.800000 1.994767916601200000e+02 5.617585825668859201e+01 2.873693102296602575e+01 6.968695677677980704e-01 -5.308001396093241508e-01 3.494910126284853091e-01 3.323853928826597248e-01
32.900000 1.995697481472335539e+02 5.638492291274039303e+01 2.873633486114925972e+01 6.958235786674867862e-01 -5.308935882612099144e-01 3.511895347759984576e-01 3.326371235706060969e-01
33.000000 1.995984326569893312e+02 5.652482339247342225e+01 2.874390089931991810e+01 6.949873996432286427e-01 -5.310098429241135731e-01 3.525439380411289347e-01 3.327669346634427594e-01
33.100000 1.996681142486141596e+02 5.668133724360713899e+01 2.873336205718232961e+01 6.932920805626389127e-01 -5.312527396899332510e-01 3.556666773680504101e-01 3.325925919364989825e-01
33.200000 1.996823278084727349e+02 5.683665454364761160e+01 2.875386522261485567e+01 6.924659152577334886e-01 -5.313125911552141201e-01 3.570573177976786305e-01 3.327280548636216140e-01
33.300000 1.997179511418034110e+02 5.700414534154933222e+01 2.876545570451355260e+01 6.916613518099827829e-01 -5.314544184022289564e-01 3.582926960846282149e-01 3.328469911318772123e-01
33.400000 1.997541411284980768e+02 5.714244406210160321e+01 2.876004402777786240e+01 6.907162550237081478e-01 -5.315524186820402841e-01 3.598409653500140859e-01 3.329828237240876065e-01
33.500000 1.997681989261382114e+02 5.731320588018726880e+01 2.874945962953788126e+01 6.897330761381790243e-01 -5.316235689314783297e-01 3.614166570746887297e-01 3.332006371939877365e-01
33.600000 1.996955418232167858e+02 5.746746487473414078e+01 2.876929517453637075e+01 6.890899739736822127e-01 -5.316023209965002883e-01 3.625843854146558742e-01 3.332964799297467029e-01
33.700000 1.998134390278102615e+02 5.775867490395713588e+01 2.875013743393780885e+01 6.877874049649481680e-01 -5.317449683371617830e-01 3.648701738951103390e-01 3.332649552854978769e-01
33.800000 1.997892271346569544e+02 5.792804126067908754e+01 2.873544198526575144e+01 6.868942520288749964e-01 -5.317083182619621873e-01 3.663346553529386318e-01 3.335587970780743983e-01
33.900000 1.998585101262153785e+02 5.808460203108080577e+01 2.872241566910837562e+01 6.859436004148544708e-01 -5.318288094640341024e-01 3.677989102384623399e-01 3.337116361491975769e-01
34.000000 1.998828600657626566e+02 5.824006243623409063e+01 2.872483604405914193e+01 6.850596352550989421e-01 -5.319221718774335139e-01 3.691180014821889843e-01 3.339221469012494947e-01
34.100000 1.997957647980949503e+02 5.858709536672081697e+01 2.872393713067602761e+01 6.842553529186418126e-01 -5.319175107410610837e-01 3.703728388415907236e-01 3.341890692671429242e-01
34.200000 1.998174092716857047e+02 5.878594050011984962e+01 2.871230692285359254e+01 6.832990616205690815e-01 -5.320271789277016827e-01 3.717326281485898165e-01 3.344612480399237198e-01
34.300000 1.997425809123391787e+02 5.892419400908491411e+01 2.870493271706692084e+01 6.825311407682268516e-01 -5.321133700308697811e-01 3.727493257247265768e-01 3.347604270038130880e-01
34.400000 1.996819649433683708e+02 5.906882475357741669e+01 2.869274665858936046e+01 6.817989725090148889e-01 -5.320200880340965055e-01 3.738578279983342800e-01 3.351643051671993057e-01
34.500000 1.997198081151059910e+02 5.922108894553426239e+01 2.868210322427966830e+01 6.809681233851456739e-01 -5.321109623552530143e-01 3.749108006206590682e-01 3.355327558564976664e-01
34.600000 1.996243435462564833e+02 5.934541773722934721e+01 2.866947440786744750e+01 6.800855030662843470e-01 -5.321671279198534332e-01 3.760110373686953444e-01 3.360023158514405250e-01
34.700000 1.996445113204629536e+02 5.950136631385736763e+01 2.867012566214974356e+01 6.792661561500439316e-01 -5.322508831577492661e-01 3.770309649105231253e-01 3.363839145761580718e-01
34.800000 1.996554152437211087e+02 5.968651262334487484e+01 2.865734142112764005e+01 6.783189693319497948e-01 -5.322972297590423674e-01 3.781892735631995350e-01 3.369212198675385905e-01
34.900000 1.996827405011314625e+02 5.985569332676905674e+01 2.864841347895901436e+01 6.774187397711438630e-01 -5.324639943810320908e-01 3.790829419428579095e-01 3.374641741320392740e-01
35.000000 1.996438337817025683e+02 6.000535266288469671e+01 2.861971639807537215e+01 6.765380178284348123e-01 -5.324339142074648867e-01 3.800912802846900806e-01 3.381435436113418569e-01
35.100000 1.995604689091195212e+02 6.013779751120361539e+01 2.860371286070764540e+01 6.758077088545342281e-01 -5.322358179025958869e-01 3.810365203913912424e-01 3.388512135471270503e-01
35.200000 1.994688409581800670e+02 6.026393335732926460e+01 2.858266033035996756e+01 6.751778750667769557e-01 -5.320158061664275184e-01 3.818020895102653967e-01 3.395897281352801000e-01
35.300000 1.994602954636023640e+02 6.040619011406860750e+01 2.857087803298691142e+01 6.745063291433104347e-01 -5.317609433168396516e-01 3.825808228611331518e-01 3.404459209438398526e-01
35.400000 1.995119971520162494e+02 6.056982453817575163e+01 2.856861576560356752e+01 6.737408396928715737e-01 -5.311569616771857349e-01 3.839336800628369017e-01 3.413802752140376873e-01
35.500000 1.994373964365829011e+02 6.070611789972890904e+01 2.854376125024375099e+01 6.732264033814983062e-01 -5.305614490374860326e-01 3.848292044759782371e-01 3.423116152975838045e-01
35.600000 1.994714559515114729e+02 6.084502699475987697e+01 2.854152766265198693e+01 6.727279856451728879e-01 -5.295699326107853322e-01 3.864653151762049710e-01 3.429829499700425832e-01
35.700000 1.993545390790395402e+02 6.096737250001407915e+01 2.851276168019702340e+01 6.723615506565315814e-01 -5.289705115574835359e-01 3.873254471644491104e-01 3.436555558698531909e-01
35.800000 1.993973739037886332e+02 6.114819319166975475e+01 2.850562535146647392e+01 6.721698322816748172e-01 -5.274632461974834152e-01 3.893479089714564356e-01 3.440616896150930359e-01
35.900000 1.994497821876696548e+02 6.131162996146647970e+01 2.850452289714674947e+01 6.721245779726479075e-01 -5.258459360274226890e-01 3.914917019295849343e-01 3.441930425921048697e-01
36.000000 1.993092721591546024e+02 6.137896431646585427e+01 2.848240807652510398e+01 6.719810998717496986e-01 -5.250721128859746623e-01 3.925200330802430249e-01 3.444832380759573764e-01
36.100000 1.992086901164491337e+02 6.149655042813223815e+01 2.845379043078694536e+01 6.718874440104354306e-01 -5.241147899058969939e-01 3.937880785920089832e-01 3.446765131856757147e-01
36.200000 1.991092646049083612e+02 6.161737754732007488e+01 2.843693914770010167e+01 6.718161727410857376e-01 -5.233376719326582327e-01 3.948175927107404615e-01 3.448184734983336663e-01
36.300000 1.990278798180340800e+02 6.176486121710880184e+01 2.840367138104593181e+01 6.717429109857410152e-01 -5.224337617620414820e-01 3.961179918159961066e-01 3.448404887353394566e-01
36.400000 1.987465153961364024e+02 6.189895637755576274e+01 2.835965910699324866e+01 6.717929079119798752e-01 -5.211761183921371776e-01 3.976068674298318673e-01 3.449326332336606904e-01
36.500000 1.987198597042794859e+02 6.205033293568783392e+01 2.832581682066712148e+01 6.718110726300351443e-01 -5.200855576827557725e-01 3.991465213998992567e-01 3.447650646974809163e-01
36.600000 1.986258532106788550e+02 6.217436797248890201e+01 2.830223676243860353e+01 6.717992623274429143e-01 -5.190909603757276614e-01 4.005384193706053031e-01 3.446727442090618543e-01
36.700000 1.985310239452601024e+02 6.231519247573960740e+01 2.827649582031718722e+01 6.718519581744459845e-01 -5.180647768780132223e-01 4.019762198523800234e-01 3.444400556391312151e-01
36.800000 1.984985130216209086e+02 6.247925625468508315e+01 2.823752304859775819e+01 6.719740059545371569e-01 -5.167553925546010118e-01 4.037803087245965816e-01 3.440585151880728443e-01
36.900000 1.983664952930193408e+02 6.253024869397633267e+01 2.821635598594547645e+01 6.720943552189238002e-01 -5.157441483436833174e-01 4.050740721210395745e-01 3.438199343077515957e-01
37.000000 1.982881225579224349e+02 6.267958260143180382e+01 2.818391891399249261e+01 6.723045381239867169e-01 -5.143978465855635340e-01 4.068564067944769325e-01 3.433210271689094428e-01
37.100000 1.982418291476528225e+02 6.284197813397410926e+01 2.815255986663474985e+01 6.724175192535950529e-01 -5.133482651571913413e-01 4.083742253237700459e-01 3.428683866327625895e-01
37.200000 1.981337290302864744e+02 6.295256321148885092e+01 2.812323726955320424e+01 6.724621094938662003e-01 -5.121937427678536769e-01 4.100044793514550645e-01 3.425618310265455269e-01
37.300000 1.980490312382812306e+02 6.309831266848593145e+01 2.809035518405874754e+01 6.725486070709680853e-01 -5.111238533836881537e-01 4.115572984143057722e-01 3.421277067865574617e-01
37.400000 1.979701128339021921e+02 6.323035358842966502e+01 2.805676655503164341e+01 6.726249692017282067e-01 -5.100019050070776494e-01 4.131387314368232255e-01 3.417456602245277919e-01
37.500000 1.978942313782484632e+02 6.336354769582841584e+01 2.802103567899433045e+01 6.727350123324497000e-01 -5.086989234926293513e-01 4.150663106599076224e-01 3.411348211113485740e-01
37.600000 1.978114338215643215e+02 6.349330216838684748e+01 2.798895374634599520e+01 6.727451471363359303e-01 -5.075334309842498559e-01 4.168246306016687996e-01 3.407066344549919412e-01
37.700000 1.977784273381991227e+02 6.367582098881700148e+01 2.797693159417919517e+01 6.736468657157189677e-01 -5.044134175199229686e-01 4.204707210867456024e-01 3.390742945816630494e-01
37.800000 1.977096718901735528e+02 6.382983411969222942e+01 2.794556049013436905e+01 6.736601529577878056e-01 -5.033218467264151119e-01 4.220872601956988657e-01 3.386612787215122489e-01
37.900000 1.975886269314102606e+02 6.392611828917696926e+01 2.791687878195001815e+01 6.736095635864520759e-01 -5.022016074807763575e-01 4.237741561047267957e-01 3.383181430345117424e-01
38.000000 1.974941650461673817e+02 6.406493250507034531e+01 2.788169164493972119e+01 6.734319146113874055e-01 -5.012738138326877646e-01 4.252501786769961045e-01 3.381956615387840537e-01
38.100000 1.974426593767791474e+02 6.420974501354109520e+01 2.784844893378147290e+01 6.733175455767815842e-01 -5.002052812056844155e-01 4.268452418927080050e-01 3.379960043343062104e-01
38.200000 1.973507023582042450e+02 6.433493465818985158e+01 2.782371146432112852e+01 6.731438177976375448e-01 -4.992650550057237679e-01 4.283803364658896329e-01 3.377900127894898352e-01
38.300000 1.972506987270018044e+02 6.446797200600411770e+01 2.778203487859305199e+01 6.728692212158471353e-01 -4.983080168216015848e-01 4.299305563790248863e-01 3.377807694397715332e-01
38.400000 1.971488200771680113e+02 6.458308381101318218e+01 2.774872964602351999e+01 6.725445916186048034e-01 -4.975410003368883061e-01 4.313572027172096757e-01 3.377390841053442005e-01
38.500000 1.970096158996867359e+02 6.464947682823685682e+01 2.771769429333420831e+01 6.722461495085834127e-01 -4.966918982024467466e-01 4.327781369348933094e-01 3.377652393632243344e-01
38.600000 1.969007593685472273e+02 6.475845261142856657e+01 2.768587443499791334e+01 6.718857428889064565e-01 -4.960981149184027217e-01 4.339483907305043964e-01 3.378535230827626745e-01
38.700000 1.967818875491446136e+02 6.503503136982736521e+01 2.759445769973010698e+01 6.714031606697886678e-01 -4.955025471228510781e-01 4.351854132569030753e-01 3.380956635714266190e-01
38.800000 1.965127896653814616e+02 6.521298665172476205e+01 2.753036550397698434e+01 6.710262225413982096e-01 -4.946342370375929054e-01 4.366109070622959942e-01 3.382775429234098352e-01
38.900000 1.964401544007082521e+02 6.534511717952365473e+01 2.748561328630085399e+01 6.705643660291896735e-01 -4.938842048921694983e-01 4.379927114605407512e-01 3.385028919778144130e-01
39.000000 1.962864520235882253e+02 6.541329980865205584e+01 2.745134248351176609e+01 6.700854293987434929e-01 -4.933308446732459496e-01 4.390788249758096895e-01 3.388509708697105549e-01
39.100000 1.962285840919468001e+02 6.555368477643666836e+01 2.741022459181862558e+01 6.696286023611629501e-01 -4.928478880156635378e-01 4.400592752734092672e-01 3.391847998129889352e-01
39.200000 1.961852452384320316e+02 6.568758393833280707e+01 2.738504988070422996e+01 6.690876589678186326e-01 -4.915483936679380661e-01 4.420622215935376409e-01 3.395333172741962779e-01
39.300000 1.960477939440128239e+02 6.578257158649780934e+01 2.734567527625218020e+01 6.685738334725169763e-01 -4.911434945152500786e-01 4.428954425216369284e-01 3.400451793288285507e-01
39.400000 1.959891791916037391e+02 6.593587801413711702e+01 2.729549994560440496e+01 6.679995930905960888e-01 -4.907025305743147880e-01 4.439096353263749517e-01 3.404876000431827365e-01
39.500000 1.958862508124675230e+02 6.604797357600452301e+01 2.725548968541552597e+01 6.675319364332881200e-01 -4.902798478202738952e-01 4.447127966235382424e-01 3.409652668267329489e-01
39.600000 1.957226312157538644e+02 6.608764082513674509e+01 2.722234296064528181e+01 6.669346349178990607e-01 -4.899066169811672200e-01 4.455259267933889267e-01 3.416084717039206686e-01
39.700000 1.956575799045856741e+02 6.624241210669330826e+01 2.718645567661732443e+01 6.663330558539671822e-01 -4.896159532627910038e-01 4.463347025178040495e-01 3.421429676542036558e-01
39.800000 1.955703933440447884e+02 6.636563882692740890e+01 2.714215365640179556e+01 6.656528529593134236e-01 -4.892043486187231394e-01 4.472519170595972704e-01 3.428572696125498087e-01
39.900000 1.954437513030479749e+02 6.645388550076469869e+01 2.711175361746158785e+01 6.651221720597108034e-01 -4.887230795946237438e-01 4.480551769755434788e-01 3.435240982690067058e-01
40.000000 1.954307642789162855e+02 6.662305962998465247e+01 2.708588104705901500e+01 6.641996608841740368e-01 -4.879778742151057447e-01 4.495998328611844341e-01 3.443492341345478769e-01
40.100000 1.953339828918194314e+02 6.674025725401214970e+01 2.704515055343686925e+01 6.635029650229556930e-01 -4.877021919365331359e-01 4.503643806577030673e-01 3.450830509034759075e-01
40.200000 1.952407355021993283e+02 6.684182274338651553e+01 2.700698922404679791e+01 6.627536722483694520e-01 -4.875076737293601581e-01 4.511083985627386550e-01 3.458251736390077768e-01
40.300000 1.951262382255863486e+02 6.694166718232442292e+01 2.696601385350131608e+01 6.620631081000799556e-01 -4.872184151827779197e-01 4.518304303194290439e-01 3.466120584125771953e-01
40.400000 1.949866049053298127e+02 6.707919770407031024e+01 2.692466735630331698e+01 6.613855029526359841e-01 -4.869533558278473784e-01 4.525589236258543702e-01 3.473270308782412941e-01
40.500000 1.948638695615503877e+02 6.717568991603843642e+01 2.690505821299624500e+01 6.607347165538649536e-01 -4.863363694326753861e-01 4.534371316325868650e-01 3.482834158617664766e-01
40.600000 1.947315584567732856e+02 6.728219879777805090e+01 2.688026759651198461e+01 6.600375450437575564e-01 -4.858864687338352306e-01 4.542318427247000190e-01 3.491965230194835068e-01
40.700000 1.946117378351438845e+02 6.739929029528035187e+01 2.684272869551503859e+01 6.593432430003767220e-01 -4.855266864208411803e-01 4.549769462513805207e-01 3.500375737870332071e-01
40.800000 1.944700012814794832e+02 6.746074652184742604e+01 2.681265822684196465e+01 6.587320220104826429e-01 -4.851874273702869722e-01 4.556108698903661436e-01 3.508333204493657709e-01
40.900000 1.943011613600206715e+02 6.747739572077146875e+01 2.678620220469422364e+01 6.580850827811647319e-01 -4.848095239460921135e-01 4.562853696221284561e-01 3.516922102931320238e-01
41.000000 1.941551855937124174e+02 6.756311412423833929e+01 2.675752517681374343e+01 6.573982192805840619e-01 -4.845010371109532143e-01 4.569994451500302701e-01 3.524738762769409339e-01
41.100000 1.939891520171792365e+02 6.759648194583684244e+01 2.672917946121451038e+01 6.567845536856554700e-01 -4.841648812071712160e-01 4.576046373826656022e-01 3.532936649466832391e-01
41.200000 1.938455910695220723e+02 6.765354586610840215e+01 2.669900001840512971e+01 6.561795626016831973e-01 -4.838865014227767269e-01 4.581895443999390305e-01 3.540403603648392128e-01
41.300000 1.937147743492183452e+02 6.773639271989443955e+01 2.667051703085871850e+01 6.555434797514816392e-01 -4.835599124377910063e-01 4.588919516755368688e-01 3.547544699167177740e-01
41.400000 1.935933142506767979e+02 6.785386987605950537e+01 2.663994815724474208e+01 6.548862827962982358e-01 -4.832041646083354847e-01 4.595818343735343370e-01 3.555590378885968295e-01
41.500000 1.934980934632071694e+02 6.797925882316278035e+01 2.663947664468281218e+01 6.542639835538633930e-01 -4.820796844274812809e-01 4.608892922227494915e-01 3.565373444689113880e-01
41.600000 1.934253685833698171e+02 6.811873234833277024e+01 2.663274007899533657e+01 6.535515103756847077e-01 -4.811746346084037063e-01 4.622336990424842917e-01 3.573253444196655693e-01
41.700000 1.931404320361654072e+02 6.823355797094015429e+01 2.656455550914538932e+01 6.530130731156018609e-01 -4.808023473028011363e-01 4.628307991985109449e-01 3.580372613032080098e-01
41.800000 1.929702251927646444e+02 6.824596156749525733e+01 2.654699838112454913e+01 6.523497497251602439e-01 -4.804799932802962803e-01 4.634726643141947044e-01 3.588479755054906351e-01
41.900000 1.928109867058563793e+02 6.830566658537955504e+01 2.652394607690396455e+01 6.517995387866337698e-01 -4.800343036958835130e-01 4.640888095762434884e-01 3.596470566247485512e-01
42.000000 1.926580376535382300e+02 6.837663246979990106e+01 2.649209947809147536e+01 6.511170424549801439e-01 -4.797476194707613328e-01 4.647732056373401477e-01 3.603813063387275029e-01
42.100000 1.925497424401336559e+02 6.850969589764821421e+01 2.649385449167442985e+01 6.504890913746199654e-01 -4.786338054264109854e-01 4.660336007466285846e-01 3.613672720111573144e-01
42.200000 1.923898299936650176e+02 6.856674631319266666e+01 2.646896482459016653e+01 6.499177138309424340e-01 -4.782177269101240968e-01 4.666740973685740146e-01 3.621188448049920683e-01
42.300000 1.922552402848515385e+02 6.864440142984366844e+01 2.644420368063854099e+01 6.492290078195736003e-01 -4.778074806098049909e-01 4.674216001747141802e-01 3.629307848185829299e-01
42.400000 1.921053245998737111e+02 6.872318752332824943e+01 2.641648981211037750e+01 6.485671872588205655e-01 -4.773915606385350507e-01 4.681271189309286762e-01 3.637511539001822003e-01
42.500000 1.919499515400162579e+02 6.873868863035821164e+01 2.639725338096817708e+01 6.479148969257320090e-01 -4.769313786700662416e-01 4.688429651869180370e-01 3.645943230171394545e-01
42.600000 1.917886311639167900e+02 6.879270267007673567e+01 2.637428587475684338e+01 6.472848377958726473e-01 -4.765559532110845709e-01 4.693853749217453131e-01 3.655053105335377417e-01
42.700000 1.916348731449128024e+02 6.881810755110417688e+01 2.635245399205587091e+01 6.465879610772010677e-01 -4.761506289268053194e-01 4.700397270287391960e-01 3.664249475368508424e-01
42.800000 1.914693773579743663e+02 6.886011771798132486e+01 2.633503187389403877e+01 6.459062305114768865e-01 -4.756836520166612403e-01 4.707353701621360687e-01 3.673396464702166631e-01
42.900000 1.913132871524464065e+02 6.887389188197101930e+01 2.632038263446741766e+01 6.452208568520622078e-01 -4.752326624121635534e-01 4.713488455016363599e-01 3.683398272031028764e-01
43.000000 1.911431568827111960e+02 6.888708282197963229e+01 2.630129727764642311e+01 6.445224021123587832e-01 -4.747183886665012897e-01 4.720519445350909726e-01 3.693240938496090142e-01
43.100000 1.910599690218202227e+02 6.902053162193763569e+01 2.629545269594258627e+01 6.436773069654373458e-01 -4.735616753075509444e-01 4.734918483015728152e-01 3.704380295941388512e-01
43.200000 1.909098610372776363e+02 6.906424825393332867e+01 2.627710727126867951e+01 6.429289697674558379e-01 -4.729685140550775602e-01 4.742310754929759398e-01 3.715481282190307710e-01
43.300000 1.906857742797989204e+02 6.910301183679332837e+01 2.625049777234271886e+01 6.422689161710420924e-01 -4.726072843493348552e-01 4.747325850353653065e-01 3.725076734861462735e-01
43.400000 1.905347979972216024e+02 6.914696274324869307e+01 2.624351392899730229e+01 6.415955933520767207e-01 -4.720488430678667635e-01 4.753465546997679980e-01 3.735915380258842955e-01
43.500000 1.903884700623605966e+02 6.920432746595523099e+01 2.623452888604927935e+01 6.408126575637207445e-01 -4.713272102498841098e-01 4.761138483056128745e-01 3.748671794593425033e-01
43.600000 1.900749351601463388e+02 6.922032965132730453e+01 2.621027587184381957e+01 6.401118755809191985e-01 -4.707810399656647271e-01 4.766923576677660757e-01 3.760138232701979999e-01
43.700000 1.899514046188968166e+02 6.933955252884824461e+01 2.621234129308891170e+01 6.391745354087327025e-01 -4.697227775777936265e-01 4.778131223387526161e-01 3.775063517750734121e-01
43.800000 1.898474155120680393e+02 6.943739469129690178e+01 2.620533945009627530e+01 6.381394580956298856e-01 -4.687542547731675113e-01 4.788626504801166139e-01 3.791280029602478452e-01
43.900000 1.896763930209021680e+02 6.943286203546929869e+01 2.619195223398132555e+01 6.374235119463143029e-01 -4.683292039615452595e-01 4.794038180604305865e-01 3.801723324544457605e-01
44.000000 1.891919175392962984e+02 6.944450071531409208e+01 2.615319353547197423e+01 6.365441801953881651e-01 -4.678782714730317371e-01 4.799919784645290122e-01 3.814565903906977362e-01
44.100000 1.890090955473326062e+02 6.947001544544423268e+01 2.613081419970886188e+01 6.357739533208549565e-01 -4.675996288864165962e-01 4.804901265622910089e-01 3.824543183443096517e-01
44.200000 1.888384705747692465e+02 6.946963153310471739e+01 2.611265286205018299e+01 6.349174533377770491e-01 -4.672120233497920605e-01 4.810398032439150429e-01 3.836579992382808668e-01
44.300000 1.886678350959683996e+02 6.946130531866694469e+01 2.609626431113300171e+01 6.341661211933919962e-01 -4.668133300073694647e-01 4.815547824731898352e-01 3.847384009104857228e-01
44.400000 1.884833854244385236e+02 6.946075355453477584e+01 2.607258473397241261e+01 6.333706602663203844e-01 -4.663948789943269668e-01 4.820640854490526594e-01 3.859166245212053425e-01
44.500000 1.881568661227569805e+02 6.945212706915194190e+01 2.603324498675192444e+01 6.326394349034659692e-01 -4.659906598179274217e-01 4.825586425143530978e-01 3.869847631395588738e-01
44.600000 1.879854025357836917e+02 6.944775343009862922e+01 2.602583173982709042e+01 6.319367740875293515e-01 -4.654749495905829426e-01 4.829605222620648730e-01 3.882500724994714103e-01
44.700000 1.878292798253091860e+02 6.945284300507481134e+01 2.600657800652838247e+01 6.311593966327296856e-01 -4.651430850624974078e-01 4.834173628668835265e-01 3.893422398604843293e-01
44.800000 1.876732055326120019e+02 6.944407087814451529e+01 2.598843255612132808e+01 6.303822067713332755e-01 -4.647276690975009061e-01 4.839205343579787710e-01 3.904707202697741963e-01
44.900000 1.875166600864498605e+02 6.944908616593309603e+01 2.597320809715093048e+01 6.296088552336548405e-01 -4.643703619395146975e-01 4.843573725874447122e-01 3.916002961997322451e-01
45.000000 1.873467676295632600e+02 6.942953476231200227e+01 2.595772513844863383e+01 6.287920783681937298e-01 -4.639494642224376020e-01 4.848568564307971784e-01 3.927916058181050163e-01
45.100000 1.871765128651101406e+02 6.943872796993792917e+01 2.593734898445237747e+01 6.279190558229083008e-01 -4.634873166178835047e-01 4.854437477889699259e-01 3.940070232894588576e-01
45.200000 1.870057918149016700e+02 6.943948717512529356e+01 2.591879586531822355e+01 6.272153761193434152e-01 -4.631661441215719766e-01 4.858884927483169691e-01 3.949561589769103320e-01
45.300000 1.868317384091013764e+02 6.950166584768443556e+01 2.589774044973910350e+01 6.256999329419008493e-01 -4.622349139888586866e-01 4.870355038391609992e-01 3.970326135298559156e-01
45.400000 1.866622189804462835e+02 6.951717584808818629e+01 2.587494531008908538e+01 6.248311798533118244e-01 -4.617956227597649899e-01 4.875751691825200851e-01 3.982477292837663940e-01
45.500000 1.864918237983176255e+02 6.952392082149181363e+01 2.585452470561190452e+01 6.240980160662367160e-01 -4.613403762391354856e-01 4.880520912749937712e-01 3.993393040959344886e-01
45.600000 1.863074958420208986e+02 6.950687917836800978e+01 2.583576874644062826e+01 6.232651646333096096e-01 -4.608170412577834996e-01 4.885883248796023537e-01 4.005866171408873355e-01
45.700000 1.859663727375184692e+02 6.947940101485122000e+01 2.580622196298082116e+01 6.222963177659106560e-01 -4.603004614968323471e-01 4.891926200683381909e-01 4.019469598236395935e-01
45.800000 1.856239094428572685e+02 6.947977855772170130e+01 2.578461673448401115e+01 6.215316795295059427e-01 -4.599529096572285702e-01 4.895995209210500798e-01 4.030310178546550604e-01
45.900000 1.853533461094764903e+02 6.947292353844122204e+01 2.576124436339974011e+01 6.207250572869204008e-01 -4.595519169658279779e-01 4.900614446980199879e-01 4.041685530687309513e-01
46.000000 1.851546237291917691e+02 6.948185014156094041e+01 2.573854631071354504e+01 6.199211477391868286e-01 -4.590734068321208339e-01 4.905642935204938548e-01 4.053344935334499688e-01
46.100000 1.849991901885617835e+02 6.947390192427317857e+01 2.571584065341833991e+01 6.190790877664525960e-01 -4.585263758156258862e-01 4.911784771779813541e-01 4.064952020980854841e-01
46.200000 1.848287993582202660e+02 6.946458080635861165e+01 2.569753187883026868e+01 6.183050120797461968e-01 -4.580658223727799849e-01 4.916760342204505863e-01 4.075896119680482155e-01
46.300000 1.846727232738797397e+02 6.945490037287267171e+01 2.568062824581247483e+01 6.175688660753191339e-01 -4.576190126968342486e-01 4.921255671082558902e-01 4.086636282704844692e-01
46.400000 1.845165896274777140e+02 6.945967477990203065e+01 2.566202792445338332e+01 6.168401986729022957e-01 -4.571905682853122377e-01 4.926575882989146504e-01 4.096015799086045739e-01
46.500000 1.843464287351601456e+02 6.945031259051901884e+01 2.564171981088564678e+01 6.160038457926353406e-01 -4.565937268928429993e-01 4.932365520659653946e-01 4.108273776622793361e-01
46.600000 1.841918733655418237e+02 6.943114369396610641e+01 2.561936608755345191e+01 6.151939856779850002e-01 -4.560264741949320300e-01 4.938229189676497377e-01 4.119649736582520205e-01
46.700000 1.840501009060797060e+02 6.942088690345701707e+01 2.560315219788562757e+01 6.143545916213259961e-01 -4.555679368808380203e-01 4.943773974664107396e-01 4.130584456396806381e-01
46.800000 1.839099825986268115e+02 6.948759559066519387e+01 2.557734907701493654e+01 6.130276510028577208e-01 -4.543635716113115230e-01 4.955115449042259423e-01 4.149929550789487331e-01
46.900000 1.837545819173824952e+02 6.947157175235506088e+01 2.555883260807248547e+01 6.123706044702348361e-01 -4.536550750309630287e-01 4.959546214121654528e-01 4.162070748789914454e-01
47.000000 1.836129887518684995e+02 6.946227638682671568e+01 2.554071354940487026e+01 6.118006613036437447e-01 -4.529545362011442311e-01 4.963797652008005712e-01 4.172999732355954228e-01
47.100000 1.834945118603805270e+02 6.956167249999811020e+01 2.551171928877299422e+01 6.111505562041392725e-01 -4.503688198179561231e-01 4.976246065208801972e-01 4.195624801767813827e-01
47.200000 1.833242486693286253e+02 6.955372314222115904e+01 2.549123174640622835e+01 6.106789059628979777e-01 -4.494333608275622449e-01 4.980917776647851292e-01 4.206964570922063773e-01
47.300000 1.831834663901713327e+02 6.953642854134292861e+01 2.547247313009197001e+01 6.102051778879781230e-01 -4.483821311290352996e-01 4.986841258294506529e-01 4.218023802784926501e-01
47.400000 1.830142387863886313e+02 6.954574982841793940e+01 2.544525830256307586e+01 6.097518865616703421e-01 -4.474136338623199149e-01 4.993382498032911121e-01 4.227114729363086743e-01
47.500000 1.828454579530113335e+02 6.952601546234851071e+01 2.542086373925684484e+01 6.094311668715183261e-01 -4.461681303162408074e-01 4.999706067333399284e-01 4.237417193744620336e-01
47.600000 1.826467367884886244e+02 6.950906636054892829e+01 2.540229975949903363e+01 6.091420033849355153e-01 -4.451209385343204428e-01 5.005298602487977533e-01 4.245977258415685185e-01
47.700000 1.824908206576712075e+02 6.949452664590830864e+01 2.538685745845820918e+01 6.087645165234881750e-01 -4.438428850440141460e-01 5.014248548896320656e-01 4.254202295573650816e-01
47.800000 1.821363115686403660e+02 6.945906625401970302e+01 2.535494147520286390e+01 6.084825617590207125e-01 -4.426872254297981590e-01 5.021262689564761628e-01 4.261997213751964608e-01
47.900000 1.819669152354644552e+02 6.947211068953058088e+01 2.533008287444518203e+01 6.082383369690502750e-01 -4.410255494012585431e-01 5.032435783170671195e-01 4.269525630548152151e-01
48.000000 1.817990920795819250e+02 6.949338708343174176e+01 2.530057086827714841e+01 6.080519265428949716e-01 -4.392034371829044437e-01 5.044865143427057497e-01 4.276289890086302781e-01
48.100000 1.816433665787006362e+02 6.948365940444196553e+01 2.527998930566422331e+01 6.078131420555477060e-01 -4.378109330215929629e-01 5.055158795201595279e-01 4.281804138728024234e-01
48.200000 1.814762632447311148e+02 6.944571002612701704e+01 2.526910035468462823e+01 6.076088864287139124e-01 -4.363540397128751747e-01 5.064320821598662370e-01 4.288742698254762731e-01
48.300000 1.813198847840984058e+02 6.945181719186413716e+01 2.525234167809677643e+01 6.075171369207917893e-01 -4.350864125524493975e-01 5.072997202098252778e-01 4.292665090999256972e-01
48.400000 1.811505755630940655e+02 6.942739395084615239e+01 2.523720645034403987e+01 6.073382188677239890e-01 -4.338742121364562165e-01 5.081460794697162386e-01 4.297452941744759891e-01
48.500000 1.808386174616273934e+02 6.939671064898935526e+01 2.520771756830609789e+01 6.071813827735031976e-01 -4.324524539834362913e-01 5.091828961465851844e-01 4.301725487856427055e-01
48.600000 1.806962100755308143e+02 6.939411539917475125e+01 2.519359294603189525e+01 6.070508939045814456e-01 -4.313891612966820333e-01 5.100083993919216629e-01 4.304463221762779845e-01
48.700000 1.803852175087090188e+02 6.936897017911347518e+01 2.515153044409426641e+01 6.069340543855296088e-01 -4.299710615651431977e-01 5.110761476788133750e-01 4.307634050351425992e-01
48.800000 1.802142124709512814e+02 6.936341210182122552e+01 2.513648479784781742e+01 6.068276644847510060e-01 -4.287032273080635947e-01 5.119996116116982687e-01 4.310801853728647437e-01
48.900000 1.800581825726440002e+02 6.936873798706591288e+01 2.511640899142904715e+01 6.067506922125419644e-01 -4.273356652430088110e-01 5.130720664118660901e-01 4.312712387567412820e-01
49.000000 1.799020552894297111e+02 6.935645980024617074e+01 2.510024549227324542e+01 6.066325786890898186e-01 -4.260594219257927140e-01 5.141204814669503298e-01 4.314515198692384090e-01
49.100000 1.797323307088510376e+02 6.934690999612598716e+01 2.507584525179791513e+01 6.065509855167386943e-01 -4.248168795995670433e-01 5.150166197194252504e-01 4.317225986542015947e-01
49.200000 1.795760877132870519e+02 6.933286786321920658e+01 2.506268541478986478e+01 6.063993263477867046e-01 -4.235395624899590539e-01 5.160662588773955450e-01 4.319371626279146503e-01
49.300000 1.794057156036743947e+02 6.931735553637787461e+01 2.504749503755853368e+01 6.062390366972835176e-01 -4.225447287087327197e-01 5.168857748500437221e-01 4.321565438385530089e-01
49.400000 1.790690677990070867e+02 6.934861324320988274e+01 2.498668160717842213e+01 6.061046961821343615e-01 -4.200150597368984551e-01 5.188780274290117900e-01 4.324234493081403619e-01
49.500000 1.789124786067649495e+02 6.934276015683644800e+01 2.497094013839454973e+01 6.059624468285426113e-01 -4.189329466295056426e-01 5.197065575681605321e-01 4.326774702738030998e-01
49.600000 1.787282313072122122e+02 6.932653385486483444e+01 2.495068290276145717e+01 6.057621395744978710e-01 -4.177479992477611814e-01 5.206620863005096966e-01 4.329547681592379460e-01
49.700000 1.784019651619614706e+02 6.929116479004346729e+01 2.492426444150634524e+01 6.055642378319217034e-01 -4.167894890687589005e-01 5.214129951853945233e-01 4.332516175534056879e-01
49.800000 1.782458082363466190e+02 6.929199157581258817e+01 2.490410397802164155e+01 6.053289090753918300e-01 -4.158377312475856069e-01 5.222259463368108534e-01 4.335158060337352959e-01
49.900000 1.780607533411835561e+02 6.928842409517075396e+01 2.488477641376078253e+01 6.050270807182703825e-01 -4.149282327456928487e-01 5.230676837316697858e-01 4.337937199910226194e-01
50.000000 1.778920696261798184e+02 6.926303894432901131e+01 2.486462294213157520e+01 6.047477112310462033e-01 -4.138736851114914739e-01 5.239516894620952492e-01 4.341237215850584641e-01
50.100000 1.777356227220641642e+02 6.926086076777923495e+01 2.484848531492204060e+01 6.044784695890947912e-01 -4.129263010807145973e-01 5.246677663982070028e-01 4.345358265802040099e-01
50.200000 1.774110580219639814e+02 6.925830949293910521e+01 2.479578189833807045e+01 6.041469966304396921e-01 -4.117923482678885194e-01 5.256718535953175397e-01 4.348592539064802809e-01
50.300000 1.772557483734400705e+02 6.924550360791292292e+01 2.477441062869499433e+01 6.036848546449727904e-01 -4.107972308063696509e-01 5.266987835466511170e-01 4.351995207310943581e-01
50.400000 1.770856079867688777e+02 6.923255045554886067e+01 2.475664834720069152e+01 6.032756934884107025e-01 -4.098095760686025213e-01 5.276153748971663671e-01 4.355876090761445218e-01
50.500000 1.769165747329868168e+02 6.923204137626876786e+01 2.472739779145643979e+01 6.028204062648278017e-01 -4.088966170656704313e-01 5.285104437264774857e-01 4.359906251457710269e-01
50.600000 1.767465929547753092e+02 6.922295843162251572e+01 2.470579410096271289e+01 6.023635221410100771e-01 -4.080016129716446671e-01 5.293537958513003794e-01 4.364372003212294571e-01
50.700000 1.766061850820259451e+02 6.920044239665526220e+01 2.469074841484976446e+01 6.019401762667854205e-01 -4.073238472796002485e-01 5.300096322577517727e-01 4.368582119489786142e-01
50.800000 1.764514705589324990e+02 6.918612613128124167e+01 2.466630313923515061e+01 6.014193844678276113e-01 -4.065000372999395539e-01 5.308608797820240088e-01 4.373090097157187883e-01
50.900000 1.762824599282822646e+02 6.918005157249834269e+01 2.463726019680350277e+01 6.009020425510913643e-01 -4.056940157884592613e-01 5.317029545627097731e-01 4.377454384921046215e-01
51.000000 1.761278807245083442e+02 6.916866743291653563e+01 2.461033645124715363e+01 6.002717968398108006e-01 -4.047725534084168908e-01 5.326881588801987144e-01 4.382650742584439096e-01
51.100000 1.759590187513287560e+02 6.914214986597846746e+01 2.459545557963330964e+01 5.997663274595862459e-01 -4.040981906775716337e-01 5.333129747288348765e-01 4.388191834031805461e-01
51.200000 1.758042747951884621e+02 6.911901660647959034e+01 2.457924222604746944e+01 5.991473961332464127e-01 -4.033819153184991513e-01 5.340696640300258702e-01 4.394030291925456466e-01
51.300000 1.756508616901431594e+02 6.908831560730351384e+01 2.456294552620726535e+01 5.984869715432171722e-01 -4.026017484302522598e-01 5.348697278546117317e-01 4.400449423396043946e-01
51.400000 1.754812221079219512e+02 6.908305257700961022e+01 2.453751579919229897e+01 5.978831873173147127e-01 -4.020090160837458959e-01 5.355317518381732533e-01 4.406020745341592826e-01
51.500000 1.753421290147299487e+02 6.905352869676215732e+01 2.452243132327627606e+01 5.972758911285355188e-01 -4.014288850966302724e-01 5.362069842723897750e-01 4.411331206157607099e-01
51.600000 1.751726440174990671e+02 6.904375514681562720e+01 2.449736941031030923e+01 5.966970775790326753e-01 -4.008415062834843057e-01 5.368438362477958581e-01 4.416756501458721784e-01
51.700000 1.748632164392722927e+02 6.900631633101318130e+01 2.445409472554918651e+01 5.959589583715437788e-01 -4.001831180167695345e-01 5.376069369263024589e-01 4.423405626435356619e-01
51.800000 1.747225108140306986e+02 6.900045873927064122e+01 2.442912456725112591e+01 5.953765605050449494e-01 -3.996162829642821990e-01 5.382645300910372521e-01 4.428372988320519732e-01
51.900000 1.745600766950630316e+02 6.905421765759211894e+01 2.435632933584211557e+01 5.942129495495579450e-01 -3.981958754078041562e-01 5.399372546907930115e-01 4.436426223806686497e-01
52.000000 1.744187208964077911e+02 6.904916127928281355e+01 2.433524190703975520e+01 5.935883495040643609e-01 -3.976667997826773826e-01 5.405828469909157441e-01 4.441668303946623153e-01
52.100000 1.742637770985977852e+02 6.903413688272846116e+01 2.431219662839693996e+01 5.929174460138776359e-01 -3.971560911410654815e-01 5.412289453551842877e-01 4.447326952132543698e-01
52.200000 1.740829018641260859e+02 6.904150418631820685e+01 2.426953682936115442e+01 5.922582580371360539e-01 -3.965950215324672845e-01 5.419171815149306237e-01 4.452733015366995284e-01
52.300000 1.738855938561198400e+02 6.901445872026242512e+01 2.424856281410866998e+01 5.916545474043122255e-01 -3.960271326403472791e-01 5.424606400776476045e-01 4.459191190283413042e-01
52.400000 1.737161301581478483e+02 6.901231781370236718e+01 2.422110620584884799e+01 5.910433407712357701e-01 -3.955335442994529216e-01 5.430742127148149301e-01 4.464206358895983495e-01
52.500000 1.735611538249266346e+02 6.901143597254463202e+01 2.419393120180397005e+01 5.903441514469707219e-01 -3.949761793197729687e-01 5.437735862250615559e-01 4.469875697894139521e-01
52.600000 1.733929146658758782e+02 6.898774617255045882e+01 2.416907995896374928e+01 5.896837835663412131e-01 -3.944190060121974817e-01 5.444409363699378446e-01 4.475385457140647061e-01
52.700000 1.732249115868945637e+02 6.897114317754390811e+01 2.413762376263942855e+01 5.889932130621357009e-01 -3.938032469731649332e-01 5.451716766101788458e-01 4.481002573779450104e-01
52.800000 1.730566855548761964e+02 6.895680607468240453e+01 2.410642067539953715e+01 5.883503770880366135e-01 -3.932526058846467776e-01 5.458160543009773491e-01 4.486435741349834028e-01
52.900000 1.728882884570158467e+02 6.893182894569622476e+01 2.408408845804596865e+01 5.878026249266546932e-01 -3.927339826972074399e-01 5.463871539182443282e-01 4.491204415268190697e-01
53.000000 1.727192394983235317e+02 6.893059205083844176e+01 2.405387359848533180e+01 5.871317381737853891e-01 -3.921735227420467540e-01 5.470933159614901342e-01 4.496277946472881371e-01
53.100000 1.725669691169970861e+02 6.892486628146987471e+01 2.401425444283963273e+01 5.863904718657723114e-01 -3.915034420988421915e-01 5.479230820405155411e-01 4.501683746077882464e-01
53.200000 1.722441423154208451e+02 6.887814172409034086e+01 2.397021218199283510e+01 5.858300168417537312e-01 -3.910309830045586854e-01 5.484608459184471263e-01 4.506535944515484005e-01
53.300000 1.720901913045171909e+02 6.892011445976817186e+01 2.390662554524988792e+01 5.845831076998861953e-01 -3.897176926371268002e-01 5.500973707762442100e-01 4.514151004370594578e-01
53.400000 1.719356052475206127e+02 6.890114309176473739e+01 2.388356332821106420e+01 5.838729665665343127e-01 -3.891121466134519480e-01 5.508512350561678428e-01 4.519369570059086905e-01
53.500000 1.717561846934065386e+02 6.888013051506202089e+01 2.383887294848804572e+01 5.831853137471453286e-01 -3.884190601448626046e-01 5.516584409279726708e-01 4.524361701928166779e-01
53.600000 1.714196291547263229e+02 6.884986625356346224e+01 2.377894008346187249e+01 5.825570306188473380e-01 -3.878362449574846993e-01 5.523354207383135428e-01 4.529193484183020035e-01
53.700000 1.712657534950364493e+02 6.883627547570870320e+01 2.374920802771071138e+01 5.819052845990000389e-01 -3.872758828207616966e-01 5.530344633717925173e-01 4.533834058103914377e-01
53.800000 1.711128215871408429e+02 6.883067223469102203e+01 2.371284483570186552e+01 5.812391579407223396e-01 -3.866345898290876604e-01 5.538018931685512181e-01 4.538482106905145641e-01
53.900000 1.709730196042870318e+02 6.882770829511659372e+01 2.368292400179371882e+01 5.805258095249441475e-01 -3.860217157999076276e-01 5.545417207030550744e-01 4.543792462316014746e-01
54.000000 1.708199861449367631e+02 6.881602746802056458e+01 2.364831157925731375e+01 5.798455465691052524e-01 -3.853884439347743385e-01 5.553118506520551279e-01 4.548446305398125000e-01
54.100000 1.706523356541588328e+02 6.879734843511829467e+01 2.361668581344626361e+01 5.791648815257849359e-01 -3.848424096190946608e-01 5.559851461288406460e-01 4.553513775644958406e-01
54.200000 1.705116776100918514e+02 6.879361980596132753e+01 2.359091439473192153e+01 5.785630257396134901e-01 -3.843149276658482383e-01 5.566458135995565604e-01 4.557546487116778122e-01
54.300000 1.703602045252499124e+02 6.879769948541860458e+01 2.354867914863809375e+01 5.778771808743887739e-01 -3.837147048576169395e-01 5.574200775750777215e-01 4.561840047797549591e-01
54.400000 1.700667861502740550e+02 6.876264820594479943e+01 2.349446590569685611e+01 5.771555862648919399e-01 -3.831252204626552915e-01 5.581537398812103090e-01 4.566956287783897617e-01
54.500000 1.699131679587213455e+02 6.874592558845603207e+01 2.346478426821715857e+01 5.764629438016456442e-01 -3.825212831960387860e-01 5.589093273723098054e-01 4.571523882709451203e-01
54.600000 1.697472347879880772e+02 6.871667306077333137e+01 2.343176609873294325e+01 5.758498795010432714e-01 -3.819723210058391105e-01 5.595250374133096116e-01 4.576306313739066933e-01
54.700000 1.694416507143773174e+02 6.871601034462625535e+01 2.335632499478682078e+01 5.750937654095493734e-01 -3.813260155581802979e-01 5.603441817426008109e-01 4.581179202266635331e-01
54.800000 1.692889494558672823e+02 6.869654647742669340e+01 2.332347446142951952e+01 5.743927545140676827e-01 -3.807679692898650048e-01 5.610364768264640700e-01 4.586139866977049784e-01
54.900000 1.689826968892854495e+02 6.867287781402318103e+01 2.325455350285719192e+01 5.736723744724685492e-01 -3.801671256716083747e-01 5.617666950174639018e-01 4.591199665608793334e-01
55.000000 1.688164646815526169e+02 6.866876633447770928e+01 2.321164972251494518e+01 5.728740194846830835e-01 -3.795418468502855247e-01 5.626109187306945758e-01 4.596001505808511300e-01
55.100000 1.686635598632518906e+02 6.865923441221417534e+01 2.317538616829117259e+01 5.721478917874295300e-01 -3.789433589930631396e-01 5.633598173381654250e-01 4.600809024584301410e-01
55.200000 1.684968724837787306e+02 6.864985366939099265e+01 2.313516062693097908e+01 5.714264497590936243e-01 -3.784476927269114221e-01 5.640384794317914174e-01 4.605537429070227229e-01
55.300000 1.683320993477577474e+02 6.864314598243086607e+01 2.308706033583800021e+01 5.706831984737154029e-01 -3.778333658228328895e-01 5.648271568299976231e-01 4.610129255868431475e-01
55.400000 1.680178068008101206e+02 6.865685388480299878e+01 2.299001528290577312e+01 5.699633865009167133e-01 -3.772854837696695829e-01 5.655410732290963027e-01 4.614766475954932279e-01
55.500000 1.678797547417906628e+02 6.871604430789105322e+01 2.290676877047211235e+01 5.686918819253107271e-01 -3.761196158175534876e-01 5.669748871307891402e-01 4.622370121404531518e-01
55.600000 1.677284294089874948e+02 6.870763203658341922e+01 2.286465305217888755e+01 5.679079579922290399e-01 -3.754867159477070504e-01 5.677563319392564534e-01 4.627559021112354620e-01
55.700000 1.675762591913405686e+02 6.869822549432549863e+01 2.282595157318479551e+01 5.671811308481472524e-01 -3.749917001843370290e-01 5.683681210835934694e-01 4.632973867167641813e-01
55.800000 1.674116996102520147e+02 6.868057011461704064e+01 2.278063576602088602e+01 5.664706208830943002e-01 -3.744884716288887083e-01 5.690106535230700091e-01 4.637847523050205312e-01
55.900000 1.672799498504773794e+02 6.874689922694648203e+01 2.269295713381838198e+01 5.650759930882830462e-01 -3.731352408613363703e-01 5.706198010276130050e-01 4.645990279131569922e-01
56.000000 1.671173079084278754e+02 6.874531076430653798e+01 2.263829249876363647e+01 5.642622354190347522e-01 -3.725820332482734365e-01 5.713414343534465312e-01 4.651448414971865453e-01
56.100000 1.669672759111155642e+02 6.872667687691638605e+01 2.259469332279703835e+01 5.635094255102608418e-01 -3.721151285847346113e-01 5.719375753615548730e-01 4.656982588855235194e-01
56.200000 1.668185404912036347e+02 6.871730724912484334e+01 2.254421862068896587e+01 5.626870356427684516e-01 -3.715947182499899637e-01 5.725955985677745330e-01 4.662992020034739671e-01
56.300000 1.666581701150342667e+02 6.871409636592183290e+01 2.248320842836021782e+01 5.618297067034727643e-01 -3.709998986890198913e-01 5.733522135132429476e-01 4.668765308919384238e-01
56.400000 1.664952308321092005e+02 6.871084917916056156e+01 2.242942670094247859e+01 5.609326839582441382e-01 -3.704014328825223079e-01 5.741213906632949282e-01 4.674846857051245808e-01
56.500000 1.663347280214520367e+02 6.871113086542123938e+01 2.236851669857453473e+01 5.600764690343177366e-01 -3.698943732453012778e-01 5.748211312558522135e-01 4.680525275407229069e-01
56.600000 1.662171993309803213e+02 6.880735861158711941e+01 2.226124432531736730e+01 5.581330547011972287e-01 -3.678507286444365754e-01 5.771029663847743185e-01 4.691753412910377175e-01
56.700000 1.660725227921415126e+02 6.882106024631691810e+01 2.220087613400553650e+01 5.573834265019291800e-01 -3.674674874070165131e-01 5.776833833974647225e-01 4.696522863845129514e-01
56.800000 1.659001463325593591e+02 6.882198665988175890e+01 2.213102922356566538e+01 5.565940628377926691e-01 -3.670075007065658479e-01 5.782871377914992062e-01 4.702047744374304727e-01
56.900000 1.657250281624382922e+02 6.880921347473352512e+01 2.206973420900711602e+01 5.558106033879228747e-01 -3.665753753715158547e-01 5.788490142364043356e-01 4.707768962580132777e-01
57.000000 1.655666733944518967e+02 6.881646272813918586e+01 2.200380463407541498e+01 5.549032965125456629e-01 -3.660544647902256865e-01 5.795637680217837762e-01 4.713727814830243057e-01
57.100000 1.652772182278601747e+02 6.885085322991821499e+01 2.185107305757874840e+01 5.539065583966527040e-01 -3.654470737886814646e-01 5.803719394806224896e-01 4.720215807438959410e-01
57.200000 1.651529708653454236e+02 6.891044675180172874e+01 2.174863929847921185e+01 5.524294152459759966e-01 -3.642787241958361233e-01 5.818180733815229155e-01 4.728746998474921415e-01
57.300000 1.649906684210868661e+02 6.888455476059010607e+01 2.169894005737642928e+01 5.516754809481134725e-01 -3.638885767305836683e-01 5.823332689376377047e-01 4.734207761960418925e-01
57.400000 1.648504175978321484e+02 6.890283379814718501e+01 2.162986759182521723e+01 5.509495679648548361e-01 -3.634406566207403766e-01 5.828836063605346007e-01 4.739326577801559193e-01
57.500000 1.646909714332144006e+02 6.889258542927416329e+01 2.156684762023109414e+01 5.501797540541488729e-01 -3.629963868676119865e-01 5.834680708422753659e-01 4.744479651738101600e-01
57.600000 1.645557682299736086e+02 6.892232236504631260e+01 2.149192641060330189e+01 5.493349917755442346e-01 -3.625492691791982747e-01 5.840984856209687770e-01 4.749926876530657371e-01
57.700000 1.643861448348319811e+02 6.893014536922547109e+01 2.141584523199158241e+01 5.484700502427627411e-01 -3.620375772006151349e-01 5.847588411974836697e-01 4.755696524409287473e-01
57.800000 1.642422600122174572e+02 6.892269448200808313e+01 2.135244209995726550e+01 5.475611241328552925e-01 -3.614795059183485981e-01 5.854162488684593324e-01 4.762322938442670739e-01
57.900000 1.640654551923682618e+02 6.894163546206335980e+01 2.126014680063464368e+01 5.467315678393283029e-01 -3.610438320829268966e-01 5.860574836076892780e-01 4.767269343662556280e-01
58.000000 1.639072552626421952e+02 6.893419239338376769e+01 2.119365565653512107e+01 5.459699165158731216e-01 -3.605823886266009137e-01 5.866515552604282258e-01 4.772181304000366331e-01
58.100000 1.637334767407616312e+02 6.893199412605636667e+01 2.112708130055602851e+01 5.450600529874045641e-01 -3.601246871317027032e-01 5.873097601999922590e-01 4.777938822646107253e-01
58.200000 1.635887480898883553e+02 6.892028087410805881e+01 2.106622806461360753e+01 5.441709533365786111e-01 -3.595452341419947406e-01 5.880010726498758888e-01 4.783930776183246136e-01
58.300000 1.634295134827654294e+02 6.890942657294792184e+01 2.100272715204551233e+01 5.434165870057716674e-01 -3.591327373155864255e-01 5.885579071001053597e-01 4.788754325972008341e-01
58.400000 1.631411045826530994e+02 6.894304302557713982e+01 2.084750251001543475e+01 5.425321592747623933e-01 -3.585820014429498825e-01 5.892488104510711366e-01 4.794409700639170047e-01
58.500000 1.629848131956525776e+02 6.894480570275862874e+01 2.077629309192720086e+01 5.417154626805504858e-01 -3.580966931068066406e-01 5.898642783689835856e-01 4.799700500895916488e-01
58.600000 1.628301326787789094e+02 6.895659469587690182e+01 2.070265994319404257e+01 5.409378574241768822e-01 -3.576547083531716464e-01 5.904590089574521805e-01 4.804451089761784810e-01
58.700000 1.626806970067644045e+02 6.896259330331797344e+01 2.061852110072451794e+01 5.400380565940574584e-01 -3.570529062536476061e-01 5.911884054663324450e-01 4.810076806123920745e-01
58.800000 1.624455105075496988e+02 6.899437958745011201e+01 2.048626168960041483e+01 5.391475627406476789e-01 -3.565360809068921499e-01 5.918294003237689616e-01 4.816013803082188072e-01
58.900000 1.622947318048848047e+02 6.902973699490499371e+01 2.038343085358708606e+01 5.382533091211216814e-01 -3.560087111262286164e-01 5.925338365154977360e-01 4.821253212668146770e-01
59.000000 1.621528471521135089e+02 6.906264535228490331e+01 2.029269412040995846e+01 5.372806711280889713e-01 -3.554282522498010688e-01 5.933144191344763563e-01 4.826781929836079787e-01
59.100000 1.620108780272787214e+02 6.905419241294066524e+01 2.022545594232100541e+01 5.364033455183384591e-01 -3.548794423570354462e-01 5.940025607041271583e-01 4.832111238227375649e-01
59.200000 1.618538910349154207e+02 6.904433060865923721e+01 2.015686893039501371e+01 5.355237258621931007e-01 -3.543397463502552247e-01 5.946694318926977196e-01 4.837622866321098503e-01
59.300000 1.617315817842443266e+02 6.907781021403883415e+01 2.006382985400506413e+01 5.346726123945734210e-01 -3.538269527043495510e-01 5.953583276582433692e-01 4.842315012296248833e-01
59.400000 1.616089567359653358e+02 6.910531128667453515e+01 1.996919694777531262e+01 5.337461095086345475e-01 -3.532882851305509386e-01 5.960926858423412078e-01 4.847432186830209488e-01
59.500000 1.615168286625386997e+02 6.916969331882131655e+01 1.985911953477007685e+01 5.322716889777026061e-01 -3.520367110394608257e-01 5.975566685173556714e-01 4.854719673717342587e-01
59.600000 1.613896183784928553e+02 6.919429086846618304e+01 1.976987277400819210e+01 5.313577460638606587e-01 -3.515927202459207535e-01 5.982405857838409835e-01 4.859523703913939396e-01
59.700000 1.612329001483857098e+02 6.918702316947259590e+01 1.970031580728298692e+01 5.304938991114073188e-01 -3.510899914489136187e-01 5.988358288467525714e-01 4.865261462649263513e-01
59.800000 1.611467884542914533e+02 6.926795493225095868e+01 1.957581515764715618e+01 5.282964669635240584e-01 -3.490318892679258878e-01 6.011290898171623986e-01 4.875688675905283653e-01
59.900000 1.609999476711166722e+02 6.930242343645393532e+01 1.946708323296228116e+01 5.273418265803350158e-01 -3.484687165218503524e-01 6.018729218917281409e-01 4.880872231866392186e-01
60.000000 1.608588485408636188e+02 6.932477330944047367e+01 1.937195654254319521e+01 5.264393584317559327e-01 -3.479750087172571726e-01 6.025317278769281026e-01 4.886005649851720145e-01
60.100000 1.607205441420081797e+02 6.932969027984616162e+01 1.929708555271049875e+01 5.255587050591995490e-01 -3.474490616260938469e-01 6.031713204077481238e-01 4.891334739610626037e-01
60.200000 1.605394870576598123e+02 6.932478445330187355e+01 1.921170721949505733e+01 5.248215684539687675e-01 -3.470584909585737732e-01 6.036402213876148615e-01 4.896235372836819644e-01
60.300000 1.603756499125646258e+02 6.932567744879089844e+01 1.912382013789098778e+01 5.239371444968670133e-01 -3.465326442428785514e-01 6.042420062299119765e-01 4.902005640528768193e-01
60.400000 1.600970970298357088e+02 6.936747344571861618e+01 1.892760192981835843e+01 5.230393958540631161e-01 -3.460499613135984420e-01 6.049098359117017765e-01 4.906763750953898051e-01
60.500000 1.598055171277536317e+02 6.937188927796539417e+01 1.877526590418110786e+01 5.221139436168249492e-01 -3.455177551510022482e-01 6.055632212143496895e-01 4.912307969466080948e-01
60.600000 1.596805158486299661e+02 6.938783429972336592e+01 1.868104907475078136e+01 5.212050093751960933e-01 -3.450328620916432443e-01 6.062296594277434281e-01 4.917146146995967082e-01
60.700000 1.595306108966525471e+02 6.953578623766649969e+01 1.842824716076492564e+01 5.195616863133378782e-01 -3.439171612737672024e-01 6.076684406451102749e-01 4.924588374073251562e-01
60.800000 1.593931477841746300e+02 6.955708549111719208e+01 1.832762396978644048e+01 5.186772148285406780e-01 -3.434172463407836329e-01 6.083024217472450257e-01 4.929571030321586167e-01
60.900000 1.592478517767158337e+02 6.959122118967785298e+01 1.821667839057502647e+01 5.177526002619554646e-01 -3.428919008385030720e-01 6.089772570881194502e-01 4.934613354770285287e-01
61.000000 1.591255772987192927e+02 6.966798364548972700e+01 1.805791867676018114e+01 5.165892597321568580e-01 -3.421352050168082748e-01 6.098947437722705978e-01 4.940723021344600729e-01
61.100000 1.588843622021370265e+02 6.972693037863962218e+01 1.784206389918547586e+01 5.155500954167447913e-01 -3.415441826654232460e-01 6.106754385025555676e-01 4.946020412542841971e-01
61.200000 1.587508857422351980e+02 6.974047112896170120e+01 1.775979028014682726e+01 5.146555877934614331e-01 -3.411478280275969110e-01 6.112245418950698062e-01 4.951286143722475330e-01
61.300000 1.584983350596203877e+02 6.979228365480393848e+01 1.755534511462017377e+01 5.137249316179335334e-01 -3.406728714248073997e-01 6.118808421168153711e-01 4.956112633503632625e-01
61.400000 1.583418183074244041e+02 6.978183187392001230e+01 1.748561651245703175e+01 5.128784543245621386e-01 -3.402576450238439243e-01 6.123987464331395181e-01 4.961332497017262866e-01
61.500000 1.579218980570498445e+02 6.985760435592220574e+01 1.717240439256024231e+01 5.119018691179287872e-01 -3.397363266984755881e-01 6.131301290259588699e-01 4.965955593796713696e-01
61.600000 1.577889603107996095e+02 6.988637147164482144e+01 1.706767863078244574e+01 5.110634123630602987e-01 -3.393215223807912184e-01 6.136953940043730071e-01 4.970443203285038192e-01
61.700000 1.575560454164015880e+02 6.996130696906696755e+01 1.684766161225859804e+01 5.100330699913729893e-01 -3.387070660723870974e-01 6.144348213366557232e-01 4.976079191861830786e-01
61.800000 1.574138447716518101e+02 6.995410253926416999e+01 1.678062455171469480e+01 5.091995656772884127e-01 -3.382296204053398259e-01 6.149859509845699845e-01 4.981052160800213957e-01
61.900000 1.572688168259091412e+02 6.998336250178604701e+01 1.666791169229927405e+01 5.082673841221816424e-01 -3.377409001862891613e-01 6.156102030949439641e-01 4.986175171655640725e-01
62.000000 1.569790474543164862e+02 7.002276147036772613e+01 1.646187313135836305e+01 5.073249900887197850e-01 -3.372540038661830941e-01 6.161942947451989339e-01 4.991850182359000576e-01
62.100000 1.568486971617759878e+02 7.005983815667832459e+01 1.633443924093526789e+01 5.063251547893290461e-01 -3.367247763616652012e-01 6.169122139109076697e-01 4.996704743521386272e-01
62.200000 1.567022993969464437e+02 7.008344910466186661e+01 1.622214444492796304e+01 5.054385445994665771e-01 -3.362409248423774977e-01 6.175116175653975192e-01 5.001532967661831419e-01
62.300000 1.565657222624846554e+02 7.010183244098672617e+01 1.611971276523180663e+01 5.044970184604606889e-01 -3.357748722368545380e-01 6.181775937290463485e-01 5.005941031915935868e-01
62.400000 1.564097905431461584e+02 7.009626958470693125e+01 1.604808983490336516e+01 5.037126374823390762e-01 -3.353982415415677210e-01 6.186537501617398460e-01 5.010480374397503489e-01
62.500000 1.562839266657368000e+02 7.013475940681723841e+01 1.593778423584482340e+01 5.027841164735985524e-01 -3.347962629252484446e-01 6.192993492453623405e-01 5.015853970934776029e-01
62.600000 1.561241523541134768e+02 7.011705268261246715e+01 1.587741709046600036e+01 5.020706656661019229e-01 -3.344012105966105430e-01 6.196884382659815227e-01 5.020827785421320133e-01
62.700000 1.560003630893553748e+02 7.013912153396881877e+01 1.578270555027396327e+01 5.012293203299782451e-01 -3.337687821766003315e-01 6.202412850078804496e-01 5.026612346876078163e-01
62.800000 1.558717382834684315e+02 7.015184556672357985e+01 1.569280971734787933e+01 5.005451779781109334e-01 -3.331680394100804965e-01 6.207468241691554978e-01 5.031172453836301184e-01
62.900000 1.557463597414146363e+02 7.018707475578801791e+01 1.558083657946615119e+01 4.998530786771889223e-01 -3.325609394365675042e-01 6.212304055932453828e-01 5.036098732793626853e-01
63.000000 1.556886710176363806e+02 7.025583401849115717e+01 1.545152430730690618e+01 4.984927680283055551e-01 -3.310529991378785564e-01 6.225139402111840026e-01 5.043662025037364272e-01
63.100000 1.555560329261943480e+02 7.029314476833816627e+01 1.532651056584632698e+01 4.976880385466306844e-01 -3.302802031115554815e-01 6.231958931062556717e-01 5.048251999808385238e-01
63.200000 1.554219525043029932e+02 7.029937965573563474e+01 1.524421260362745301e+01 4.970675377196532296e-01 -3.296161192254742911e-01 6.237434519426615642e-01 5.051942033027613244e-01
63.300000 1.552523917443359380e+02 7.029038814802002832e+01 1.516802317085867102e+01 4.964134235743373202e-01 -3.289093298638487983e-01 6.242967103480536739e-01 5.056144609011077318e-01
63.400000 1.551248824942624651e+02 7.030800818155798027e+01 1.507735544825621510e+01 4.958278500599740402e-01 -3.282375455798305919e-01 6.248563037618466431e-01 5.059342412070122474e-01
63.500000 1.548487518034215498e+02 7.031038869173829653e+01 1.492591415929362064e+01 4.951414865431814638e-01 -3.273533585547850899e-01 6.255242314922259128e-01 5.063537525907859660e-01
63.600000 1.547193826026814918e+02 7.032109519141292253e+01 1.483679896449164914e+01 4.945309369057249715e-01 -3.265865725462243629e-01 6.261527211309186880e-01 5.066686618451959889e-01
63.700000 1.545808492245080856e+02 7.033099728945620654e+01 1.473596527935917777e+01 4.939357687112940765e-01 -3.256676642799598564e-01 6.268912289494968926e-01 5.069274266561315523e-01
63.800000 1.544452028315856751e+02 7.034851733036263965e+01 1.463230651670189530e+01 4.933809088037670043e-01 -3.247513063658459820e-01 6.275917668007520156e-01 5.071887637611423028e-01
63.900000 1.543345835857786028e+02 7.038005755917160400e+01 1.452502805402066777e+01 4.927451652941935989e-01 -3.237161856455165743e-01 6.284260332949418437e-01 5.074354677271781799e-01
64.000000 1.542966542069590616e+02 7.044941684774229884e+01 1.438903084264631183e+01 4.918204011044433055e-01 -3.217396386683509246e-01 6.300159793108804918e-01 5.076181279071658725e-01
64.100000 1.541700144293228902e+02 7.045059048196372942e+01 1.432258925939340166e+01 4.913124506294375138e-01 -3.208323511729245792e-01 6.307243547841342446e-01 5.078045554930432637e-01
64.200000 1.538991087618229869e+02 7.050641549683484754e+01 1.409597396177335682e+01 4.908364043764124607e-01 -3.199811175288425069e-01 6.314250598166002426e-01 5.079311984899438359e-01
64.300000 1.535942284161022258e+02 7.048180357436704924e+01 1.397484993331619485e+01 4.903927848270911993e-01 -3.191129064458559372e-01 6.321170919964799184e-01 5.080451274592863165e-01
64.400000 1.534637060796075332e+02 7.051498723773734412e+01 1.386833345191495859e+01 4.898819983802130129e-01 -3.181175051624100525e-01 6.329385136129432876e-01 5.081394676244812558e-01
64.500000 1.532996178016146303e+02 7.051941284430736800e+01 1.378090802493128564e+01 4.893946427578201308e-01 -3.172819177428681803e-01 6.337050315674296330e-01 5.081761518208783857e-01
64.600000 1.531738139351831762e+02 7.054297263587602629e+01 1.368934931243151709e+01 4.889457481633159852e-01 -3.163620898916529312e-01 6.344691880720508825e-01 5.082282290660303792e-01
64.700000 1.530215310415639181e+02 7.055907242621191244e+01 1.358380504994543614e+01 4.884101190284523275e-01 -3.153834920917913398e-01 6.352911201715111256e-01 5.083247005387664386e-01
64.800000 1.529204053529929581e+02 7.069968615551495361e+01 1.330394820354506891e+01 4.875415896324941101e-01 -3.130320708024786902e-01 6.371082139252055576e-01 5.083377270838426165e-01
64.900000 1.528042856120244721e+02 7.071945760667841796e+01 1.319956481437191087e+01 4.870071263389920690e-01 -3.121040274128346059e-01 6.379539831370422132e-01 5.083599614124898469e-01
65.000000 1.526439216869630968e+02 7.074915164503616438e+01 1.308318532362543962e+01 4.865117622055778468e-01 -3.112661376295279281e-01 6.386933359585760250e-01 5.084196292462797029e-01
65.100000 1.525164152988987212e+02 7.078211748573849604e+01 1.297293819622479205e+01 4.859728561574931383e-01 -3.104695369396824889e-01 6.394578340219105872e-01 5.084611373729504002e-01
65.200000 1.523677882686389466e+02 7.076436888621807952e+01 1.292412757799085732e+01 4.854919388504239652e-01 -3.097403776735157543e-01 6.401332036162772354e-01 5.085154445814656921e-01
65.300000 1.522173559223024597e+02 7.076707689148064162e+01 1.284129144389078903e+01 4.849333088763306265e-01 -3.089588334441146777e-01 6.408875714516496513e-01 5.085737369722425072e-01
65.400000 1.520757796263203261e+02 7.078210801929897400e+01 1.274521693600047989e+01 4.844158033331453783e-01 -3.081318921306357428e-01 6.416235598784719718e-01 5.086406137362355917e-01
65.500000 1.519453964658838174e+02 7.080799138134592852e+01 1.263645162955143064e+01 4.838685854004060594e-01 -3.072336450177978184e-01 6.424253542377724724e-01 5.086927792530184789e-01
65.600000 1.517999701083020057e+02 7.081714082580131731e+01 1.254541843008721180e+01 4.832890531907953480e-01 -3.063393857236696993e-01 6.431928012519230187e-01 5.088132194018681886e-01
65.700000 1.516510066308809428e+02 7.082731882410523383e+01 1.246044840498321982e+01 4.826863829114271809e-01 -3.055568695892663666e-01 6.439629398371431446e-01 5.088817026726299986e-01
65.800000 1.515118460453321063e+02 7.084861958954166994e+01 1.233890577369318464e+01 4.819518724300174695e-01 -3.046956491216196161e-01 6.448151919623386075e-01 5.090150511351578810e-01
65.900000 1.513894379762369056e+02 7.087819650478873257e+01 1.222233812747852433e+01 4.813212506442401950e-01 -3.039090448805916722e-01 6.456224444584983679e-01 5.090587444779475224e-01
66.000000 1.512445843380367592e+02 7.088103644377108026e+01 1.213033270049600532e+01 4.807799775673196607e-01 -3.032528003425675189e-01 6.462257434635282349e-01 5.091960729814879461e-01
66.100000 1.512439218382438639e+02 7.096225733278298264e+01 1.197914633984349564e+01 4.795421161671669652e-01 -3.017484399898499037e-01 6.477805579492945665e-01 5.092814413745194724e-01
66.200000 1.510871454567401599e+02 7.094567243585534300e+01 1.191139036147287911e+01 4.789162478588520622e-01 -3.011122962924951407e-01 6.484016800700964644e-01 5.094564494051827541e-01
66.300000 1.509681565436874280e+02 7.094965854800021532e+01 1.183214297836063977e+01 4.782650222823185415e-01 -3.003849059448252534e-01 6.490919091618119197e-01 5.096186517411679384e-01
66.400000 1.508336102438870228e+02 7.096515113716473877e+01 1.172668905296315245e+01 4.774825663726823266e-01 -2.996638835053593852e-01 6.498197047468350362e-01 5.098492983768632136e-01
66.500000 1.507018612393268029e+02 7.097705363170051385e+01 1.164146430834851742e+01 4.766540172552639620e-01 -2.989445333282900741e-01 6.505741110107375880e-01 5.100847379702101447e-01
66.600000 1.504349157208916665e+02 7.095665320584549818e+01 1.150521667315964436e+01 4.758842131843870615e-01 -2.983539480809924704e-01 6.512170956726284210e-01 5.103287485631866627e-01
66.700000 1.504110011864702301e+02 7.102406798855277259e+01 1.136505462618819706e+01 4.739190424138711166e-01 -2.960132407797261833e-01 6.535138272888696420e-01 5.105845474187962196e-01
66.800000 1.502648559286378429e+02 7.102730639412462210e+01 1.127501630772241725e+01 4.731609878349875009e-01 -2.955191221548158498e-01 6.541198501176156421e-01 5.107977581332691086e-01
66.900000 1.502671296782727666e+02 7.109038177304498163e+01 1.113084923733486775e+01 4.710734445590667452e-01 -2.936125581774706172e-01 6.562442596902303693e-01 5.111016994056648555e-01
67.000000 1.499844900544476047e+02 7.112389185773510292e+01 1.091419396167245814e+01 4.701764300892171677e-01 -2.930486495885329945e-01 6.569075041968022166e-01 5.113992026712839145e-01
67.100000 1.498657951383970044e+02 7.113087657051895007e+01 1.083459568034149356e+01 4.692689166975419490e-01 -2.925387309263089430e-01 6.575269168983511880e-01 5.117285689539806670e-01
67.200000 1.497337007820205770e+02 7.113900870365326057e+01 1.074939015155329791e+01 4.684181536950439706e-01 -2.920361257485305506e-01 6.581147915216463140e-01 5.120393107244153308e-01
67.300000 1.497315574052079512e+02 7.120278194587905318e+01 1.060549164426642932e+01 4.666986469221623413e-01 -2.908885491281323898e-01 6.596126834023035013e-01 5.123351762683929778e-01
67.400000 1.496080761439272635e+02 7.123860680246035315e+01 1.049165660772012743e+01 4.657760322091968330e-01 -2.904114790699148241e-01 6.602900019842691259e-01 5.125728962045255077e-01
67.500000 1.494880770987131768e+02 7.125211214612799893e+01 1.039066354268687675e+01 4.648698692442018165e-01 -2.899117890921848462e-01 6.609669500192909553e-01 5.128058601424551055e-01
67.600000 1.493662159235751687e+02 7.125522934469773872e+01 1.031564728743403592e+01 4.638717997941279592e-01 -2.893794444531502252e-01 6.616690007608880819e-01 5.131048858818538783e-01
67.700000 1.492385323948850271e+02 7.126962471863723181e+01 1.020169355564757829e+01 4.628658679258294550e-01 -2.888303931357807386e-01 6.623932628262522160e-01 5.133881160220700179e-01
67.800000 1.490961943031429371e+02 7.125544762621279915e+01 1.013591430023170403e+01 4.620588903356919741e-01 -2.884148684069728907e-01 6.628944639022387175e-01 5.137016403237398832e-01
67.900000 1.489850128615827884e+02 7.127532386473529868e+01 1.002619390229526530e+01 4.610219283806799573e-01 -2.878224065022108036e-01 6.636772584978443135e-01 5.139548038691931220e-01
68.000000 1.488219957015150499e+02 7.126557044399062590e+01 9.937043794023452392e+00 4.600719615263325069e-01 -2.873409399076491955e-01 6.643009355101650026e-01 5.142696195096704281e-01
68.100000 1.486928519132108306e+02 7.127505118171561094e+01 9.847456877269593178e+00 4.591275737758236386e-01 -2.867677231588988129e-01 6.649613067439431591e-01 5.145800272905802775e-01
68.200000 1.485895432560513711e+02 7.131498299311803635e+01 9.735530304162745452e+00 4.580916339180360897e-01 -2.862383063590013266e-01 6.657343470147901732e-01 5.147984713573124926e-01
68.300000 1.484393935261619504e+02 7.131433775750740267e+01 9.652121236009353566e+00 4.572556420926910392e-01 -2.858115520998861792e-01 6.662729983083840457e-01 5.150818635768598108e-01
68.400000 1.482051222362650265e+02 7.136397743295572127e+01 9.470336258873182089e+00 4.563381592056609537e-01 -2.853519911631829942e-01 6.669451398727543889e-01 5.152804149122180988e-01
68.500000 1.480795629781079015e+02 7.137506186184729984e+01 9.375934895102723488e+00 4.553486571468590705e-01 -2.848525496521328026e-01 6.676493488290513589e-01 5.155200989286208291e-01
68.600000 1.479582006321839174e+02 7.138172894998120910e+01 9.276043982849888181e+00 4.543309256163265419e-01 -2.842800109176399359e-01 6.683734318250952322e-01 5.157957357827063216e-01
68.700000 1.478319324102726853e+02 7.140431793454160925e+01 9.141472197055414028e+00 4.532518589327789171e-01 -2.836653660477895800e-01 6.691645455724607450e-01 5.160576745168663493e-01
68.800000 1.477130328230528278e+02 7.141870164334599735e+01 9.039509350579614022e+00 4.522705550121834950e-01 -2.831357807911630275e-01 6.698397676126928157e-01 5.163333810914451094e-01
68.900000 1.475675077368490520e+02 7.142300838390636386e+01 8.948666342469870472e+00 4.512852031013155352e-01 -2.826010471161362614e-01 6.705210996601409512e-01 5.166040732913583788e-01
69.000000 1.475521828563906581e+02 7.147574569790771193e+01 8.801241260124360366e+00 4.495613885960811351e-01 -2.814268147657810748e-01 6.719564669732559503e-01 5.168829773818920392e-01
69.100000 1.474188347739376752e+02 7.147654665127265616e+01 8.717764575021666573e+00 4.486869128065171797e-01 -2.809736207033471378e-01 6.725697323628965218e-01 5.170917073927121521e-01
69.200000 1.472830718672441037e+02 7.148622462534642352e+01 8.613212004480921280e+00 4.477828200379090906e-01 -2.805267492941764806e-01 6.731703372569964872e-01 5.173364340993599209e-01
69.300000 1.471460525216845383e+02 7.149519234693583769e+01 8.510249792427000415e+00 4.467998302437330982e-01 -2.800220836927848067e-01 6.738275469285047725e-01 5.176040777842035867e-01
69.400000 1.470033379449755273e+02 7.147837463201207697e+01 8.446173596671400219e+00 4.459722029281988909e-01 -2.796569628788151407e-01 6.743487729602231084e-01 5.178363735156189529e-01
69.500000 1.468638629240337536e+02 7.146749411596661616e+01 8.374208879738894495e+00 4.449566960732908028e-01 -2.790853927268570622e-01 6.750394460466182522e-01 5.181183537253933880e-01
69.600000 1.467207908688585576e+02 7.145935182060512147e+01 8.279700744790574163e+00 4.440126839066684816e-01 -2.786188554539353324e-01 6.756590237245384545e-01 5.183716365457697872e-01
69.700000 1.466949525312513742e+02 7.152401432053169117e+01 8.138607935719548436e+00 4.423872991899824858e-01 -2.776268819898603524e-01 6.769517075284600116e-01 5.186069586751449467e-01
69.800000 1.465376980064274619e+02 7.150169864880631110e+01 8.073529726465011436e+00 4.415252448257172002e-01 -2.771461621726555857e-01 6.775329234032461123e-01 5.188396676037884125e-01
69.900000 1.464156275225178661e+02 7.150597654912843382e+01 7.974300923091817594e+00 4.404398894839350320e-01 -2.765134969798824227e-01 6.782663923062798306e-01 5.191413013883207084e-01
70.000000 1.462823673991097166e+02 7.149793522546562485e+01 7.890967950393900310e+00 4.394633359200960099e-01 -2.760138986210472489e-01 6.788852995831170523e-01 5.194256964763415141e-01
70.100000 1.461292288945144549e+02 7.149544155400180045e+01 7.785513667677539829e+00 4.384026421336221224e-01 -2.755061806827113768e-01 6.795490659302155789e-01 5.197235176218754082e-01
70.200000 1.459824717646694694e+02 7.149863044075527796e+01 7.696508857494560374e+00 4.374976756708242043e-01 -2.750975378073963751e-01 6.801009615170511280e-01 5.199805867708109375e-01
70.300000 1.458133415700538649e+02 7.147380122236708644e+01 7.623224449864450136e+00 4.365864227597544001e-01 -2.746293045306634206e-01 6.806790141608332068e-01 5.202375613466231341e-01
70.400000 1.456456083462214792e+02 7.145566556960329763e+01 7.544979084708149486e+00 4.356668689787103199e-01 -2.742045451747767149e-01 6.812297270112861458e-01 5.205115807702164199e-01
70.500000 1.454950140854588199e+02 7.145696214419012904e+01 7.435781456000363221e+00 4.346651448246851568e-01 -2.738293956863744327e-01 6.818204337198098264e-01 5.207730504689165318e-01
70.600000 1.453246793695575718e+02 7.144362618731818770e+01 7.331280026762213353e+00 4.337828869381659680e-01 -2.734570831748421860e-01 6.823317436085232224e-01 5.210345692228588454e-01
70.700000 1.451893204335568726e+02 7.144551978481709398e+01 7.225677014460009318e+00 4.327309373905618983e-01 -2.730044291515011934e-01 6.829806822171826663e-01 5.212963698385979505e-01
70.800000 1.450163044231651668e+02 7.140466046971752689e+01 7.171014677247189439e+00 4.318870880915177124e-01 -2.725868044713704585e-01 6.834725844283945362e-01 5.215699411418257547e-01
70.900000 1.448768384022879445e+02 7.140078999563108653e+01 7.070909725418875524e+00 4.308360443586506938e-01 -2.720326718230384744e-01 6.841242271980098044e-01 5.218740941098108932e-01
71.000000 1.447307575190493196e+02 7.136336040151388715e+01 7.025859663644670405e+00 4.298518162793360520e-01 -2.716414898442400805e-01 6.846224881298466070e-01 5.222359292345324366e-01
71.100000 1.444530726613877789e+02 7.136069233198924167e+01 6.849213883973053640e+00 4.288876095372018971e-01 -2.712665461331095207e-01 6.851839466125880795e-01 5.224871660039854815e-01
71.200000 1.442414440952898076e+02 7.133576319142211730e+01 6.731915616245780498e+00 4.278384596513032379e-01 -2.708533714623363453e-01 6.857295252512329853e-01 5.228457916148934181e-01
71.300000 1.440799254342763334e+02 7.133354808802155844e+01 6.613416031667515682e+00 4.268714675543087700e-01 -2.705116796532759382e-01 6.862527393229648220e-01 5.231265230619843720e-01
71.400000 1.439421202425404260e+02 7.131983730878454253e+01 6.538601607016332196e+00 4.258162066307879523e-01 -2.700256621281071356e-01 6.868247760505937771e-01 5.234867973176544620e-01
71.500000 1.438315279060326475e+02 7.131960051331788009e+01 6.447771596043299525e+00 4.247147639740032621e-01 -2.695549987988098417e-01 6.874254181988229684e-01 5.238356290853588559e-01
71.600000 1.435441296294368385e+02 7.129624133147642340e+01 6.289105727929694467e+00 4.237060255145500554e-01 -2.692354826483008279e-01 6.879494823634472178e-01 5.241287709539182993e-01
71.700000 1.433384612211885667e+02 7.132594937382086187e+01 6.072019918912214820e+00 4.225167811575551990e-01 -2.687646860198460996e-01 6.886194271382692911e-01 5.244505675053406923e-01
71.800000 1.433005745101228285e+02 7.137453294386216385e+01 5.927140635979764482e+00 4.205931243519541174e-01 -2.677414346237858012e-01 6.898845637538448816e-01 5.248573488364488560e-01
71.900000 1.432718738919748773e+02 7.141941633431740399e+01 5.794339289917786573e+00 4.186854759958067440e-01 -2.668063916184630346e-01 6.910816270588324706e-01 5.252837388720660305e-01
72.000000 1.431452563084691860e+02 7.142200354673541085e+01 5.678327827262627636e+00 4.175199495614643763e-01 -2.664116817656519420e-01 6.916369297196189869e-01 5.256807633773638022e-01
72.100000 1.430177805901199122e+02 7.142363914288296201e+01 5.585982876483551962e+00 4.163431237962421094e-01 -2.659704282263024577e-01 6.922662407422746078e-01 5.260091125686545688e-01
72.200000 1.428609358263160516e+02 7.139551789125204095e+01 5.521898496901187059e+00 4.153481504112587208e-01 -2.656004829834749392e-01 6.927529056306733768e-01 5.263418177659365815e-01
72.300000 1.427386865866470202e+02 7.138958056546104558e+01 5.422900116299262052e+00 4.141677596866955580e-01 -2.651764733745763936e-01 6.933328105719114287e-01 5.267220506008649661e-01
72.400000 1.426348406237681843e+02 7.141148093417119469e+01 5.287891711813323070e+00 4.128243069253796915e-01 -2.647171318140248419e-01 6.940406100048208682e-01 5.270754816910687701e-01
72.500000 1.424954668831671256e+02 7.140636103027600257e+01 5.187693798055351024e+00 4.116450717459460562e-01 -2.642407039411389102e-01 6.946579486211601484e-01 5.274234728426558938e-01
72.600000 1.423538185380623986e+02 7.138475272716333109e+01 5.122466468526191363e+00 4.105549305112958236e-01 -2.638090408633626538e-01 6.951976504830210679e-01 5.277780459194043594e-01
72.700000 1.422334794569807173e+02 7.138140638931082549e+01 5.020987170304859859e+00 4.093586558902254091e-01 -2.633415892456339447e-01 6.958083257036651315e-01 5.281358462581329238e-01
72.800000 1.422034069358519446e+02 7.141815488932564904e+01 4.870915468177539509e+00 4.072440180968254220e-01 -2.623118732495540173e-01 6.970953679364246813e-01 5.285856968157982561e-01
72.900000 1.420633228911297579e+02 7.139460218588087059e+01 4.803004577017841115e+00 4.062058580464905089e-01 -2.619429180208437402e-01 6.975989429933013852e-01 5.289030377319350329e-01
73.000000 1.419306052895452126e+02 7.138578641893300869e+01 4.718746379724358064e+00 4.051005559573675474e-01 -2.615943050691781901e-01 6.981338411661122123e-01 5.292174401293434638e-01
73.100000 1.417965781114949380e+02 7.137347077501344472e+01 4.612056063764530478e+00 4.040397062073323720e-01 -2.612294564520542539e-01 6.986416867863887159e-01 5.295383653465782769e-01
73.200000 1.416837042132131046e+02 7.138815770006445405e+01 4.483425114092359109e+00 4.028272885597559139e-01 -2.607635555688073148e-01 6.992600040645343684e-01 5.298754480011089729e-01
73.300000 1.415525331167966385e+02 7.138781247997263790e+01 4.372559095033640375e+00 4.016729088896505706e-01 -2.603456238189206795e-01 6.998262509784055618e-01 5.302096272833730639e-01
73.400000 1.414322227188692409e+02 7.137313250230529604e+01 4.296412913110430054e+00 4.006649636483901045e-01 -2.600188410895617475e-01 7.003198784886289774e-01 5.304807790832268832e-01
73.500000 1.412752444775194647e+02 7.133437408370544119e+01 4.238513534312495779e+00 3.996319515317813820e-01 -2.595843554057173930e-01 7.007645426399674582e-01 5.308854127983697602e-01
73.600000 1.411255789459603420e+02 7.130315526096264023e+01 4.160247116808974965e+00 3.985690778804903411e-01 -2.591355523706238007e-01 7.012585179578372241e-01 5.312513027246569264e-01
73.700000 1.410793211093577781e+02 7.134017637755592034e+01 4.014372433059758549e+00 3.967038384412049923e-01 -2.582184839280431965e-01 7.022803265644090853e-01 5.317439440600185696e-01
73.800000 1.409570944823114473e+02 7.133911203436535686e+01 3.893742526950966010e+00 3.954475437896414758e-01 -2.576686860172532345e-01 7.029200842600645815e-01 5.321009711518159824e-01
73.900000 1.409102453621302118e+02 7.137026763152016429e+01 3.746653196193339141e+00 3.936791498445123549e-01 -2.566829957118078598e-01 7.039161608416495408e-01 5.325716901939747672e-01
74.000000 1.408766312754460728e+02 7.141234214383044332e+01 3.598711359425294631e+00 3.916621046186454236e-01 -2.555101797744174230e-01 7.051412443571301036e-01 5.330020350278377173e-01
74.100000 1.407400894728270373e+02 7.138607179013115456e+01 3.524909352316935696e+00 3.905940452532790097e-01 -2.550240917450046219e-01 7.056390738292809273e-01 5.333596365752375501e-01
74.200000 1.406188706754389273e+02 7.135763277246340408e+01 3.454289459964961395e+00 3.894061442313417887e-01 -2.545199128312932713e-01 7.061891632519053941e-01 5.337408870536378691e-01
74.300000 1.404660022096431646e+02 7.131232661627100811e+01 3.390373099977466609e+00 3.883220099025702643e-01 -2.541177967523556291e-01 7.066408237453261076e-01 5.341244313972949298e-01
74.400000 1.403224369173647688e+02 7.128393355397527387e+01 3.300431107451789359e+00 3.871482636935337784e-01 -2.536722091226534248e-01 7.071715315220915565e-01 5.344857876900136473e-01
74.500000 1.401792299890763047e+02 7.124748003173871780e+01 3.246054776413444642e+00 3.860960890228498088e-01 -2.532228368106745897e-01 7.075987209292320390e-01 5.348944336017426027e-01
74.600000 1.400434044508293141e+02 7.121789533957024787e+01 3.172091737506502085e+00 3.851048449354296799e-01 -2.527835880457577900e-01 7.080454225977423910e-01 5.352255557803230479e-01
74.700000 1.399215713989946153e+02 7.119063891801312138e+01 3.102078367112024893e+00 3.840473556673847932e-01 -2.523555424000548664e-01 7.085154501805731586e-01 5.355652767686520654e-01
74.800000 1.398001443456440711e+02 7.117426199113600660e+01 3.003146246116795481e+00 3.828408974728010894e-01 -2.518803269152564694e-01 7.090614516981958992e-01 5.359300382054832390e-01
74.900000 1.396688458675706954e+02 7.115461678118565203e+01 2.918449689632065969e+00 3.817588100897550407e-01 -2.514821130738755239e-01 7.095277116684346463e-01 5.362717446382080366e-01
75.000000 1.395388299866578166e+02 7.112650574597034847e+01 2.834180194203799630e+00 3.806136270362636687e-01 -2.509905361798818735e-01 7.100293444416401201e-01 5.366519800524452988e-01
75.100000 1.394192587559131482e+02 7.109728090769610276e+01 2.761054185606155897e+00 3.794821851736408513e-01 -2.504659932327126248e-01 7.105411869669114866e-01 5.370207435411056274e-01
75.200000 1.392851777928956949e+02 7.106510524124165329e+01 2.685006746193323579e+00 3.783752633506967666e-01 -2.500637068683654318e-01 7.110109107475781620e-01 5.373674603001588057e-01
75.300000 1.388662441760894239e+02 7.098603319575346404e+01 2.421933070262593191e+00 3.772162054402591336e-01 -2.495797019768256075e-01 7.115243359022306313e-01 5.377276505195736078e-01
75.400000 1.387192927498494441e+02 7.096107299437008464e+01 2.336908361271717638e+00 3.760642883656999946e-01 -2.491339234454582607e-01 7.119940746277023669e-01 5.381192961599816638e-01
75.500000 1.386623350712242200e+02 7.097563204859883967e+01 2.206525675039884504e+00 3.741638705559454658e-01 -2.478959432266050478e-01 7.130890846363358015e-01 5.385656475072451155e-01
75.600000 1.385252735051260800e+02 7.094068738695798970e+01 2.137689580450985005e+00 3.729944710305269640e-01 -2.473755759904806562e-01 7.135885821942633545e-01 5.389543434707771974e-01
75.700000 1.383984120288288295e+02 7.092153503732475883e+01 2.046639011167979305e+00 3.716844236451838923e-01 -2.468658984129229461e-01 7.141487378476365500e-01 5.393509967089662460e-01
75.800000 1.382429132756504373e+02 7.086967704211464536e+01 1.995651502772609831e+00 3.705497326154261195e-01 -2.464036853011173922e-01 7.145793631227220777e-01 5.397725940873517869e-01
75.900000 1.381007481825100456e+02 7.082404548241102304e+01 1.946057402855533525e+00 3.694983181704755149e-01 -2.459589602521694007e-01 7.150088267310138468e-01 5.401273557575108075e-01
76.000000 1.379720573921075015e+02 7.079081839104289031e+01 1.861832759393561076e+00 3.682699491673521175e-01 -2.453678465064084435e-01 7.155303689575732706e-01 5.405443141320817046e-01
76.100000 1.378438175368040675e+02 7.075195671396538444e+01 1.811761420633729358e+00 3.671997926317851491e-01 -2.449064157802776642e-01 7.159601900804187791e-01 5.409123459682190216e-01
76.200000 1.376889011528797653e+02 7.069651479010147455e+01 1.762847248816129309e+00 3.661353854005963693e-01 -2.444624077435929854e-01 7.163489480663112197e-01 5.413198641857246418e-01
76.300000 1.376371963811378691e+02 7.071151095741325321e+01 1.645907390277720594e+00 3.641832262752651705e-01 -2.432967217218944822e-01 7.173294263040654872e-01 5.418632457155572180e-01
76.400000 1.375021673513499536e+02 7.067516036718831174e+01 1.573677397205095474e+00 3.630362089691153149e-01 -2.427899658092149415e-01 7.177951290246553651e-01 5.422433920557918618e-01
76.500000 1.374462370833834939e+02 7.069761344716255280e+01 1.428323835199048375e+00 3.611003072053529661e-01 -2.414582610435816457e-01 7.188175313920076581e-01 5.427760430172920980e-01
76.600000 1.372134546832813271e+02 7.064176163555303845e+01 1.223946081136094932e+00 3.597846552821049038e-01 -2.408745307077109488e-01 7.193786040992089514e-01 5.431656158522466527e-01
76.700000 1.370806103337596653e+02 7.060539664790340453e+01 1.147721640385015007e+00 3.585627946722753090e-01 -2.403117892121761912e-01 7.198734453515993614e-01 5.435670969807390174e-01
76.800000 1.369432279364666272e+02 7.056805703370088168e+01 1.080598273204028459e+00 3.574179892306887374e-01 -2.397699477354044706e-01 7.203109177060456059e-01 5.439806384153089702e-01
76.900000 1.368123938388369538e+02 7.052937686590232147e+01 1.002077924205998727e+00 3.561770916163913836e-01 -2.391521130445954657e-01 7.208029081915314773e-01 5.444146524264611431e-01
77.000000 1.366623170206971452e+02 7.049417633653999360e+01 9.263663690961827513e-01 3.550185197257720304e-01 -2.387075849743455214e-01 7.211897738810996161e-01 5.448539708736330756e-01
77.100000 1.365297109108202562e+02 7.045908880505623983e+01 8.491708825571038233e-01 3.538957806011538421e-01 -2.381765273512022052e-01 7.216488784188764827e-01 5.452087807146904774e-01
77.200000 1.364099964873745989e+02 7.042793942122052897e+01 7.772040620553113399e-01 3.526807545438688241e-01 -2.375875576061924621e-01 7.221310139508831938e-01 5.456145494168579413e-01
77.300000 1.362710712670175326e+02 7.038418533240184161e+01 7.173520452091750599e-01 3.516798104014213777e-01 -2.371654089127729070e-01 7.224718183828773288e-01 5.459929957552536184e-01
77.400000 1.361447859902091579e+02 7.034384452791962872e+01 6.634102116692837114e-01 3.504934872807000112e-01 -2.366912023525884479e-01 7.228999177315091895e-01 5.463948197471102386e-01
77.500000 1.360089295864839585e+02 7.029290013370854240e+01 6.023144788087542167e-01 3.492378336319462151e-01 -2.361570079292194813e-01 7.233373783892033115e-01 5.468508390695018262e-01
77.600000 1.358712633582935894e+02 7.025174072365112465e+01 5.378803590390397460e-01 3.481109133104854370e-01 -2.356478898014457146e-01 7.237387596625242114e-01 5.472577745710118791e-01
77.700000 1.357369653291488589e+02 7.019778902655673392e+01 4.758871075008528351e-01 3.468969849787680859e-01 -2.350575017216652018e-01 7.241823209627771263e-01 5.476955529324434302e-01
77.800000 1.356008674906262286e+02 7.014786773761535699e+01 4.143765154330196765e-01 3.457863632696263068e-01 -2.344779435472420237e-01 7.245749922003862364e-01 5.481267788061743307e-01
77.900000 1.354628732279452947e+02 7.009655800839681206e+01 3.584421263284447434e-01 3.446914498992917353e-01 -2.340030806557981402e-01 7.249397959848150608e-01 5.485368308577049934e-01
78.000000 1.353240980433472203e+02 7.004889049716410909e+01 3.012667123551331372e-01 3.434124983856839952e-01 -2.334996494529683608e-01 7.253430838099813593e-01 5.490202003814336207e-01
78.100000 1.351933036074644292e+02 7.000806086722525379e+01 2.236487727007165915e-01 3.422281915185718115e-01 -2.328924271214501962e-01 7.257606596661027032e-01 5.494656014714943693e-01
78.200000 1.350634987508347535e+02 6.997233731146911850e+01 1.422770697878767976e-01 3.410860840466914956e-01 -2.324093362673608776e-01 7.261528890156293548e-01 5.498619512747840998e-01
78.300000 1.349383295877036062e+02 6.993953470465068278e+01 5.281755879788008201e-02 3.398994324767294350e-01 -2.319197370907911393e-01 7.265771217224052947e-01 5.502429441068014127e-01
78.400000 1.348005138577311186e+02 6.989609805643446805e+01 -9.402710753860787918e-03 3.388200529604205591e-01 -2.314849202128749783e-01 7.269194145116397721e-01 5.506395084190669476e-01
78.500000 1.345142184321344416e+02 6.980324787873443881e+01 -1.421602202824168160e-01 3.378363495559196239e-01 -2.310586464331665368e-01 7.272204746247813434e-01 5.510253026075220273e-01
78.600000 1.343801914159996613e+02 6.975441672627282230e+01 -2.085976741754969055e-01 3.366561050464885185e-01 -2.304487586082713257e-01 7.276107478218519775e-01 5.514876573822478090e-01
78.700000 1.342546554701868899e+02 6.970847215380769057e+01 -2.595831787930258372e-01 3.355943979807998190e-01 -2.299456306684826146e-01 7.278974538339282319e-01 5.519662160698445286e-01
78.800000 1.340946302376391372e+02 6.965302995258690544e+01 -3.363940474000060021e-01 3.345122315627245269e-01 -2.294281287218535581e-01 7.282295221719470302e-01 5.524002749124335976e-01
78.900000 1.339689761801885197e+02 6.960527855338152392e+01 -3.853529840069711554e-01 3.332827246177126890e-01 -2.288519480868022038e-01 7.286114702978000457e-01 5.528785912646169143e-01
79.000000 1.338230819261164584e+02 6.955342381564626919e+01 -4.595343085936001160e-01 3.321722456458449657e-01 -2.282438106637095510e-01 7.289485415482197528e-01 5.533537619742261437e-01
79.100000 1.336985185750359904e+02 6.951845929471741670e+01 -5.491696924861599882e-01 3.310178513790258958e-01 -2.275862473653844087e-01 7.293411785120446078e-01 5.537988149185739672e-01
79.200000 1.336124515769962215e+02 6.950368638998892834e+01 -6.625008525037650031e-01 3.291308490977040146e-01 -2.260420825659577027e-01 7.301130510774732629e-01 5.545383609163678784e-01
79.300000 1.335003686098673654e+02 6.946531481719270573e+01 -7.129518346107737159e-01 3.280992775475699563e-01 -2.255747273251466345e-01 7.303854690408139172e-01 5.549810565046151556e-01
79.400000 1.333550343282360870e+02 6.940679427838048809e+01 -7.832136231763122680e-01 3.270779340858008255e-01 -2.250159904142296219e-01 7.307151661518417329e-01 5.553766065002686547e-01
79.500000 1.332369842507923750e+02 6.936586381312133653e+01 -8.789756428777089070e-01 3.256950892607456960e-01 -2.240475016480500681e-01 7.311795953239743628e-01 5.559692664334702217e-01
79.600000 1.331119441728550896e+02 6.932635072640357521e+01 -9.660316534214210549e-01 3.243315456050119838e-01 -2.231848261100950748e-01 7.316409528462731737e-01 5.565061527403520891e-01
79.700000 1.329794093473872749e+02 6.927082679067549975e+01 -1.030317193278381893e+00 3.231787192639224982e-01 -2.225616646788011466e-01 7.319909119082238513e-01 5.569660005010166337e-01
79.800000 1.327217531251849607e+02 6.917148788417304672e+01 -1.148902473837761562e+00 3.222169945992778284e-01 -2.219940963196455896e-01 7.322557543374944578e-01 5.574014171405198281e-01
79.900000 1.325910373774169955e+02 6.911971991083329669e+01 -1.219792510034608313e+00 3.211342832291965710e-01 -2.213859578834624087e-01 7.325911902454562696e-01 5.578271934583662883e-01
80.000000 1.324709454636011969e+02 6.908111164800173754e+01 -1.287412056039407560e+00 3.200330538634023059e-01 -2.208236634448024205e-01 7.329079317120265058e-01 5.582667084210561903e-01
80.100000 1.323393912308421818e+02 6.902642944934760294e+01 -1.354421916361282285e+00 3.188320893148686719e-01 -2.201454123588616474e-01 7.332688890556084971e-01 5.587475571164639554e-01
80.200000 1.322173973925231678e+02 6.898724242837107568e+01 -1.418261716165968522e+00 3.177550156775220680e-01 -2.195406219823269889e-01 7.335648101346958772e-01 5.592104564861412053e-01
80.300000 1.320997090915290073e+02 6.896610955485961370e+01 -1.560826138737713364e+00 3.159737856820259427e-01 -2.178838939694759114e-01 7.342303959813353265e-01 5.599936616851647342e-01
80.400000 1.318244102921360366e+02 6.886763154964579314e+01 -1.712252254755295411e+00 3.148362640213126507e-01 -2.171836016322000185e-01 7.345484961933979040e-01 5.604889979109188847e-01
80.500000 1.316780422084461861e+02 6.880911923768360339e+01 -1.780544229164739534e+00 3.136541609386171436e-01 -2.165248915500185001e-01 7.348969328953324220e-01 5.609496739335696480e-01
80.600000 1.314067543527065141e+02 6.870601980735318648e+01 -1.902933437839987363e+00 3.125894265622785051e-01 -2.158914663782289522e-01 7.351763413475506104e-01 5.614218309518733685e-01
80.700000 1.312814563724140839e+02 6.865958441160140069e+01 -1.954337500555201501e+00 3.115990520330613189e-01 -2.153180263984646181e-01 7.354674386033066558e-01 5.618112005240364359e-01
80.800000 1.311354749779277995e+02 6.859501952365616262e+01 -2.017797100598802018e+00 3.105098794777843008e-01 -2.147214292811539249e-01 7.357663695444598417e-01 5.622509866612203089e-01
80.900000 1.310058394278152605e+02 6.854835311815868693e+01 -2.093724768548231197e+00 3.094724255513592315e-01 -2.140444873060866615e-01 7.360570391060097251e-01 5.627004624662460541e-01
81.000000 1.308692710283557972e+02 6.849157448966792572e+01 -2.147342827919988650e+00 3.084083853835028477e-01 -2.134406494989807002e-01 7.363640471700075851e-01 5.631121975255029000e-01
81.100000 1.307337527196472422e+02 6.843717995752183469e+01 -2.205867735394523521e+00 3.073524130041248026e-01 -2.128336537104283388e-01 7.366571276065919660e-01 5.635358075714592685e-01
81.200000 1.305895742216873714e+02 6.838315236191021995e+01 -2.281699273723710064e+00 3.063468026809165745e-01 -2.122582702443494840e-01 7.369389558412140495e-01 5.639317676489927766e-01
81.300000 1.304745006932567435e+02 6.835179598867306083e+01 -2.384315040363432558e+00 3.047428708753076032e-01 -2.107567964039809838e-01 7.374136004577829251e-01 5.647428948469346288e-01
81.400000 1.303372503528471498e+02 6.829886174435102930e+01 -2.440170914423529069e+00 3.036579285902268888e-01 -2.100369057369419201e-01 7.376997990481209966e-01 5.652215203945312183e-01
81.500000 1.301942120443819704e+02 6.824122765152154102e+01 -2.515533750591963269e+00 3.024980011198807883e-01 -2.092735060706082117e-01 7.380228308216472133e-01 5.657047464547154680e-01
81.600000 1.300696500297665352e+02 6.818977347474806550e+01 -2.563474279498500152e+00 3.015187366003145297e-01 -2.086577417188886507e-01 7.382687700469856562e-01 5.661339253860651066e-01
81.700000 1.299638103921725474e+02 6.816727567522181630e+01 -2.677721649920616898e+00 2.998974531795212672e-01 -2.068194706613636358e-01 7.386400806947684972e-01 5.671843221766765808e-01
81.800000 1.298460497901933195e+02 6.814184307182327416e+01 -2.800005619811106072e+00 2.985082932830396829e-01 -2.047513192234571289e-01 7.388811345295247524e-01 5.683523248424898755e-01
81.900000 1.295875831852804936e+02 6.803912320153975202e+01 -2.947291756070303137e+00 2.976312440069154297e-01 -2.039046232376214018e-01 7.390760530800990491e-01 5.688630195194291916e-01
82.000000 1.294549627699333882e+02 6.798714926141711601e+01 -3.014196003326073736e+00 2.966486706361822212e-01 -2.028208436989138164e-01 7.392582578001828386e-01 5.695265576294799015e-01
82.100000 1.293164855486548959e+02 6.793115690667224271e+01 -3.063739525045171774e+00 2.958366130401704486e-01 -2.019927857740189403e-01 7.394169188828816353e-01 5.700370452434804225e-01
82.200000 1.291672866917149349e+02 6.787277353679287728e+01 -3.125422800293431891e+00 2.949999846506186629e-01 -2.008727746286337601e-01 7.396097145841704634e-01 5.706159895777991320e-01
82.300000 1.290274794646445002e+02 6.781856926266799235e+01 -3.173208554849136220e+00 2.942647874649003681e-01 -1.998656909465142961e-01 7.397508578796984091e-01 5.711660080107706650e-01
82.400000 1.288912956315394354e+02 6.776496066815600727e+01 -3.231094074315951303e+00 2.935117297124924529e-01 -1.985953257066806199e-01 7.399686624897539033e-01 5.717142115268457614e-01
82.500000 1.288002661043732928e+02 6.775313218582166996e+01 -3.340844911589336164e+00 2.924742589028175854e-01 -1.960018360607581611e-01 7.403555634353194970e-01 5.726392650093335979e-01
82.600000 1.286469931227672419e+02 6.769274558906559491e+01 -3.389286057822868514e+00 2.918131529958042925e-01 -1.947177790894973060e-01 7.406045928105555731e-01 5.730924073419680909e-01
82.700000 1.285068816471039668e+02 6.763627376705068173e+01 -3.433398796893957439e+00 2.911929261018165183e-01 -1.933766436737021088e-01 7.408540483086187844e-01 5.735393906040691103e-01
82.800000 1.284089926896620852e+02 6.761644396984308969e+01 -3.535875438369970425e+00 2.904400267204167441e-01 -1.901568449367880831e-01 7.412979293359224231e-01 5.744234893914106355e-01
82.900000 1.282698352406707727e+02 6.756832833863087728e+01 -3.591519467125092291e+00 2.900342596410080964e-01 -1.885694058725034816e-01 7.415360005917008834e-01 5.748443852294709000e-01
83.000000 1.281395653939924841e+02 6.752422265812045055e+01 -3.631017501535200864e+00 2.895695876878874309e-01 -1.871114993957892214e-01 7.418438872417149055e-01 5.751577067572233304e-01
83.100000 1.279989417407500696e+02 6.747170585338388094e+01 -3.678379397128828998e+00 2.891409134860100649e-01 -1.855662833159032743e-01 7.421457701281061192e-01 5.754844416018192188e-01
83.200000 1.278600564578836440e+02 6.742350771467637571e+01 -3.734676927472587948e+00 2.886780114675104314e-01 -1.837784496627378195e-01 7.424877797034097338e-01 5.758492720546110055e-01
83.300000 1.277225157554754418e+02 6.736459295970313121e+01 -3.783541753129597396e+00 2.881422314712336896e-01 -1.821740881173702920e-01 7.428402874071972084e-01 5.761726854565177858e-01
83.400000 1.275903469922185423e+02 6.731337527693773382e+01 -3.803156110256097122e+00 2.876913834450456897e-01 -1.808129381198438357e-01 7.431460230671149692e-01 5.764324224915494677e-01
83.500000 1.274343705854121538e+02 6.725470272326256804e+01 -3.844643928032912328e+00 2.872037665082905478e-01 -1.790350936387811176e-01 7.435197968267364121e-01 5.767484230372310616e-01
83.600000 1.273052384350281869e+02 6.720319460643587206e+01 -3.878585079256463786e+00 2.867629889436636437e-01 -1.773861490977630961e-01 7.438525713571517706e-01 5.770480867013734194e-01
83.700000 1.271664762871570531e+02 6.715240055554018284e+01 -3.932918788270388433e+00 2.863795215921739468e-01 -1.756951536753861287e-01 7.442454508654824386e-01 5.772492455202126171e-01
83.800000 1.268529885653540816e+02 6.702401897186435065e+01 -3.989487907008427925e+00 2.859165738015311264e-01 -1.742512821385701072e-01 7.445829675729236374e-01 5.774810887803657478e-01
83.900000 1.266960919837169257e+02 6.696248554782089002e+01 -4.022576050676612169e+00 2.854924986306378032e-01 -1.726865752272161714e-01 7.449375992081541664e-01 5.777035167349440226e-01
84.000000 1.266074475562596717e+02 6.695502623018867894e+01 -4.169512346983395901e+00 2.851970257655062624e-01 -1.693325692052182196e-01 7.456927492661785672e-01 5.778680309488639644e-01
84.100000 1.265602083659125157e+02 6.695788286605520057e+01 -4.304581567879800730e+00 2.845118688845790222e-01 -1.645198495631630953e-01 7.468326405373146848e-01 5.781238816997446017e-01
84.200000 1.264279959934366389e+02 6.690861086730657803e+01 -4.374430486835930054e+00 2.840383181494602338e-01 -1.629384196972746279e-01 7.472606057717287031e-01 5.782515821604380379e-01
84.300000 1.263657787349817028e+02 6.691244562686222253e+01 -4.519021117664866694e+00 2.836649416810367308e-01 -1.597940166604230050e-01 7.479014189960402348e-01 5.784838291295029133e-01
84.400000 1.262216437304492160e+02 6.686201918293610902e+01 -4.597638209714258295e+00 2.831590740257522443e-01 -1.581449166886056967e-01 7.483637591071682360e-01 5.785869063307782501e-01
84.500000 1.260731547210035330e+02 6.680600036580838719e+01 -4.663298564062767326e+00 2.826183142410744753e-01 -1.567316945122814442e-01 7.487866630226738263e-01 5.786886880441081127e-01
84.600000 1.259349438506496597e+02 6.674630677647859045e+01 -4.709343510596252003e+00 2.819729779813017756e-01 -1.552444036294797491e-01 7.491840994408999199e-01 5.788899722529412539e-01
84.700000 1.256534933715374223e+02 6.663312555906581736e+01 -4.837248383790463180e+00 2.813701257167250391e-01 -1.535911156092576446e-01 7.496355415282149881e-01 5.790398746526509433e-01
84.800000 1.255207508106800276e+02 6.657098583180267326e+01 -4.894813369979640783e+00 2.806718032731748136e-01 -1.520237147456946214e-01 7.500677764144693116e-01 5.792326473766457040e-01
84.900000 1.253879452148080276e+02 6.650519412288211640e+01 -4.947967490108847954e+00 2.800171323110102195e-01 -1.505354707434506667e-01 7.504570847821803170e-01 5.794338974901256378e-01
85.000000 1.252512628208317835e+02 6.644999542376640989e+01 -5.036152175010183640e+00 2.792540273421519892e-01 -1.488895009364002153e-01 7.508910170504395909e-01 5.796652354911883132e-01
85.100000 1.251173189038268845e+02 6.638891680784611538e+01 -5.092045787915498778e+00 2.784443768727021262e-01 -1.473603558495228949e-01 7.513340397056957887e-01 5.798713782308920761e-01
85.200000 1.249892694469287449e+02 6.633566506470873492e+01 -5.166603304775929217e+00 2.776835901519223437e-01 -1.457433649398222342e-01 7.517907226230513551e-01 5.800529326831018739e-01
85.300000 1.248648404263082057e+02 6.628407768192806770e+01 -5.248168173530068259e+00 2.768388882338450596e-01 -1.440881349060834093e-01 7.522637091039101609e-01 5.802569700623703142e-01
85.400000 1.247219149518073067e+02 6.620884630782904878e+01 -5.306618233939705220e+00 2.760391953223929606e-01 -1.427571315018614506e-01 7.526896301130987510e-01 5.804145800816280509e-01
85.500000 1.245719681919727861e+02 6.612730938681723103e+01 -5.380782927892056478e+00 2.751755288462520710e-01 -1.412762509321205395e-01 7.531036859828582619e-01 5.806498836698258392e-01
85.600000 1.244554241970551374e+02 6.607609384232145544e+01 -5.473439259568159798e+00 2.743876090233886011e-01 -1.399174828802139114e-01 7.535117848219182735e-01 5.808222861886244148e-01
85.700000 1.243202272719254324e+02 6.600487399747056827e+01 -5.511396594949207639e+00 2.735425517287159991e-01 -1.386741876467664780e-01 7.538441659304437881e-01 5.810877004092287468e-01
85.800000 1.241828392108535581e+02 6.593181644371348682e+01 -5.584177128748507357e+00 2.725917492409409837e-01 -1.372327861812802363e-01 7.542802925367726452e-01 5.813107094603777725e-01
85.900000 1.240606583274218337e+02 6.587068576006164733e+01 -5.662548038760487401e+00 2.715984882444165693e-01 -1.357809902202236907e-01 7.546708910028440132e-01 5.816095169021365807e-01
86.000000 1.239307237539433970e+02 6.580894844825516543e+01 -5.756438448338883518e+00 2.706982544581977290e-01 -1.343830903867101467e-01 7.550847224720101947e-01 5.818167253876167511e-01
86.100000 1.238215743463166945e+02 6.575602562462823641e+01 -5.832452430286767964e+00 2.696124642985763820e-01 -1.328874314040229543e-01 7.555801899481606743e-01 5.820211561683917845e-01
86.200000 1.236888780748076471e+02 6.568339624619780182e+01 -5.913932270216623266e+00 2.685413313636086929e-01 -1.314005326767961612e-01 7.560710118582681938e-01 5.822165219137370729e-01
86.300000 1.235675700097286835e+02 6.561577493220195834e+01 -5.988141215626196612e+00 2.674263230449558382e-01 -1.300327670740176189e-01 7.565158516879613160e-01 5.824589319210132787e-01
86.400000 1.235290616587916048e+02 6.563306440108571849e+01 -6.139848004015330929e+00 2.662646121220884621e-01 -1.279007573276873255e-01 7.570674477676754277e-01 5.827464561342400318e-01
86.500000 1.233914381148394455e+02 6.555517596741648845e+01 -6.206996870149584566e+00 2.653573947846691872e-01 -1.267349642575547330e-01 7.574440093454700706e-01 5.829256166736791478e-01
86.600000 1.231169087982849533e+02 6.541675712649981733e+01 -6.416804460949801836e+00 2.643290988187627089e-01 -1.252471899207436012e-01 7.578932995560537789e-01 5.831303588586823627e-01
86.700000 1.229795439627521034e+02 6.534368416804281310e+01 -6.489650289658452920e+00 2.632989152806600730e-01 -1.239003581629401773e-01 7.582831837892959337e-01 5.833772327075267272e-01
86.800000 1.225582517965608957e+02 6.511491479561549056e+01 -6.714947227843506283e+00 2.624327016390065048e-01 -1.227205896924175310e-01 7.586299275872379066e-01 5.835660776167336250e-01
86.900000 1.224294761147098711e+02 6.504324792296202418e+01 -6.803226373169913188e+00 2.614362856477578934e-01 -1.215023378403838061e-01 7.590584004399525409e-01 5.837110545188994859e-01
87.000000 1.222940297548296940e+02 6.496151711982945187e+01 -6.870209793416069743e+00 2.604703417412110311e-01 -1.201492955383306332e-01 7.594249285314103037e-01 5.839461668509537962e-01
87.100000 1.222357585540950424e+02 6.494990239905446572e+01 -7.016042373969291646e+00 2.592854388521355080e-01 -1.182824659190389732e-01 7.599988684517128279e-01 5.841079004837058664e-01
87.200000 1.220934248675564930e+02 6.486790675364645153e+01 -7.066419171693425483e+00 2.583697100626665688e-01 -1.171202526924139953e-01 7.603275294225262382e-01 5.843201069051416896e-01
87.300000 1.219631833176658802e+02 6.480399638924055239e+01 -7.158483158896235210e+00 2.574547635997715966e-01 -1.158778393674815693e-01 7.607296781492974835e-01 5.844482251031105635e-01
87.400000 1.218921589431301129e+02 6.477802900904116257e+01 -7.312745371802900962e+00 2.559493288144586987e-01 -1.138574408230870888e-01 7.614905043257473860e-01 5.845157278212145258e-01
87.500000 1.216695099934459847e+02 6.464498822443829340e+01 -7.394824369606748604e+00 2.549782554411128555e-01 -1.126066119266040666e-01 7.617972738205751604e-01 5.847826551823824826e-01
87.600000 1.215033778176162116e+02 6.455572636135325126e+01 -7.497549073606570857e+00 2.541790365997513290e-01 -1.114535892895232305e-01 7.621138269179300595e-01 5.849389964844298184e-01
87.700000 1.213939615123771745e+02 6.449452742549971163e+01 -7.566722756264500305e+00 2.533187080079684628e-01 -1.101409745742729929e-01 7.625044704671471996e-01 5.850517331062429216e-01
87.800000 1.212688825999314304e+02 6.441396991460469224e+01 -7.618415909061649671e+00 2.525217408477911651e-01 -1.089510488418910655e-01 7.628170559304676690e-01 5.852115673301636622e-01
87.900000 1.211332764317705681e+02 6.432922227453747155e+01 -7.681271968905793557e+00 2.516743959022729182e-01 -1.077312629480539630e-01 7.631620011876085741e-01 5.853526572709546461e-01
88.000000 1.210022585089743217e+02 6.425613543166596742e+01 -7.765013284054862908e+00 2.508145271949927535e-01 -1.063388905557782066e-01 7.634911118365506066e-01 5.855471248754504643e-01
88.100000 1.207486350713727035e+02 6.410411450604009076e+01 -7.872608611215891727e+00 2.501700970014066328e-01 -1.053103012895279661e-01 7.637917404408265387e-01 5.856166324849293447e-01
88.200000 1.206187188114285078e+02 6.403122287369563992e+01 -7.957818910577049820e+00 2.494748653845522968e-01 -1.041291652326558487e-01 7.641491235079538313e-01 5.856581985521381872e-01
88.300000 1.204972692458617871e+02 6.395617712758108553e+01 -8.023969554191669573e+00 2.488398856958482230e-01 -1.029518320331263836e-01 7.644859943704030991e-01 5.856968464823726350e-01
88.400000 1.203902214477460717e+02 6.389341279630674819e+01 -8.095108759210173588e+00 2.480980013427236952e-01 -1.016658161540240912e-01 7.648135465927575760e-01 5.858085715519103509e-01
88.500000 1.202829180225539289e+02 6.382957153973121933e+01 -8.164894847075412798e+00 2.475854938152258211e-01 -1.004305730397169610e-01 7.650884134673360260e-01 5.858795463482400212e-01
88.600000 1.201612602891014774e+02 6.375336126889866506e+01 -8.229263662273186952e+00 2.470679490849434778e-01 -9.933201013508945187e-02 7.653392410662185341e-01 5.859577001641560479e-01
88.700000 1.200411469851735546e+02 6.368595971756678864e+01 -8.305347255622869795e+00 2.465020041400082518e-01 -9.815962307061856795e-02 7.656451688099934483e-01 5.859939639889732987e-01
88.800000 1.199175764176238204e+02 6.361308583306043829e+01 -8.370062500973237007e+00 2.460256244811290793e-01 -9.696417547080431187e-02 7.658956382288242271e-01 5.860658769421739356e-01
88.900000 1.197872608558177490e+02 6.353815529501530790e+01 -8.452930726556768803e+00 2.454473908609771382e-01 -9.565513642194112265e-02 7.661668099195874104e-01 5.861689965984905326e-01
89.000000 1.196872164543276824e+02 6.349011064123290993e+01 -8.543210573203129599e+00 2.449486328893673293e-01 -9.432674847676376928e-02 7.665202903256236322e-01 5.861307672239642885e-01
89.100000 1.194481662287425365e+02 6.337566809387263334e+01 -8.738214668469368007e+00 2.444303388697126600e-01 -9.291440202438416840e-02 7.668589787053914364e-01 5.861297041742660197e-01
89.200000 1.193287921828013651e+02 6.331799028878505453e+01 -8.823000765377447152e+00 2.440337472474277125e-01 -9.154678830614437768e-02 7.671205509153773416e-01 5.861678736663212819e-01
89.300000 1.192025975398862698e+02 6.325262945202017306e+01 -8.919381224870143399e+00 2.436667075665444604e-01 -9.025410632610920969e-02 7.673816558460595516e-01 5.861792611359729621e-01
89.400000 1.190872692405015982e+02 6.319436776704460357e+01 -9.009253895470578755e+00 2.432524469716202675e-01 -8.887471119448434043e-02 7.676894397666457204e-01 5.861590712623917510e-01
89.500000 1.189591400074424428e+02 6.312739174565709277e+01 -9.101880647237141631e+00 2.428832206565555984e-01 -8.744816383475545463e-02 7.679261436388574724e-01 5.862166815106694129e-01
89.600000 1.188437341687077833e+02 6.307700304120865553e+01 -9.196335309758513432e+00 2.426363134443734193e-01 -8.614789569197814356e-02 7.681892787570777648e-01 5.861666925616368928e-01
89.700000 1.187240475676313167e+02 6.302290261537650906e+01 -9.283093432005944834e+00 2.422471183675352358e-01 -8.489165552301690398e-02 7.684120268295782097e-01 5.862189842446645649e-01
89.800000 1.186006115769447149e+02 6.296104329831025836e+01 -9.385189488538919989e+00 2.417998197752021239e-01 -8.352573119644444988e-02 7.687250643875344069e-01 5.861894529647904140e-01
89.900000 1.184757278973598460e+02 6.290692697627429197e+01 -9.489938953311483516e+00 2.414606424392864159e-01 -8.207646801519344337e-02 7.689932300867322601e-01 5.861822443845703390e-01
90.000000 1.183488566453662258e+02 6.284798268516563269e+01 -9.589569363580576322e+00 2.411705303547564960e-01 -8.078602603354571865e-02 7.692620209479323901e-01 5.861282593538853503e-01
90.100000 1.182311029138857066e+02 6.278616307102802807e+01 -9.673853206485127032e+00 2.408851920452948214e-01 -7.949419453642105060e-02 7.695124781599248509e-01 5.860934594793549834e-01
90.200000 1.181016424812594181e+02 6.271715210720962830e+01 -9.763163111521432569e+00 2.405658651429554151e-01 -7.824950058202434500e-02 7.697316949525858654e-01 5.861042552073003620e-01
90.300000 1.180229802072736618e+02 6.271868932704746413e+01 -9.931784678305060510e+00 2.395095639602541904e-01 -7.631658652806982968e-02 7.701556485410685493e-01 5.862347860819574485e-01
90.400000 1.178972044480842953e+02 6.265504045272759726e+01 -1.002997697864793381e+01 2.393132478372844429e-01 -7.504742918065154811e-02 7.703938456747534413e-01 5.861658257945524531e-01
90.500000 1.177799062074055030e+02 6.259736263185001803e+01 -1.011777189550320699e+01 2.389924938312426028e-01 -7.380032945208521433e-02 7.706451323359363448e-01 5.861247130705325992e-01
90.600000 1.176706325738443866e+02 6.253478474710306045e+01 -1.018588384536645464e+01 2.387892625715693495e-01 -7.260436798261581115e-02 7.708827206491132289e-01 5.860444734275651602e-01
90.700000 1.175613521993619770e+02 6.248084570080600031e+01 -1.026104547080280938e+01 2.385475335312076117e-01 -7.135117864834644719e-02 7.711387688046247302e-01 5.859599668903641145e-01
90.800000 1.174414060532701853e+02 6.242844783981871615e+01 -1.037232091056596417e+01 2.382628097934761380e-01 -6.993177791315034753e-02 7.715170451880112301e-01 5.857489469829064710e-01
90.900000 1.173217116389801902e+02 6.236553580996721280e+01 -1.045304366759782866e+01 2.380542835008206404e-01 -6.878534906981789709e-02 7.717337512485994422e-01 5.856840027216203559e-01
91.000000 1.172200942872156730e+02 6.231924969515831947e+01 -1.054269311207543325e+01 2.378199575157802226e-01 -6.746980830551857489e-02 7.720436843466316201e-01 5.855237332806312311e-01
91.100000 1.171011368573006166e+02 6.225360565195883567e+01 -1.062234477877652594e+01 2.375898239977349280e-01 -6.625478069696999484e-02 7.722462516704471369e-01 5.854887755956267315e-01
91.200000 1.170242548222356618e+02 6.223377761501399164e+01 -1.077451022202521003e+01 2.368457572472737471e-01 -6.441323694272274580e-02 7.729870064718026290e-01 5.850180424621856945e-01
91.300000 1.169207743865797227e+02 6.218298076526268403e+01 -1.085917353961501775e+01 2.366510732559354291e-01 -6.327393642016450326e-02 7.732418152321813842e-01 5.848844105232690049e-01
91.400000 1.168280789881550561e+02 6.214700758699714811e+01 -1.098110150017928177e+01 2.363181998916900894e-01 -6.159161943959114149e-02 7.737655208853558841e-01 5.845058592552975218e-01
91.500000 1.167297701414460676e+02 6.210790250587137962e+01 -1.111627438492029185e+01 2.360415501244255143e-01 -6.009441704724815397e-02 7.742752932512682040e-01 5.840982947375144008e-01
91.600000 1.166078232967747681e+02 6.204081045280871365e+01 -1.121675576112826533e+01 2.357894712372013424e-01 -5.892145146838355385e-02 7.745879823676595777e-01 5.839049968806039326e-01
91.700000 1.163507874216720666e+02 6.191231578237830746e+01 -1.142967016887198994e+01 2.355814711934353933e-01 -5.761792216046533743e-02 7.748703796954432566e-01 5.837443277213807402e-01
91.800000 1.162417097803516697e+02 6.185002830235245597e+01 -1.152447271255247685e+01 2.353822191437494049e-01 -5.630853067841000426e-02 7.751080730826803711e-01 5.836369036703012991e-01
91.900000 1.161248373749299816e+02 6.179635406846471568e+01 -1.163822901425468004e+01 2.352114028963832315e-01 -5.502227413821364488e-02 7.754083267829948722e-01 5.834295776285006729e-01
92.000000 1.160518701415199985e+02 6.178138859705015307e+01 -1.179291811475077267e+01 2.345752733178127492e-01 -5.348570206315773207e-02 7.760866159386665686e-01 5.829264836868824906e-01
92.100000 1.159559770238107319e+02 6.173527908754522286e+01 -1.188858019072195660e+01 2.343923065914592652e-01 -5.221595122429870811e-02 7.764013678640641070e-01 5.826960245507835090e-01
92.200000 1.158412577891396040e+02 6.167526274970559541e+01 -1.202213926418685830e+01 2.342389742637061567e-01 -5.112572206418763976e-02 7.767428653724910426e-01 5.823991625785827075e-01
92.300000 1.157541266708569623e+02 6.163232717793526660e+01 -1.214601837640333670e+01 2.339674652988160963e-01 -4.989175081454606808e-02 7.771427923055009845e-01 5.820817114030605310e-01
92.400000 1.156535033579376233e+02 6.158085136616023192e+01 -1.225558192705775085e+01 2.337966138943147476e-01 -4.880112620240381616e-02 7.774596334156517186e-01 5.818196557543670044e-01
92.500000 1.155419714572618091e+02 6.151974386459659172e+01 -1.234837414092024588e+01 2.335169152362131795e-01 -4.753945233914361190e-02 7.777958821092973984e-01 5.815869810644642701e-01
92.600000 1.154483028635675907e+02 6.146713233077066718e+01 -1.246343832576498656e+01 2.333825951321394643e-01 -4.646916149801443019e-02 7.781303389434754969e-01 5.812799299259964192e-01
92.700000 1.153455249628680974e+02 6.141027140542442453e+01 -1.256828610112632916e+01 2.332089646564543817e-01 -4.540062551365943444e-02 7.784524609060905487e-01 5.810026920041632126e-01
92.800000 1.152585711584424359e+02 6.136374185688313077e+01 -1.269099979186144012e+01 2.330789462039180304e-01 -4.424655034809214793e-02 7.788833338641260040e-01 5.805662751551018408e-01
92.900000 1.151769415124307869e+02 6.131534057102759050e+01 -1.281662672498294242e+01 2.328882779522254698e-01 -4.315569277341148313e-02 7.792917237280611031e-01 5.801767364369594393e-01
93.000000 1.150506863520082561e+02 6.125137291369072301e+01 -1.293742851026097540e+01 2.326660695887874386e-01 -4.216808828976548185e-02 7.796135600379729969e-01 5.799060694603995758e-01
93.100000 1.149408981527985816e+02 6.119037886827175043e+01 -1.305460111119151279e+01 2.325720476437168061e-01 -4.116970920544409801e-02 7.799715114115836068e-01 5.795340706853029378e-01
93.200000 1.148820199039278549e+02 6.117773733264402125e+01 -1.320011163851464531e+01 2.321915072486910869e-01 -3.970625471504610204e-02 7.807732615100883011e-01 5.787085893685908200e-01
93.300000 1.147940933868164421e+02 6.112675491225036239e+01 -1.333857861986395577e+01 2.320720660107123690e-01 -3.861712295321039629e-02 7.812123567239153132e-01 5.782374319379561811e-01
93.400000 1.146887493413585304e+02 6.107106966883669941e+01 -1.348153377665743236e+01 2.319270695193879628e-01 -3.745682092880921188e-02 7.816454428559677092e-01 5.777864853495227049e-01
93.500000 1.145858912284120663e+02 6.101426358686551055e+01 -1.358641090308445953e+01 2.318219967649860769e-01 -3.640948226457956655e-02 7.819442925459286764e-01 5.774911555789986606e-01
93.600000 1.145212805842456589e+02 6.100361957005543445e+01 -1.372963520517585678e+01 2.315349012730834322e-01 -3.506746204951072948e-02 7.826330263072251991e-01 5.767559351502711262e-01
93.700000 1.144333261393969963e+02 6.095363032894706379e+01 -1.385033180036081646e+01 2.314250999000237730e-01 -3.411778554167456401e-02 7.830135505524642436e-01 5.763403330474275998e-01
93.800000 1.143269795913009688e+02 6.089653749193952592e+01 -1.395149709378289415e+01 2.312881063555350669e-01 -3.311644107468672549e-02 7.833812790175176399e-01 5.759538912742023786e-01
93.900000 1.141371630455091832e+02 6.078929348699998059e+01 -1.417889112032707644e+01 2.311927249750419522e-01 -3.214814994033608764e-02 7.837769550055879719e-01 5.755085622092835917e-01
94.000000 1.140876820546876615e+02 6.079225132406187271e+01 -1.431322128171105490e+01 2.308752411226067114e-01 -3.095179659758779192e-02 7.845366512513916035e-01 5.746658613204825850e-01
94.100000 1.139986972732981769e+02 6.073869828375680413e+01 -1.443139509109819940e+01 2.307433485221875580e-01 -2.990657252961155185e-02 7.849552112155353534e-01 5.742024211180876136e-01
94.200000 1.139277987431668180e+02 6.073573690998228614e+01 -1.458769699596385649e+01 2.306190579218580783e-01 -2.864880509920381124e-02 7.853766168275595483e-01 5.737400681755799869e-01
94.300000 1.138424300299313643e+02 6.068631899236309835e+01 -1.471024901431202281e+01 2.304686445797211047e-01 -2.755154335976806035e-02 7.858049188182886224e-01 5.732676040777673343e-01
94.400000 1.137665014143197197e+02 6.064296699480082964e+01 -1.482343987197220159e+01 2.304263813116830539e-01 -2.647652410008439691e-02 7.860961349668471598e-01 5.729358978606288177e-01
94.500000 1.136116413357139834e+02 6.054654567899326167e+01 -1.507989470072070404e+01 2.303115564926585812e-01 -2.546950142756852081e-02 7.865104023584944537e-01 5.724589753203621623e-01
94.600000 1.135304359964556511e+02 6.050053407863727983e+01 -1.520657796043818522e+01 2.301511352251588982e-01 -2.430190354656608723e-02 7.869359066700503114e-01 5.719892929347278887e-01
94.700000 1.134367547491910102e+02 6.044945204927901017e+01 -1.535886552973245145e+01 2.300878180939605055e-01 -2.324521318653004209e-02 7.872161790882155064e-01 5.716729339494953654e-01
94.800000 1.133535068918693582e+02 6.040058453082193779e+01 -1.548317092123722105e+01 2.298754181159742283e-01 -2.214623905664621015e-02 7.876230152163563591e-01 5.712414744599231264e-01
94.900000 1.132555096727897137e+02 6.034641923073550629e+01 -1.561330677580510340e+01 2.298438570183898577e-01 -2.101019370908653594e-02 7.879468596762273513e-01 5.708503477073376686e-01
95.000000 1.131550116194233908e+02 6.028804903238373214e+01 -1.573966909094130884e+01 2.297063219894697195e-01 -1.994768425409314261e-02 7.882279142328989519e-01 5.705557385173011253e-01
95.100000 1.130673753898017537e+02 6.023976603158971699e+01 -1.586113438448468926e+01 2.297558948797291389e-01 -1.881749956795241221e-02 7.884547435754709621e-01 5.702606840834840707e-01
95.200000 1.129893718511684000e+02 6.019345092633967909e+01 -1.598973898667379601e+01 2.297135623346295563e-01 -1.765068950842804685e-02 7.887077788204213125e-01 5.699650621464167344e-01
95.300000 1.129243039926013523e+02 6.020731979460261840e+01 -1.613237559077474614e+01 2.299456082073061680e-01 -1.653213322919623238e-02 7.888146364264665422e-01 5.697571194785070459e-01
95.400000 1.128348643643032005e+02 6.016281564454683206e+01 -1.625399085039551395e+01 2.299886550236175387e-01 -1.538599654073845475e-02 7.891545675647748670e-01 5.693009381359994681e-01
95.500000 1.127381919355718480e+02 6.010302407969929561e+01 -1.638269712714455650e+01 2.300059970706469503e-01 -1.438783155144919210e-02 7.894623654962340531e-01 5.688931402995427433e-01
95.600000 1.126461898036768048e+02 6.004432305255225089e+01 -1.651522807878513177e+01 2.299525241136913256e-01 -1.341463312944290651e-02 7.898411953950769115e-01 5.684125001516245890e-01
95.700000 1.125562529472466622e+02 5.998985813811604118e+01 -1.663238321534303665e+01 2.301442775517485162e-01 -1.232419834042416257e-02 7.901662521522163640e-01 5.679075801617456953e-01
95.800000 1.124245725947595815e+02 5.991000793523269152e+01 -1.673673950892690598e+01 2.300251827976225738e-01 -1.130155272924929059e-02 7.904707398274489760e-01 5.675532571146726379e-01
95.900000 1.123168643879775459e+02 5.984534103762656088e+01 -1.683157443789562890e+01 2.300397181841547511e-01 -1.029543944483431520e-02 7.907652893243495296e-01 5.671560536432371791e-01
96.000000 1.122206193481765837e+02 5.978431554059440600e+01 -1.694015302280805102e+01 2.301473879479823126e-01 -9.185864384559672483e-03 7.910405379776169754e-01 5.667474455101775277e-01
96.100000 1.121299985802372561e+02 5.972948256744860629e+01 -1.707530793453841866e+01 2.303945345773442399e-01 -8.171921842908389313e-03 7.913740929968985371e-01 5.661966293290860985e-01
96.200000 1.120392482979922875e+02 5.967556972271823668e+01 -1.719208288045350130e+01 2.304003527702248866e-01 -7.139046902115566730e-03 7.917794109683118364e-01 5.656412960696542980e-01
96.300000 1.119371393064673583e+02 5.961431701153668428e+01 -1.731585747843047685e+01 2.303246946078472690e-01 -6.076752793573890997e-03 7.921834338802774544e-01 5.651185850907218811e-01
96.400000 1.118447988290514417e+02 5.956145309087858664e+01 -1.741156159574657281e+01 2.306099680843546607e-01 -5.136548334352614500e-03 7.924031312735703159e-01 5.647034053723976044e-01
96.500000 1.117526835157243568e+02 5.950183537912792531e+01 -1.752444294446545925e+01 2.304615661463275123e-01 -4.090843259590348606e-03 7.927539889014961760e-01 5.642799346171843977e-01
96.600000 1.116638541318262980e+02 5.945356833822647502e+01 -1.764511112274501059e+01 2.307896610784806457e-01 -3.110901285774786765e-03 7.930479938900629744e-01 5.637387107689315613e-01
96.700000 1.115839592731548464e+02 5.941639851336466194e+01 -1.777556002002100044e+01 2.312802876812954656e-01 -2.050723426009031392e-03 7.933268333259858585e-01 5.631498544689955699e-01
96.800000 1.114808419141953095e+02 5.936353168683154280e+01 -1.790230948063876681e+01 2.316764862565147132e-01 -1.091389742813654888e-03 7.935435200869048744e-01 5.626841887883008431e-01
96.900000 1.114002807579059322e+02 5.933496306761242067e+01 -1.805129264707611370e+01 2.322580077271778898e-01 -1.988540291638546170e-04 7.937457127716039951e-01 5.621600499505238213e-01
97.000000 1.112995043014225018e+02 5.927891489229545385e+01 -1.817857921212074146e+01 2.326415864580199389e-01 7.810668400271507774e-04 7.939415403574648922e-01 5.617242318786888067e-01
97.100000 1.112098948084835399e+02 5.923529004749303795e+01 -1.831845835085693253e+01 2.330746798524659380e-01 1.767672427799997330e-03 7.941758921628029322e-01 5.612109418509891867e-01
97.200000 1.111369192153734957e+02 5.923004770926695528e+01 -1.847386794218234130e+01 2.337827750317618969e-01 2.581800913540519687e-03 7.942260894120997117e-01 5.608421054982006826e-01
97.300000 1.110636656877177444e+02 5.919923447565415131e+01 -1.860977911887333747e+01 2.344093013858338237e-01 3.348179442929632380e-03 7.943697637576508930e-01 5.603728647479616631e-01
97.400000 1.109858607532344337e+02 5.917125310754587275e+01 -1.876031825578572310e+01 2.350426573373226857e-01 4.034212306439137648e-03 7.944017082701280152e-01 5.600576758338187133e-01
97.500000 1.108944119274241302e+02 5.912943139671742898e+01 -1.889955425134693101e+01 2.355338923725772138e-01 4.986051106428939471e-03 7.945359054045796343e-01 5.596531245880006500e-01
97.600000 1.108040428586705701e+02 5.908368411564946854e+01 -1.903829117740775345e+01 2.359887377687527044e-01 6.149211731130531898e-03 7.946551745312786519e-01 5.592804810039946339e-01
97.700000 1.107254722850024393e+02 5.904926258116179127e+01 -1.917032856297580068e+01 2.364277160908010711e-01 7.287310023788989843e-03 7.947498377554960136e-01 5.589468002988454698e-01
97.800000 1.106393043331852510e+02 5.900583265386662646e+01 -1.931245399253465322e+01 2.368926047513412736e-01 8.318625494366590697e-03 7.947589745147135565e-01 5.587225310584228444e-01
97.900000 1.105349536826879273e+02 5.894454393980714002e+01 -1.941318728688807838e+01 2.371600284177609319e-01 9.488430662458229720e-03 7.948160193103896987e-01 5.585092533271377446e-01
98.000000 1.104499589598777902e+02 5.890664794822702532e+01 -1.955758429884311411e+01 2.376837935374079280e-01 1.063274151647638707e-02 7.948709856071077828e-01 5.581876703560333386e-01
98.100000 1.102941353921959973e+02 5.882354021975383063e+01 -1.981831457977829203e+01 2.381870512237454218e-01 1.187183717307402873e-02 7.949361865098379942e-01 5.578552209029407072e-01
98.200000 1.102227798650955464e+02 5.878041137709035979e+01 -1.993468198064249819e+01 2.384821019810874632e-01 1.341133551948790054e-02 7.951429020171624229e-01 5.573994873391896476e-01
98.300000 1.101234658974506146e+02 5.871473851052118675e+01 -2.007771419894286069e+01 2.387887231790176701e-01 1.491273581880916792e-02 7.952454792518002247e-01 5.570836415858102519e-01
98.400000 1.100424101367109699e+02 5.866295339800397812e+01 -2.022002551275139481e+01 2.391682880723795812e-01 1.630496605858851658e-02 7.954789291023324216e-01 5.565482471597247294e-01
98.500000 1.099598425087854139e+02 5.860753325080665377e+01 -2.036008670679628452e+01 2.395087428565179644e-01 1.799275252140808412e-02 7.956771049824693520e-01 5.560663337756659441e-01
98.600000 1.098763541755290589e+02 5.855585222967017245e+01 -2.051820027885539233e+01 2.399482854080983718e-01 1.970077495487512417e-02 7.959382338442763105e-01 5.554448916866057129e-01
98.700000 1.097881209363429207e+02 5.850086892819846440e+01 -2.068955206408543646e+01 2.404114443953677127e-01 2.139769269282112280e-02 7.962554972575037748e-01 5.547266527203844610e-01
98.800000 1.097148701717025006e+02 5.845410993785886689e+01 -2.082089344188431213e+01 2.408485948302465096e-01 2.332922861780217447e-02 7.965517912045073645e-01 5.540333432107540368e-01
98.900000 1.096389495670155725e+02 5.839861822249172008e+01 -2.096465629622837312e+01 2.413272324273687819e-01 2.522065804137686371e-02 7.968776204009287989e-01 5.532731182707685269e-01
99.000000 1.095730310297061436e+02 5.835008471708319888e+01 -2.109919951979366104e+01 2.418298848791875788e-01 2.700928903085298913e-02 7.970651825232928367e-01 5.526987424397459270e-01
99.100000 1.094442075739749498e+02 5.827003319475122822e+01 -2.137523381085724949e+01 2.424371157941801747e-01 2.910232802128582749e-02 7.973849759704574325e-01 5.518645662531104223e-01
99.200000 1.093816047204963269e+02 5.822696744934302870e+01 -2.149657634317296484e+01 2.430857677098589020e-01 3.091294494245536151e-02 7.975830788566391494e-01 5.511940962070052130e-01
99.300000 1.093218957241445253e+02 5.818332075599706599e+01 -2.161914526519553092e+01 2.436284140253180686e-01 3.295272887928860084e-02 7.978499620753185528e-01 5.504495903852859584e-01
99.400000 1.092605439439188331e+02 5.813700460841808138e+01 -2.175659665634704609e+01 2.442175583453964072e-01 3.516089288942123720e-02 7.982217601169047105e-01 5.495120721903224981e-01
99.500000 1.091940455492340050e+02 5.808962168638662860e+01 -2.189124064910186362e+01 2.448757594070259669e-01 3.737204362591486223e-02 7.985446344599115287e-01 5.486033718319104358e-01
99.600000 1.091341589789623185e+02 5.804439444140028570e+01 -2.202969901685708365e+01 2.454705090084892682e-01 3.961451165799929203e-02 7.989454387818004655e-01 5.475957500957872037e-01
99.700000 1.089848694155994195e+02 5.792788707733510734e+01 -2.231638904786283106e+01 2.461192933220052448e-01 4.187164222419225562e-02 7.992392538863571927e-01 5.467071191042833789e-01
99.800000 1.089212419818115194e+02 5.787534555528868196e+01 -2.243338382971697698e+01 2.466923665002556110e-01 4.402287932916633395e-02 7.995068651491193945e-01 5.458879326249125308e-01
99.900000 1.088466233188511296e+02 5.781352746332794368e+01 -2.257524641484508621e+01 2.473583907290916317e-01 4.659541351722707586e-02 7.998415209019643646e-01 5.448818545485848430e-01
100.000000 1.087785211427480192e+02 5.775841091429659002e+01 -2.270613595344555691e+01 2.479596423670368532e-01 4.842785445910320619e-02 8.000703606445270788e-01 5.441122831620652800e-01
100.100000 1.086361303716790445e+02 5.762839314306724248e+01 -2.299058372863359878e+01 2.485317637055673989e-01 5.087464916418860811e-02 8.004127206999808175e-01 5.431235670116654202e-01
100.200000 1.085760131809753659e+02 5.757639026435775520e+01 -2.310966020411586541e+01 2.491996501088682148e-01 5.322973219469168821e-02 8.007568660586263931e-01 5.420835465646103302e-01
100.300000 1.084417567583564619e+02 5.746099507199042478e+01 -2.335268792609237565e+01 2.498870746855779978e-01 5.534447294063878087e-02 8.010091769616818347e-01 5.411817972208380345e-01
100.400000 1.082665187257964021e+02 5.732013958720806812e+01 -2.364938861231778233e+01 2.506594881793899887e-01 5.760750833242735819e-02 8.012985836880163193e-01 5.401590282027644019e-01
100.500000 1.081743489673433487e+02 5.724308622000264535e+01 -2.382741639662875244e+01 2.514776439239396755e-01 5.990612357232822510e-02 8.016271669618220130e-01 5.390400134997069825e-01
100.600000 1.081006261358135134e+02 5.717747819230640971e+01 -2.395018833974151917e+01 2.521815561577768761e-01 6.225595969033297788e-02 8.019198688372266570e-01 5.380085335577520222e-01
100.700000 1.080184868812737022e+02 5.711029930201599569e+01 -2.408531215011001692e+01 2.529264217221959266e-01 6.426505915405675284e-02 8.021571510092057045e-01 5.370680892135799578e-01
100.800000 1.079474277876062729e+02 5.705072539873357584e+01 -2.419439505024130810e+01 2.536687981594816788e-01 6.660225776618113047e-02 8.024079816374688479e-01 5.360575632385526923e-01
100.900000 1.078605973907796738e+02 5.697361261861103543e+01 -2.432104295470238142e+01 2.543968068728844623e-01 6.868553551704496829e-02 8.026332133727702711e-01 5.351116581186752263e-01
101.000000 1.077780545411262096e+02 5.690302858238072048e+01 -2.445419123463145539e+01 2.551563763567301080e-01 7.079207178225016550e-02 8.029171344947033662e-01 5.340484821737571108e-01
101.100000 1.076953939305377759e+02 5.683476144550107279e+01 -2.456955982115563941e+01 2.558906178258398278e-01 7.263988663524152678e-02 8.031349301887271697e-01 5.331207391286495456e-01
101.200000 1.076106602584848275e+02 5.676849653676227092e+01 -2.470354255616753747e+01 2.566082459599415833e-01 7.473543386928037380e-02 8.034138336243326073e-01 5.320648785353020438e-01
101.300000 1.075231145074202743e+02 5.669607522454187176e+01 -2.483243656902247309e+01 2.574088589213249234e-01 7.671389239915574199e-02 8.037042006384254034e-01 5.309568870802429119e-01
101.400000 1.074317151028168098e+02 5.661699341030539756e+01 -2.495456579924690388e+01 2.580642887384773099e-01 7.866165222911480903e-02 8.038975238457906070e-01 5.300603159085729432e-01
101.500000 1.073336419094397911e+02 5.653341383579900281e+01 -2.508891035132706904e+01 2.586102750891168256e-01 8.020416498213844836e-02 8.041490786175171657e-01 5.291807601344246104e-01
101.600000 1.072498924208642848e+02 5.646439124341878113e+01 -2.522212064697324152e+01 2.592058284988418837e-01 8.214020977114588895e-02 8.044363755442230923e-01 5.281547520492972936e-01
101.700000 1.071710248758470954e+02 5.640287277655001219e+01 -2.534381104545310492e+01 2.597313829707174060e-01 8.380776481296715874e-02 8.047079320019294713e-01 5.272200787435462610e-01
101.800000 1.070985541593798303e+02 5.638740364719683384e+01 -2.549885558297707533e+01 2.606447693937348764e-01 8.613138751521758063e-02 8.053178392803743701e-01 5.254606227008635777e-01
101.900000 1.070157591132671229e+02 5.632781099757616516e+01 -2.561879613008380474e+01 2.611549021676362603e-01 8.762388909526223901e-02 8.055758876489826914e-01 5.245642576197764306e-01
102.000000 1.069077639123322996e+02 5.624858435368492593e+01 -2.574776463519308223e+01 2.616369844628534946e-01 8.921414896126429739e-02 8.058140397851251135e-01 5.236894664507572017e-01
102.100000 1.067353610609423242e+02 5.611411071944663576e+01 -2.601243664723846294e+01 2.620424456136150049e-01 9.070638674287723191e-02 8.061888704154807073e-01 5.226524785353059421e-01
102.200000 1.066398688819762413e+02 5.603786642828587361e+01 -2.613297928135156312e+01 2.623931110565738134e-01 9.219408201314741036e-02 8.065746451175989096e-01 5.216200229719185621e-01
102.300000 1.065347805898788636e+02 5.594778617393240694e+01 -2.623452370387515842e+01 2.626621152645675084e-01 9.383685020940416011e-02 8.068996325583172036e-01 5.206882385120426004e-01
102.400000 1.064522234302698962e+02 5.589672926751300963e+01 -2.637611433242318881e+01 2.630045390029047692e-01 9.517259843664552244e-02 8.072960384270587708e-01 5.196574788364575204e-01
102.500000 1.063690704628979802e+02 5.582827322339154819e+01 -2.649083079970117538e+01 2.632880457201879354e-01 9.674408685702884370e-02 8.076781121715208567e-01 5.186290136100103476e-01
102.600000 1.062708190220256199e+02 5.575322852760395875e+01 -2.662977477360442791e+01 2.635255431631325918e-01 9.822774433622424861e-02 8.081376818895159575e-01 5.175124012556924225e-01
102.700000 1.061949930740567680e+02 5.572696955748461534e+01 -2.676515436039798956e+01 2.638706864381358819e-01 1.000100553079515675e-01 8.088202076042505517e-01 5.159264690311833323e-01
102.800000 1.061136809149718943e+02 5.565118791574099077e+01 -2.689602098663960206e+01 2.639063973654544037e-01 1.015514688915796909e-01 8.092651985648743329e-01 5.149082937643399971e-01
102.900000 1.059465396691518606e+02 5.554875012018381142e+01 -2.716034044379906121e+01 2.641813029046645167e-01 1.029639876982980512e-01 8.096955384969434233e-01 5.138091001247480083e-01
103.000000 1.058486321421382996e+02 5.546711275177585776e+01 -2.727540185586291344e+01 2.642565464811549303e-01 1.043331119424324854e-01 8.100358035761935360e-01 5.129571876082169579e-01
103.100000 1.056509643017862743e+02 5.530262923077446402e+01 -2.750305238956003606e+01 2.642840525112284400e-01 1.058057984159709308e-01 8.104472431279955424e-01 5.119905650654441587e-01
103.200000 1.053968230284038299e+02 5.522794855246925749e+01 -2.792817483185935501e+01 2.646259479553334515e-01 1.074810425537424813e-01 8.111162108142239147e-01 5.104031991618754871e-01
103.300000 1.052712264004932905e+02 5.515128445432284821e+01 -2.813964417869299339e+01 2.649492833735644925e-01 1.087032837064392105e-01 8.115668835671865367e-01 5.092589388987851517e-01
103.400000 1.051746718510791823e+02 5.510982267884739372e+01 -2.831027015215520137e+01 2.652218182162082161e-01 1.100471639800383872e-01 8.120677166844930683e-01 5.080285743547040544e-01
103.500000 1.050928581938565287e+02 5.510510340265991402e+01 -2.844472877903055874e+01 2.654082462792289876e-01 1.113655508349561257e-01 8.125146995875063283e-01 5.069280420813542243e-01
103.600000 1.050067346155905170e+02 5.504497564172392288e+01 -2.858064051020122420e+01 2.657236436312247485e-01 1.125887652984467607e-01 8.129789543801293483e-01 5.057469079281738944e-01
103.700000 1.049201658423377381e+02 5.498372359687647304e+01 -2.869706940495651182e+01 2.659595368294762063e-01 1.137261664955206975e-01 8.133218694176633790e-01 5.048162245318992269e-01
103.800000 1.048390410048011461e+02 5.493776992737723219e+01 -2.882397425135191682e+01 2.663198435193531721e-01 1.149834823296492087e-01 8.137629470167273560e-01 5.036292344590664882e-01
103.900000 1.047604754288667976e+02 5.488046421669515240e+01 -2.894783857349806411e+01 2.666275886177865706e-01 1.162547946375356855e-01 8.141819352972480273e-01 5.024960974448223761e-01
104.000000 1.046720307063316682e+02 5.482097106743807302e+01 -2.908258212214932925e+01 2.669237221489550449e-01 1.175004857437852712e-01 8.145787471329327678e-01 5.014048535100789072e-01
104.100000 1.045116108893650022e+02 5.470187308650503155e+01 -2.934433616146612067e+01 2.671587025617729316e-01 1.187575108131459778e-01 8.150113472322756403e-01 5.002793071411275605e-01
104.200000 1.044360693394395128e+02 5.469938764779167428e+01 -2.948252859376356483e+01 2.675626071173026199e-01 1.201517872879080961e-01 8.157848190414288547e-01 4.984665769193122320e-01
104.300000 1.043465013567498261e+02 5.463833550887459722e+01 -2.959683059457833920e+01 2.678589151434921378e-01 1.212874919960512526e-01 8.161136384658589371e-01 4.974931908815199422e-01
104.400000 1.042589020650992211e+02 5.457562800873314757e+01 -2.973072127907212447e+01 2.681882397435864651e-01 1.225876938739769717e-01 8.165255739231118692e-01 4.963197683987907727e-01
104.500000 1.041741563604206959e+02 5.452885067386919360e+01 -2.988952998023943408e+01 2.685369066441971042e-01 1.237668624649803512e-01 8.170091055675672287e-01 4.950412255006890749e-01
104.600000 1.040938990685465910e+02 5.447279632163495933e+01 -3.001271476804591387e+01 2.688595388847687673e-01 1.252055245288556939e-01 8.174337885016940142e-01 4.938017075647790355e-01
104.700000 1.039663146570923686e+02 5.444224094851796991e+01 -3.029877790320843545e+01 2.690800809493629764e-01 1.266611712544062074e-01 8.181839640545884862e-01 4.920648927699131647e-01
104.800000 1.038833961614713104e+02 5.440400199282372284e+01 -3.046082451130329005e+01 2.694369415581993610e-01 1.279258406307836882e-01 8.187160792218395322e-01 4.906553733999960420e-01
104.900000 1.037979763494320196e+02 5.433176430576175875e+01 -3.059102183886985316e+01 2.697861638215424129e-01 1.293041380618020486e-01 8.190858885196802275e-01 4.894835777822135747e-01
105.000000 1.037175906108776360e+02 5.427097458056397272e+01 -3.071190671218895218e+01 2.701122987055534774e-01 1.306224723225893058e-01 8.194721633458054155e-01 4.883057334433846819e-01
105.100000 1.036369429014435184e+02 5.419772853937567447e+01 -3.082547875182128294e+01 2.703156780404696868e-01 1.319497078124740042e-01 8.197724373570174361e-01 4.873313654624116809e-01
105.200000 1.035416477719803510e+02 5.412334178496340087e+01 -3.096686530248158320e+01 2.706138782287601519e-01 1.332802978467394484e-01 8.201264495346840544e-01 4.862068468147150990e-01
105.300000 1.034550501552260187e+02 5.406790016155578371e+01 -3.110436653597549039e+01 2.709431855177366621e-01 1.346726575214355903e-01 8.205686433686000258e-01 4.848919127577101529e-01
105.400000 1.033678492771052362e+02 5.400462976134447501e+01 -3.123807772849162134e+01 2.712720970853496061e-01 1.360969554331950826e-01 8.209896021875364713e-01 4.835960516429824718e-01
105.500000 1.032783373379773195e+02 5.394011487413310135e+01 -3.136967892043847783e+01 2.715467387577721325e-01 1.373797600797142249e-01 8.213454114814853213e-01 4.824737145469877309e-01
105.600000 1.032138493560795212e+02 5.393742245038812655e+01 -3.149738914025590120e+01 2.718550658354469962e-01 1.387762836626594554e-01 8.222166354688573708e-01 4.804120841846692969e-01
105.700000 1.031169625190205750e+02 5.386292380465346241e+01 -3.163768355353005646e+01 2.722357212282734973e-01 1.399954902321188244e-01 8.225669372877412178e-01 4.792417015275855507e-01
105.800000 1.030196205725980860e+02 5.378241360209278099e+01 -3.175403008226061630e+01 2.725643360758803202e-01 1.411806583112656388e-01 8.228663088576423368e-01 4.781921602926081927e-01
105.900000 1.029270002301145865e+02 5.371472669652305854e+01 -3.190050981802513164e+01 2.729127509471213076e-01 1.423712322679384912e-01 8.232565781439482588e-01 4.769671572925124892e-01
106.000000 1.028329067996254764e+02 5.363482890817459037e+01 -3.201993503120201012e+01 2.732517182123901933e-01 1.434970412345374369e-01 8.235660600930898578e-01 4.759002440781631704e-01
106.100000 1.027407349938831516e+02 5.356960706902448521e+01 -3.214938877431814035e+01 2.736796294794425766e-01 1.446298148421596430e-01 8.239032947190420009e-01 4.747262769405387606e-01
106.200000 1.026486918211022328e+02 5.356418949594777246e+01 -3.229430265735517480e+01 2.739713341983394668e-01 1.458789343068941369e-01 8.245108026410599145e-01 4.731183582268415067e-01
106.300000 1.025602394245228481e+02 5.348909701018510532e+01 -3.242096678535180843e+01 2.744105060166718291e-01 1.471365173348221089e-01 8.248559805215125440e-01 4.718710955887719383e-01
106.400000 1.024747155096787594e+02 5.343339697473118832e+01 -3.254087366539083348e+01 2.747938839902600017e-01 1.482674973047746481e-01 8.252027939033357296e-01 4.706861156850233319e-01
106.500000 1.023912939301525000e+02 5.337241705594208696e+01 -3.265968995278829823e+01 2.751569820446979620e-01 1.493851242944071456e-01 8.255672211697714369e-01 4.694800136338285190e-01
106.600000 1.023160343737138191e+02 5.331565879304507405e+01 -3.276743543952845528e+01 2.755026106087055671e-01 1.505193208889739620e-01 8.259569441585853378e-01 4.682279060277393379e-01
106.700000 1.021388326703690126e+02 5.319768285426125232e+01 -3.301848056890371197e+01 2.758815833205153223e-01 1.515194904692986622e-01 8.262627801449993203e-01 4.671413213788160324e-01
106.800000 1.020340539422161896e+02 5.312607368008269759e+01 -3.313412648836744268e+01 2.762196661827071020e-01 1.526431638102040966e-01 8.265787562959726609e-01 4.660153647640041807e-01
106.900000 1.019500940360887284e+02 5.305805647636486100e+01 -3.324858568639382383e+01 2.764983814746453383e-01 1.536901936120675660e-01 8.268997506057669256e-01 4.649352340676141115e-01
107.000000 1.018667444487963820e+02 5.300774473336050363e+01 -3.337227517525650455e+01 2.768632585320774941e-01 1.547880185500527528e-01 8.272955166113009629e-01 4.636480708287150643e-01
107.100000 1.017774848294840240e+02 5.294999376212949471e+01 -3.350712655643374660e+01 2.772550727519849656e-01 1.558172641783300283e-01 8.276292420428558172e-01 4.624720991939296755e-01
107.200000 1.015095512920247529e+02 5.275044390240692138e+01 -3.386088514212319467e+01 2.776351997851693731e-01 1.567769314054583973e-01 8.279000305782624469e-01 4.614338836581569070e-01
107.300000 1.014273156520421821e+02 5.269422280870604425e+01 -3.398278817567690169e+01 2.779700165209285090e-01 1.577885700829255722e-01 8.282506263287428006e-01 4.602568164107790349e-01
107.400000 1.013429458760463149e+02 5.264541030587604808e+01 -3.412419643080220055e+01 2.783205068186926368e-01 1.587784410530702073e-01 8.286148013502487863e-01 4.590475063914740139e-01
107.500000 1.012579925588650127e+02 5.258257801391828679e+01 -3.424090326992208588e+01 2.786886546678873366e-01 1.598124416714200302e-01 8.289011433312749588e-01 4.579470622577756500e-01
107.600000 1.011617548601854679e+02 5.251794042274782726e+01 -3.436763720683774181e+01 2.790913759200426836e-01 1.607726724637645599e-01 8.291888356625920498e-01 4.568435470578864344e-01
107.700000 1.010641127650046656e+02 5.243680692478682204e+01 -3.450367765304915224e+01 2.793784834511675030e-01 1.617527193409895869e-01 8.294836962690959048e-01 4.557856057337476563e-01
107.800000 1.009746882552599914e+02 5.236203917907344163e+01 -3.462983867019153195e+01 2.796865292177744822e-01 1.627148850121296897e-01 8.297905858878038554e-01 4.546942875620711422e-01
107.900000 1.008840596519818291e+02 5.231315382120209989e+01 -3.476729107687599196e+01 2.800975805247109540e-01 1.636882305931308401e-01 8.301117080560692640e-01 4.535042014113301878e-01
108.000000 1.007105010756278176e+02 5.218540011289675107e+01 -3.501622233277906560e+01 2.803987015908443459e-01 1.646905610739466674e-01 8.304368086489352097e-01 4.523585901475609683e-01
108.100000 1.006085537244335342e+02 5.210344313288126017e+01 -3.514857932109234184e+01 2.806422212644337777e-01 1.656061716994613187e-01 8.307531545457391697e-01 4.512911873182504086e-01
108.200000 1.005185868346403595e+02 5.204921160102314559e+01 -3.528451865461877901e+01 2.810084667586457141e-01 1.665646282092972108e-01 8.311345913333942903e-01 4.500063969862265756e-01
108.300000 1.004242125292755645e+02 5.198422909410216164e+01 -3.543116251495830227e+01 2.813440122552762768e-01 1.675219597579567787e-01 8.314434100896279656e-01 4.488694638594689090e-01
108.400000 1.003349503615657738e+02 5.192545715737510648e+01 -3.556567565597859470e+01 2.816572804379903205e-01 1.684133943132933298e-01 8.317876694809810401e-01 4.477000981589671635e-01
108.500000 1.002551344921005807e+02 5.187903153987637950e+01 -3.571052776624883052e+01 2.819023860887475141e-01 1.692711855442884383e-01 8.321389019411928878e-01 4.465682012167991322e-01
108.600000 1.001552974848701041e+02 5.179718818161020977e+01 -3.584446478852861162e+01 2.821032643018659414e-01 1.701855980460233175e-01 8.324652327566511856e-01 4.454842833808658753e-01
108.700000 1.000646496348905998e+02 5.173874162749082473e+01 -3.599599592146877569e+01 2.823118727569086106e-01 1.710878287008289755e-01 8.328344261005989901e-01 4.443149559407253424e-01
108.800000 9.995791525355271290e+01 5.167530600576846211e+01 -3.615319588425032293e+01 2.825691949750805954e-01 1.719424642165829631e-01 8.331701681746064292e-01 4.431906022403474532e-01
108.900000 9.987424217732230147e+01 5.161767464157562557e+01 -3.629162863544911488e+01 2.828197299213028315e-01 1.728363138354089279e-01 8.335463081085866532e-01 4.419741635272073643e-01
109.000000 9.977447635133798087e+01 5.155687351139543750e+01 -3.643640385517088021e+01 2.831509095355752570e-01 1.737488952237848383e-01 8.338972648430258428e-01 4.407405535289568022e-01
109.100000 9.969039390626893749e+01 5.148271624058296680e+01 -3.656647838097573811e+01 2.833059669849526951e-01 1.745702683942408073e-01 8.341687887028939041e-01 4.398015261654177332e-01
109.200000 9.960045046808842528e+01 5.141556359045215174e+01 -3.669643239386498124e+01 2.836037417538256888e-01 1.753960309662258299e-01 8.344654871532901641e-01 4.387168799288969079e-01
109.300000 9.951200602869340628e+01 5.134761748504924128e+01 -3.682699468677523669e+01 2.837697106769874189e-01 1.762953452643806762e-01 8.348209129297875508e-01 4.375714180285177890e-01
109.400000 9.943385951206904849e+01 5.129591651368962602e+01 -3.695346179056876679e+01 2.840404489753735051e-01 1.771475664383464765e-01 8.351426794430976130e-01 4.364360984421926104e-01
109.500000 9.935667432544458677e+01 5.124572125937027067e+01 -3.708117060932197262e+01 2.843411720376595730e-01 1.780210555588548627e-01 8.354556643436328311e-01 4.352843146474500435e-01
109.600000 9.928037281995602825e+01 5.119740629019182165e+01 -3.721012112146308937e+01 2.845097027588948113e-01 1.788161468931464271e-01 8.357581729491498912e-01 4.342663825292407687e-01
109.700000 9.919709835844051327e+01 5.113083416111160062e+01 -3.734475638033786993e+01 2.846731673939775775e-01 1.796527608347203986e-01 8.360706882681299135e-01 4.332111234827641932e-01
109.800000 9.910267534452867721e+01 5.106511072989619748e+01 -3.749098049537541044e+01 2.848871099200807611e-01 1.804879354474795139e-01 8.363914054601722103e-01 4.321028310849719944e-01
109.900000 9.893037284218524974e+01 5.091002164143488784e+01 -3.776350171952040569e+01 2.850534433593858163e-01 1.813711905030230831e-01 8.366957619002861613e-01 4.310327455107945127e-01
110.000000 9.884779110474399033e+01 5.085060358929642632e+01 -3.790185743705231403e+01 2.852393886939919576e-01 1.821630437421760118e-01 8.370070549401882332e-01 4.299701229299736638e-01
110.100000 9.876098311374116179e+01 5.083118455392229151e+01 -3.803175085048212622e+01 2.853889199709964686e-01 1.830289621507309727e-01 8.375794342776431423e-01 4.283856377692393802e-01
110.200000 9.866713873018994718e+01 5.080670544901612828e+01 -3.817351078134143449e+01 2.854959793901533094e-01 1.838949611263313855e-01 8.381463270771929430e-01 4.268318444439371251e-01
110.300000 9.858985163046497746e+01 5.075682091547655261e+01 -3.830129200915091303e+01 2.857399636489612593e-01 1.846357856559019406e-01 8.384772439575025604e-01 4.256973234524135119e-01
110.400000 9.850515641694042301e+01 5.067829741218749007e+01 -3.840829940617263105e+01 2.859564992270176020e-01 1.855365264553970051e-01 8.386799434365740380e-01 4.247599679559260211e-01
110.500000 9.842823313699744858e+01 5.060588590826457533e+01 -3.852502974384776735e+01 2.860590023675599336e-01 1.863865012900885743e-01 8.389424600879800131e-01 4.237993251090004243e-01
110.600000 9.833325281962954989e+01 5.057649587486410070e+01 -3.864711703765759410e+01 2.859301598098087926e-01 1.870665143760008309e-01 8.391151928746711786e-01 4.232443218724309952e-01
110.700000 9.824721534843101267e+01 5.049538589460850346e+01 -3.877171053960448432e+01 2.860727317589551455e-01 1.878775225623313394e-01 8.393600205362035105e-01 4.223022431686498934e-01
110.800000 9.807230804326229645e+01 5.032593923825015736e+01 -3.901398492679354035e+01 2.861467395142281434e-01 1.887448509157245990e-01 8.396230188259639071e-01 4.213414422718854135e-01
110.900000 9.798540044617681133e+01 5.024146708322158617e+01 -3.913569287003046782e+01 2.862353151645311566e-01 1.895780492576205900e-01 8.398407556965854504e-01 4.204723684896844449e-01
111.000000 9.781721328954719752e+01 5.007896568317149644e+01 -3.936739283938797485e+01 2.864345977102987773e-01 1.904269816646368130e-01 8.400648328595723413e-01 4.195043056766571410e-01
111.100000 9.773905479202261404e+01 5.000559507451669106e+01 -3.948272972732264918e+01 2.865724667746165077e-01 1.912290542708339758e-01 8.403284700159062703e-01 4.185161078980350613e-01
111.200000 9.757706321793784809e+01 4.988329023140349250e+01 -3.974196339369945008e+01 2.867424814004145839e-01 1.920983589074413689e-01 8.406231701898134734e-01 4.174082601068511700e-01
111.300000 9.748571629407081218e+01 4.979531203391802308e+01 -3.987815001751705779e+01 2.869004418109015742e-01 1.929368373090107336e-01 8.408482611498934167e-01 4.164585393758981624e-01
111.400000 9.732043149298783646e+01 4.961239473581593273e+01 -4.007411338266639689e+01 2.870624050380873871e-01 1.938626418378308625e-01 8.410300429338590789e-01 4.155489364636578697e-01
111.500000 9.724450434784927211e+01 4.952839126862777874e+01 -4.018353737756970645e+01 2.871474163838610427e-01 1.947106806738813922e-01 8.412693817539069752e-01 4.146081757744127239e-01
111.600000 9.716879888068820037e+01 4.946610832954277015e+01 -4.030676334976021735e+01 2.872293497609298418e-01 1.955819844132708207e-01 8.415627949766236737e-01 4.135444959372734375e-01
111.700000 9.708002970765829787e+01 4.939714657429219358e+01 -4.043666685097480240e+01 2.874192901717815274e-01 1.964204980376991760e-01 8.418291534647548424e-01 4.124715941305361899e-01
111.800000 9.701145286876428031e+01 4.933993052921118760e+01 -4.054853467924262134e+01 2.875711528091347557e-01 1.974037029285884426e-01 8.421556458323458116e-01 4.112280125852464385e-01
111.900000 9.693069408099840700e+01 4.925959402893602856e+01 -4.065726073589679856e+01 2.877053176434866133e-01 1.982277853589894390e-01 8.423772114366201436e-01 4.102828645746670055e-01
112.000000 9.685514628992797270e+01 4.918472898387513226e+01 -4.077337427639432121e+01 2.878037042305194859e-01 1.991175743474055404e-01 8.426635148665438946e-01 4.091936218099681555e-01
112.100000 9.677218237771771214e+01 4.910962988518993910e+01 -4.090371126810239844e+01 2.879211043022276706e-01 1.999456111078407317e-01 8.428967203357683458e-01 4.082258065621323651e-01
112.200000 9.669626306649831804e+01 4.905691500157983143e+01 -4.103118194662393137e+01 2.881431926340132788e-01 2.007411996356422978e-01 8.431563902816702205e-01 4.071409741535542692e-01
112.300000 9.661344230669241995e+01 4.897355546949852823e+01 -4.113600877956460522e+01 2.882123270453924579e-01 2.016159120972057794e-01 8.433399636594766102e-01 4.062787026452706063e-01
112.400000 9.653204041598942808e+01 4.890659302212409187e+01 -4.127164592303363122e+01 2.882332366126177381e-01 2.025235718168516275e-01 8.434981064246528382e-01 4.054833518510772006e-01
112.500000 9.644349831427109621e+01 4.881657066035251091e+01 -4.140833418201300731e+01 2.881907288443024129e-01 2.034160541524166477e-01 8.436341733659220576e-01 4.047831447212794087e-01
112.600000 9.635630885157432601e+01 4.873253175955831296e+01 -4.153017627992080918e+01 2.883859899717495234e-01 2.043510837471429198e-01 8.436987001402106445e-01 4.040379422048146485e-01
112.700000 9.627440645018342025e+01 4.865800967782441688e+01 -4.166151642099376318e+01 2.885144509443541838e-01 2.053186105312791998e-01 8.437774765826903112e-01 4.032905277557732315e-01
112.800000 9.619406362786959619e+01 4.859003778617768177e+01 -4.177866692451567587e+01 2.887244147511886516e-01 2.065372054940613766e-01 8.437770329952567483e-01 4.025182153182746969e-01
112.900000 9.611153023695180764e+01 4.852272388496043476e+01 -4.191347816049625408e+01 2.890391331929663132e-01 2.075830819091194213e-01 8.438017525245964379e-01 4.017016878537977842e-01
113.000000 9.602393103131808516e+01 4.848190601402645683e+01 -4.203781723228139811e+01 2.891587608524093800e-01 2.098390762185492198e-01 8.436370336105472045e-01 4.007883838571691948e-01
113.100000 9.592827183818806702e+01 4.842016782477967496e+01 -4.216648010687717374e+01 2.894420386828769343e-01 2.124122741209633902e-01 8.433543418386539869e-01 3.998221931656012473e-01
113.200000 9.575272637763089278e+01 4.828212755774225684e+01 -4.242761598637241605e+01 2.901647376680275281e-01 2.142840405116831770e-01 8.431213436964901664e-01 3.987896372769193509e-01
113.300000 9.566730417357854321e+01 4.823447682929609215e+01 -4.255103548561943683e+01 2.907790605325024091e-01 2.174136471350597011e-01 8.427030190446680447e-01 3.975304588182758669e-01
113.400000 9.558378063232959221e+01 4.815309856540336853e+01 -4.265686924835090110e+01 2.915114756125627427e-01 2.192984317671410333e-01 8.424185295829649256e-01 3.965605608553806061e-01
113.500000 9.549103863190950392e+01 4.809080297244469904e+01 -4.278737687758878394e+01 2.922490907045209307e-01 2.227986430338780022e-01 8.419523824667503042e-01 3.950536916714060820e-01
113.600000 9.540302779363874208e+01 4.800871266356732292e+01 -4.290998303063686592e+01 2.932101779496898430e-01 2.251116302888004073e-01 8.416048871284268484e-01 3.937686623094551752e-01
113.700000 9.531225453951108761e+01 4.793288119760845944e+01 -4.303457797539421392e+01 2.942054116077294501e-01 2.271917038697536528e-01 8.412464525524179226e-01 3.925958628684935725e-01
113.800000 9.523013004508740664e+01 4.784797170824626278e+01 -4.313874503607630118e+01 2.951937965757543969e-01 2.294362191841225751e-01 8.408778501197685662e-01 3.913362811798105079e-01
113.900000 9.515233366775740365e+01 4.778269715576745114e+01 -4.325910466872934990e+01 2.961539481124488282e-01 2.315381163883235005e-01 8.405671826089414767e-01 3.900381406960383157e-01
114.000000 9.506719348993743779e+01 4.768946102750505389e+01 -4.335322281766590891e+01 2.971758839463082835e-01 2.338286259001157996e-01 8.401483922794169557e-01 3.887947358963402267e-01
114.100000 9.498507156076180991e+01 4.762542030826308093e+01 -4.347134660677591000e+01 2.983928038994978493e-01 2.363342034812634662e-01 8.397099607251815589e-01 3.872919579655465516e-01
114.200000 9.489354885702053366e+01 4.753978752223886772e+01 -4.358884582399537067e+01 2.995076581698088436e-01 2.386161693062223976e-01 8.393003752199473810e-01 3.859175645120556108e-01
114.300000 9.480821651731753263e+01 4.744207669709228981e+01 -4.370147729448072482e+01 3.007195424216626556e-01 2.413033128218087797e-01 8.387592828453126481e-01 3.844780012793227453e-01
114.400000 9.471861165703344909e+01 4.734242044181647913e+01 -4.380899089482463182e+01 3.018036722988058917e-01 2.437156278862773473e-01 8.383487470474804137e-01 3.829994966509383536e-01
114.500000 9.463625747056339321e+01 4.726309381718007074e+01 -4.391727629734656091e+01 3.029806104876922035e-01 2.462455898961318501e-01 8.378459131265123538e-01 3.815495839106789466e-01
114.600000 9.455175225737168887e+01 4.720033212072738849e+01 -4.403442458153199368e+01 3.044822567074518815e-01 2.512882458765797744e-01 8.368536268940063305e-01 3.792371026006766677e-01
114.700000 9.447587288850058940e+01 4.712815496944654825e+01 -4.413192394594659618e+01 3.056879864302282090e-01 2.536619171336946255e-01 8.364365290285642462e-01 3.776035217724261206e-01
114.800000 9.437836564555368568e+01 4.704075663615898861e+01 -4.426404724718013028e+01 3.067097868363287683e-01 2.560798707085772952e-01 8.360184477378626022e-01 3.760656345887866125e-01
114.900000 9.427961012429329912e+01 4.695050152105264374e+01 -4.439331830871103080e+01 3.078531237304361623e-01 2.585218972614140576e-01 8.355465027254539434e-01 3.745062411082550891e-01
115.000000 9.419210780901318003e+01 4.685417724114100935e+01 -4.448187857570707138e+01 3.090340771073621928e-01 2.613100693319246326e-01 8.349588190264551901e-01 3.729058291071524200e-01
115.100000 9.410038123866131343e+01 4.677242233765522883e+01 -4.458026717936424177e+01 3.104598551138258999e-01 2.659643027979028407e-01 8.341942262184707246e-01 3.701319507198674863e-01
115.200000 9.400461705298317838e+01 4.670001473899178279e+01 -4.468205115169746477e+01 3.119740572805502210e-01 2.702121889877029948e-01 8.334347952328198250e-01 3.674833364951577419e-01
115.300000 9.391719364349964394e+01 4.661230383280683753e+01 -4.477922600444233581e+01 3.129176273846839273e-01 2.725428037388186175e-01 8.329982136352050981e-01 3.659466555150916456e-01
115.400000 9.382616429661399593e+01 4.650585738326031304e+01 -4.487859396431646530e+01 3.137857117215129832e-01 2.749314422077109299e-01 8.325424030148572685e-01 3.644507873324718816e-01
115.500000 9.372345300018514536e+01 4.642484642903689718e+01 -4.501089233891281083e+01 3.147878769710091285e-01 2.770670286187907894e-01 8.321639777638015767e-01 3.628299440189111658e-01
115.600000 9.362940409159988064e+01 4.631873148924796624e+01 -4.510778665925604969e+01 3.156319754440752856e-01 2.792968358750769764e-01 8.317696020897579201e-01 3.612880603990212269e-01
115.700000 9.353248644481638507e+01 4.621744734393449505e+01 -4.520699642183866729e+01 3.165836509038675306e-01 2.816978284481234107e-01 8.313110677442421270e-01 3.596429257943462021e-01
115.800000 9.343061718544893779e+01 4.609192102831207194e+01 -4.529911613085369027e+01 3.174130725643194428e-01 2.842344600764334928e-01 8.308463184216630104e-01 3.579861844198808929e-01
115.900000 9.333264421370186881e+01 4.599614815339734974e+01 -4.540270984110789243e+01 3.182415300807468483e-01 2.861451749324954164e-01 8.304661194408787805e-01 3.566080367231294068e-01
116.000000 9.304965916000200821e+01 4.568440466769739317e+01 -4.569981393414212789e+01 3.189208865960130312e-01 2.881365005360743692e-01 8.301345699649831378e-01 3.551667508378147931e-01
116.100000 9.296368491373331722e+01 4.558304372575285868e+01 -4.578424275331043702e+01 3.196083332067294891e-01 2.901028414363284180e-01 8.297698524551198052e-01 3.537977482856456968e-01
116.200000 9.286901096855601168e+01 4.547338461398323517e+01 -4.587653555765120927e+01 3.202623007892981266e-01 2.919807422080490933e-01 8.294553544348893803e-01 3.523962540551103251e-01
116.300000 9.276668197867364540e+01 4.537338872027314807e+01 -4.597162630554338136e+01 3.210432728472851771e-01 2.939782070227996424e-01 8.290660397657514391e-01 3.509380749680732769e-01
116.400000 9.267953818707405844e+01 4.526340090342200995e+01 -4.604311405261356072e+01 3.216091774530542846e-01 2.958813939960033279e-01 8.287153478954620844e-01 3.496464068562050720e-01
116.500000 9.257093984440751910e+01 4.513050910050205999e+01 -4.614666148312487337e+01 3.221194485386096873e-01 2.976460323587467593e-01 8.284513806411941683e-01 3.483018952115777278e-01
116.600000 9.246686978242915700e+01 4.500063579894035115e+01 -4.622980845414168982e+01 3.226530736482444706e-01 2.995956006059445342e-01 8.281041698808516704e-01 3.469595855266855433e-01
116.700000 9.236987961561455052e+01 4.488756487439828646e+01 -4.631521011571507529e+01 3.231684299803505023e-01 3.011063064875945106e-01 8.278546596436202609e-01 3.457655572259617505e-01
116.800000 9.227279699326234663e+01 4.480968455233369241e+01 -4.641158865334057282e+01 3.238018041922692825e-01 3.038409678079885823e-01 8.278175584508719043e-01 3.428573286423575728e-01
116.900000 9.217114264036666782e+01 4.470028557526742219e+01 -4.649638739474380600e+01 3.242465931977392413e-01 3.053461831311904406e-01 8.276343910180001817e-01 3.415394121490770707e-01
117.000000 9.208136528922295838e+01 4.458852655508520968e+01 -4.656146869272377842e+01 3.245952351345132714e-01 3.071124590451151937e-01 8.274007888877927819e-01 3.401878971613928604e-01
117.100000 9.198239952024205479e+01 4.446871893498909856e+01 -4.663457058463271210e+01 3.248765944205028733e-01 3.084023736667051985e-01 8.272910448095620595e-01 3.390172583990098132e-01
117.200000 9.187372864523277372e+01 4.433454741877954319e+01 -4.670392781147205596e+01 3.252038560809706325e-01 3.099276373230533399e-01 8.271123452776191209e-01 3.377461767404240645e-01
117.300000 9.178087439959855942e+01 4.423905714939495937e+01 -4.678786087407823402e+01 3.255768395526917880e-01 3.109945533567652354e-01 8.270532022101378944e-01 3.365488226740122601e-01
117.400000 9.167341449092330663e+01 4.413334059409941545e+01 -4.687019486231544363e+01 3.259366488133956796e-01 3.120507647072593427e-01 8.269951158571434702e-01 3.353635334295277382e-01
117.500000 9.157915042719642429e+01 4.404568396886381265e+01 -4.696090027588830651e+01 3.262718874367019906e-01 3.131335379862131840e-01 8.270033765705809836e-01 3.340051766029782931e-01
117.600000 9.149476312215878693e+01 4.396115971902462860e+01 -4.703980179605940748e+01 3.266134535187844579e-01 3.141328248572446413e-01 8.269684901791100051e-01 3.328172720557386888e-01
117.700000 9.140068220154802248e+01 4.387995100736713994e+01 -4.711083642953880712e+01 3.269522017270035108e-01 3.152181864640709041e-01 8.269162881897570427e-01 3.315858939017786722e-01
117.800000 9.120072140304834818e+01 4.367992028331039478e+01 -4.727941623692581175e+01 3.272831397123910357e-01 3.161597985465496863e-01 8.268994914922336292e-01 3.304027227685787937e-01
117.900000 9.109468652092206753e+01 4.360277050042508051e+01 -4.736661442999755423e+01 3.276725159187598435e-01 3.171828941400520185e-01 8.269173157115108364e-01 3.289885817971197057e-01
118.000000 9.097975882646956336e+01 4.351202614505529453e+01 -4.745642209220926588e+01 3.280006507974922436e-01 3.180254888067493568e-01 8.269233107274552852e-01 3.278310536254827601e-01
118.100000 9.088068261878009935e+01 4.345274450453847237e+01 -4.754096728320034515e+01 3.283919093089937014e-01 3.188241024424762760e-01 8.269676923294149162e-01 3.265492021817006374e-01
118.200000 9.054013035225730732e+01 4.322376058457623316e+01 -4.782811522028860907e+01 3.286420751655779182e-01 3.196502920198814324e-01 8.270360483625864845e-01 3.253143894008758696e-01
118.300000 9.032534448976588237e+01 4.306770062050483716e+01 -4.804606269520692763e+01 3.288916212753942303e-01 3.204031351536407168e-01 8.270966388349664244e-01 3.241655170841921674e-01
118.400000 9.021942463736868945e+01 4.298761767922002264e+01 -4.813063976667322663e+01 3.291004948493108651e-01 3.211919732523536575e-01 8.271771724187418906e-01 3.229651777475909813e-01
118.500000 9.011953693529756038e+01 4.286874886767552795e+01 -4.820412330386716349e+01 3.292473558410524137e-01 3.226481543645620120e-01 8.272272944129493988e-01 3.212309924883474666e-01
118.600000 9.000952492616660550e+01 4.278841561691443474e+01 -4.830874563581970449e+01 3.292833661377422283e-01 3.234290530840465139e-01 8.273300980536605342e-01 3.201421891295727074e-01
118.700000 8.991602066721506503e+01 4.272328858304234700e+01 -4.841742264510581606e+01 3.291899377037919017e-01 3.241095516032309054e-01 8.274922120878095422e-01 3.191294759312431895e-01
118.800000 8.980826285822195132e+01 4.262294604495441064e+01 -4.850589855611559642e+01 3.290274399781663028e-01 3.248032297361529430e-01 8.276364464165076873e-01 3.182164644663020847e-01
118.900000 8.969868748691754945e+01 4.253418351860199209e+01 -4.860400949833288564e+01 3.290230211127729287e-01 3.254607813943708461e-01 8.277333940621026676e-01 3.172956975857397777e-01
119.000000 8.959505386381485437e+01 4.241196188620988039e+01 -4.869866141413146465e+01 3.288740597831119050e-01 3.269643871228802845e-01 8.278419297857491088e-01 3.156166688306246138e-01
119.100000 8.949717568973969151e+01 4.230307999589823709e+01 -4.875665381859295167e+01 3.286976636464535306e-01 3.276588828138234377e-01 8.279702853960093645e-01 3.147422897035140887e-01
119.200000 8.940121148993765132e+01 4.221342943347296028e+01 -4.884358175400842583e+01 3.284013008923473698e-01 3.283159833624844093e-01 8.281774164668734839e-01 3.138205976273603648e-01
119.300000 8.930406441361350289e+01 4.212586489645706678e+01 -4.893124805452170278e+01 3.282012817032740615e-01 3.290268040541236005e-01 8.283471556842896266e-01 3.128358524402290453e-01
119.400000 8.910248298519019272e+01 4.193605441190543104e+01 -4.913443242777046294e+01 3.279317835694047778e-01 3.297955932630377562e-01 8.285383572412193809e-01 3.118009021303358996e-01
119.500000 8.900320047200571594e+01 4.184894480336436828e+01 -4.922007824901950812e+01 3.276656765100932622e-01 3.302696662825575502e-01 8.287490038797825642e-01 3.110180710811820681e-01
119.600000 8.889702970769155854e+01 4.175301716807130958e+01 -4.931507388979298412e+01 3.273867380315686471e-01 3.310278128403699727e-01 8.288933548185505318e-01 3.101198433264442667e-01
119.700000 8.880005361653894624e+01 4.167230736739499264e+01 -4.940920579686283531e+01 3.271520463381316079e-01 3.315706399080647904e-01 8.290827471646599056e-01 3.092802090041164575e-01
119.800000 8.871104047328876163e+01 4.158418631465798398e+01 -4.950456446034694125e+01 3.267988029523343219e-01 3.323199759210545556e-01 8.293131709318727340e-01 3.082298501308291527e-01
119.900000 8.853161595038679366e+01 4.142771724831324320e+01 -4.968807445115172072e+01 3.264865159115665771e-01 3.328744393435164595e-01 8.295483961222570590e-01 3.073281976172326235e-01
120.000000 8.843396075258772271e+01 4.135370129815068907e+01 -4.978693012155055442e+01 3.261960904060857702e-01 3.335087795165652680e-01 8.297811127366033768e-01 3.063189669850041597e-01
120.100000 8.833121539759198981e+01 4.124662984983358172e+01 -4.987342056101995524e+01 3.258176078568862377e-01 3.341765734434206103e-01 8.300178227874036585e-01 3.053511388996094089e-01
120.200000 8.824888975014755488e+01 4.115384802180101076e+01 -4.997041463723864752e+01 3.254978224639032969e-01 3.355397080509376351e-01 8.301580298665245383e-01 3.038123061044091244e-01
120.300000 8.813947067836545557e+01 4.104158101250784796e+01 -5.004067315545273686e+01 3.252468444286930604e-01 3.360289443747080940e-01 8.303255432308470629e-01 3.030817232859739918e-01
120.400000 8.804560610272575616e+01 4.095091209469775606e+01 -5.012877775969172944e+01 3.247996097514982416e-01 3.365079208201086636e-01 8.306152555131931514e-01 3.022348921606418104e-01
120.500000 8.794245232172863780e+01 4.082430331655528022e+01 -5.018204607001025863e+01 3.243921974173794576e-01 3.371152760700768525e-01 8.308273362508541426e-01 3.014115628724783891e-01
120.600000 8.785190388320795307e+01 4.076797436965432553e+01 -5.029792220902724864e+01 3.239675910010949011e-01 3.375140414168501524e-01 8.311257333192660912e-01 3.005982156333008581e-01
120.700000 8.776533176916812806e+01 4.066298887600373746e+01 -5.037718831097261329e+01 3.234819436130232373e-01 3.380653928439799616e-01 8.313868933895643965e-01 2.997783444774413941e-01
120.800000 8.768572118968849338e+01 4.056194841818921759e+01 -5.046806266789148765e+01 3.231280827944948975e-01 3.393500428143946257e-01 8.314819213616873039e-01 2.984419625322472513e-01
120.900000 8.759523535419234008e+01 4.050806989299123018e+01 -5.060378661918217347e+01 3.227533931369415132e-01 3.396512761302050154e-01 8.318130601195645735e-01 2.975807299813612028e-01
121.000000 8.750347248314160709e+01 4.042282582803442637e+01 -5.069927597836021960e+01 3.222475522448555729e-01 3.400723240636404632e-01 8.320917507906561150e-01 2.968680645409572660e-01
121.100000 8.730971548460195208e+01 4.023426892037461755e+01 -5.088706092584823182e+01 3.217542590134468972e-01 3.404416815958218878e-01 8.323758573939596950e-01 2.961825286315638572e-01
121.200000 8.707643783437600860e+01 4.001676472515048033e+01 -5.104910749468854192e+01 3.211900428102998917e-01 3.408135474627337902e-01 8.326914448900910592e-01 2.954793391630574084e-01
121.300000 8.697410671918800062e+01 3.993655334021299552e+01 -5.116129862588989852e+01 3.206544959455114308e-01 3.411186379924193712e-01 8.330283420855416621e-01 2.947584609919461363e-01
121.400000 8.688401997894641227e+01 3.983792777616726255e+01 -5.121264072877575302e+01 3.202215927589179834e-01 3.413926557228444958e-01 8.333009509365788547e-01 2.941406318712843637e-01
121.500000 8.668889708010988215e+01 3.963945279861235349e+01 -5.135985886677954682e+01 3.196495640767079705e-01 3.416244688613321312e-01 8.336666977031131909e-01 2.934564969489842912e-01
121.600000 8.658805254227311821e+01 3.958182834171640962e+01 -5.146613531360389970e+01 3.191350690036266480e-01 3.417768366553423087e-01 8.340514419273056257e-01 2.927449297202264766e-01
121.700000 8.650404582792501174e+01 3.956111139400611165e+01 -5.159766758379637963e+01 3.186275120728592203e-01 3.417976892677028200e-01 8.344879794776656201e-01 2.920285264641143130e-01
121.800000 8.641025732089629230e+01 3.944912683407228826e+01 -5.165636546298925680e+01 3.179649423769443373e-01 3.420665239746921715e-01 8.348483564534666668e-01 2.914052338617876825e-01
121.900000 8.630634965646041223e+01 3.936570189561199129e+01 -5.174023318858719733e+01 3.173838736635873348e-01 3.422698829794675879e-01 8.352333113995970004e-01 2.906959226958328313e-01
122.000000 8.620818538935813535e+01 3.928615880254987047e+01 -5.183418814029920441e+01 3.168884568721888062e-01 3.423930454420187064e-01 8.355862466673075195e-01 2.900764256442499578e-01
122.100000 8.610531008281688514e+01 3.919463427819463419e+01 -5.191054778033007722e+01 3.163373646807455808e-01 3.425280280444635284e-01 8.359763705702527581e-01 2.893937275736978010e-01
122.200000 8.601352601540106946e+01 3.912311918538480882e+01 -5.201661122424975758e+01 3.156505918308154524e-01 3.426547907670676185e-01 8.364418922764998987e-01 2.886474650610002524e-01
122.300000 8.592820531965924147e+01 3.908111770026492593e+01 -5.214209655310176572e+01 3.150723663930505292e-01 3.426931405624021876e-01 8.368722934333530095e-01 2.879853812792600443e-01
122.400000 8.571994837100277209e+01 3.881423713751765803e+01 -5.225819782753218590e+01 3.143323860824159821e-01 3.428881861712683166e-01 8.372902682354200765e-01 2.873462189801199718e-01
122.500000 8.561151804427370848e+01 3.876117957281999793e+01 -5.238040404657940030e+01 3.138238783875459403e-01 3.428733853555720468e-01 8.376694417214467503e-01 2.868140885219693237e-01
122.600000 8.540877391068539737e+01 3.860469976759588207e+01 -5.256369089513894721e+01 3.131695327288502861e-01 3.428911127340175669e-01 8.381373474977873439e-01 2.861403769267700792e-01
122.700000 8.530599582138754045e+01 3.847120878736489402e+01 -5.259725204805108945e+01 3.124651839915965623e-01 3.429759566010329164e-01 8.385665606031385000e-01 2.855505654431926277e-01
122.800000 8.521140036107496485e+01 3.840161870688164925e+01 -5.270214240733034217e+01 3.117447175987710928e-01 3.430429109183436576e-01 8.390049739106429927e-01 2.849692019694988754e-01
122.900000 8.492330164141601756e+01 3.805304159175674528e+01 -5.283892232116494370e+01 3.110063220954925045e-01 3.431245559746599061e-01 8.394236847476400643e-01 2.844441670847226988e-01
123.000000 8.482878294141360698e+01 3.791195519160937977e+01 -5.286489488360336964e+01 3.101289101988679020e-01 3.434122980365851285e-01 8.398525103167265859e-01 2.837883252193206807e-01
123.100000 8.473174119974922291e+01 3.781258185909918978e+01 -5.293912141194343235e+01 3.094156190585306554e-01 3.434023110432274928e-01 8.402998982891082269e-01 2.832541409902262219e-01
123.200000 8.463430421673260184e+01 3.773053822763631615e+01 -5.303171400031192206e+01 3.087190328853007260e-01 3.433975680430215172e-01 8.407518486558198667e-01 2.826782587648448697e-01
123.300000 8.449248713464527327e+01 3.758541948538075417e+01 -5.316611476872584774e+01 3.080092936088646982e-01 3.434341284915070069e-01 8.411651373117657871e-01 2.821781107901984442e-01
123.400000 8.439689164801671950e+01 3.746791397577712956e+01 -5.324715231147285976e+01 3.072640345143428098e-01 3.434382161115858700e-01 8.415980735740178353e-01 2.816943154637001068e-01
123.500000 8.419538568523805111e+01 3.720320972788653791e+01 -5.337930060694243650e+01 3.064491366492997360e-01 3.433860290244646896e-01 8.420807211082865784e-01 2.812028108953685268e-01
123.600000 8.410332465972533100e+01 3.710398990722255519e+01 -5.345984149534241681e+01 3.056917331360851642e-01 3.434088740386397887e-01 8.425173500540029670e-01 2.806909766660669603e-01
123.700000 8.400868083604109415e+01 3.694372318158804802e+01 -5.346225252812027406e+01 3.050132430538051720e-01 3.433876087425200008e-01 8.429044960437591660e-01 2.802924941433693751e-01
123.800000 8.391753858166669033e+01 3.682347582881200054e+01 -5.350722597874252529e+01 3.042510624877999836e-01 3.434018983723808316e-01 8.433233790192997681e-01 2.798430016433502421e-01
123.900000 8.381999768004237694e+01 3.670200736298195210e+01 -5.357944596719497099e+01 3.033997322373200856e-01 3.434055357157732025e-01 8.437919172769436926e-01 2.793500328551705714e-01
124.000000 8.373098185861164211e+01 3.659762520470941638e+01 -5.365665281121214036e+01 3.025318368803155966e-01 3.434595868900694460e-01 8.442459588461739273e-01 2.788525790073124178e-01
124.100000 8.354523245684109156e+01 3.640331499828131001e+01 -5.382051677514269272e+01 3.017419531920196851e-01 3.434116516540337005e-01 8.447085944859479278e-01 2.783659849796451535e-01
124.200000 8.345643708662365157e+01 3.628185417353702746e+01 -5.386675131053263499e+01 3.010630376580192835e-01 3.433577279950644212e-01 8.451128580087355902e-01 2.779402367605312008e-01
124.300000 8.338434090199611148e+01 3.614211467454180848e+01 -5.385949277915905498e+01 3.003873954273897917e-01 3.433393041741923946e-01 8.454936576839164886e-01 2.775356007682662773e-01
124.400000 8.330623382791227982e+01 3.600572803171434799e+01 -5.386803455279002151e+01 2.995885706797933867e-01 3.433963900368593447e-01 8.458834640212971046e-01 2.771403487820252032e-01
124.500000 8.321680524295874193e+01 3.589080028073227169e+01 -5.392784404651058594e+01 2.987308918329252272e-01 3.433963614185344126e-01 8.463420341970064875e-01 2.766657810074991675e-01
124.600000 8.312030728155598069e+01 3.578275624554568424e+01 -5.398945226060892821e+01 2.979924240672207625e-01 3.432846980885702615e-01 8.467718364285384824e-01 2.762853385328676303e-01
124.700000 8.296521128535090384e+01 3.551569349872932690e+01 -5.405069693406642273e+01 2.971544888433773068e-01 3.433302577949270962e-01 8.471912492663676852e-01 2.758451214163324949e-01
124.800000 8.290585108953959548e+01 3.543825626003484075e+01 -5.417425334221995570e+01 2.957070290842035432e-01 3.439831630226813930e-01 8.477888183424173718e-01 2.747490782526357256e-01
124.900000 8.283679067992532907e+01 3.529431274108140570e+01 -5.423754257422814362e+01 2.941556719363677130e-01 3.450026589063058813e-01 8.478776605922492271e-01 2.748619265810706702e-01
125.000000 8.273998181889135139e+01 3.517689322187464285e+01 -5.431713349550237524e+01 2.933290805345173391e-01 3.451313558727259201e-01 8.481070295157265848e-01 2.748760887968234590e-01
125.100000 8.267523160192419596e+01 3.503387719116758348e+01 -5.430543131341762830e+01 2.924003705771932027e-01 3.456157914984768209e-01 8.481994673041167720e-01 2.749716560269694354e-01
125.200000 8.259972033580936568e+01 3.487991376927082143e+01 -5.429605448175377092e+01 2.913942473890920315e-01 3.461643586347967205e-01 8.482647432613291683e-01 2.751482413887028633e-01
125.300000 8.253176873305658034e+01 3.472389473553538153e+01 -5.427293190805846734e+01 2.903813613593316245e-01 3.467963971267060685e-01 8.483073823103850497e-01 2.752916799192076103e-01
125.400000 8.246518978266934141e+01 3.458218731404788571e+01 -5.425651950398830081e+01 2.892874236000372856e-01 3.476825318672207010e-01 8.482728098259425531e-01 2.754321762090473635e-01
125.500000 8.240612017478795792e+01 3.446418642756363226e+01 -5.434238519183267613e+01 2.870323400440327744e-01 3.524525515003267828e-01 8.470417234739625600e-01 2.755176099707882242e-01
125.600000 8.233686049420290942e+01 3.430708274838568173e+01 -5.433844299416062995e+01 2.862339290135117453e-01 3.540575273254471522e-01 8.466168483928836475e-01 2.755962939572654258e-01
125.700000 8.226868857413975888e+01 3.415000860329971033e+01 -5.432535145298814427e+01 2.853344554281239120e-01 3.558852713730282780e-01 8.462199963368987055e-01 2.753936091576221212e-01
125.800000 8.221362728634289851e+01 3.400322571748398559e+01 -5.425520893592087646e+01 2.845407794741039997e-01 3.576006167143634951e-01 8.458076579484169466e-01 2.752594221776792360e-01
125.900000 8.215057118629779609e+01 3.386152998252186563e+01 -5.422826196192579573e+01 2.838708134626852231e-01 3.596515255365369534e-01 8.452204455295958541e-01 2.750827873605078966e-01
126.000000 8.208424681894786090e+01 3.370955039318615576e+01 -5.418350547170615528e+01 2.832516338916173937e-01 3.617924181097578185e-01 8.446105147743947494e-01 2.747868927524655391e-01
126.100000 8.202352391808130960e+01 3.356679574111016962e+01 -5.415679998284836927e+01 2.827012138715139233e-01 3.644499088108676399e-01 8.437545452209271879e-01 2.744714102822899404e-01
126.200000 8.196381966555391330e+01 3.340985327857408294e+01 -5.412073334208393760e+01 2.822612349139371757e-01 3.667133876557940320e-01 8.430225833731008755e-01 2.741583675575370305e-01
126.300000 8.188961435029790437e+01 3.326675351488080423e+01 -5.418002325924956608e+01 2.816962200489886436e-01 3.725106078340252314e-01 8.410390031485729390e-01 2.730137026672680434e-01
126.400000 8.182138468066143844e+01 3.310954393667546469e+01 -5.416889336160960511e+01 2.814213228585700777e-01 3.753109150503487479e-01 8.400789049199128833e-01 2.724173078076397858e-01
126.500000 8.175425400245383400e+01 3.295146139681565955e+01 -5.416863238071593400e+01 2.811122977789361488e-01 3.781480250953629385e-01 8.391199257402865985e-01 2.717677268910705379e-01
126.600000 8.169248417038730281e+01 3.279968923828631233e+01 -5.411718645749471079e+01 2.808478505159294203e-01 3.807930394483182157e-01 8.382325595648639771e-01 2.710854515713272961e-01
126.700000 8.162939420857685491e+01 3.263728446041578479e+01 -5.405189909509427082e+01 2.804901741569667539e-01 3.840913762357740513e-01 8.371084360402081259e-01 2.702749400388802514e-01
126.800000 8.149467219706588139e+01 3.232252747346929311e+01 -5.402403390747949175e+01 2.802697802117103398e-01 3.863826638702508864e-01 8.363483442669986667e-01 2.695899375022335898e-01
126.900000 8.143996583948249679e+01 3.216135957533010270e+01 -5.400103792461901264e+01 2.800565654465189125e-01 3.891344443128373354e-01 8.353907826226864008e-01 2.688213992759770909e-01
127.000000 8.137228243986092480e+01 3.200418639400951548e+01 -5.398645941191402642e+01 2.797947319446719705e-01 3.921502921761356730e-01 8.343596814623251978e-01 2.679122585330271922e-01
127.100000 8.130448261285746980e+01 3.183137959731847388e+01 -5.397374663390621663e+01 2.796045004819486257e-01 3.952854477590153071e-01 8.332278205733034682e-01 2.670246002203869318e-01
127.200000 8.124073184126656599e+01 3.166341830812120861e+01 -5.392534276855590747e+01 2.794120781334166748e-01 3.983736046172257073e-01 8.321083802650174333e-01 2.661259198766117162e-01
127.300000 8.116612971778229735e+01 3.153916624636006816e+01 -5.401751253403730857e+01 2.792042056991443366e-01 4.075805858275210469e-01 8.286228815025504790e-01 2.632626024083457028e-01
127.400000 8.109641123227501680e+01 3.136707856402045280e+01 -5.400540466455390742e+01 2.789330157963678669e-01 4.111213907209548823e-01 8.273502444637059750e-01 2.620441714220276275e-01
127.500000 8.103447832721735722e+01 3.121417968401839715e+01 -5.395764167241819109e+01 2.787704078072135161e-01 4.136007956272091945e-01 8.264600596841400471e-01 2.611229812452877663e-01
127.600000 8.096994454557241738e+01 3.105500078098095429e+01 -5.395811807143235228e+01 2.785901583094249623e-01 4.160121678860638772e-01 8.255969049041758101e-01 2.602136631241957487e-01
127.700000 8.085144271699448382e+01 3.074211628092741222e+01 -5.388016772697110923e+01 2.783215565255091062e-01 4.183652171118105723e-01 8.248005964507170162e-01 2.592520634030649473e-01
127.800000 8.079584455201262472e+01 3.058265233240751968e+01 -5.384859213142652834e+01 2.779808557759723686e-01 4.206674451830065831e-01 8.240117737892894700e-01 2.583991893212692625e-01
127.900000 8.061979040199683766e+01 3.013445257173560776e+01 -5.392012668506554007e+01 2.777762951040926853e-01 4.231993016441553679e-01 8.231047983216156494e-01 2.573736038254030301e-01
128.000000 8.057070822742058169e+01 2.995781823287957479e+01 -5.388813556203376720e+01 2.773878741834158723e-01 4.253135955665770518e-01 8.224239296551879574e-01 2.564823436666822665e-01
128.100000 8.042575726110763412e+01 2.958481860766364946e+01 -5.391286935119114787e+01 2.770497054529131864e-01 4.276105613263104788e-01 8.216537094942026886e-01 2.554953037240965119e-01
128.200000 8.034212863407677219e+01 2.942011971170641260e+01 -5.399074726395832613e+01 2.767194628194176165e-01 4.296892037760004501e-01 8.209800582813402414e-01 2.545295090154515161e-01
128.300000 8.027141489683359055e+01 2.917321620562761098e+01 -5.396926481262461550e+01 2.763238639419384746e-01 4.314523225211560620e-01 8.204605923839327630e-01 2.536502157544982539e-01
128.400000 8.020927344399351000e+01 2.900551653722566670e+01 -5.402093092914387285e+01 2.760301831989906418e-01 4.334709301348869670e-01 8.197666414775588439e-01 2.527705366765104489e-01
128.500000 8.015363095607311550e+01 2.886901990986176259e+01 -5.410921750806298292e+01 2.752453425234537843e-01 4.371394333672355970e-01 8.186609282733278148e-01 2.508852361801545694e-01
128.600000 8.010240620030471348e+01 2.872026124141149950e+01 -5.411683330129720559e+01 2.747072182205458901e-01 4.387695092797409546e-01 8.182263972178314138e-01 2.500456455927039245e-01
128.700000 8.005493338571173467e+01 2.857682047722168761e+01 -5.416135269848207656e+01 2.741266581232317812e-01 4.405158080223285366e-01 8.177829623778318791e-01 2.490610861478793625e-01
128.800000 7.999534895045387373e+01 2.842651170131323113e+01 -5.421949638138616478e+01 2.735635130794404901e-01 4.417510427573115295e-01 8.175630963645142968e-01 2.482128199697399007e-01
128.900000 7.995109622680040218e+01 2.826071196162006061e+01 -5.421100238733735921e+01 2.728821907955447101e-01 4.430782091683921897e-01 8.173247831358596560e-01 2.473806972637000723e-01
129.000000 7.991899787267794864e+01 2.812451449666379943e+01 -5.418054993130300545e+01 2.722703610064100554e-01 4.441837870538417610e-01 8.171537257930620024e-01 2.466361738643865487e-01
129.100000 7.988059536734641597e+01 2.798068851440763893e+01 -5.423200380843510970e+01 2.716658357203683427e-01 4.451655208275212550e-01 8.170594750495501213e-01 2.458437450912044353e-01
129.200000 7.984028048099023067e+01 2.782866481417536875e+01 -5.424021266290132814e+01 2.708971133244496565e-01 4.464267526795350771e-01 8.169106170373530151e-01 2.448978404480865456e-01
129.300000 7.980485799266324420e+01 2.767519802071141299e+01 -5.424103006961207996e+01 2.701690977818924644e-01 4.472104156451085499e-01 8.169627476019312162e-01 2.440970540030151514e-01
129.400000 7.976370593690266730e+01 2.749881366936940452e+01 -5.428392913638754180e+01 2.693856365529013197e-01 4.481364281700051522e-01 8.169615473018031482e-01 2.432672415189963133e-01
129.500000 7.972310602728509821e+01 2.737392106786555246e+01 -5.437088658598283075e+01 2.686344181953883026e-01 4.489467101790233228e-01 8.170087913909316324e-01 2.424438812801560927e-01
129.600000 7.968162402537868161e+01 2.707625470111837984e+01 -5.423630974100385060e+01 2.678789868348343539e-01 4.496318235105238870e-01 8.170973641429922774e-01 2.417105070316929449e-01
129.700000 7.966025743559184491e+01 2.693585753526554072e+01 -5.425439713281859611e+01 2.669972993873074851e-01 4.504819736492395310e-01 8.171748945076172665e-01 2.408394181263418532e-01
129.800000 7.964507260625559582e+01 2.679214773763641233e+01 -5.419177516646171000e+01 2.661827417169086996e-01 4.511157508425862606e-01 8.173089466641340062e-01 2.400987568825853624e-01
129.900000 7.961930041612663445e+01 2.662245592079008816e+01 -5.418413882704470552e+01 2.654249263053850005e-01 4.516974966387138357e-01 8.174594218634881893e-01 2.393304695033868779e-01
130.000000 7.960568314322100036e+01 2.648273340198051784e+01 -5.415604724645224621e+01 2.644753949257561132e-01 4.523254481711970754e-01 8.176460524884334724e-01 2.385568847584843832e-01
130.100000 7.959311643030534356e+01 2.634468516927280035e+01 -5.408132312993788560e+01 2.637101996058540676e-01 4.527426136683461166e-01 8.178419418524935924e-01 2.379403592069612439e-01
130.200000 7.956558130293012709e+01 2.619348895418029599e+01 -5.411568263907113874e+01 2.628223585412970964e-01 4.532873266809763768e-01 8.180544165129265410e-01 2.371539140408585877e-01
130.300000 7.954926028563920681e+01 2.601059662318306920e+01 -5.408535838113172645e+01 2.619709553239783495e-01 4.537643157061422294e-01 8.182740961387722223e-01 2.364247617037054106e-01
130.400000 7.953365711132755678e+01 2.585135862197629564e+01 -5.402282411560091191e+01 2.610835682449093031e-01 4.543268621344617175e-01 8.184756864655117203e-01 2.356268732559363144e-01
130.500000 7.952309592306636432e+01 2.569769345019759754e+01 -5.399004660429400815e+01 2.602222258257754772e-01 4.548041227138468479e-01 8.186905416184659945e-01 2.349114731409044088e-01
130.600000 7.949441302032363410e+01 2.535732960135690206e+01 -5.402707680199101503e+01 2.594738647136058396e-01 4.552366143401668785e-01 8.188893028930895879e-01 2.342077029091001739e-01
130.700000 7.947670802754221597e+01 2.517232531212134461e+01 -5.403640526258581644e+01 2.586936472006375332e-01 4.556514833141046550e-01 8.191083057252783739e-01 2.334971223453346789e-01
130.800000 7.946541865723244769e+01 2.504220295340078195e+01 -5.394844730388976473e+01 2.578275800567425002e-01 4.560978611384059467e-01 8.193386271714047098e-01 2.327743414810433120e-01
130.900000 7.943298816414454677e+01 2.489276919718050607e+01 -5.402670252030824827e+01 2.570244143237292445e-01 4.565425121115743723e-01 8.195803779793195964e-01 2.319383303976997324e-01
131.000000 7.941062168179496439e+01 2.472391486275279249e+01 -5.400445192121537730e+01 2.561896468207143784e-01 4.570521225364626572e-01 8.197841849732674380e-01 2.311365661562607421e-01
131.100000 7.939076163967351363e+01 2.436570873783982449e+01 -5.390543124156701538e+01 2.553371864904560584e-01 4.575576298023473765e-01 8.200012332441715124e-01 2.303083022446955619e-01
131.200000 7.937566198231846215e+01 2.421181810380786459e+01 -5.387577910592450792e+01 2.545922245287329799e-01 4.579440318284481171e-01 8.202284368905380374e-01 2.295547303767042913e-01
131.300000 7.936868391467110939e+01 2.405796538655203420e+01 -5.379970057413079587e+01 2.537848060714602005e-01 4.584061826846256849e-01 8.204262442270376932e-01 2.288183158475254608e-01
131.400000 7.933893783039714265e+01 2.387435004489474721e+01 -5.380437882940996985e+01 2.529697436962037860e-01 4.589232501777189555e-01 8.206184955990648566e-01 2.279935172353003969e-01
131.500000 7.932788362770244817e+01 2.370327243051488608e+01 -5.379381468687070367e+01 2.521578791548699239e-01 4.594232214778835033e-01 8.208270376632912368e-01 2.271336209985381493e-01
131.600000 7.932063959214249849e+01 2.356533014938381143e+01 -5.371829423290637351e+01 2.512814549635164485e-01 4.599410078456083739e-01 8.210365513940441895e-01 2.262982124727439814e-01
131.700000 7.931098720938092583e+01 2.341063102995694578e+01 -5.369064046408648494e+01 2.504434368465676131e-01 4.604383432153544842e-01 8.212478764108279705e-01 2.254474274155378044e-01
131.800000 7.930502701434596702e+01 2.327312487915818906e+01 -5.361419782446085947e+01 2.495984062360431244e-01 4.609752910313032470e-01 8.214424634209405163e-01 2.245767039386974695e-01
131.900000 7.927703155874603169e+01 2.295512357678191506e+01 -5.348736367191546037e+01 2.488040819842438078e-01 4.613671632084901941e-01 8.216972729338573034e-01 2.237196038660679287e-01
132.000000 7.926749553380616931e+01 2.280420188837658202e+01 -5.344353617517874966e+01 2.479052956286764420e-01 4.618776710301404353e-01 8.219276540724110847e-01 2.228158721322493763e-01
132.100000 7.926878201202569585e+01 2.265347989872192613e+01 -5.336122825103514344e+01 2.470217057381138281e-01 4.624643531396582796e-01 8.220904082801830937e-01 2.219782862873571905e-01
132.200000 7.924247578063244646e+01 2.251987573722524161e+01 -5.346589137947881909e+01 2.463356089569594398e-01 4.629336912220523015e-01 8.222784962757845317e-01 2.210638818390825988e-01
132.300000 7.924085615744812117e+01 2.237715289990396883e+01 -5.339944383745667267e+01 2.454981107721370681e-01 4.635036309315224701e-01 8.224317400615389628e-01 2.202296407388333044e-01
132.400000 7.923194507066455117e+01 2.224810396914497801e+01 -5.351241311272804069e+01 2.440945953063203000e-01 4.649321515291585660e-01 8.225584379531006851e-01 2.182969059992977690e-01
132.500000 7.922256100029224513e+01 2.209216477840746506e+01 -5.349294288021276600e+01 2.433004160093861779e-01 4.655906596965383448e-01 8.226716800581908018e-01 2.173512180854652309e-01
132.600000 7.921549292342680815e+01 2.196596235339894321e+01 -5.339910730140339012e+01 2.426541677384987661e-01 4.660322023866448893e-01 8.228228635332468510e-01 2.165536341526911046e-01
132.700000 7.920144422482979962e+01 2.181193577415849916e+01 -5.342854751757093368e+01 2.418490086091164282e-01 4.666859297572455989e-01 8.229645655654405090e-01 2.155055076444419848e-01
132.800000 7.920146543021672869e+01 2.168110878375023276e+01 -5.331728379103289228e+01 2.411706680696536209e-01 4.671386636989647845e-01 8.230943332088266340e-01 2.147880266213632594e-01
132.900000 7.919845539483482355e+01 2.150152962006124113e+01 -5.326872702590705444e+01 2.405152259170761642e-01 4.675671155011627556e-01 8.232363086281863085e-01 2.140453194074037890e-01
133.000000 7.919603695979657232e+01 2.133194420671843261e+01 -5.324158168148412074e+01 2.397627412839467564e-01 4.680535405911772084e-01 8.233979925873887717e-01 2.132028537218229602e-01
133.100000 7.919534886426410480e+01 2.116536847224876539e+01 -5.315872909941921876e+01 2.390168789074601507e-01 4.684671903166106599e-01 8.235905414713577954e-01 2.123865419303034296e-01
133.200000 7.918837519172623729e+01 2.085407181508860930e+01 -5.330374374562575213e+01 2.377202375937838563e-01 4.696899593949581675e-01 8.237194851924923844e-01 2.106339013457535769e-01
133.300000 7.919276966688960329e+01 2.067264366709604673e+01 -5.326279662060984776e+01 2.368779358758553166e-01 4.701431760815300009e-01 8.239307297448115186e-01 2.097436293701143706e-01
133.400000 7.919436223563218391e+01 2.055736688708786630e+01 -5.317801246794971348e+01 2.360878104760401608e-01 4.706161561006294014e-01 8.240931681316756574e-01 2.089340316951621701e-01
133.500000 7.918604696017769129e+01 2.038587915852048837e+01 -5.310633723474370527e+01 2.354741370580027415e-01 4.709260274754807907e-01 8.242772676196389314e-01 2.082008489618944747e-01
133.600000 7.918528894512800775e+01 2.025703125594316845e+01 -5.301587568611989809e+01 2.348106368001892097e-01 4.713287429813285412e-01 8.244150854770325720e-01 2.074920425535097812e-01
133.700000 7.918882941321103885e+01 2.009646651960154884e+01 -5.292196685272196532e+01 2.339059145075010615e-01 4.717337817933587307e-01 8.246548109333921017e-01 2.066390695821016532e-01
133.800000 7.919125046620953867e+01 1.996976871381523466e+01 -5.280605018039400989e+01 2.331078946609887736e-01 4.721330603059694653e-01 8.248284561392296155e-01 2.059347002227070733e-01
133.900000 7.919654970733722621e+01 1.985348314323339025e+01 -5.270005315257711231e+01 2.321856811312475732e-01 4.724468929879061529e-01 8.251023561249680727e-01 2.051580968441630570e-01
134.000000 7.920709136186120247e+01 1.969374973477243174e+01 -5.260524825355005873e+01 2.313671594249691876e-01 4.727861526533101988e-01 8.253089822845613988e-01 2.044690078210465445e-01
134.100000 7.920943874969722742e+01 1.952744545517217745e+01 -5.256242397079286377e+01 2.304414655259285349e-01 4.731320414105696925e-01 8.255852220525249363e-01 2.035972580498377482e-01
134.200000 7.921281483913426769e+01 1.935798307933530538e+01 -5.253481900049729347e+01 2.296863328443374264e-01 4.734473106916448626e-01 8.258015243545314688e-01 2.028390368669238109e-01
134.300000 7.923095735390064931e+01 1.905302255571412218e+01 -5.237779821878076802e+01 2.288545296246709826e-01 4.736411141654446877e-01 8.260811474005823607e-01 2.021871339915675414e-01
134.400000 7.923571193640648858e+01 1.886717718063334814e+01 -5.237073868582554326e+01 2.280135684048969769e-01 4.738411745304774714e-01 8.264145735141495974e-01 2.013040154251005687e-01
134.500000 7.923802562033102959e+01 1.873664553687411427e+01 -5.228275602130182165e+01 2.273210100030111092e-01 4.740453498302615865e-01 8.266472245571888644e-01 2.006502699908785936e-01
134.600000 7.924613772549415103e+01 1.859819305325655847e+01 -5.218143164863356276e+01 2.264353614901588041e-01 4.741929031581585408e-01 8.269660219756126418e-01 1.999882900549155851e-01
134.700000 7.927550025606348072e+01 1.831840835190092065e+01 -5.201052567448363106e+01 2.254799130051415856e-01 4.743905139160631834e-01 8.272874245647330316e-01 1.992685782924599192e-01
134.800000 7.929376062966434802e+01 1.817827543984013516e+01 -5.207989797325313930e+01 2.239501951209577901e-01 4.748433121443100258e-01 8.278006913905927577e-01 1.977780431452468846e-01
134.900000 7.930710746034093006e+01 1.802124403979290435e+01 -5.201162206811717681e+01 2.229935457656914699e-01 4.749815222504565893e-01 8.281611766892437165e-01 1.970164904066939171e-01
135.000000 7.931396823870144885e+01 1.790247856915574687e+01 -5.190852008633177661e+01 2.221700732616345153e-01 4.750841606015600571e-01 8.284610007626063144e-01 1.964379523102701974e-01
135.100000 7.932921466887691508e+01 1.774582979491407286e+01 -5.183975774542605564e+01 2.212307417177994673e-01 4.751494437614335320e-01 8.288435178055902908e-01 1.957252870833172675e-01
135.200000 7.933808279944668129e+01 1.759741511778160827e+01 -5.175379471914278895e+01 2.201575797717583438e-01 4.752064618626545278e-01 8.292168284063653472e-01 1.952150356932266517e-01
135.300000 7.933937408700043648e+01 1.743091269728943615e+01 -5.171160938449622790e+01 2.190713611458278420e-01 4.753837643853927597e-01 8.295003301353645053e-01 1.948004558254655960e-01
135.400000 7.935326770867726509e+01 1.728503741228404067e+01 -5.162206601148722029e+01 2.176243419551439906e-01 4.757510578567881732e-01 8.297343248956295936e-01 1.945289871117709679e-01
135.500000 7.936106014027738809e+01 1.714616415647230951e+01 -5.152130784294762122e+01 2.164123991801180369e-01 4.761242442166239153e-01 8.298651610758726038e-01 1.944098556729314531e-01
135.600000 7.936967459834522742e+01 1.700076368594555731e+01 -5.143029239657812468e+01 2.149923567764287502e-01 4.766295104146368034e-01 8.299517771665465560e-01 1.943775807744079764e-01
135.700000 7.937837765466443329e+01 1.687128511792151642e+01 -5.131780554268577532e+01 2.136555902950216246e-01 4.773244797627533842e-01 8.298973853908576670e-01 1.943783925139848101e-01
135.800000 7.938429180392529361e+01 1.672451218298068198e+01 -5.122877820787445557e+01 2.124103301409731581e-01 4.779780041574945848e-01 8.298243119925970968e-01 1.944491975222155389e-01
135.900000 7.938943325625000114e+01 1.659841665407262923e+01 -5.111230337340310825e+01 2.108431157038304915e-01 4.789479022037664291e-01 8.296598044063032695e-01 1.944702971854757600e-01
136.000000 7.940544141568457803e+01 1.643600564666215291e+01 -5.102292054723312731e+01 2.079546758888989322e-01 4.816502866700973495e-01 8.288413761044097772e-01 1.943960580462075760e-01
136.100000 7.941222791374579515e+01 1.631316681594897489e+01 -5.092466055374417522e+01 2.065731246760587059e-01 4.831482910438936740e-01 8.283066171094203289e-01 1.944310188104838855e-01
136.200000 7.941470116179542060e+01 1.621964530658434711e+01 -5.079804963911024629e+01 2.052520963355018990e-01 4.846640368841455548e-01 8.277602086275658300e-01 1.943846324015722493e-01
136.300000 7.942052709725288651e+01 1.611264199242042139e+01 -5.064591993263931613e+01 2.040595478793861550e-01 4.863250285763370262e-01 8.270998769594984923e-01 1.943024987823569749e-01
136.400000 7.941782863213104804e+01 1.599448610256352765e+01 -5.050223721124602605e+01 2.028876238966557111e-01 4.880698695925383968e-01 8.263993980479316104e-01 1.941351317291849787e-01
136.500000 7.942937164109504522e+01 1.584378457934107587e+01 -5.039369412765307743e+01 2.005568132332425368e-01 4.930681911420865537e-01 8.240783046813290325e-01 1.937928566876074010e-01
136.600000 7.943150763932436575e+01 1.569803217362969150e+01 -5.033425458255669582e+01 1.985926723606920019e-01 4.989380315030399471e-01 8.211506073393588512e-01 1.932187135624093000e-01
136.700000 7.943651109705507452e+01 1.559635974280661230e+01 -5.019587642172963626e+01 1.976782604008663069e-01 5.015968941950907922e-01 8.198367360323094433e-01 1.928512052091337359e-01
136.800000 7.943984371584481607e+01 1.547104964495110124e+01 -5.005841061980602547e+01 1.966877437304209719e-01 5.046717047248622245e-01 8.183043147607703682e-01 1.923498124777967277e-01
136.900000 7.943908541467709483e+01 1.535465047097287083e+01 -4.993208167831302546e+01 1.958362504000705773e-01 5.078388938323248336e-01 8.166666787583990450e-01 1.918420098574014354e-01
137.000000 7.944350215732421816e+01 1.520601160510304339e+01 -4.984617022217271654e+01 1.941598197635276135e-01 5.154783263636723012e-01 8.125576000439469482e-01 1.906153352947315693e-01
137.100000 7.944624648959229773e+01 1.504863765053239888e+01 -4.977737045801762861e+01 1.928287293966775839e-01 5.233516691977473378e-01 8.081853706956907413e-01 1.890939397777290365e-01
137.200000 7.944577553215418675e+01 1.493730512697495527e+01 -4.964659973645026980e+01 1.921805277242687182e-01 5.273826525145346444e-01 8.058930170715262742e-01 1.883364744963323123e-01
137.300000 7.944636033463198999e+01 1.481063180280100511e+01 -4.953060842637111705e+01 1.916313686355691492e-01 5.315713300270819008e-01 8.034759442688595987e-01 1.874453163708342529e-01
137.400000 7.945650224842866294e+01 1.457375625749796200e+01 -4.924376925223634771e+01 1.911478936425584085e-01 5.349612317350883606e-01 8.015022131007243367e-01 1.867435827307905860e-01
137.500000 7.945896159711270457e+01 1.447986900674494137e+01 -4.911737383704961246e+01 1.905249232290071315e-01 5.387076797190983868e-01 7.993347064079407982e-01 1.858986728623347462e-01
137.600000 7.946156718515928219e+01 1.438721809634557758e+01 -4.900830335208789279e+01 1.901240434386242961e-01 5.419996042084962440e-01 7.973809086417976699e-01 1.851295861767174034e-01
137.700000 7.946086960203854233e+01 1.428244971148571096e+01 -4.889076788592413436e+01 1.896723836200939206e-01 5.461142120748552209e-01 7.948979091875202352e-01 1.841764594920881626e-01
137.800000 7.946193523230948585e+01 1.416401262554519747e+01 -4.876628501216251266e+01 1.892550193665721581e-01 5.497456858440545879e-01 7.927062016050501203e-01 1.832459998944100110e-01
137.900000 7.946849349772912774e+01 1.405683308740022142e+01 -4.863214133809108830e+01 1.887877575797707319e-01 5.530158621759198034e-01 7.907367277394720118e-01 1.823953567766955774e-01
138.000000 7.947111738396296232e+01 1.393676431604836807e+01 -4.850918125868875563e+01 1.883895304029103990e-01 5.568474239098508694e-01 7.883829364394810968e-01 1.813358123774637121e-01
138.100000 7.948396988466777202e+01 1.379567547371385672e+01 -4.844026779156713758e+01 1.873527002898804084e-01 5.639996121512120819e-01 7.839998454310196374e-01 1.792976451365438650e-01
138.200000 7.949105347662278120e+01 1.369782728292763352e+01 -4.829910054273511832e+01 1.869272585746664661e-01 5.668007770029355186e-01 7.823030789171617760e-01 1.783170544489706411e-01
138.300000 7.950133714920085026e+01 1.359104265441391846e+01 -4.816474131649766832e+01 1.865104796480239469e-01 5.695748936342941438e-01 7.805839821293367731e-01 1.774455645150192773e-01
138.400000 7.950880972491916054e+01 1.348675046902582864e+01 -4.802824378855831355e+01 1.860509484462700147e-01 5.721910098592534188e-01 7.789900637153610585e-01 1.765133803744885765e-01
138.500000 7.951780499553069603e+01 1.338099781968625024e+01 -4.789295365937229576e+01 1.856293508571912054e-01 5.746995814160011928e-01 7.774680253425209076e-01 1.755152551506905523e-01
138.600000 7.952814271401267376e+01 1.326553317769935347e+01 -4.774712298959281043e+01 1.850724154336696181e-01 5.777611605123248451e-01 7.755885696899006421e-01 1.743634509161052504e-01
138.700000 7.953856249111825605e+01 1.316411480160542169e+01 -4.762689356606642832e+01 1.846233161933959754e-01 5.800254991958851969e-01 7.742325354713249785e-01 1.733454136052089145e-01
138.800000 7.955187330136293156e+01 1.306701351321805049e+01 -4.750339300599632963e+01 1.840439661600839771e-01 5.824665863155740197e-01 7.727774009712607972e-01 1.722660236205936779e-01
138.900000 7.956570792256417235e+01 1.295230858406774388e+01 -4.739615321114018798e+01 1.835332821514654156e-01 5.846668565427145525e-01 7.714683943558573453e-01 1.712212536841354049e-01
139.000000 7.958311732956616424e+01 1.285286940901800534e+01 -4.723955023983251067e+01 1.829700915029633390e-01 5.866162252363171792e-01 7.703256673865653825e-01 1.702989021407187997e-01
139.100000 7.961249748291506023e+01 1.261362325026198761e+01 -4.701470273278879120e+01 1.825298206756317820e-01 5.882969629294003688e-01 7.693732436179798739e-01 1.692759875969243599e-01
139.200000 7.962760629749058694e+01 1.252919130929054603e+01 -4.688241505258638142e+01 1.818476429473367684e-01 5.902157101687265373e-01 7.683033848249024578e-01 1.681866792915581166e-01
139.300000 7.971074984691699683e+01 1.213386209133081195e+01 -4.632566638127757130e+01 1.813417137501741050e-01 5.917811652840967440e-01 7.674394251739306005e-01 1.671734547045471697e-01
139.400000 7.973087909298135401e+01 1.202790514532603794e+01 -4.621071806610416388e+01 1.806611666540697547e-01 5.933539227007903483e-01 7.666334072479119577e-01 1.660297689278402156e-01
139.500000 7.974661177640832932e+01 1.193647523214755779e+01 -4.608328539720011463e+01 1.799755606426877985e-01 5.949061388420580077e-01 7.658247662385806453e-01 1.649482068863055706e-01
139.600000 7.977406819863729481e+01 1.179060360776950489e+01 -4.599651015276033661e+01 1.796163369213338024e-01 5.960964935477598425e-01 7.652024268657736661e-01 1.639273857833329351e-01
139.700000 7.980640658839475066e+01 1.164500203371828491e+01 -4.594560167283312069e+01 1.790533382276128516e-01 5.975306472473733699e-01 7.644826647611230319e-01 1.626753913455120659e-01
139.800000 7.983220429313094257e+01 1.149198370480418419e+01 -4.587159858776597332e+01 1.781235817204330218e-01 5.999103105486837118e-01 7.632126035258794960e-01 1.608916739664138229e-01
139.900000 7.985243329808145063e+01 1.143297060105581409e+01 -4.572689535675492323e+01 1.772969299192754533e-01 6.008428963193240824e-01 7.628438793486499447e-01 1.600713226162252534e-01
140.000000 7.987579452030431071e+01 1.134975667575769620e+01 -4.557829950123047524e+01 1.764912177510965796e-01 6.018025057382280218e-01 7.624757602677868507e-01 1.591078538224480476e-01
140.100000 7.990983754876204159e+01 1.128460561936729079e+01 -4.542293146209073029e+01 1.758264182009673382e-01 6.026477800481029323e-01 7.620975187029523923e-01 1.584553434015873175e-01
140.200000 7.996635479052682172e+01 1.112668878140786433e+01 -4.512289375960921234e+01 1.754017291870653139e-01 6.034563247605380099e-01 7.616891741092334245e-01 1.578109614364137658e-01
140.300000 7.999439485856001397e+01 1.104321796961874469e+01 -4.499227787861316585e+01 1.749093309648220851e-01 6.040207793943045411e-01 7.615262211117913571e-01 1.569822874101728938e-01
140.400000 8.002555032996932027e+01 1.094056307074579593e+01 -4.487693020915484965e+01 1.746178243547720499e-01 6.046953705076411056e-01 7.612311393638858670e-01 1.561386459752767408e-01
140.500000 8.006586110659203825e+01 1.079091503556237086e+01 -4.477379126122620789e+01 1.742366528803171721e-01 6.052766639508042612e-01 7.610546093542351898e-01 1.551696827679993618e-01
140.600000 8.011761482893849973e+01 1.067380478202734650e+01 -4.463868374494128943e+01 1.738422322745619975e-01 6.061029288878401200e-01 7.606706357091521653e-01 1.542669823429930198e-01
140.700000 8.016411583408100228e+01 1.052270518175355107e+01 -4.457143120434911054e+01 1.737996705608381431e-01 6.065388792766974735e-01 7.605184528480648520e-01 1.533490962356727771e-01
140.800000 8.020115075426252815e+01 1.037539911543821347e+01 -4.449114946230265843e+01 1.734645287826577786e-01 6.071538026245899555e-01 7.602850439134459792e-01 1.524498908305296774e-01
140.900000 8.024113158755304198e+01 1.023331118206803581e+01 -4.443623603101224262e+01 1.729695170762179102e-01 6.077402808735762330e-01 7.601200819068105741e-01 1.514950766464375487e-01
141.000000 8.028317501098423747e+01 1.009262869182268219e+01 -4.437936686779158890e+01 1.727989197119728371e-01 6.083220363595537306e-01 7.598761027040350502e-01 1.505760338336337989e-01
141.100000 8.033213504129858507e+01 9.926112477617103025e+00 -4.431225464948551007e+01 1.725116759078806350e-01 6.088684279317461145e-01 7.596957415715290818e-01 1.496039417310355557e-01
141.200000 8.040934643569663365e+01 9.577609692128582708e+00 -4.428716283085174155e+01 1.721810672848850809e-01 6.094116800962878777e-01 7.595465019810114793e-01 1.485267503154467927e-01
141.300000 8.044018852422128418e+01 9.442399791404490372e+00 -4.421264944070044578e+01 1.718656490702564210e-01 6.100295637127518544e-01 7.593073038412616604e-01 1.475755684366586717e-01
141.400000 8.050089297368286623e+01 9.305155596519142591e+00 -4.426019415341289687e+01 1.700039098756365996e-01 6.121984559424367145e-01 7.587143762375495593e-01 1.437505355091202308e-01
141.500000 8.056009754765462105e+01 9.130168665224680069e+00 -4.428223779825947304e+01 1.688585643914966294e-01 6.133644354165928014e-01 7.585256097429153854e-01 1.411019275625449432e-01
141.600000 8.057663079062356815e+01 8.968653541544718166e+00 -4.422633366718240211e+01 1.686123692203016222e-01 6.136594482735009404e-01 7.585372903065102923e-01 1.400468839533240140e-01
141.700000 8.065668012188136515e+01 8.636517224740480003e+00 -4.412029608657262258e+01 1.679799821882847211e-01 6.140743990118243678e-01 7.585880811657543799e-01 1.387064568632222494e-01
141.800000 8.068807810501064637e+01 8.503553775420634508e+00 -4.407781518689625955e+01 1.675211513630222027e-01 6.146237497357356361e-01 7.584714064986488591e-01 1.374606693958407289e-01
141.900000 8.072392577790151336e+01 8.363686723172300219e+00 -4.398490503781120253e+01 1.669822940660530275e-01 6.151860439795008295e-01 7.583376747307878363e-01 1.363342064384123198e-01
142.000000 8.077450870969343555e+01 8.196747428271834224e+00 -4.392040614467964588e+01 1.664265733974728823e-01 6.156245620161829857e-01 7.583517375736474886e-01 1.349490141816095667e-01
142.100000 8.080812132159401528e+01 8.049070131933767414e+00 -4.400125291083990930e+01 1.659408428856726792e-01 6.159099599715104345e-01 7.584935418669705998e-01 1.334395174466061484e-01
142.200000 8.084101744333587192e+01 7.913322619859769702e+00 -4.397030654571730679e+01 1.653183431155516581e-01 6.162357070341989429e-01 7.586265357557808731e-01 1.319438443155740437e-01
142.300000 8.088368098161787145e+01 7.751853945068333474e+00 -4.393057826452529468e+01 1.649921465880599403e-01 6.166151884973734010e-01 7.585818189673396716e-01 1.308316659330420184e-01
142.400000 8.091141028511802347e+01 7.627792733624666255e+00 -4.383784306066087311e+01 1.645522430611111031e-01 6.172316426988360138e-01 7.583955415653534926e-01 1.295525418069733148e-01
142.500000 8.094538831362706333e+01 7.476322881877372595e+00 -4.386356968387558197e+01 1.641100462339497579e-01 6.174648361892266513e-01 7.585524974133228682e-01 1.280748900562205528e-01
142.600000 8.100736135321436393e+01 7.147427713798158777e+00 -4.378709596775205171e+01 1.636369291443984797e-01 6.177532334725481800e-01 7.586755049235341941e-01 1.265518715129217153e-01
142.700000 8.104507070320748596e+01 7.021864507669008049e+00 -4.370011942909084723e+01 1.631852564357299806e-01 6.181684822806796653e-01 7.586171405731052531e-01 1.254525154211405258e-01
142.800000 8.109346562337304931e+01 6.850405908459954674e+00 -4.364686618677114893e+01 1.626641225534920798e-01 6.188017117645697729e-01 7.584570048321200852e-01 1.239669172490393823e-01
142.900000 8.113526350695578060e+01 6.746143691424840938e+00 -4.353669268297862516e+01 1.620524511115850330e-01 6.196514647939409537e-01 7.581199012180559471e-01 1.225776514890695862e-01
143.000000 8.118183557861155464e+01 6.610515353826926344e+00 -4.347199022684675640e+01 1.613808971282476024e-01 6.203548720773078839e-01 7.579528560416253224e-01 1.209276922395032816e-01
143.100000 8.120429443541044634e+01 6.443684365647627033e+00 -4.343851285001670703e+01 1.609477886702718463e-01 6.205934873715249767e-01 7.580586259834609653e-01 1.196104189703617315e-01
143.200000 8.123722837931597951e+01 6.324796255674002055e+00 -4.329941314407783182e+01 1.604850307785728458e-01 6.210821163550059865e-01 7.579381495099261068e-01 1.184538777645398749e-01
143.300000 8.129337031517979995e+01 6.130322828620101916e+00 -4.316469444810557832e+01 1.600572874101143239e-01 6.214783574779769726e-01 7.578878979062614318e-01 1.172699882349280687e-01
143.400000 8.136619549762373538e+01 5.980276532406811896e+00 -4.324685477561882863e+01 1.590550973427923009e-01 6.224042314959630229e-01 7.577461891593159082e-01 1.146087319523629994e-01
143.500000 8.140959599606711095e+01 5.835839156422764518e+00 -4.313812675652758344e+01 1.586979785587468439e-01 6.228375128006335970e-01 7.576405461510963280e-01 1.134424394905027556e-01
143.600000 8.148739342708509525e+01 5.716678272819933682e+00 -4.323406559759297352e+01 1.566741453015920993e-01 6.244246436343142692e-01 7.573732073444501278e-01 1.092378204330167052e-01
143.700000 8.152481866317729953e+01 5.599473955819789239e+00 -4.309467804404123115e+01 1.563396986184815429e-01 6.247698775722365649e-01 7.572965434463849732e-01 1.082702359765245620e-01
143.800000 8.158426703011309655e+01 5.434421496726152156e+00 -4.315628256015800446e+01 1.555485500032955382e-01 6.255453817948707362e-01 7.571369313992885042e-01 1.060249546958215439e-01
143.900000 8.161830802080062597e+01 5.354600793747700038e+00 -4.300821870753279086e+01 1.551635557366597140e-01 6.259300470156285989e-01 7.570105749971942632e-01 1.052180429231936304e-01
144.000000 8.169120204710023359e+01 5.216828118220306010e+00 -4.302960383467642203e+01 1.529187786374734959e-01 6.270334084734860980e-01 7.569933416604752718e-01 1.020099626499918477e-01
144.100000 8.177030154741643742e+01 5.135998377556568073e+00 -4.269040664095108184e+01 1.519094166730415862e-01 6.273662127069984384e-01 7.569734841113762158e-01 1.016184463176711406e-01
144.200000 8.182937156394046951e+01 5.034863041463488287e+00 -4.254601201617731476e+01 1.506961689316819730e-01 6.277782807637592999e-01 7.569360249398574547e-01 1.011580398132548714e-01
144.300000 8.188781421312603470e+01 4.969039150622521106e+00 -4.238223023512486520e+01 1.493543798295371705e-01 6.283399405447276376e-01 7.567863080721559665e-01 1.007803168108641484e-01
144.400000 8.194823488999017513e+01 4.815530617130299618e+00 -4.229647407606601917e+01 1.483861372061729966e-01 6.287468996375381591e-01 7.566841606819685317e-01 1.004388941309048017e-01
144.500000 8.201093535778773003e+01 4.689929434681580744e+00 -4.219763364133773109e+01 1.471422874840344897e-01 6.293174891896550216e-01 7.564894139881610524e-01 1.001619266879533177e-01
144.600000 8.205601894820335929e+01 4.596557266189577717e+00 -4.207909966456848849e+01 1.457442127524247732e-01 6.301167212807650131e-01 7.561202040947357927e-01 9.996889001729285240e-02
144.700000 8.211575513414464922e+01 4.520316224020561435e+00 -4.195477695028326082e+01 1.444139106924638427e-01 6.310013100445066581e-01 7.556572373942993526e-01 9.982038215836037953e-02
144.800000 8.216935883520284278e+01 4.413734141711294967e+00 -4.183077921127076593e+01 1.429334942768004935e-01 6.322275455527963661e-01 7.549569128087267877e-01 9.949073655585737030e-02
144.900000 8.221417134783476399e+01 4.305120803347300296e+00 -4.174842142449777782e+01 1.416937973518071769e-01 6.334345801602603299e-01 7.542385773975980312e-01 9.903367515379535302e-02
145.000000 8.226380976053327743e+01 4.218387039017919449e+00 -4.160807621647009569e+01 1.401574285129437436e-01 6.350645920661481814e-01 7.532028374369168500e-01 9.866278332518976790e-02
145.100000 8.230611574254282914e+01 4.135502157421448999e+00 -4.148035968292658993e+01 1.386444521320564227e-01 6.367904296715197754e-01 7.520792122882808961e-01 9.824725449396544408e-02
145.200000 8.234547049924668727e+01 4.068360570206401405e+00 -4.132643699624757971e+01 1.372819212208697126e-01 6.384073786014098362e-01 7.510086583696382601e-01 9.785544495335535276e-02
145.300000 8.237600243777961850e+01 4.002649670910862767e+00 -4.118583956808521407e+01 1.357301103084744831e-01 6.403772500256564859e-01 7.496801491723263933e-01 9.733441704857428989e-02
145.400000 8.242489006064769796e+01 3.922402238938367702e+00 -4.102416372075167317e+01 1.342923136764425929e-01 6.424745180324772376e-01 7.482297555818575585e-01 9.666592485606262386e-02
145.500000 8.245740421457071534e+01 3.868639301145556431e+00 -4.087891172949547069e+01 1.327970533814778753e-01 6.448329886847815606e-01 7.465362631066263521e-01 9.611954631521707482e-02
145.600000 8.253548578343020381e+01 3.701716610172262278e+00 -4.060394958176955527e+01 1.314203143085495018e-01 6.476666403156842167e-01 7.444071024571103923e-01 9.547088467509541598e-02
145.700000 8.257090244782673949e+01 3.642200861115199473e+00 -4.044570909653738511e+01 1.301284235722661720e-01 6.500194148200491018e-01 7.426625101356013614e-01 9.483538250402867575e-02
145.800000 8.261797749859837836e+01 3.531393972400216796e+00 -4.034283550022506404e+01 1.277096153879563878e-01 6.563781109787188983e-01 7.376405277529171078e-01 9.351193176203177748e-02
145.900000 8.266628913643853593e+01 3.445822759309798755e+00 -4.018356819401954283e+01 1.265526122557132371e-01 6.594705528148330220e-01 7.351676312289521231e-01 9.279860071447790237e-02
146.000000 8.275380298686381764e+01 3.286132902175971537e+00 -3.989003378270130895e+01 1.254027607321508975e-01 6.627017459394548560e-01 7.325446168619533793e-01 9.208109380392369425e-02
146.100000 8.279022807482968460e+01 3.222793669007025130e+00 -3.974959995073889729e+01 1.242599714269967542e-01 6.659673864584413350e-01 7.298659373604132750e-01 9.133790645553652165e-02
146.200000 8.282618988313932107e+01 3.169922443511154597e+00 -3.958920395701132122e+01 1.230946054826785596e-01 6.690094551633546383e-01 7.273577533294309783e-01 9.069049384945325476e-02
146.300000 8.292328116852094411e+01 3.008800921944839502e+00 -3.924942597701850389e+01 1.220458199430796420e-01 6.723597105038867650e-01 7.245419583741230518e-01 8.986761419411035123e-02
146.400000 8.297218363591778711e+01 2.915505240987492641e+00 -3.909499159034312754e+01 1.211389883807297979e-01 6.758403193594213487e-01 7.215534244480718007e-01 8.902732102848995299e-02
146.500000 8.302388269880383120e+01 2.815053032589524662e+00 -3.892843595893664599e+01 1.202756183985466965e-01 6.792590035762283707e-01 7.185948940644246719e-01 8.810425587912680545e-02
146.600000 8.306752548511923351e+01 2.745213780910574997e+00 -3.877691857931964137e+01 1.194337826650276463e-01 6.823049112487994394e-01 7.159431698338326600e-01 8.729809397904829404e-02
146.700000 8.311145984541691689e+01 2.675429060610341025e+00 -3.862550034290407552e+01 1.185762641589849509e-01 6.853294684003824466e-01 7.132988314665120733e-01 8.641739609972154401e-02
146.800000 8.315655597863788273e+01 2.580646705447200873e+00 -3.848877578395727994e+01 1.177267312563169688e-01 6.890515013421958379e-01 7.099738702174340776e-01 8.535542662448064588e-02
146.900000 8.320272537079632968e+01 2.509919102624671439e+00 -3.833858558689533425e+01 1.169643681271607949e-01 6.920367066608454909e-01 7.073044939940644760e-01 8.440903979092145848e-02
147.000000 8.324822926240040033e+01 2.445335809856139520e+00 -3.818548744694837183e+01 1.162194988998312556e-01 6.949783747256385036e-01 7.046442765574683076e-01 8.351365309926438163e-02
147.100000 8.330225900369333658e+01 2.344106282216031900e+00 -3.803838846319746381e+01 1.153086135455070327e-01 6.984710647431294772e-01 7.014604654586847898e-01 8.243367489865635611e-02
147.200000 8.334860903413992617e+01 2.278658068670793568e+00 -3.788604147834351465e+01 1.144630947706168078e-01 7.015821450104570145e-01 6.986139474901214008e-01 8.135874943931274694e-02
147.300000 8.338870788425099079e+01 2.227216395826140172e+00 -3.772678943984300304e+01 1.137640914645189349e-01 7.039673940623772941e-01 6.964236933788958694e-01 8.050887460880373769e-02
147.400000 8.343154582435809630e+01 2.156082998161231501e+00 -3.759268345945685041e+01 1.130608320220734264e-01 7.065808123913415173e-01 6.940058177785201066e-01 7.947785045178226704e-02
147.500000 8.347876104049420576e+01 2.093459353129503597e+00 -3.743960153350924713e+01 1.122220687759955537e-01 7.094210165207491814e-01 6.913656166428548966e-01 7.836844213296269290e-02
147.600000 8.352735944070553842e+01 2.004155560470756825e+00 -3.730092634847534327e+01 1.115168559603219728e-01 7.118441979380678575e-01 6.890894492497398049e-01 7.744391281000699567e-02
147.700000 8.357588588164267662e+01 1.930082036374507481e+00 -3.713710512994198609e+01 1.108024046966692433e-01 7.144715509832657574e-01 6.866067200335904674e-01 7.631803164204978285e-02
147.800000 8.364036036866437485e+01 1.816841506901852199e+00 -3.700413809203611493e+01 1.101242451584261983e-01 7.168787090938478768e-01 6.843357802879392882e-01 7.511395938121261107e-02
147.900000 8.370102656389371987e+01 1.724598513613109674e+00 -3.685431241505614253e+01 1.094852671377687103e-01 7.192337370667775120e-01 6.820908288015891108e-01 7.394531093646396214e-02
148.000000 8.380957129910575532e+01 1.530950381405176586e+00 -3.655575771464974366e+01 1.088735136915447016e-01 7.213400204813715799e-01 6.800899826511050961e-01 7.275127741841298790e-02
148.100000 8.387592927428993050e+01 1.410917106640418694e+00 -3.645255726930933804e+01 1.076948301460096402e-01 7.254572634853890811e-01 6.761075165379616392e-01 7.065556239237406888e-02
148.200000 8.393085360754554358e+01 1.321866314677045295e+00 -3.629890969260006273e+01 1.071203064732483418e-01 7.270965239178182049e-01 6.745487270653157674e-01 6.956938739320091269e-02
148.300000 8.399191561456709110e+01 1.229135046075981563e+00 -3.614987687477484712e+01 1.065924655250584108e-01 7.286413861181991747e-01 6.730731303396121357e-01 6.850064192308140398e-02
148.400000 8.404282410250382895e+01 1.177788159429574932e+00 -3.597873206794152168e+01 1.059905208063836590e-01 7.298943649565233782e-01 6.719114991651101709e-01 6.749194613877375348e-02
148.500000 8.416716954801776751e+01 1.003319542485748173e+00 -3.574874387311115242e+01 1.053191249345347552e-01 7.315767513152983126e-01 6.703137011060307238e-01 6.620333048656436292e-02
148.600000 8.425974940454008788e+01 8.337024226166320773e-01 -3.569741561752893233e+01 1.032318577702313334e-01 7.360459678338731049e-01 6.660632626742107876e-01 6.276342001985835140e-02
148.700000 8.431085592094758852e+01 7.493790872934411595e-01 -3.555728750405475580e+01 1.027574741295572830e-01 7.371339798892795336e-01 6.650466777318547740e-01 6.154115404285866869e-02
148.800000 8.438303902137128887e+01 6.342042432610028868e-01 -3.543094539264245668e+01 1.022258688150423922e-01 7.381345913393562164e-01 6.641343395214533984e-01 6.027251348412569071e-02
148.900000 8.443666707182016751e+01 5.541612139850755625e-01 -3.528935507267392779e+01 1.017602634770028158e-01 7.388575008159722346e-01 6.635007299912685230e-01 5.917113794850074188e-02
149.000000 8.451955563427813445e+01 3.882731647307409162e-01 -3.529356486819533245e+01 1.008585322330231016e-01 7.405316410342791533e-01 6.619754580222040330e-01 5.682374573337081042e-02
149.100000 8.458458866967322365e+01 2.576474054764688049e-01 -3.515716414540779056e+01 1.004899996977685062e-01 7.412020315344198806e-01 6.613873320864055438e-01 5.557072399760745740e-02
149.200000 8.464075540161105948e+01 1.597626003810859174e-01 -3.502846697935062537e+01 1.001622056921028514e-01 7.417137284933632557e-01 6.609609621879113384e-01 5.439562463100070661e-02
149.300000 8.471093456940306510e+01 7.192235613381825488e-02 -3.488100634782156817e+01 9.969850264233753867e-02 7.422033865034011191e-01 6.605739390332940886e-01 5.325798253592430725e-02
149.400000 8.483363812961860617e+01 -1.309393260555964389e-01 -3.463248868383045931e+01 9.927968214757441900e-02 7.426546990889617561e-01 6.602222360468407159e-01 5.209742472589263401e-02
149.500000 8.489551950904618138e+01 -2.268288345225357716e-01 -3.450340872052250063e+01 9.889427380967613646e-02 7.430803579532452297e-01 6.598912604439465257e-01 5.094142343351959479e-02
149.600000 8.495797358455989468e+01 -3.463605496287058827e-01 -3.439570975833785837e+01 9.837313385284561507e-02 7.435601787978176613e-01 6.595372373805488131e-01 4.951383191150974389e-02
149.700000 8.504171307486031139e+01 -4.451869981263314457e-01 -3.426050397187458429e+01 9.766442296891300612e-02 7.441197788578765016e-01 6.591130893647155764e-01 4.813886814991410329e-02
149.800000 8.509256195427383318e+01 -5.094431497209725990e-01 -3.412466212477774263e+01 9.734275123102012484e-02 7.444268066704184950e-01 6.588920255520908098e-01 4.705759191801104496e-02
149.900000 8.514775088803931169e+01 -5.666187143144085780e-01 -3.397074806891315291e+01 9.683316998228645722e-02 7.447658197616344733e-01 6.586808683216740512e-01 4.568068095998280287e-02
150.000000 8.529425231938850516e+01 -7.334884241240260394e-01 -3.370446301488071583e+01 9.628077385691069523e-02 7.451759256499396189e-01 6.583835889145228659e-01 4.442861988969354359e-02
150.100000 8.537461130757350247e+01 -8.696666834655175649e-01 -3.372148213718898546e+01 9.535734093646824894e-02 7.460915106126135843e-01 6.576557956706599040e-01 4.175272137364947206e-02
150.200000 8.549627829442293603e+01 -1.011506075686675388e+00 -3.346406019046077063e+01 9.489344493697267346e-02 7.463821006836378613e-01 6.574683257078158816e-01 4.055113534828389682e-02
150.300000 8.556060934735141643e+01 -1.139882636179201825e+00 -3.353243991453672379e+01 9.352207549326178870e-02 7.477944866269886637e-01 6.563018143938789128e-01 3.639993940948061529e-02
150.400000 8.564168051926264980e+01 -1.207063997144778966e+00 -3.335957646687457157e+01 9.307772423809165807e-02 7.481229769635341365e-01 6.560568540454944086e-01 3.518455413680733612e-02
150.500000 8.571920540280692080e+01 -1.349920395036711795e+00 -3.329901237206946973e+01 9.260883209719607267e-02 7.485364179488314118e-01 6.557418052430933342e-01 3.345923009357298916e-02
150.600000 8.579485736040439292e+01 -1.432437242253364218e+00 -3.316657741582648100e+01 9.219873683322488134e-02 7.489103949014278561e-01 6.554417350990274782e-01 3.207405844793229793e-02
150.700000 8.586603331853636689e+01 -1.505940255080012946e+00 -3.302669400402879774e+01 9.179880192608994016e-02 7.492612501044666473e-01 6.551623472708216767e-01 3.070598924336399513e-02
150.800000 8.594191424739142349e+01 -1.584701649179173444e+00 -3.289227870072150495e+01 9.134739201819404297e-02 7.495801586443381348e-01 6.549279043047512294e-01 2.923490894786574118e-02
150.900000 8.601299653666549716e+01 -1.656960905144039486e+00 -3.275181462866434856e+01 9.101505101016625632e-02 7.498883259964335135e-01 6.546744947137073112e-01 2.801901131795273003e-02
151.000000 8.609235145091831498e+01 -1.794165947304520614e+00 -3.265163519327647634e+01 9.058948126282315161e-02 7.501513134859266740e-01 6.544896908954616066e-01 2.664202078361701392e-02
151.100000 8.617265076833029980e+01 -1.909909554186185687e+00 -3.252810463100365723e+01 9.021427119987346366e-02 7.504665916689700067e-01 6.542364535926510349e-01 2.521790735065237987e-02
151.200000 8.623382818000769134e+01 -2.050499524055965139e+00 -3.244867483611264447e+01 8.985895559141392208e-02 7.507575204192450391e-01 6.540029452502531537e-01 2.384661900483139169e-02
151.300000 8.631431449847310944e+01 -2.173498234587150080e+00 -3.235837785109426079e+01 8.951213236875249502e-02 7.510084233549374488e-01 6.538117553583876473e-01 2.245250017067258741e-02
151.400000 8.638777422369904002e+01 -2.333112244289573312e+00 -3.245636046741458358e+01 8.885166413037694222e-02 7.517287997340381667e-01 6.531632568178606935e-01 1.967113049039998993e-02
151.500000 8.646979964305685940e+01 -2.475210182342067355e+00 -3.240324310381946304e+01 8.847722640257393856e-02 7.519485383172385129e-01 6.530064047405331751e-01 1.810556540180144336e-02
151.600000 8.654272689780133021e+01 -2.630854235130186680e+00 -3.241547278706396185e+01 8.809805370318950224e-02 7.521837237534266807e-01 6.528288754902646929e-01 1.651780797368232120e-02
151.700000 8.661296172857743159e+01 -2.705809432015229277e+00 -3.229563585594245012e+01 8.771583712839146896e-02 7.524146205159264467e-01 6.526450572520249294e-01 1.525122930262327522e-02
151.800000 8.678982558811112824e+01 -2.909781501036626139e+00 -3.206023609826749521e+01 8.726116693370217225e-02 7.528045385503768783e-01 6.522910398622644434e-01 1.368264589648712434e-02
151.900000 8.686234407755765119e+01 -2.989876577665938839e+00 -3.194574477768293619e+01 8.682827010913708732e-02 7.530778565023947824e-01 6.520604129881122368e-01 1.232117564949325970e-02
152.000000 8.694379685861633789e+01 -3.053555289693299812e+00 -3.180867158160632968e+01 8.635233748017992483e-02 7.533385696367200790e-01 6.518464226097429037e-01 1.097791602674266787e-02
152.100000 8.702964316124571553e+01 -3.134261459854236875e+00 -3.168385373971322494e+01 8.594472216014299726e-02 7.536639988506016463e-01 6.515463058224812976e-01 9.565194112710076468e-03
152.200000 8.711470584776176906e+01 -3.214404061333546281e+00 -3.155834495069457191e+01 8.550352308104908206e-02 7.539391770331234088e-01 6.513058372747425606e-01 8.097605028127844579e-03
152.300000 8.718763693033325524e+01 -3.286622991222493795e+00 -3.142108233226813852e+01 8.511180867223654134e-02 7.542180344579181295e-01 6.510489296603929610e-01 6.813788302551328051e-03
152.400000 8.727088322093848660e+01 -3.320991645500505740e+00 -3.125884779917080536e+01 8.468178033009866879e-02 7.545010717212583540e-01 6.507889160019494357e-01 5.560185303122620361e-03
152.500000 8.735937906507184891e+01 -3.450489246843169155e+00 -3.125935255346175623e+01 8.386541141281209089e-02 7.551150179676664465e-01 6.501982428629394795e-01 3.185496224511051144e-03
152.600000 8.745171730577075664e+01 -3.556891040295532491e+00 -3.113895644745949554e+01 8.344626027140791824e-02 7.553499076556123848e-01 6.499845388255407475e-01 1.827002770469026999e-03
152.700000 8.754138621566437450e+01 -3.631080990892733951e+00 -3.099473910548175937e+01 8.304195167500066921e-02 7.555730695838182021e-01 6.497791983952132533e-01 6.034190644423023013e-04
152.800000 8.762126689525055667e+01 -3.686693744674251150e+00 -3.083719595036460603e+01 8.254858846420549956e-02 7.557876025227109329e-01 6.495925437968503857e-01 -5.978788145347737606e-04
152.900000 8.770336214195631896e+01 -3.749866015211487991e+00 -3.071979720809946102e+01 8.202663279948621544e-02 7.559728592943735226e-01 6.494405422490066027e-01 -1.910393986577972776e-03
153.000000 8.779514003558909963e+01 -3.803941145894974341e+00 -3.058639577876669691e+01 8.144026877491764016e-02 7.561241113324268515e-01 6.493327718286951988e-01 -3.280596421477985965e-03
153.100000 8.787284706105467080e+01 -3.853025100205599074e+00 -3.044261792500843811e+01 8.092297875191906131e-02 7.562979996247136683e-01 6.491881898149427510e-01 -4.416047822517061607e-03
153.200000 8.796915085380699395e+01 -3.962644497550449785e+00 -3.032928289982752190e+01 8.040018857392898510e-02 7.564134497656822553e-01 6.491079393958855137e-01 -5.778036351883750719e-03
153.300000 8.805619334062629378e+01 -4.051878319988951205e+00 -3.021293246842659030e+01 8.004410839154951773e-02 7.564065846222857159e-01 6.491478449328129674e-01 -7.006773218497934150e-03
153.400000 8.814009574017964610e+01 -4.115448335409915614e+00 -3.007878567658652358e+01 7.948006551074054959e-02 7.564999983162677966e-01 6.490924532873363351e-01 -8.346185914676127263e-03
153.500000 8.822675874148565356e+01 -4.200091743875027817e+00 -2.998021056113722338e+01 7.893074270784410096e-02 7.564785252807361138e-01 6.491674527718631627e-01 -9.581070209611792024e-03
153.600000 8.831587582280452864e+01 -4.306250623038671677e+00 -2.988131890453004402e+01 7.851812132013237522e-02 7.564503519660056297e-01 6.492307628773109629e-01 -1.082525605276516388e-02
153.700000 8.838084436276626832e+01 -4.478816055456540823e+00 -2.988361415114198749e+01 7.817478138987749015e-02 7.562833737276333235e-01 6.494451337659730150e-01 -1.204908318052563473e-02
153.800000 8.847071835314561383e+01 -4.588466393259274412e+00 -2.978938900403644752e+01 7.779850976561181186e-02 7.561546019295432020e-01 6.496148733119243568e-01 -1.334639393081505331e-02
153.900000 8.854841310966095591e+01 -4.739407623429507055e+00 -2.980234732040882406e+01 7.738293130278287024e-02 7.559451565775008319e-01 6.498802297634205249e-01 -1.464544818877106143e-02
154.000000 8.863446840397746485e+01 -4.902215029750813358e+00 -2.980966878632108674e+01 7.706643082841450887e-02 7.556920853880532141e-01 6.501815571927167525e-01 -1.594302379345335571e-02
154.100000 8.868513313623712691e+01 -5.049028487446385327e+00 -2.982240267924022348e+01 7.669599561538570365e-02 7.554984685938959110e-01 6.504161411543655236e-01 -1.728095873230192300e-02
154.200000 8.875953483031842950e+01 -5.197347860116018126e+00 -2.985921518099793204e+01 7.613742431280902390e-02 7.551953639665976992e-01 6.507969299553248987e-01 -1.861211495486721559e-02
154.300000 8.885719157464045281e+01 -5.322851981118795095e+00 -2.976632568197936379e+01 7.531518067405741645e-02 7.549633569448823689e-01 6.511287021761101856e-01 -1.973237018207859086e-02
154.400000 8.899909951629594218e+01 -5.635500885019446571e+00 -2.985301311249263634e+01 7.452502239477126755e-02 7.547081919195485211e-01 6.514826083365644616e-01 -2.078405931408021032e-02
154.500000 8.907524544641532316e+01 -5.783868968518952158e+00 -2.988464385264086687e+01 7.349807499192188842e-02 7.545171897083962076e-01 6.517851338717089993e-01 -2.186281479737567368e-02
154.600000 8.917153929293741044e+01 -5.921958263102403919e+00 -2.986323445585344771e+01 7.236004331282840096e-02 7.543922952368755652e-01 6.520180742815572250e-01 -2.299390852321968326e-02
154.700000 8.927043917126503914e+01 -6.010859518240081911e+00 -2.975777401342353201e+01 7.120211048694700950e-02 7.543200730252346276e-01 6.521942442214686553e-01 -2.396152536455881804e-02
154.800000 8.937261486881500616e+01 -6.138665077534518844e+00 -2.971215175149014343e+01 7.000883473708244265e-02 7.542855515088340290e-01 6.523244024480119307e-01 -2.499887626702917628e-02
154.900000 8.948380422996507377e+01 -6.262345552143251837e+00 -2.963263903953850686e+01 6.870769494750493533e-02 7.543851524651555840e-01 6.523068616295093491e-01 -2.603944442926544103e-02
155.000000 8.959054232293917153e+01 -6.382309472952165663e+00 -2.954139831052441068e+01 6.753263256060812458e-02 7.544856363436472924e-01 6.522741603799087073e-01 -2.700347739163949309e-02
155.100000 8.967668092078216091e+01 -6.460465051223415855e+00 -2.943675155493883366e+01 6.630705975597932234e-02 7.547274570601429922e-01 6.520809661057234141e-01 -2.793300966013842479e-02
155.200000 8.979194463134572857e+01 -6.611979695886184061e+00 -2.937824252417676618e+01 6.515919820100654625e-02 7.549779713162280137e-01 6.518629562580539050e-01 -2.893489200852977783e-02
155.300000 8.990517327594774599e+01 -6.750212116901764148e+00 -2.928985292430445142e+01 6.395771244515333076e-02 7.554175679990466907e-01 6.514337906080801543e-01 -2.979472153212429572e-02
155.400000 9.000317083818109154e+01 -6.841886459042605395e+00 -2.918380159456193823e+01 6.243911084939426231e-02 7.560106634495293854e-01 6.508431323714518602e-01 -3.086180862905022609e-02
155.500000 9.011335546967977450e+01 -6.988809084663792248e+00 -2.915829272431897934e+01 6.121487408905802036e-02 7.567509460023396084e-01 6.500479633026684523e-01 -3.191222839096927166e-02
155.600000 9.020704355998628898e+01 -7.070380928024611933e+00 -2.904045340161067301e+01 5.997961782711485473e-02 7.574550276507802105e-01 6.492936061865861586e-01 -3.289588875661254158e-02
155.700000 9.030728874015306928e+01 -7.162551923935062348e+00 -2.891458478148603817e+01 5.873136295072292623e-02 7.582621533134344949e-01 6.484174151531221231e-01 -3.382291508086921611e-02
155.800000 9.047526150646044130e+01 -7.226257004617657742e+00 -2.860657877062186216e+01 5.721468176827544661e-02 7.594852537851002339e-01 6.470670057084564331e-01 -3.482699522825764143e-02
155.900000 9.057108755384236076e+01 -7.286824283283493742e+00 -2.845977000673137880e+01 5.568307830989614043e-02 7.606684530989039628e-01 6.457515213399580567e-01 -3.588693268007941972e-02
156.000000 9.066566006432334746e+01 -7.387523408930782409e+00 -2.835859168346567216e+01 5.429378904291709551e-02 7.619819650683705703e-01 6.442602745169611067e-01 -3.693735319751108997e-02
156.100000 9.076146802048896234e+01 -7.546351548887990646e+00 -2.835759528515410821e+01 5.323938871558556857e-02 7.631238297638572865e-01 6.429412351861742980e-01 -3.787025261350419197e-02
156.200000 9.094710053318877385e+01 -7.762518609143278070e+00 -2.814346981359016198e+01 5.222250539506550354e-02 7.644059731325114626e-01 6.414437499968272949e-01 -3.881022751296483997e-02
156.300000 9.102473018944752425e+01 -7.800584961410471863e+00 -2.797956651906244119e+01 5.068723880692944939e-02 7.662364471252125497e-01 6.393176144996709498e-01 -3.981832127941533489e-02
156.400000 9.109295847452841599e+01 -7.813011485461764494e+00 -2.782317101463083375e+01 4.926025172514190281e-02 7.678919479548879101e-01 6.373684193179695034e-01 -4.094974874326536007e-02
156.500000 9.117827360988991359e+01 -7.888637955669729251e+00 -2.769562583806063927e+01 4.808189001064851892e-02 7.695932674823338093e-01 6.353298100084378008e-01 -4.207572950658598071e-02
156.600000 9.126683128254397559e+01 -7.983754031030009912e+00 -2.758449086191032151e+01 4.703266960642508293e-02 7.712921276574417062e-01 6.332786555139180429e-01 -4.306421105551501427e-02
156.700000 9.133548652704209303e+01 -8.003988162576199272e+00 -2.741374326792110949e+01 4.563875379097841883e-02 7.731348661608340445e-01 6.310662659583353706e-01 -4.398807620570907573e-02
156.800000 9.143065281137114653e+01 -8.114724044984320983e+00 -2.729991712336076759e+01 4.457350072159793619e-02 7.749329956175604606e-01 6.288561864396073897e-01 -4.507717951746063184e-02
156.900000 9.153671309116418797e+01 -8.263511489436901059e+00 -2.732946538578375950e+01 4.209429080723905287e-02 7.792884063917782100e-01 6.234389902633417080e-01 -4.755497622986798456e-02
157.000000 9.163577488285861250e+01 -8.392973471072743052e+00 -2.724179187202219410e+01 4.121511818369924529e-02 7.810459956520110492e-01 6.212100611987948495e-01 -4.864695853238690249e-02
157.100000 9.172386327579378928e+01 -8.489797840688090957e+00 -2.713200333491644400e+01 4.028633338128839031e-02 7.828041039063581286e-01 6.189588283004938685e-01 -4.984691684482807361e-02
157.200000 9.178207370246295227e+01 -8.639139070209978399e+00 -2.719114118663601332e+01 3.970351934382480158e-02 7.844120579798066206e-01 6.168553773567974075e-01 -5.109596142164619936e-02
157.300000 9.184772378213003208e+01 -8.809602491115036571e+00 -2.722053824665432487e+01 3.908260321966312845e-02 7.860618654322413246e-01 6.147008671790467060e-01 -5.217410974887085745e-02
157.400000 9.193466545902820997e+01 -8.948396039374067357e+00 -2.717254692543792416e+01 3.830068012791957438e-02 7.877045875612818104e-01 6.125450337086922881e-01 -5.332093693350366259e-02
157.500000 9.202746466945966120e+01 -9.091550438286041924e+00 -2.717622575233453475e+01 3.752974856500399664e-02 7.892119256336639355e-01 6.105311448292083387e-01 -5.466054887931336148e-02
157.600000 9.207939734880721971e+01 -9.253944063130226994e+00 -2.724769704607563980e+01 3.704029577927574896e-02 7.906474285008842084e-01 6.085892947432257616e-01 -5.589034458174423764e-02
157.700000 9.234162905913694885e+01 -9.550672814045093162e+00 -2.728921459768686120e+01 3.386784093760392134e-02 7.956314441772465162e-01 6.018841764054714272e-01 -5.965746038310386357e-02
157.800000 9.240957977976457016e+01 -9.689981566899838583e+00 -2.736060095937257231e+01 3.247451196667462681e-02 7.984229458222895648e-01 5.979908024783262555e-01 -6.223508502694315159e-02
157.900000 9.246953673243747573e+01 -9.840742664851731547e+00 -2.744916186498702260e+01 3.144799318653068027e-02 8.008251943081278190e-01 5.945525663068683686e-01 -6.478640122592264905e-02
158.000000 9.251263875183944663e+01 -9.984890052231520485e+00 -2.752933258156905438e+01 3.110103387125388169e-02 8.017688174188146721e-01 5.931312669244876989e-01 -6.629320706925188877e-02
158.100000 9.256729908991438549e+01 -1.014682816118017428e+01 -2.763109567868924543e+01 3.054046743984990472e-02 8.030072115147037781e-01 5.912601120510955210e-01 -6.825084615784077213e-02
158.200000 9.259738778082035537e+01 -1.028399067465562666e+01 -2.772784530420475235e+01 3.035180524329352328e-02 8.037003250274681321e-01 5.901519511015349551e-01 -6.975120128188987134e-02
158.300000 9.264929500158947917e+01 -1.043155376111652544e+01 -2.782616659134216874e+01 3.012792532769329248e-02 8.042773804990389630e-01 5.891892811633629989e-01 -7.131755951553989115e-02
158.400000 9.270497098327506080e+01 -1.057664415082041387e+01 -2.792606750029527163e+01 2.947306395385132852e-02 8.055089676493231154e-01 5.872050122077527856e-01 -7.400618336184472401e-02
158.500000 9.278342174100403383e+01 -1.073442334398492193e+01 -2.801851362730346651e+01 2.912931899228014473e-02 8.065547667057687553e-01 5.854321421001439374e-01 -7.674697437219248075e-02
158.600000 9.288571723861008422e+01 -1.094247738431813133e+01 -2.812640626834186364e+01 2.882135480291204976e-02 8.068455654070733063e-01 5.848385668855826669e-01 -7.831611439214010428e-02
158.700000 9.294608407242391479e+01 -1.110973368795652760e+01 -2.821531262583184585e+01 2.867879294467562401e-02 8.070125515559408713e-01 5.844099944237290956e-01 -7.983249265846097120e-02
158.800000 9.299419322391548803e+01 -1.129201714640883836e+01 -2.827864216698842270e+01 2.865008742343653353e-02 8.070616134086726623e-01 5.841807845305510005e-01 -8.101565057499426903e-02
158.900000 9.307624225721860967e+01 -1.143074122710864771e+01 -2.833430706322386428e+01 2.835678562537213496e-02 8.071950316970522010e-01 5.838050707475345158e-01 -8.248462209441029258e-02
159.000000 9.318286004797911914e+01 -1.177781444416813628e+01 -2.849701540364992169e+01 2.837187425952546888e-02 8.072146054938479365e-01 5.836009499846953608e-01 -8.372304703828166439e-02
159.100000 9.325266370771943514e+01 -1.193943380828015677e+01 -2.858969290199228297e+01 2.818552851319309355e-02 8.073018793796354897e-01 5.832666894265646773e-01 -8.525972400797431072e-02
159.200000 9.330279845829947760e+01 -1.207235753868874895e+01 -2.868403995943289786e+01 2.816878179350301714e-02 8.072723499342023823e-01 5.830792418684260792e-01 -8.681284735638183925e-02
159.300000 9.338254161043511203e+01 -1.221641631608137857e+01 -2.876751595794194927e+01 2.800469527307575951e-02 8.074760878189617408e-01 5.824065477122054579e-01 -8.944673177482252713e-02
159.400000 9.345120046274384151e+01 -1.238515996767264937e+01 -2.884724753211697745e+01 2.800777216568771377e-02 8.074352991909699018e-01 5.822235488627756084e-01 -9.099198573687147795e-02
159.500000 9.349504947256367871e+01 -1.251599170548865203e+01 -2.894747296427778949e+01 2.798673984957750910e-02 8.073601364823745907e-01 5.820400284686592096e-01 -9.282110574624682919e-02
159.600000 9.354544717694909650e+01 -1.263904266060247039e+01 -2.902968558288381118e+01 2.798919279489716500e-02 8.072391775814247161e-01 5.819282776825599468e-01 -9.455683422029632912e-02
159.700000 9.363384090262717052e+01 -1.279880994728070220e+01 -2.905793121588967054e+01 2.782779938615389387e-02 8.070893987524351276e-01 5.819423484193925189e-01 -9.578840806109641115e-02
159.800000 9.368121790853788866e+01 -1.295286087011864140e+01 -2.917468414301558610e+01 2.787554158937714105e-02 8.069459573245021389e-01 5.819071941328314290e-01 -9.718638564735776475e-02
159.900000 9.381335994525815636e+01 -1.306103121785962884e+01 -2.907247158245489871e+01 2.771004793113744299e-02 8.068127819698122094e-01 5.818845021351662927e-01 -9.846681810994056816e-02
160.000000 9.394290775314081543e+01 -1.315126559715461241e+01 -2.897638064499541954e+01 2.736632648061883971e-02 8.067442528318045092e-01 5.817739698558648254e-01 -9.976894655130345846e-02
160.100000 9.399146375024355393e+01 -1.328836945019481419e+01 -2.906552245451885952e+01 2.731440679434053720e-02 8.065806776109288867e-01 5.817596747218908293e-01 -1.011791211349850617e-01
160.200000 9.405423806120320762e+01 -1.342379984269055626e+01 -2.914792348924362742e+01 2.702666885137304520e-02 8.067219305086480441e-01 5.811673221276512091e-01 -1.035076311108181768e-01
160.300000 9.416295225214064146e+01 -1.357243805542016446e+01 -2.916388655036809396e+01 2.686683891886644873e-02 8.066041897197614441e-01 5.810883882485916585e-01 -1.049006155162541254e-01
160.400000 9.428758977754506532e+01 -1.364468354724845511e+01 -2.907239547986783990e+01 2.648518103942485921e-02 8.065587515664971452e-01 5.809183632033514399e-01 -1.062796817361686130e-01
160.500000 9.440497452574555837e+01 -1.376619383565980570e+01 -2.909650260869137739e+01 2.625811707858860186e-02 8.064503724285254638e-01 5.808424890389919382e-01 -1.075653802315989088e-01
160.600000 9.456936505236564017e+01 -1.388475526338213228e+01 -2.902982514757485788e+01 2.607602826307608285e-02 8.063404977536203777e-01 5.807731347538941380e-01 -1.088007738051621071e-01
160.700000 9.463992505764232988e+01 -1.403731487342508899e+01 -2.913668073379583134e+01 2.593509633846327947e-02 8.062656383834856388e-01 5.806272373571755852e-01 -1.101594407164408623e-01
160.800000 9.483198010514963983e+01 -1.413540986774925301e+01 -2.897365630338699916e+01 2.579373118580000415e-02 8.061472300552943171e-01 5.805887035810793906e-01 -1.112568387998355973e-01
160.900000 9.494668571639331844e+01 -1.413895632413961323e+01 -2.881089750716393993e+01 2.537774544708213190e-02 8.061794079790035594e-01 5.803316115608198045e-01 -1.124542253980170131e-01
161.000000 9.505851985908955726e+01 -1.414232565593648161e+01 -2.868195243698467678e+01 2.491727160780162278e-02 8.062357619011684129e-01 5.799957389532376384e-01 -1.138769889106367172e-01
161.100000 9.518788558672116551e+01 -1.417318837395733766e+01 -2.857477825442995467e+01 2.448574599318694561e-02 8.062312925080313830e-01 5.797716314921633751e-01 -1.151364692045982602e-01
161.200000 9.538956501262219945e+01 -1.442291547146307806e+01 -2.869180135318264391e+01 2.423305854167656648e-02 8.061608793576792165e-01 5.796302860094648679e-01 -1.163878301522754677e-01
161.300000 9.551759060324525308e+01 -1.447553656031109170e+01 -2.861852008097530486e+01 2.392891144287476873e-02 8.061357691309913864e-01 5.794601531795491312e-01 -1.174668455432317793e-01
161.400000 9.562559742333678514e+01 -1.462071052205172350e+01 -2.865760466941775420e+01 2.390396535431761615e-02 8.059661424749210434e-01 5.794713831497222412e-01 -1.185752661181193185e-01
161.500000 9.572861223727711888e+01 -1.476347572729480362e+01 -2.871493208318311829e+01 2.375118002920302215e-02 8.059758144407920266e-01 5.792253073170055000e-01 -1.197368420630969543e-01
161.600000 9.582741559986270374e+01 -1.487009659803891992e+01 -2.877338778064940428e+01 2.353305387432725118e-02 8.058588428496183953e-01 5.791458831013064357e-01 -1.209453052550209379e-01
161.700000 9.591679707488189877e+01 -1.509579147015222844e+01 -2.889309842947464446e+01 2.304975399694840152e-02 8.062477575000218666e-01 5.782145012925917760e-01 -1.228871549911774164e-01
161.800000 9.599314979457729180e+01 -1.523412162047173268e+01 -2.898973594696976264e+01 2.302524823077259711e-02 8.061090826587015146e-01 5.781451197897461425e-01 -1.241217356564040808e-01
161.900000 9.609297279798794023e+01 -1.537862291771592282e+01 -2.904856475337146904e+01 2.279825801611311611e-02 8.061734480578643947e-01 5.778812576075175178e-01 -1.249714494749841059e-01
162.000000 9.623770073246305401e+01 -1.545109754088553444e+01 -2.899337421281219562e+01 2.244816510321866188e-02 8.060954843468149944e-01 5.777480051498690150e-01 -1.261482958446891733e-01
162.100000 9.638788694052951200e+01 -1.553243011758576841e+01 -2.898442914400780168e+01 2.213938789225076628e-02 8.060622716074498095e-01 5.775463149962847265e-01 -1.273330900787645603e-01
162.200000 9.654855989940925554e+01 -1.560430599687773423e+01 -2.892649508020074123e+01 2.173395449464668103e-02 8.061109378556327032e-01 5.772730809046586753e-01 -1.283299698214744045e-01
162.300000 9.662988275043606734e+01 -1.570833791954377290e+01 -2.898020134123179403e+01 2.154604762125962927e-02 8.060019166733004559e-01 5.771960956895010320e-01 -1.293883506026126951e-01
162.400000 9.675790123636090811e+01 -1.574819485221572535e+01 -2.889887136906905241e+01 2.110419549291953772e-02 8.059314418060092855e-01 5.770917730665561240e-01 -1.303618406589217571e-01
162.500000 9.688349768719017163e+01 -1.584018868859271123e+01 -2.891736661667648534e+01 2.090695923064116862e-02 8.057311665813563506e-01 5.770987470820009291e-01 -1.315949177269389037e-01
162.600000 9.703199331374426606e+01 -1.591950829003605605e+01 -2.888685823351428539e+01 2.058105337402523632e-02 8.056184882399342051e-01 5.769815697614050221e-01 -1.328440431622105178e-01
162.700000 9.715736204034919865e+01 -1.594459296094293421e+01 -2.879595583658747771e+01 2.004520664983722514e-02 8.055904545912115911e-01 5.768180570596859180e-01 -1.338026091366658621e-01
162.800000 9.726477250417623566e+01 -1.606863501499484670e+01 -2.888225448613640722e+01 1.989997748769781194e-02 8.053462131357189691e-01 5.768542496520521201e-01 -1.351319449364739578e-01
162.900000 9.734334300661802786e+01 -1.618397262662710290e+01 -2.895393928930456795e+01 1.975508145347669442e-02 8.051325357090790558e-01 5.768767696285824753e-01 -1.363250870615027865e-01
163.000000 9.749364670686799172e+01 -1.620691068936246637e+01 -2.884773404467035718e+01 1.925792735768742936e-02 8.050077814894477379e-01 5.767874729033546366e-01 -1.375056910716263570e-01
163.100000 9.763625079263384521e+01 -1.630149858770015925e+01 -2.884124866202979476e+01 1.907309640724136335e-02 8.047710754293189162e-01 5.768520811131124804e-01 -1.386412985414111343e-01
163.200000 9.777170712981134670e+01 -1.637584984225701845e+01 -2.881334994518477188e+01 1.879274219922597022e-02 8.046042198180096694e-01 5.768551680496544209e-01 -1.396316489413854389e-01
163.300000 9.791159797130629272e+01 -1.638731321450310219e+01 -2.871510352856213544e+01 1.836519363556412057e-02 8.043723913761520183e-01 5.769045105053772771e-01 -1.408153450909726545e-01
163.400000 9.800631885353109851e+01 -1.649602325828576710e+01 -2.877744535188714181e+01 1.823979874619487476e-02 8.040962281584187465e-01 5.769869623727740260e-01 -1.420655160654451798e-01
163.500000 9.827530663508460407e+01 -1.653291490510431316e+01 -2.856814760779217366e+01 1.770703243308639069e-02 8.039313218869144073e-01 5.769451638827962636e-01 -1.432311717602890999e-01
163.600000 9.841168532881977171e+01 -1.657376740618109778e+01 -2.850160431559461571e+01 1.732325567268072630e-02 8.036927042251282849e-01 5.770230611867878112e-01 -1.442994416026203153e-01
163.700000 9.865836438017601040e+01 -1.657388351526844161e+01 -2.828447072476890511e+01 1.680730587979909971e-02 8.034999257506061365e-01 5.770389067193396615e-01 -1.453667221890296568e-01
163.800000 9.880110426387165035e+01 -1.666538782006600883e+01 -2.831012069749465709e+01 1.667884960869427460e-02 8.031441342533388594e-01 5.772462227181811567e-01 -1.465200121068013783e-01
163.900000 9.902043324704271754e+01 -1.688530013193538792e+01 -2.841774522262022273e+01 1.673508810041287112e-02 8.027414188329230482e-01 5.775630083600087339e-01 -1.474690567221262072e-01
164.000000 9.928803728726903444e+01 -1.698447723148895960e+01 -2.832481633352737660e+01 1.621301693494399052e-02 8.024464225634805326e-01 5.776924119898640964e-01 -1.486215129995401008e-01
164.100000 9.943922075242068104e+01 -1.703000696564883043e+01 -2.825783056767300749e+01 1.584091207450596256e-02 8.020929439368591485e-01 5.779286505958344256e-01 -1.496477517767242915e-01
164.200000 9.951669451033866665e+01 -1.712436449372783187e+01 -2.833215568968872944e+01 1.598184482392275840e-02 8.014536702049442907e-01 5.784903387123412344e-01 -1.508824813141968757e-01
164.300000 9.963893209193787470e+01 -1.713641428184156013e+01 -2.823401097042530594e+01 1.546420767288510072e-02 8.012463753450803639e-01 5.785862657701411615e-01 -1.516675223625146285e-01
164.400000 9.979254661873018506e+01 -1.720913429370249759e+01 -2.821118530247919765e+01 1.534739820259983095e-02 8.008278127302287386e-01 5.789081125458425126e-01 -1.526586681284051172e-01
164.500000 9.992924976929568004e+01 -1.730596208508152500e+01 -2.824796182731308036e+01 1.536686266726257875e-02 8.003191736461160444e-01 5.793209333223297008e-01 -1.537541415400190126e-01
164.600000 1.000565772725086475e+02 -1.739604323401966468e+01 -2.826779036256533928e+01 1.527233494456841159e-02 7.998093096374241373e-01 5.797529083629224811e-01 -1.547849774602843564e-01
164.700000 1.001827721552760124e+02 -1.741210372479863366e+01 -2.817539479854848494e+01 1.491244112993243831e-02 7.995082391910278696e-01 5.799553687710369276e-01 -1.556147962080049463e-01
164.800000 1.003283871609039295e+02 -1.742674776943538717e+01 -2.806089697231888991e+01 1.449285834974445297e-02 7.992294844580444257e-01 5.801513324838095675e-01 -1.563541481606507133e-01
164.900000 1.004529337040332990e+02 -1.745855110529152654e+01 -2.799842414925053546e+01 1.428427204852048341e-02 7.986924345824326643e-01 5.806065667625917026e-01 -1.574241695070563996e-01
165.000000 1.005842206047460508e+02 -1.756976003067521930e+01 -2.806857423408111529e+01 1.442938733414408231e-02 7.980039376211179869e-01 5.812001344413927351e-01 -1.587070006258674282e-01
165.100000 1.007162916753768371e+02 -1.759139291812578421e+01 -2.798607186816067482e+01 1.418090618143389922e-02 7.975225328782384882e-01 5.816145459162866960e-01 -1.596284167369459162e-01
165.200000 1.008273806597938176e+02 -1.758143384981678281e+01 -2.787527438265582802e+01 1.391957164673749379e-02 7.971523623505976097e-01 5.819741255277555148e-01 -1.601888695891113268e-01
165.300000 1.009495955844111847e+02 -1.767430323830607364e+01 -2.790927866102085275e+01 1.397838294061620398e-02 7.965337844641302567e-01 5.825435695708361949e-01 -1.611878549062686905e-01
165.400000 1.010768000705618306e+02 -1.769512364906712065e+01 -2.781927260954702419e+01 1.365619214339191048e-02 7.961783116897079848e-01 5.828472760378942130e-01 -1.618723485536540663e-01
165.500000 1.011773840604991790e+02 -1.781486175213580481e+01 -2.791958763931239318e+01 1.393229360880166717e-02 7.954233533413058721e-01 5.835391479517070268e-01 -1.630633096740831400e-01
165.600000 1.013142763930574546e+02 -1.791177188892250882e+01 -2.795531216257675666e+01 1.393803278257018524e-02 7.948275510707927261e-01 5.840972256971236343e-01 -1.639674548008895061e-01
165.700000 1.014239804061647021e+02 -1.803161387747484667e+01 -2.804542409331054742e+01 1.419942949595165080e-02 7.941036795736019505e-01 5.847714001546311380e-01 -1.650458477237397303e-01
165.800000 1.017208903942465383e+02 -1.811113487860804838e+01 -2.786329302494998572e+01 1.391046019441737405e-02 7.937242814226853627e-01 5.851254144797713996e-01 -1.656397099342333257e-01
165.900000 1.018530820245578496e+02 -1.812240109679994049e+01 -2.775463767853269204e+01 1.340862229724471520e-02 7.934207266736471587e-01 5.853755651602575716e-01 -1.662504347244252445e-01
166.000000 1.019295985037392143e+02 -1.822833353021392355e+01 -2.784200420377800711e+01 1.386454296844182553e-02 7.926118448996805066e-01 5.861094685245905600e-01 -1.674811293215543728e-01
166.100000 1.020529394057354011e+02 -1.833373538071766262e+01 -2.789742899251271879e+01 1.405690926368136605e-02 7.919202960806137614e-01 5.867499259119404176e-01 -1.684908674079343416e-01
166.200000 1.021572704203817921e+02 -1.844978287835611042e+01 -2.796852176034556337e+01 1.427455420516452779e-02 7.911793515860073844e-01 5.874458731103825437e-01 -1.695252691835908154e-01
166.300000 1.022982506352615957e+02 -1.851203138114707514e+01 -2.789332418550325698e+01 1.263748981560695005e-02 7.906993759257775478e-01 5.877874392136115400e-01 -1.707065232041564684e-01
166.400000 1.024310617826804162e+02 -1.856608530677919333e+01 -2.782894188104254241e+01 1.184089998670633144e-02 7.903865034378253496e-01 5.881138861512767990e-01 -1.710877704188010773e-01
166.500000 1.025698525820969991e+02 -1.858918323943827744e+01 -2.773091685475546697e+01 1.086846876833865057e-02 7.900417312605411135e-01 5.883638253242097216e-01 -1.718835312161737239e-01
166.600000 1.026714903190862884e+02 -1.858525375541785962e+01 -2.763056039443870660e+01 9.743710239608056531e-03 7.898267786959849435e-01 5.884938123623689732e-01 -1.724927609399741213e-01
166.700000 1.028027896719335956e+02 -1.865003925815167207e+01 -2.757339332763986661e+01 8.909962288649828435e-03 7.895188121498282197e-01 5.888497157311290975e-01 -1.727329445036690225e-01
166.800000 1.029638256004793249e+02 -1.874210643074706439e+01 -2.756334086259539973e+01 8.015056353662404487e-03 7.890152374263018631e-01 5.892777217902167575e-01 -1.736158995671078231e-01
166.900000 1.031024127985459131e+02 -1.874998924943610490e+01 -2.743991682999258686e+01 6.857435729033800609e-03 7.889590524750259570e-01 5.891790029430603592e-01 -1.742546744967048700e-01
167.000000 1.032062869159368148e+02 -1.885670593878526091e+01 -2.749021188395635207e+01 6.072905377295794403e-03 7.886123462633859438e-01 5.894272470627561766e-01 -1.750120211907064127e-01
167.100000 1.033064648647770412e+02 -1.885023318338331677e+01 -2.738851670636751479e+01 4.687259863317611887e-03 7.887549320009159537e-01 5.891003108458533477e-01 -1.755121380432790035e-01
167.200000 1.034081194446709873e+02 -1.883761400987240364e+01 -2.726930266378986900e+01 3.048755328420070868e-03 7.889945887992678708e-01 5.885593567267803916e-01 -1.762842237574880344e-01
167.300000 1.036242113631544584e+02 -1.887663974298299507e+01 -2.706481278735212825e+01 1.728899398271751186e-03 7.890333164351908124e-01 5.882032423306798874e-01 -1.773143597507833291e-01
167.400000 1.037421460177238686e+02 -1.888444208785846712e+01 -2.694059383936045649e+01 3.270014651401259012e-04 7.892512146275660889e-01 5.876546984453459022e-01 -1.781694942296890849e-01
167.500000 1.038341339513438157e+02 -1.900197955132954775e+01 -2.698986707502433902e+01 -1.862742225078728789e-03 7.898907597882975917e-01 5.863678184675532590e-01 -1.795602942135915148e-01
167.600000 1.039400987658265763e+02 -1.903366242782104933e+01 -2.689938671406020987e+01 -3.293147384519029205e-03 7.902558985396642699e-01 5.855470560804643121e-01 -1.806084580496531145e-01
167.700000 1.040518574343551421e+02 -1.914274529124424618e+01 -2.691716949025903816e+01 -7.119248981874676946e-03 7.922428036522382033e-01 5.821155953203593914e-01 -1.828717857954008652e-01
167.800000 1.041505757570294719e+02 -1.911537799321981623e+01 -2.677966936768959627e+01 -8.728348765181848795e-03 7.928957129794264036e-01 5.808935764857663386e-01 -1.838555331347289656e-01
167.900000 1.042714730417407480e+02 -1.912822868255310738e+01 -2.665876358227390241e+01 -1.051552833537827171e-02 7.939760108224042101e-01 5.791676266936612860e-01 -1.845437023916045027e-01
168.000000 1.043847039085895858e+02 -1.914158840229047343e+01 -2.655058319701387504e+01 -1.208087621487949001e-02 7.947525601553084851e-01 5.777434092238569185e-01 -1.855666286131712472e-01
168.100000 1.046406945367615009e+02 -1.918281290835744102e+01 -2.634864704362944465e+01 -1.381916548463922936e-02 7.960634203511814944e-01 5.756823279815866945e-01 -1.862308210092707972e-01
168.200000 1.047575910921947582e+02 -1.921140857063752350e+01 -2.622650323198034883e+01 -1.582535159143568307e-02 7.970337867109128505e-01 5.740562647096902893e-01 -1.869387761697083872e-01
168.300000 1.048872472647119878e+02 -1.922446995946769022e+01 -2.611504991649099949e+01 -1.740444432567592181e-02 7.979597139445820941e-01 5.724007619905500110e-01 -1.879221857893129954e-01
168.400000 1.050076142932284995e+02 -1.924369011549153896e+01 -2.599445159835003594e+01 -1.919223734581613355e-02 7.996659724331088848e-01 5.697559788130924785e-01 -1.885314699592804399e-01
168.500000 1.051764487752264614e+02 -1.928181983376386910e+01 -2.586803650854352910e+01 -2.063593950544130237e-02 8.010244603428690047e-01 5.677076122192972196e-01 -1.887909927973450142e-01
168.600000 1.052727105444311775e+02 -1.925488647756142058e+01 -2.569476367969016550e+01 -2.241592555908224899e-02 8.024240074857873495e-01 5.654148610041037637e-01 -1.895238070731187774e-01
168.700000 1.053571724498464164e+02 -1.941898458640769576e+01 -2.571566817683037343e+01 -2.453370799298647265e-02 8.044809641388076527e-01 5.620123698866830164e-01 -1.906582586849133731e-01
168.800000 1.054906766923357964e+02 -1.949763120301179953e+01 -2.574217969379405346e+01 -2.689621613525335075e-02 8.065823442685143840e-01 5.580021941453976453e-01 -1.932228423371193660e-01
168.900000 1.056235983250233090e+02 -1.953025691401385444e+01 -2.566487636136653450e+01 -2.809606125843696484e-02 8.076932727118455446e-01 5.560377304374209961e-01 -1.940727463808158415e-01
169.000000 1.057111782926923951e+02 -1.965470752348677053e+01 -2.574389072606302520e+01 -2.843946517841197674e-02 8.087237599618894990e-01 5.541413843942984974e-01 -1.951522559312095784e-01
169.100000 1.058027398987539840e+02 -1.961678120328729591e+01 -2.562187220988154124e+01 -2.969516784517760299e-02 8.096409706173186560e-01 5.525204182490486282e-01 -1.957572045223094359e-01
169.200000 1.059330198530100233e+02 -1.968670350116877188e+01 -2.556851346746205778e+01 -3.091479407128910201e-02 8.105799172922834028e-01 5.508683817445390041e-01 -1.963377171715041114e-01
169.300000 1.060395877900391071e+02 -1.981287469678832025e+01 -2.561468635581463005e+01 -3.103547041502266110e-02 8.111076047466949657e-01 5.498237822656725227e-01 -1.970661349731805956e-01
169.400000 1.061143590444659992e+02 -1.995305414529030230e+01 -2.567925790808601860e+01 -3.080161157972664820e-02 8.115177869425806989e-01 5.489124140059459256e-01 -1.979527821225885720e-01
169.500000 1.062222285082021500e+02 -1.994117732353378614e+01 -2.556553498509428479e+01 -3.222334715376312664e-02 8.125626916979198366e-01 5.470034134005731241e-01 -1.987229067997971221e-01
169.600000 1.064097768855650799e+02 -2.014954561649258125e+01 -2.567263506946389739e+01 -3.255315966104161546e-02 8.129497839848919272e-01 5.459439948171598278e-01 -1.999952375385004866e-01
169.700000 1.066796896091669282e+02 -2.028988273070684301e+01 -2.559322030567766504e+01 -3.459513219277790541e-02 8.141933040348766637e-01 5.431504132326767653e-01 -2.021882021743790503e-01
169.800000 1.067989805389921258e+02 -2.038928148435197585e+01 -2.561774929031988890e+01 -3.499606257500458006e-02 8.145110642139031798e-01 5.422200631819790173e-01 -2.033332362411813810e-01
169.900000 1.069480352632705689e+02 -2.046980015128313113e+01 -2.559094944531324600e+01 -3.541948701496640955e-02 8.149861284633754810e-01 5.411846011006853363e-01 -2.041134436615267000e-01
170.000000 1.070838642874133910e+02 -2.054626632793226548e+01 -2.557052907820363075e+01 -3.588274320290791436e-02 8.153318223775785079e-01 5.403040225101398697e-01 -2.049829539694789093e-01
170.100000 1.071965856376106245e+02 -2.064167166650569385e+01 -2.562446314363783628e+01 -3.601081533052538641e-02 8.155452438267304371e-01 5.396402374709334815e-01 -2.058581806806428771e-01
170.200000 1.074598161207204470e+02 -2.069182686890317058e+01 -2.545995586482618123e+01 -3.656228796544743614e-02 8.159418705747011336e-01 5.386874932729439625e-01 -2.066829638192307361e-01
170.300000 1.075400055850652450e+02 -2.080927130473433095e+01 -2.555585019606041541e+01 -3.632582501539661363e-02 8.159399825776646464e-01 5.383149111938267950e-01 -2.077003506364235863e-01
170.400000 1.076116853651860055e+02 -2.093296601560455628e+01 -2.565058567495360720e+01 -3.595835912838160620e-02 8.158322302427318817e-01 5.380385788335545483e-01 -2.089001105618023546e-01
170.500000 1.077574012579764684e+02 -2.099191428863752407e+01 -2.564675884080854829e+01 -3.643616857929971725e-02 8.160248642502124783e-01 5.373058500420992978e-01 -2.099482080305051790e-01
170.600000 1.078630623717367030e+02 -2.107489388916045669e+01 -2.569554910772543010e+01 -3.662577210625891228e-02 8.161724297451583565e-01 5.366232742989782700e-01 -2.110842941152855090e-01
170.700000 1.079944923872184148e+02 -2.114810691895710448e+01 -2.574122625877376080e+01 -3.705114372322165783e-02 8.162417669802494169e-01 5.360309775328337967e-01 -2.122436847375115399e-01
170.800000 1.081279848919116517e+02 -2.123954325954952793e+01 -2.579816652644604247e+01 -3.730409164500304159e-02 8.162975971785859652e-01 5.355151925982085670e-01 -2.132841205610765123e-01
170.900000 1.082414713381334508e+02 -2.134372623632477683e+01 -2.587361926429950287e+01 -3.751547151333393948e-02 8.162722542839433437e-01 5.350762489800143795e-01 -2.144425425628486981e-01
171.000000 1.083861559830143761e+02 -2.143585919848533905e+01 -2.587433439147381264e+01 -3.853403657254245857e-02 8.162575074134106323e-01 5.342090085942369226e-01 -2.164706556405150695e-01
171.100000 1.085542855283049732e+02 -2.148053804646009013e+01 -2.580901143457912283e+01 -3.909897152980743723e-02 8.163410055895808926e-01 5.336647377563293881e-01 -2.173949877383822560e-01
171.200000 1.088388542162805379e+02 -2.170784742670030454e+01 -2.588298893125264399e+01 -3.914820656572402108e-02 8.162018117808419460e-01 5.334505920745244989e-01 -2.184318799619178464e-01
171.300000 1.089612316158774092e+02 -2.177338391946448581e+01 -2.584885872068478463e+01 -4.022416331816629914e-02 8.161305849583073702e-01 5.327761969670748998e-01 -2.201417927751685433e-01
171.400000 1.091279277301741786e+02 -2.183206467369314652e+01 -2.579137556873568471e+01 -4.064507476895586058e-02 8.161590445649976600e-01 5.323252735145697079e-01 -2.210479473992341959e-01
171.500000 1.093348780165861456e+02 -2.189472114080003706e+01 -2.571679951434966327e+01 -4.119343203166356965e-02 8.162241512528383147e-01 5.317601850843439726e-01 -2.220638233213607093e-01
171.600000 1.094704337166583343e+02 -2.199846466706363657e+01 -2.573386027321126690e+01 -4.145786524904677278e-02 8.159935322780890177e-01 5.315576278540740107e-01 -2.233434327654812146e-01
171.700000 1.096253040685232918e+02 -2.205377559150417000e+01 -2.568507469835951085e+01 -4.242100279782896194e-02 8.160561916199264854e-01 5.308383578452779972e-01 -2.246405762112822779e-01
171.800000 1.099230362322565497e+02 -2.215707914430635839e+01 -2.559127434962301706e+01 -4.287655572503498713e-02 8.160720708036667270e-01 5.303220152255686548e-01 -2.257133943532484144e-01
171.900000 1.102357507605300242e+02 -2.224282723047753763e+01 -2.553669220584235333e+01 -4.328403382328400995e-02 8.161894639855743483e-01 5.296153538544526862e-01 -2.268674244058598855e-01
172.000000 1.103724762756311435e+02 -2.228694087607807006e+01 -2.544290417694181272e+01 -4.388767652783051587e-02 8.162498321563591563e-01 5.291986744018813971e-01 -2.275057062251307494e-01
172.100000 1.105031663546233460e+02 -2.236581767869628123e+01 -2.540513875609171279e+01 -4.419351449902149398e-02 8.159888764801896954e-01 5.292332452037310508e-01 -2.283008079441460614e-01
172.200000 1.106206673895398040e+02 -2.232057926365377654e+01 -2.528858209758403675e+01 -4.504878039292871394e-02 8.163711891300418078e-01 5.282160135656386313e-01 -2.291212167310926195e-01
172.300000 1.107539031854305307e+02 -2.236985923808682486e+01 -2.522114979342167729e+01 -4.596033607694888917e-02 8.162047316930135521e-01 5.276954677818804784e-01 -2.307270611612167177e-01
172.400000 1.108906070253880927e+02 -2.236384358435552855e+01 -2.514360254608965661e+01 -4.649078444449003533e-02 8.164205489718018294e-01 5.269865700907047090e-01 -2.314762387856527104e-01
172.500000 1.110051439601731147e+02 -2.246199311778425312e+01 -2.509915814138382117e+01 -4.748714413352818353e-02 8.164269872350987667e-01 5.260602764612661852e-01 -2.333506614212986774e-01
172.600000 1.111533932865309566e+02 -2.254015421091204274e+01 -2.506239712854630497e+01 -4.759928392659836666e-02 8.161589331198406683e-01 5.261523102077219072e-01 -2.340569386312568168e-01
172.700000 1.112851998384050489e+02 -2.261669061521502755e+01 -2.502369616633700744e+01 -4.757025608919870918e-02 8.158207441285552086e-01 5.263100046275867028e-01 -2.348858514556559085e-01
172.800000 1.113787993357698269e+02 -2.259739600666151915e+01 -2.489877875387412942e+01 -4.833861339003089203e-02 8.159972619513361503e-01 5.256863999212781913e-01 -2.355114771752273573e-01
172.900000 1.115041736500877931e+02 -2.261677892660144806e+01 -2.480582717498766598e+01 -4.869447320109052124e-02 8.158822422204459190e-01 5.254728684797237426e-01 -2.363118270436262713e-01
173.000000 1.116374066296217649e+02 -2.269618842681774851e+01 -2.477985457188538376e+01 -4.971836144249615341e-02 8.157892620692090979e-01 5.243689477842178315e-01 -2.388580562336567736e-01
173.100000 1.117967183641408866e+02 -2.278012769521163960e+01 -2.482597991133842541e+01 -5.046669283100482795e-02 8.159344476871076557e-01 5.230574000051420036e-01 -2.410706251124272448e-01
173.200000 1.119246325231136723e+02 -2.283784437663782541e+01 -2.475497293070585059e+01 -5.084069611451143972e-02 8.156200738999679345e-01 5.233211293266585296e-01 -2.414831552516108482e-01
173.300000 1.120741829014590394e+02 -2.288647007349631934e+01 -2.475406091077999449e+01 -5.131279445857087063e-02 8.156415660538078871e-01 5.226687385150986520e-01 -2.427204619087148518e-01
173.400000 1.123435679479401728e+02 -2.305610503725211657e+01 -2.467150608551304813e+01 -5.160333675960322719e-02 8.151631612883784017e-01 5.231090315888169417e-01 -2.433167836048769350e-01
173.500000 1.124734686408196467e+02 -2.313402856165222232e+01 -2.459100941834627108e+01 -5.212027886397996995e-02 8.149170738161818361e-01 5.233887612448202553e-01 -2.434293407472178372e-01
173.600000 1.126066260245950019e+02 -2.323566634521264263e+01 -2.462831062442752383e+01 -5.224282973951546727e-02 8.147886225710488928e-01 5.232471721942526521e-01 -2.441364046190142301e-01
173.700000 1.127237493406163935e+02 -2.337063035118627141e+01 -2.467950087926022817e+01 -5.234270700733399673e-02 8.143261849567309252e-01 5.231495209824534864e-01 -2.458611075643930832e-01
173.800000 1.128685216615103002e+02 -2.342979000990451510e+01 -2.466292575190373881e+01 -5.267231392471885543e-02 8.140658636916394686e-01 5.231033122225988707e-01 -2.467495119742836585e-01
173.900000 1.130019307721610176e+02 -2.353610835863350559e+01 -2.464465650566691934e+01 -5.295897765496148518e-02 8.136150430201294359e-01 5.234962369062566845e-01 -2.473410568467810378e-01
174.000000 1.131469034182479589e+02 -2.364485121719905436e+01 -2.460311033561918848e+01 -5.322743927296579719e-02 8.132161233211221418e-01 5.238720991371997870e-01 -2.477991126388315313e-01
174.100000 1.132954606544685703e+02 -2.372566962360303222e+01 -2.463212395553434320e+01 -5.343143588206670375e-02 8.129725987052865976e-01 5.237258036607869149e-01 -2.488612424501184250e-01
174.200000 1.134168944049848022e+02 -2.375978178253829043e+01 -2.453816667470194446e+01 -5.404205210397208803e-02 8.127124633107529750e-01 5.238884627685514994e-01 -2.492364081785875540e-01
174.300000 1.135486144855446042e+02 -2.384488561130091711e+01 -2.452652135810866341e+01 -5.453161161463859763e-02 8.125210687560158185e-01 5.238367920963413749e-01 -2.498616245214668741e-01
174.400000 1.136844277868613631e+02 -2.393874045001883388e+01 -2.447976932386957927e+01 -5.502158008878918483e-02 8.121850878375329597e-01 5.242379998041644118e-01 -2.500050567092604870e-01
174.500000 1.138314871790836946e+02 -2.402099221646138716e+01 -2.440118420430642132e+01 -5.541786969820351044e-02 8.117401106709832836e-01 5.247592284111913807e-01 -2.502690644951223176e-01
174.600000 1.139959602797173375e+02 -2.406011657302163798e+01 -2.437175309894134401e+01 -5.580331261955807920e-02 8.117522238632129961e-01 5.243054462846618025e-01 -2.510938397294001367e-01
174.700000 1.140943194174257229e+02 -2.418698207901609720e+01 -2.443233160249987534e+01 -5.558633657748197898e-02 8.110829895723280503e-01 5.248262275938658794e-01 -2.522141432233755420e-01
174.800000 1.142569905001583521e+02 -2.417475722946195305e+01 -2.434322706523940028e+01 -5.600356967920170487e-02 8.110571412564270277e-01 5.243194921295288857e-01 -2.532567550395678491e-01
174.900000 1.145358463174233918e+02 -2.438748696729761178e+01 -2.427422609524500174e+01 -5.638303333558156161e-02 8.105211867818011839e-01 5.249069154581773589e-01 -2.536712231095222814e-01
175.000000 1.146548814029861774e+02 -2.447482691653549836e+01 -2.421986212823218310e+01 -5.681983086575575354e-02 8.098217103611600187e-01 5.255778490841717110e-01 -2.544174302208239702e-01
175.100000 1.148137748140715217e+02 -2.453918741406629778e+01 -2.421175817000963448e+01 -5.744392006057555400e-02 8.095287508258449671e-01 5.254626329155333009e-01 -2.554455304833045948e-01
175.200000 1.152053012162022014e+02 -2.481797862494692453e+01 -2.413835387670791377e+01 -5.777257808714226367e-02 8.088018858806187428e-01 5.261224549207578205e-01 -2.563142622744097321e-01
175.300000 1.153656500683079429e+02 -2.490188093060641705e+01 -2.409567216800438061e+01 -5.856261151687246203e-02 8.083118817101493381e-01 5.260391237055790370e-01 -2.578471693650875030e-01
175.400000 1.154964673829338864e+02 -2.503390336336560296e+01 -2.409131640162265953e+01 -5.890026903494809812e-02 8.077105343072187305e-01 5.267157640836832577e-01 -2.582730240317400727e-01
175.500000 1.156712034859068581e+02 -2.509676693580880880e+01 -2.408169616752141806e+01 -5.970060164743129505e-02 8.073192481778276308e-01 5.262135677063664030e-01 -2.603281599179377293e-01
175.600000 1.158317512031517111e+02 -2.509734217588228233e+01 -2.402103530415216071e+01 -6.011898999828770712e-02 8.071719949944576866e-01 5.258627782546008156e-01 -2.613951338196742746e-01
175.700000 1.159527332385117120e+02 -2.510642003701689617e+01 -2.388016063830356828e+01 -6.093678132242284079e-02 8.068340556516760964e-01 5.261483540373733669e-01 -2.616742724581342383e-01
175.800000 1.160979621308832463e+02 -2.508279824094845623e+01 -2.382439893790379060e+01 -6.143733882363213578e-02 8.066897789382901918e-01 5.257882299062488496e-01 -2.627237926926608846e-01
175.900000 1.162709547865131867e+02 -2.523463803542647810e+01 -2.390271225763121876e+01 -6.148547173342183009e-02 8.061008292807917419e-01 5.260845755249294875e-01 -2.639242489679433090e-01
176.000000 1.165016957598124350e+02 -2.529342639167393969e+01 -2.385353541867409533e+01 -6.235268168685310919e-02 8.056440500000340288e-01 5.256228787164999305e-01 -2.660270609464013836e-01
176.100000 1.166221663934603043e+02 -2.533033573431975327e+01 -2.371679884600731114e+01 -6.299337549331809893e-02 8.049787179949919880e-01 5.263286959575363966e-01 -2.664942814222029943e-01
176.200000 1.167496831685519112e+02 -2.527523430061979326e+01 -2.361600143356242754e+01 -6.370192796011479863e-02 8.048225332764984419e-01 5.259462778887131762e-01 -2.675504944483794167e-01
176.300000 1.168823046892158004e+02 -2.526268138847375866e+01 -2.350780074559190425e+01 -6.431863098168012771e-02 8.045580910691488841e-01 5.258548493350138076e-01 -2.683767300543394851e-01
176.400000 1.170320570405550740e+02 -2.530299042657602371e+01 -2.348114648915816716e+01 -6.461381305498196947e-02 8.041827070362903562e-01 5.258519366972206344e-01 -2.694345366467743585e-01
176.500000 1.171814208808280142e+02 -2.534097328002511773e+01 -2.340564947036543586e+01 -6.491878107550771992e-02 8.037905300362275796e-01 5.259488678119492722e-01 -2.703407555938971418e-01
176.600000 1.173233739727491241e+02 -2.536760733023368886e+01 -2.334327990023654920e+01 -6.528800698940916136e-02 8.033455574464312132e-01 5.260816415068395591e-01 -2.713143894892098285e-01
176.700000 1.174576987848264196e+02 -2.534377299434665787e+01 -2.323913441444489436e+01 -6.582216271115720607e-02 8.030173908688755802e-01 5.259759982604904627e-01 -2.723596190922034088e-01
176.800000 1.175824731794505311e+02 -2.533094754216845246e+01 -2.312199013728460883e+01 -6.632592939459755477e-02 8.025164441373242585e-01 5.261809178070637749e-01 -2.733164278173629835e-01
176.900000 1.177415136273451992e+02 -2.538609735534620171e+01 -2.304306986080922215e+01 -6.666427092456861381e-02 8.018489862857677286e-01 5.265785899191972597e-01 -2.744249748351855756e-01
177.000000 1.178773787501509247e+02 -2.548081319970416558e+01 -2.299806231851961869e+01 -6.701156091370524814e-02 8.009776650756004202e-01 5.274615073661956810e-01 -2.751882791852314214e-01
177.100000 1.179801811708734363e+02 -2.541314797283998672e+01 -2.290003470620085224e+01 -6.766759779565274802e-02 8.007797037635679960e-01 5.271090146909569452e-01 -2.762771233389159087e-01
177.200000 1.181166996883215035e+02 -2.551710948438653048e+01 -2.289817517424846827e+01 -6.767159784349180418e-02 8.000282235453132218e-01 5.276630700154731901e-01 -2.773933685546299266e-01
177.300000 1.182319276682675877e+02 -2.546690040965800250e+01 -2.282996474929841568e+01 -6.839370724893523157e-02 7.999975557977718754e-01 5.271270306064032019e-01 -2.783223044069842445e-01
177.400000 1.183594159933069960e+02 -2.553305909494115866e+01 -2.276574432849173135e+01 -6.877350239982935043e-02 7.994519591028681482e-01 5.276881353950698683e-01 -2.787328509837349588e-01
177.500000 1.186101198767872233e+02 -2.567835436602026533e+01 -2.264318998705413222e+01 -6.900517821519519535e-02 7.987159131291609038e-01 5.283620257932480913e-01 -2.795080413751898640e-01
177.600000 1.187004764814543591e+02 -2.578737708468556633e+01 -2.274013822469620649e+01 -6.870107641656231223e-02 7.980086426455255122e-01 5.287384692128388464e-01 -2.808878771622507209e-01
177.700000 1.188267805718064665e+02 -2.585226405666012539e+01 -2.275729628229113999e+01 -6.891702912773835232e-02 7.975227704629165304e-01 5.288206400997307322e-01 -2.820578031075751113e-01
177.800000 1.189640212453450516e+02 -2.581247121124993527e+01 -2.269151748028290072e+01 -6.944090407388814334e-02 7.973497324176244128e-01 5.285604653242019779e-01 -2.829049302348882744e-01
177.900000 1.190684339542231953e+02 -2.592787428018053930e+01 -2.266868951736904947e+01 -6.997210386210593602e-02 7.966003545342655867e-01 5.291897378495488136e-01 -2.837075980507371975e-01
178.000000 1.192087928139086017e+02 -2.590691480813917025e+01 -2.260082520372160175e+01 -7.146896958332253635e-02 7.967534201451497156e-01 5.279565789886657701e-01 -2.851982197985979406e-01
178.100000 1.193365012955557063e+02 -2.599810217314550442e+01 -2.258960524185826202e+01 -7.164335583282455122e-02 7.960201211808779487e-01 5.285293050935168102e-01 -2.861397733583288527e-01
178.200000 1.194892106890983712e+02 -2.601630807458226258e+01 -2.248516344717685556e+01 -7.204366938057658876e-02 7.953956578625133167e-01 5.288999503920239764e-01 -2.870893582683907708e-01
178.300000 1.196287309248356223e+02 -2.609577744630276896e+01 -2.242460239175283121e+01 -7.246773378026248602e-02 7.947387372499189473e-01 5.295968949130899217e-01 -2.875167751168112296e-01
178.400000 1.197709948302621115e+02 -2.608741328026822970e+01 -2.232902046189513712e+01 -7.290439558652091201e-02 7.944173488038500652e-01 5.296158935345482988e-01 -2.882586171118366458e-01
178.500000 1.199368911854683404e+02 -2.612974391127506379e+01 -2.231740835647920207e+01 -7.314971402786220323e-02 7.939489975008784395e-01 5.297258198788349359e-01 -2.892830179230853616e-01
178.600000 1.200843501169338907e+02 -2.620127377733104623e+01 -2.236830101410296479e+01 -7.339405910394083965e-02 7.935723532278713410e-01 5.296596819676294698e-01 -2.903736447726882886e-01
178.700000 1.201912840076774955e+02 -2.625093142092963916e+01 -2.228739090274347845e+01 -7.413080827439964826e-02 7.929508334951275161e-01 5.304628255722190211e-01 -2.904183010932754883e-01
178.800000 1.203107233124880366e+02 -2.630483880831550181e+01 -2.220039341068162386e+01 -7.468537189531401776e-02 7.921588165872723852e-01 5.313181774004338553e-01 -2.908736820198620787e-01
178.900000 1.204356635447967250e+02 -2.640270451583588596e+01 -2.226562415032964637e+01 -7.478473252500737745e-02 7.917229751637313573e-01 5.314556061391351172e-01 -2.917823042652471499e-01
179.000000 1.205749846474062679e+02 -2.642479172713731117e+01 -2.214453060228829528e+01 -7.543422751541424554e-02 7.910965241924664548e-01 5.320040508493288911e-01 -2.923143113322638209e-01
179.100000 1.207076550409246920e+02 -2.649328678000856740e+01 -2.219405357615973529e+01 -7.555870081170389108e-02 7.908214620196792888e-01 5.318730964965981967e-01 -2.932632045856158887e-01
179.200000 1.208283615393206247e+02 -2.653303981884578633e+01 -2.207876515374189452e+01 -7.664365203215264821e-02 7.901078847476336042e-01 5.327895445410415487e-01 -2.932415084713348441e-01
179.300000 1.209435357595428968e+02 -2.665969333255241480e+01 -2.209038884699787886e+01 -7.676030967559510643e-02 7.891062903625450931e-01 5.338176933828665538e-01 -2.940370514070723695e-01
179.400000 1.210997122607479639e+02 -2.667428531224509669e+01 -2.207842467116345020e+01 -7.730726364938902972e-02 7.889118063300288863e-01 5.335656641160224645e-01 -2.948718889561409706e-01
179.500000 1.212340383433040358e+02 -2.672242593175108283e+01 -2.208761733753869194e+01 -7.768552011951312952e-02 7.884409463664066031e-01 5.336402849866228593e-01 -2.958950494618017846e-01
179.600000 1.213807053837668235e+02 -2.674519449851585051e+01 -2.203557727441041791e+01 -7.818896084641577260e-02 7.880786606858024568e-01 5.337484273958889025e-01 -2.965318317244288737e-01
179.700000 1.215228134542941518e+02 -2.682325176271815081e+01 -2.197933875985423313e+01 -7.876906617595266780e-02 7.872484125059311388e-01 5.346676040536411101e-01 -2.969274732930560212e-01
179.800000 1.216521480694515844e+02 -2.690452344913448002e+01 -2.194177069988045403e+01 -7.926485180746752068e-02 7.863272191727929128e-01 5.356391960049803336e-01 -2.974848556801859001e-01
179.900000 1.217971323475126013e+02 -2.693214161009336038e+01 -2.188747712907215615e+01 -7.970836998676707197e-02 7.858678194541678375e-01 5.358738860225976675e-01 -2.981568788061815800e-01
180.000000 1.220600621601979014e+02 -2.694590094211492470e+01 -2.169036919343460923e+01 -8.040754098267241523e-02 7.853469352076994925e-01 5.363624669589266425e-01 -2.984629336295005486e-01
180.100000 1.221646861810669691e+02 -2.702776132270604847e+01 -2.177457583460900636e+01 -8.058773382159663268e-02 7.850455549285833001e-01 5.363052695561222327e-01 -2.993087898654283596e-01
180.200000 1.223080444598034831e+02 -2.712040200469001405e+01 -2.175689987461626984e+01 -8.104447113467953823e-02 7.841356603996052499e-01 5.372631759711556931e-01 -2.998521961459718610e-01
180.300000 1.224241094976406430e+02 -2.714262100411934142e+01 -2.165309273514292343e+01 -8.170563076582829098e-02 7.835752002005594852e-01 5.379194853575272051e-01 -2.999612021653871308e-01
180.400000 1.225750025566443071e+02 -2.718279242898676529e+01 -2.167185300974647433e+01 -8.274794509724579805e-02 7.831428630488250775e-01 5.372980403614450173e-01 -3.019119895956821620e-01
180.500000 1.226732514319778602e+02 -2.729658163509386526e+01 -2.175461209998762868e+01 -8.268940484917453038e-02 7.822444861646302705e-01 5.380239456975497436e-01 -3.029624730008040889e-01
180.600000 1.227605151395786294e+02 -2.739008910796804486e+01 -2.184614332359419464e+01 -8.237948553492117909e-02 7.818524745798159925e-01 5.381483108552158612e-01 -3.038366730335524402e-01
180.700000 1.229075455226811471e+02 -2.742841655478279250e+01 -2.176637855329311222e+01 -8.293713078177826492e-02 7.812719323009159611e-01 5.386789790043619019e-01 -3.042376664966022770e-01
180.800000 1.230238043312189973e+02 -2.744215357067499639e+01 -2.166133237840918113e+01 -8.361344557378658227e-02 7.805944520901189065e-01 5.393915672980549303e-01 -3.045288659768632389e-01
180.900000 1.231314104576004951e+02 -2.753617332560155972e+01 -2.165665130355216306e+01 -8.384455859732206640e-02 7.798211521394622370e-01 5.401578481528402920e-01 -3.050877902315906609e-01
181.000000 1.232716597001188603e+02 -2.750953249370079590e+01 -2.156141670622611528e+01 -8.500352687210607772e-02 7.798495896729394916e-01 5.396929732985706885e-01 -3.055167957386293875e-01
181.100000 1.233740963383871758e+02 -2.747948755511006169e+01 -2.140925130405372201e+01 -8.592189386978546506e-02 7.795963668603079766e-01 5.399341069325227505e-01 -3.054801026302961797e-01
181.200000 1.234850185786896759e+02 -2.755731481498043678e+01 -2.145491278973399929e+01 -8.596684865123013775e-02 7.793341449514694652e-01 5.399693852991150900e-01 -3.060736094233446614e-01
181.300000 1.235703439069016980e+02 -2.765726285091626124e+01 -2.154135558915426785e+01 -8.581075817649246040e-02 7.787716989450208516e-01 5.402503431217939855e-01 -3.070516592696501679e-01
181.400000 1.238329450286313715e+02 -2.787659844815649279e+01 -2.151491099765000214e+01 -8.619432901078753761e-02 7.779145858925873291e-01 5.411241237435010509e-01 -3.075778233305723197e-01
181.500000 1.239537798716109052e+02 -2.786709155579323038e+01 -2.139347064330585013e+01 -8.696286853861423527e-02 7.774977612199521770e-01 5.415204013878908151e-01 -3.077179644970300942e-01
181.600000 1.240647723213569975e+02 -2.782066113407045549e+01 -2.129213947249347072e+01 -8.789163759740616089e-02 7.776122505123693740e-01 5.409427245243133564e-01 -3.081804936684784391e-01
181.700000 1.241919541819928980e+02 -2.790841375653730694e+01 -2.132148125920809534e+01 -8.806283727683429652e-02 7.771524324472655065e-01 5.411501010874377737e-01 -3.089265309504968249e-01
181.800000 1.243447766453536474e+02 -2.798038757933310450e+01 -2.129129402533437698e+01 -8.843532016664426565e-02 7.766251344544810031e-01 5.415355716881616877e-01 -3.094702235707952331e-01
181.900000 1.244846113853090799e+02 -2.795972879158920676e+01 -2.119406150699558466e+01 -8.907812244025760384e-02 7.764333032808243829e-01 5.413691296724117974e-01 -3.100578641103642896e-01
182.000000 1.246250737649073272e+02 -2.799830467035747716e+01 -2.110334796454917594e+01 -8.958352072971979829e-02 7.757834684647181289e-01 5.420487204506225787e-01 -3.103513936304494458e-01
182.100000 1.247579905829343261e+02 -2.804314396145496602e+01 -2.103220118533312544e+01 -9.023209892158154388e-02 7.751871932294405187e-01 5.426256746592136304e-01 -3.106450723541275827e-01
182.200000 1.249107804227562042e+02 -2.804523150839620627e+01 -2.099494631002795231e+01 -9.157080205350161262e-02 7.751606522113866360e-01 5.416452148485922935e-01 -3.120275832456456677e-01
182.300000 1.250293148037709443e+02 -2.813336125294500079e+01 -2.108231701229731314e+01 -9.160473230132186451e-02 7.750051335343299819e-01 5.414724576708515036e-01 -3.127030437960695020e-01
182.400000 1.251507614299068365e+02 -2.823273815756608229e+01 -2.109261156191854170e+01 -9.186294586053496414e-02 7.742509937764432415e-01 5.422056604409395408e-01 -3.132245514001404940e-01
182.500000 1.252994578646556079e+02 -2.827655449159465917e+01 -2.101898594014824440e+01 -9.243683618045286932e-02 7.737237820420028722e-01 5.427600502625260503e-01 -3.133982582251970683e-01
182.600000 1.254031866420292260e+02 -2.828097374814097265e+01 -2.092068058223493310e+01 -9.332404606687189075e-02 7.733250816012171569e-01 5.432156108266857908e-01 -3.133300827344380202e-01
182.700000 1.255413627490220136e+02 -2.838271684151016672e+01 -2.091989983085111859e+01 -9.360484670276350561e-02 7.724679896747370655e-01 5.440903258671853093e-01 -3.138424045589803257e-01
182.800000 1.256886017180478063e+02 -2.842481987797862786e+01 -2.095581829196354207e+01 -9.404091655695576146e-02 7.722857928959080409e-01 5.438958209131662391e-01 -3.144968936213189403e-01
182.900000 1.258255244868147571e+02 -2.847799939702962746e+01 -2.089962115051691782e+01 -9.452865756022771349e-02 7.717737268307675036e-01 5.444238563463222880e-01 -3.146939975827436897e-01
183.000000 1.259396795789678407e+02 -2.856978076812516321e+01 -2.101411988312421997e+01 -9.453184777766508728e-02 7.715268113879113487e-01 5.442613685477972751e-01 -3.155783132153118231e-01
183.100000 1.260856025109299310e+02 -2.864442008516390814e+01 -2.096331868324284287e+01 -9.505126390012953730e-02 7.707855600636090987e-01 5.450711465481364870e-01 -3.158359112404992008e-01
183.200000 1.261968482095720390e+02 -2.875354511614485631e+01 -2.098460366760207663e+01 -9.503074754741382135e-02 7.701940083706770857e-01 5.457025139851310325e-01 -3.161947386039130059e-01
183.300000 1.263185134028617824e+02 -2.876081134575067466e+01 -2.086380256228965280e+01 -9.604926569801411351e-02 7.696921759284532927e-01 5.462775734912547199e-01 -3.161159685525263829e-01
183.400000 1.264619728696140157e+02 -2.884624406401857044e+01 -2.090329670622187663e+01 -9.623534887241881608e-02 7.694093217718880329e-01 5.463555676580892362e-01 -3.166127711999857097e-01
183.500000 1.266189652701518185e+02 -2.885538242147406862e+01 -2.089968858289493525e+01 -9.696125587594210671e-02 7.691932516528647845e-01 5.460143555670419202e-01 -3.175036692470818989e-01
183.600000 1.268272325579223576e+02 -2.883182482502177635e+01 -2.062793723638436560e+01 -9.789680174280181169e-02 7.687607152344867467e-01 5.465264655714785480e-01 -3.173830514546082116e-01
183.700000 1.269527460448304481e+02 -2.892627811464755183e+01 -2.063604133223118353e+01 -9.812476893933788635e-02 7.678225458343549414e-01 5.474349043253284863e-01 -3.180174419043236833e-01
183.800000 1.270774491787691574e+02 -2.902203282724038758e+01 -2.063060869864198210e+01 -9.843688060144097085e-02 7.671434431134817045e-01 5.481879402069185225e-01 -3.182626280874737978e-01
183.900000 1.272414624526110885e+02 -2.903848527967465287e+01 -2.058291736624581958e+01 -9.902846300408242597e-02 7.670837346400859458e-01 5.479489877881436044e-01 -3.186342956237069868e-01
184.000000 1.275623208553349599e+02 -2.918724529057326578e+01 -2.053075885232381026e+01 -9.938258277850044176e-02 7.664904919315139731e-01 5.484255972224539866e-01 -3.191313089153977600e-01
184.100000 1.277125649092791519e+02 -2.922163881913044037e+01 -2.056224325281340626e+01 -9.972363907286264928e-02 7.662522117253949272e-01 5.482615001296549107e-01 -3.198782132493340202e-01
184.200000 1.278296127380413054e+02 -2.924034840072302899e+01 -2.045887638097669381e+01 -1.004143500668298050e-01 7.656216427823000492e-01 5.489314172475732168e-01 -3.200230578607717868e-01
184.300000 1.279511709114096334e+02 -2.924616870573336058e+01 -2.033793632097240689e+01 -1.012012431331643647e-01 7.649497460896645951e-01 5.496490220329752763e-01 -3.201501943211245149e-01
184.400000 1.280908664689864622e+02 -2.933669155007353169e+01 -2.042077784408464325e+01 -1.014811210945781306e-01 7.645253127606753685e-01 5.496662906674544269e-01 -3.210445407002903706e-01
184.500000 1.282199654159542774e+02 -2.944495099697406459e+01 -2.045338805828665230e+01 -1.014577776253358377e-01 7.636319716524057055e-01 5.504699016227712072e-01 -3.218002775589292597e-01
184.600000 1.284049238564568611e+02 -2.946171234247531601e+01 -2.044571628718152922e+01 -1.020187491708654109e-01 7.634613058474726266e-01 5.502515466594074534e-01 -3.224007516899017878e-01
184.700000 1.287970769795959427e+02 -2.955884854235859649e+01 -2.017515022425708437e+01 -1.027058596683278063e-01 7.628436686794053401e-01 5.509364407488634985e-01 -3.224749320497790062e-01
184.800000 1.289215843815035214e+02 -2.965427270181721298e+01 -2.018674714108972168e+01 -1.028620355325505914e-01 7.619139268572951984e-01 5.518240564021531513e-01 -3.231049063119743048e-01
184.900000 1.290197046469608608e+02 -2.975050346160640657e+01 -2.026322940595413868e+01 -1.027978774028895648e-01 7.616795486863683351e-01 5.517900652232053949e-01 -3.237353632758728783e-01
185.000000 1.291671546346836976e+02 -2.982854706682795864e+01 -2.022313888492891820e+01 -1.030527365796868461e-01 7.610144368333405795e-01 5.525221600132994570e-01 -3.239697873396668593e-01
185.100000 1.293103196235268229e+02 -2.994070950406335641e+01 -2.030697379567550698e+01 -1.032195887282831431e-01 7.605036759659583590e-01 5.526763179820931571e-01 -3.248519091629060718e-01
185.200000 1.294458813145524232e+02 -3.004496519826751211e+01 -2.032126993009898897e+01 -1.032606942490994911e-01 7.597115511341706595e-01 5.533144933183601344e-01 -3.256050668837213169e-01
185.300000 1.297134612042402750e+02 -3.015995704917636289e+01 -2.020236601975804902e+01 -1.040626184541762339e-01 7.590607642746488581e-01 5.540136701047082557e-01 -3.256786467000223895e-01
185.400000 1.298635633774575808e+02 -3.020691419002697131e+01 -2.020448742979071355e+01 -1.044516995367519435e-01 7.586595872312108524e-01 5.540721377022564953e-01 -3.263886324431419794e-01
185.500000 1.299642378372122948e+02 -3.029519583493289048e+01 -2.028703894980434441e+01 -1.041643127708173078e-01 7.580127979261597204e-01 5.544755167571031595e-01 -3.272969529984687265e-01
185.600000 1.300993687219658455e+02 -3.040087075510958670e+01 -2.029250049530513778e+01 -1.043502981996590889e-01 7.572051108920793139e-01 5.552702585291890980e-01 -3.277596303657352994e-01
185.700000 1.302370007619461489e+02 -3.049370525781863961e+01 -2.024896854887493092e+01 -1.052791836837830702e-01 7.563904262265920275e-01 5.560791831757848636e-01 -3.279721918611126497e-01
185.800000 1.303691881398973464e+02 -3.059146709266466502e+01 -2.029819204287851520e+01 -1.056633572660034825e-01 7.559604163426114631e-01 5.560220863635374489e-01 -3.289354698574197822e-01
185.900000 1.304683853273479315e+02 -3.066867080464091799e+01 -2.039275921853208118e+01 -1.053608437245418528e-01 7.551834243259875068e-01 5.563882852001288404e-01 -3.301956455269937640e-01
186.000000 1.306038918284625368e+02 -3.074781071280175837e+01 -2.038214873789693016e+01 -1.055583290921168205e-01 7.542959437901716191e-01 5.571231469414947846e-01 -3.309212406041355803e-01
186.100000 1.307174917367690909e+02 -3.084919780136586809e+01 -2.046125970268972694e+01 -1.053592250666276486e-01 7.537007932923915909e-01 5.574042228978447477e-01 -3.318660575886438480e-01
186.200000 1.308594309502003057e+02 -3.093962204751998257e+01 -2.049458458214082768e+01 -1.054030393779162023e-01 7.531631949567333395e-01 5.577080920426639166e-01 -3.325614005301799625e-01
186.300000 1.309626034092698603e+02 -3.102843105409477431e+01 -2.057347941159575910e+01 -1.050524462331740155e-01 7.526671973509317937e-01 5.577880331813216408e-01 -3.336593826225065507e-01
186.400000 1.310714114556967047e+02 -3.114650813726877487e+01 -2.063410439695406851e+01 -1.048738092112490583e-01 7.516985061141741031e-01 5.585961675024916362e-01 -3.345462026369000474e-01
186.500000 1.311989652383350915e+02 -3.126127114433081289e+01 -2.063849239401519853e+01 -1.048619764518977093e-01 7.508918055466472508e-01 5.593649197936785278e-01 -3.350766311781667728e-01
186.600000 1.313027366899307253e+02 -3.136788948063735205e+01 -2.068963592769199877e+01 -1.047946079686154497e-01 7.497871203425801045e-01 5.602032986228245859e-01 -3.361690475358966035e-01
186.700000 1.314174725697256463e+02 -3.146455386214275762e+01 -2.079943937288522093e+01 -1.043588140310214851e-01 7.491455315630760614e-01 5.604110517396119207e-01 -3.373865195309633802e-01
186.800000 1.315212211404275138e+02 -3.159002122580086080e+01 -2.085368390966653251e+01 -1.039207352176454852e-01 7.482653185557429643e-01 5.612001141472887644e-01 -3.381625729136306102e-01
186.900000 1.316375633567525938e+02 -3.171840204986175848e+01 -2.092107652380731153e+01 -1.038547231226207151e-01 7.470901742513128552e-01 5.619036624471872576e-01 -3.396096908963350813e-01
187.000000 1.317729743711971082e+02 -3.185765143105020769e+01 -2.096952588385258665e+01 -1.036999887972274298e-01 7.462221220353684181e-01 5.625863955268297634e-01 -3.404341411736140355e-01
187.100000 1.318833011777302886e+02 -3.198382173340154822e+01 -2.100622569225877001e+01 -1.036364725672481446e-01 7.456070513586586790e-01 5.629225271582798396e-01 -3.412445383237660557e-01
187.200000 1.319901987882764729e+02 -3.210603216660231141e+01 -2.106166348079103656e+01 -1.033802869079691045e-01 7.445950127742898550e-01 5.638177930794833204e-01 -3.420530360009426674e-01
187.300000 1.321017921845003684e+02 -3.222846165378305017e+01 -2.110639609397971483e+01 -1.030727421202733557e-01 7.438941952088999887e-01 5.645098940331959581e-01 -3.425288538283169371e-01
187.400000 1.322316941405250077e+02 -3.235659151692637892e+01 -2.114230718248886731e+01 -1.030518816610263011e-01 7.430173381019717915e-01 5.653155323874691218e-01 -3.431091572771770570e-01
187.500000 1.323560982341703323e+02 -3.247285251268331052e+01 -2.116405146489075051e+01 -1.028967923763506875e-01 7.421777279760249924e-01 5.661363731213012729e-01 -3.436190874268517104e-01
187.600000 1.325725829898435677e+02 -3.271740243783155933e+01 -2.126974910740801405e+01 -1.025907833430899502e-01 7.412288037932246443e-01 5.669388914938893187e-01 -3.444347324414256950e-01
187.700000 1.327061018619773733e+02 -3.279907557938891927e+01 -2.125382895788443349e+01 -1.029316630796978799e-01 7.403689995110078748e-01 5.678335394852378482e-01 -3.447084111744067036e-01
187.800000 1.328203718897685519e+02 -3.290481957697152637e+01 -2.127645223178605605e+01 -1.029168201493339818e-01 7.396967238537728306e-01 5.684452650615742231e-01 -3.451475995562211518e-01
187.900000 1.331441940829308805e+02 -3.329989668886954490e+01 -2.146194753428254742e+01 -1.024890882323378494e-01 7.388212717024171816e-01 5.692147866107153398e-01 -3.458809650400624380e-01
188.000000 1.332746910488416177e+02 -3.340825763403687887e+01 -2.148805457430777821e+01 -1.025401726154828580e-01 7.381096269505635910e-01 5.698209308117825334e-01 -3.463867757459576646e-01
188.100000 1.334103821889540882e+02 -3.351328266856472027e+01 -2.148830503745918818e+01 -1.026447861742424417e-01 7.375070982847586887e-01 5.704214201834897358e-01 -3.466507338037668196e-01
188.200000 1.335303689247408272e+02 -3.358712626282714808e+01 -2.146374186521646621e+01 -1.031092965641348391e-01 7.367979736426982784e-01 5.711035421023999969e-01 -3.468976263916419556e-01
188.300000 1.336641822233721939e+02 -3.369318193773732872e+01 -2.144669479477070340e+01 -1.034700891337407280e-01 7.357772625124389121e-01 5.722194641771355395e-01 -3.471176247919272595e-01
188.400000 1.337888652167704890e+02 -3.380803238920903908e+01 -2.147335336198600331e+01 -1.034545901934117856e-01 7.347530252192026046e-01 5.731501271100607475e-01 -3.477557641403867805e-01
188.500000 1.339397143383744719e+02 -3.388960430780606004e+01 -2.147926706695112742e+01 -1.036887685535408665e-01 7.341545632741558469e-01 5.735972229723615978e-01 -3.482124958957942829e-01
188.600000 1.340792281350399833e+02 -3.396822486545348596e+01 -2.141766842366955004e+01 -1.041660769600953884e-01 7.332680440603637217e-01 5.745694861663942499e-01 -3.483350535578033091e-01
188.700000 1.342086767868220534e+02 -3.404171441224158201e+01 -2.136681720371577242e+01 -1.045510369905480325e-01 7.323632442579435242e-01 5.755068708585726611e-01 -3.485756743072515595e-01
188.800000 1.345189119076268014e+02 -3.420486084074936883e+01 -2.129663835089808899e+01 -1.048814490375132302e-01 7.316116850233467250e-01 5.761589307111151248e-01 -3.489772349980943544e-01
188.900000 1.346274966950059309e+02 -3.430151361869508975e+01 -2.141247313941819996e+01 -1.047388011359211002e-01 7.311464952982346110e-01 5.762161536874775836e-01 -3.498993143453241195e-01
189.000000 1.348011026082901083e+02 -3.444036588336226856e+01 -2.151080422296751848e+01 -1.048806489557538996e-01 7.302152169307817298e-01 5.768542442257104108e-01 -3.507491516114269459e-01
189.100000 1.349342689665009516e+02 -3.455978574342676524e+01 -2.160061647630813653e+01 -1.047620977222181171e-01 7.295571317747469031e-01 5.772785274703112757e-01 -3.514552547325960341e-01
189.200000 1.350439330315312532e+02 -3.465205695830713495e+01 -2.166544428526340127e+01 -1.048326329965476728e-01 7.285945098012673871e-01 5.779427496243880746e-01 -3.523383849413286861e-01
189.300000 1.351469953300743327e+02 -3.475117052818708174e+01 -2.176026566441784027e+01 -1.045579525472639659e-01 7.281207584170742431e-01 5.781012247381691616e-01 -3.531384568090784604e-01
189.400000 1.352499382841701561e+02 -3.484640016462216039e+01 -2.183148422707666825e+01 -1.044993274877880352e-01 7.272590803962993844e-01 5.786937050858826925e-01 -3.539600489175325770e-01
189.500000 1.353709848941052201e+02 -3.497312593065691289e+01 -2.189341298294214155e+01 -1.043876060039984066e-01 7.260710668042681393e-01 5.797475212921645582e-01 -3.547067030915223573e-01
189.600000 1.355010533415525629e+02 -3.506102960053937778e+01 -2.188370191314939106e+01 -1.045224049873665212e-01 7.253836926776262573e-01 5.804931891875177996e-01 -3.548538044884579357e-01
189.700000 1.356646757583420708e+02 -3.517532980713692581e+01 -2.186853965423302881e+01 -1.048396739297913494e-01 7.242278847078497117e-01 5.814879244054809160e-01 -3.554917826792827196e-01
189.800000 1.358007400200989139e+02 -3.525392044050676787e+01 -2.186151027034367544e+01 -1.050847180093634342e-01 7.235539536154650397e-01 5.821128523680975109e-01 -3.557688931823570488e-01
189.900000 1.359124798333212993e+02 -3.537244168748620865e+01 -2.191541153994699798e+01 -1.049423803463503113e-01 7.226372793827384733e-01 5.828384979671968891e-01 -3.564852655312666374e-01
190.000000 1.360412248766918992e+02 -3.548414278456797177e+01 -2.193505815208955667e+01 -1.049701944803606984e-01 7.216489348624427480e-01 5.837492735543525768e-01 -3.569885974473454016e-01
190.100000 1.361907349716971112e+02 -3.559388490438855257e+01 -2.194741487077718389e+01 -1.051452050354938356e-01 7.208923174790461408e-01 5.843382112606466672e-01 -3.575018983424307906e-01
190.200000 1.363407738620953751e+02 -3.566615593012783592e+01 -2.190608834186006604e+01 -1.054024023414336098e-01 7.202449873461084229e-01 5.850174901135714034e-01 -3.576199491704508682e-01
190.300000 1.364765902906578958e+02 -3.577084585543821760e+01 -2.191159172629094698e+01 -1.053558787577792283e-01 7.193207041682924130e-01 5.858448304166019582e-01 -3.581392160042670136e-01
190.400000 1.365748884913333825e+02 -3.585928316372103808e+01 -2.196603319954103384e+01 -1.052766817241027747e-01 7.182735216293667513e-01 5.866900705886043399e-01 -3.588798259641354793e-01
190.500000 1.367040304202243419e+02 -3.598765866480230358e+01 -2.200327556350447722e+01 -1.050920455706987472e-01 7.174890612164913639e-01 5.874154363769353848e-01 -3.593163148237759619e-01
190.600000 1.367852956948954954e+02 -3.607509789867315675e+01 -2.205134708279729594e+01 -1.047666384586154464e-01 7.166455138179834705e-01 5.881566755794447321e-01 -3.598817638641558236e-01
190.700000 1.369426644807541606e+02 -3.614128257832866353e+01 -2.203421637352281337e+01 -1.050426432000344107e-01 7.160444061416095796e-01 5.886905428478081959e-01 -3.601248343344467528e-01
190.800000 1.370594784099433525e+02 -3.624325200794832114e+01 -2.206056496491215668e+01 -1.050407002600947937e-01 7.153376409462304242e-01 5.893212017046651763e-01 -3.604983106142390925e-01
190.900000 1.371910889160582769e+02 -3.632597766862658517e+01 -2.208489385381888681e+01 -1.052591549044067237e-01 7.145180091664694588e-01 5.900002146320807439e-01 -3.609491260824631009e-01
191.000000 1.372959812943769862e+02 -3.644272600098691584e+01 -2.215447147797172178e+01 -1.049306480952334891e-01 7.135830505337982244e-01 5.907695300604418609e-01 -3.616353846533242322e-01
191.100000 1.376090340538079033e+02 -3.658135066382720169e+01 -2.212909911575238553e+01 -1.052572791274030695e-01 7.130978188970013010e-01 5.912273547818788222e-01 -3.617493895401316939e-01
191.200000 1.377141451972976824e+02 -3.668939284834244319e+01 -2.217418505541491314e+01 -1.049421900276409914e-01 7.122358082819651992e-01 5.920276400525211757e-01 -3.622299871172743879e-01
191.300000 1.378297237054657671e+02 -3.678509453196712542e+01 -2.222150335623350870e+01 -1.049151363148589505e-01 7.110617950430234702e-01 5.930156305101366154e-01 -3.629275406646524926e-01
191.400000 1.379635060637198762e+02 -3.686754515652946651e+01 -2.222884781433865342e+01 -1.051654481377789635e-01 7.103696869740235842e-01 5.937130139652309069e-01 -3.630702320415838402e-01
191.500000 1.380878109926020727e+02 -3.697625192870561506e+01 -2.227550695195185781e+01 -1.051464229367757575e-01 7.096897541270945631e-01 5.942900995221019889e-01 -3.634610849054333848e-01
191.600000 1.381971067165085572e+02 -3.708556601784732010e+01 -2.230464936921989150e+01 -1.055534412090243374e-01 7.092874905531918461e-01 5.944463480881867490e-01 -3.638725958880486555e-01
191.700000 1.383377029138093803e+02 -3.718308658532364319e+01 -2.231869288138447516e+01 -1.056348377300629360e-01 7.083674626987862544e-01 5.953337883510292361e-01 -3.641901965938109109e-01
191.800000 1.384408591225655698e+02 -3.728888536929095920e+01 -2.240604376008027643e+01 -1.054023380366095747e-01 7.074310451909071595e-01 5.960465418729093967e-01 -3.649111992771159052e-01
191.900000 1.386078926815073658e+02 -3.737020910451365552e+01 -2.239861889429664288e+01 -1.056781622833122408e-01 7.071133189352564186e-01 5.964073157591215368e-01 -3.648577721657959017e-01
192.000000 1.387068899367228028e+02 -3.745840573795413064e+01 -2.245219056701536786e+01 -1.056101068456077041e-01 7.063388522172427963e-01 5.970267141475923411e-01 -3.653642480793876102e-01
192.100000 1.389042220775456826e+02 -3.765206344879882039e+01 -2.263049980421098084e+01 -1.054385837846292390e-01 7.057013740683990566e-01 5.974379459733354381e-01 -3.659729175753680397e-01
192.200000 1.390148428352581504e+02 -3.774651735924820883e+01 -2.269043102656116062e+01 -1.054259357408092596e-01 7.048487542206578471e-01 5.980579823093365999e-01 -3.666064041214322500e-01
192.300000 1.391209095478467930e+02 -3.784392561469736194e+01 -2.275374498588645267e+01 -1.053190000470096005e-01 7.041478600910354713e-01 5.985916330704904587e-01 -3.671127295209430930e-01
192.400000 1.392270746173588236e+02 -3.794664238654863908e+01 -2.284115700833519114e+01 -1.051798288264151338e-01 7.032765876937964178e-01 5.991562224515034618e-01 -3.679008914197686719e-01
192.500000 1.393456286303324703e+02 -3.804117864286586581e+01 -2.288317466222840224e+01 -1.051906488167511505e-01 7.025395357684625086e-01 5.998299535605818855e-01 -3.682080320895432246e-01
192.600000 1.394590304867566033e+02 -3.813539697860368705e+01 -2.293805504998264055e+01 -1.051356923965091755e-01 7.019378990847150446e-01 6.003950577793245591e-01 -3.684500598547983397e-01
192.700000 1.396053331235418682e+02 -3.817122134507163622e+01 -2.285577422004709902e+01 -1.058428778702649592e-01 7.015314077559110517e-01 6.007901592558350101e-01 -3.683777323312287244e-01
192.800000 1.397689466410406567e+02 -3.822238466917297472e+01 -2.284710820426989741e+01 -1.062272540551815608e-01 7.008177742802389476e-01 6.012184795800445958e-01 -3.689262223809083308e-01
192.900000 1.400275648448853190e+02 -3.840188107227273662e+01 -2.294249856852353631e+01 -1.063280369121135382e-01 7.001296551295844717e-01 6.018496548513642130e-01 -3.691744946903011138e-01
193.000000 1.401700618034070658e+02 -3.846829540102958589e+01 -2.294893786275820347e+01 -1.066388649474453304e-01 6.996400502539609212e-01 6.022618539705598684e-01 -3.693407800599596835e-01
193.100000 1.402676689751498316e+02 -3.853954829844214913e+01 -2.304963809372196337e+01 -1.065740213697811967e-01 6.988288224387115832e-01 6.027322794556790875e-01 -3.701270784476031750e-01
193.200000 1.403959154645555145e+02 -3.860040142193707169e+01 -2.306716400594883609e+01 -1.068331344166088548e-01 6.984497485851324239e-01 6.030966043251350106e-01 -3.701744398841979589e-01
193.300000 1.405451583367322996e+02 -3.864935327405451204e+01 -2.305783700319387819e+01 -1.073719200384673916e-01 6.980667983930566312e-01 6.034457462025974994e-01 -3.701719156804183508e-01
193.400000 1.406522152137414707e+02 -3.873332839136077865e+01 -2.313680447797487361e+01 -1.074397882836459206e-01 6.972374121092598243e-01 6.040336868685386440e-01 -3.707559684978084524e-01
193.500000 1.407825515893335364e+02 -3.881106787525833823e+01 -2.321696419366801578e+01 -1.075835897728148749e-01 6.966453713566447270e-01 6.043850157662419287e-01 -3.712542935727430882e-01
193.600000 1.409262183639873456e+02 -3.890089636564538722e+01 -2.324432631000511762e+01 -1.085029595913055700e-01 6.959986562830059453e-01 6.045925908377528524e-01 -3.718612339519560828e-01
193.700000 1.410298044541408444e+02 -3.897287020342293573e+01 -2.333831266549553973e+01 -1.087960972348617078e-01 6.950672117652771931e-01 6.050736981781495993e-01 -3.727342218368514537e-01
193.800000 1.411891550507738202e+02 -3.903564817456098268e+01 -2.332697717989870867e+01 -1.095183674417261749e-01 6.947824178949227880e-01 6.052659602007327555e-01 -3.727415141881420535e-01
193.900000 1.413271955440413308e+02 -3.911337839856776810e+01 -2.339303641374008791e+01 -1.101838766608748965e-01 6.941110096640050742e-01 6.053054715125225638e-01 -3.737307931442087616e-01
194.000000 1.414519674744106510e+02 -3.917489989235712500e+01 -2.342609567722477593e+01 -1.105331587720838199e-01 6.935615824936107732e-01 6.056239671536315372e-01 -3.741314775716159113e-01
194.100000 1.415896324823777377e+02 -3.924813707928627338e+01 -2.344725194824978232e+01 -1.113265768976589298e-01 6.930154333178738524e-01 6.057915702080387543e-01 -3.746365918118090832e-01
194.200000 1.418287264428960270e+02 -3.939709753653425395e+01 -2.355129974059804354e+01 -1.115830444202660365e-01 6.921647037904721245e-01 6.064094522889829086e-01 -3.751330739872568154e-01
194.300000 1.419603042590370592e+02 -3.947710998496942381e+01 -2.358362776885063639e+01 -1.118152253021919146e-01 6.915712953920103434e-01 6.069495052431690407e-01 -3.752849542221338708e-01
194.400000 1.420549876278573720e+02 -3.957350667400408639e+01 -2.368944244536480781e+01 -1.112721862546869472e-01 6.906359460636410930e-01 6.075702123280690703e-01 -3.761634321176194340e-01
194.500000 1.421578292634378613e+02 -3.968697788061600562e+01 -2.376690589840977097e+01 -1.110727720819238706e-01 6.899537609001469285e-01 6.080749666343369109e-01 -3.766583094456164571e-01
194.600000 1.422539683977644813e+02 -3.976539242182003164e+01 -2.386366596675569340e+01 -1.107758158128297199e-01 6.891553849189726577e-01 6.085327769276932530e-01 -3.774671289964929843e-01
194.700000 1.423389802460768578e+02 -3.985158624422388840e+01 -2.398528446225356348e+01 -1.103083581336003899e-01 6.883075362972710387e-01 6.090127030337739722e-01 -3.783759098380162222e-01
194.800000 1.426358712718819675e+02 -4.012130133433098678e+01 -2.428474833001240896e+01 -1.099846188189207846e-01 6.875875356673403216e-01 6.094653540841443728e-01 -3.790497943400834013e-01
194.900000 1.427296484319259662e+02 -4.021223408954309519e+01 -2.437247497483320657e+01 -1.097607298556392413e-01 6.865410105532493423e-01 6.102474353869601353e-01 -3.797526703180882923e-01
195.000000 1.429989441062670892e+02 -4.048376641068197301e+01 -2.467280964753897976e+01 -1.095719291561659536e-01 6.853807171056496284e-01 6.111082717668629982e-01 -3.805179958147306141e-01
195.100000 1.431402192771281818e+02 -4.055292193504461551e+01 -2.466995146512475756e+01 -1.100213537605082559e-01 6.845796538685634536e-01 6.117925869670487460e-01 -3.807306525065573544e-01
195.200000 1.432319612340536423e+02 -4.063794147453267414e+01 -2.476531380348799516e+01 -1.099236208378312901e-01 6.835377363272895357e-01 6.125256009009248936e-01 -3.814516336829955057e-01
195.300000 1.433377185473124769e+02 -4.074018623622855984e+01 -2.482119368121648861e+01 -1.103856477508426831e-01 6.835393288634613596e-01 6.123327554310803444e-01 -3.816249353667766631e-01
195.400000 1.435461692087997676e+02 -4.092536448095292911e+01 -2.502131356817902841e+01 -1.102710995769711211e-01 6.827900290679894679e-01 6.128580550659847859e-01 -3.821558126525859134e-01
195.500000 1.436433421630131875e+02 -4.099722062371068176e+01 -2.514321450795373991e+01 -1.101206571283166874e-01 6.822990167315757803e-01 6.127597696693911633e-01 -3.832322498374417519e-01
195.600000 1.437458490056768028e+02 -4.109579563105577193e+01 -2.523929181756048123e+01 -1.099689958220268216e-01 6.812665561354753763e-01 6.135567908307975049e-01 -3.838368974898288544e-01
195.700000 1.438561782423802242e+02 -4.117435626216813915e+01 -2.534463087352417077e+01 -1.100739298319894921e-01 6.801833727310125921e-01 6.141159561335701733e-01 -3.848323035476070020e-01
195.800000 1.439634225123102453e+02 -4.125830653194248754e+01 -2.538834705748555720e+01 -1.100405513573535221e-01 6.794130667739288754e-01 6.145887885144766249e-01 -3.854472503289165797e-01
195.900000 1.440616361090573321e+02 -4.135042065604897488e+01 -2.551656561776782084e+01 -1.096958006213072517e-01 6.782748342392024288e-01 6.152582265162728214e-01 -3.864807825337288061e-01
196.000000 1.441506475780995515e+02 -4.143417924631329896e+01 -2.561558540580792354e+01 -1.093215393496979743e-01 6.772409421096883264e-01 6.158393799749373176e-01 -3.874730512392816073e-01
196.100000 1.442944122359123185e+02 -4.152289443048216100e+01 -2.564589548482978287e+01 -1.094468470418640121e-01 6.766743983116821903e-01 6.159414387101642685e-01 -3.882644593853145087e-01
196.200000 1.443775952947979704e+02 -4.161366946467833117e+01 -2.578522307868649577e+01 -1.090849170127910078e-01 6.761988724812099116e-01 6.159014651253635897e-01 -3.892569215722223031e-01
196.300000 1.444498288826308681e+02 -4.169599577428436277e+01 -2.587717244837938679e+01 -1.084699918425855586e-01 6.753830061277843466e-01 6.163915615604923515e-01 -3.900685820986926067e-01
196.400000 1.445558406475647644e+02 -4.176770762855411334e+01 -2.599148439041113434e+01 -1.085361868676099351e-01 6.747300019162343343e-01 6.163377120733680714e-01 -3.912635241503145678e-01
196.500000 1.446589393699957782e+02 -4.182935144849289344e+01 -2.611408980865115481e+01 -1.080137935736198429e-01 6.733150957773835765e-01 6.165855138682004855e-01 -3.934489881598568495e-01
196.600000 1.447263272437520527e+02 -4.189943194855950281e+01 -2.625550422172254983e+01 -1.071948020835916254e-01 6.723582369632149502e-01 6.168019166958312871e-01 -3.949671773126542385e-01
196.700000 1.448279880620583526e+02 -4.198638270497560399e+01 -2.638457559775156014e+01 -1.068091327475973046e-01 6.715762401678181392e-01 6.170404233411501682e-01 -3.960281287569576425e-01
196.800000 1.449422774154198805e+02 -4.208237909994962678e+01 -2.646936098727600140e+01 -1.072285871308669009e-01 6.707961463988142414e-01 6.173726427417272067e-01 -3.967185149101493113e-01
196.900000 1.451061096145808165e+02 -4.210637308540798784e+01 -2.642417691170085092e+01 -1.075673624265840456e-01 6.699683324462261114e-01 6.175459859468310775e-01 -3.977545113518731745e-01
197.000000 1.452206245045549338e+02 -4.218718392942675877e+01 -2.649559763905658016e+01 -1.076230872168098124e-01 6.687334660770442030e-01 6.182607014206680240e-01 -3.987060665770327250e-01
197.100000 1.454317208512703417e+02 -4.234259515095343573e+01 -2.666963580840856807e+01 -1.076006248424764833e-01 6.673992957393183323e-01 6.192425167522364049e-01 -3.994233230878322938e-01
197.200000 1.455801128929649053e+02 -4.237290398653839674e+01 -2.662703237380241106e+01 -1.079184717006404087e-01 6.665969073344594209e-01 6.196049835332221312e-01 -4.001147722575710830e-01
197.300000 1.456539301589718036e+02 -4.245113075617437204e+01 -2.676074649682960782e+01 -1.076759130137836390e-01 6.653255060701112056e-01 6.201902093840485630e-01 -4.013875594900374599e-01
197.400000 1.457931839582294060e+02 -4.248305618639869152e+01 -2.675503771665829689e+01 -1.080650578659204247e-01 6.644538837459389446e-01 6.205782756366957642e-01 -4.021263277269458425e-01
197.500000 1.459114961808633097e+02 -4.256876074075305638e+01 -2.684516269619300388e+01 -1.081416493693999892e-01 6.638093789255071764e-01 6.210695648944180025e-01 -4.024115898977767003e-01
197.600000 1.460239185411513176e+02 -4.265400636535921564e+01 -2.691479716854593462e+01 -1.080693553804338986e-01 6.628431401178458415e-01 6.217704923244183890e-01 -4.029409893533064668e-01
197.700000 1.461468870757879301e+02 -4.274635675770510801e+01 -2.699099206605664492e+01 -1.080060723815674806e-01 6.620121586239111622e-01 6.224148071598722964e-01 -4.033291434931974284e-01
197.800000 1.463244636112429191e+02 -4.287690976190670966e+01 -2.719491441699752343e+01 -1.080352164580126034e-01 6.614853526104761405e-01 6.224941557585904617e-01 -4.040625525003081475e-01
197.900000 1.464319864458450695e+02 -4.297506814777941742e+01 -2.731062195414449789e+01 -1.078977172858797129e-01 6.601148493546581397e-01 6.234148502543412906e-01 -4.049202301050546238e-01
198.000000 1.465430219498767883e+02 -4.306685518483983088e+01 -2.737388917056005866e+01 -1.080168065920106973e-01 6.591410793429862691e-01 6.242821480841390658e-01 -4.051385029834613793e-01
198.100000 1.466650091402132148e+02 -4.311087553029425834e+01 -2.748629158606125955e+01 -1.081650709649787379e-01 6.582961865107377353e-01 6.243435400598572604e-01 -4.063761708492347191e-01
198.200000 1.467911059918270951e+02 -4.319575063804909831e+01 -2.752676507461219657e+01 -1.085115495135635238e-01 6.574803419758594725e-01 6.251022910532034738e-01 -4.064381493628623776e-01
198.300000 1.469198227366278218e+02 -4.324386349980462541e+01 -2.760329689086327321e+01 -1.086156580868779392e-01 6.564021269188542451e-01 6.255966778464272515e-01 -4.073913146622941683e-01
198.400000 1.470462366955439961e+02 -4.323549043239686540e+01 -2.750995785086280065e+01 -1.094708987233350694e-01 6.560559721911128905e-01 6.257141230838400014e-01 -4.075395929949627294e-01
198.500000 1.471685981572629487e+02 -4.331118058692070605e+01 -2.757362386440059154e+01 -1.097005831503573003e-01 6.548196752543259391e-01 6.267150846263850328e-01 -4.079279074273217121e-01
198.600000 1.473092502783960072e+02 -4.333570931757250122e+01 -2.756501530529004995e+01 -1.098846602480770956e-01 6.542439465417410061e-01 6.269685414555493663e-01 -4.084123747889543132e-01
198.700000 1.474486896418578397e+02 -4.342721078722822625e+01 -2.760543906146132898e+01 -1.101708336906411512e-01 6.535934105075142941e-01 6.276312197017973604e-01 -4.083590248796997169e-01
198.800000 1.475144475079207211e+02 -4.345070832798494820e+01 -2.773022742359271930e+01 -1.102974702968366888e-01 6.529527730745000591e-01 6.274307546605750741e-01 -4.096556996875549417e-01
198.900000 1.476234943625794358e+02 -4.354323834701079221e+01 -2.782502217706265313e+01 -1.101457649832725399e-01 6.516060782424788478e-01 6.284215296760575775e-01 -4.103215937448457251e-01
199.000000 1.477279069712550665e+02 -4.357249018545963537e+01 -2.791834201045432096e+01 -1.107245847781707926e-01 6.505497367402652831e-01 6.282703091840243781e-01 -4.120698059196808427e-01
199.100000 1.478405916146217862e+02 -4.365632227349133387e+01 -2.798930179781958216e+01 -1.107097546619501688e-01 6.495167781451298694e-01 6.289965861176374240e-01 -4.125949585041223666e-01
199.200000 1.479926667963510170e+02 -4.366960693577816954e+01 -2.802739456475902458e+01 -1.117124322329683256e-01 6.487638742469296060e-01 6.284301041404054544e-01 -4.143686428372538866e-01
199.300000 1.480782402937723532e+02 -4.372889637536398055e+01 -2.814535492923515747e+01 -1.114363377686391487e-01 6.476364596214828628e-01 6.289102782881715870e-01 -4.154766186648291559e-01
199.400000 1.482476538542016442e+02 -4.375509642981489122e+01 -2.815311807971346170e+01 -1.117544646606795089e-01 6.470140150066931994e-01 6.290137653620950786e-01 -4.162036604816474750e-01
199.500000 1.484142546056345680e+02 -4.379020369073523256e+01 -2.817443588043182601e+01 -1.120227542066003779e-01 6.465066021512078098e-01 6.291334859410090408e-01 -4.167387344399146043e-01
199.600000 1.484964136297543291e+02 -4.384012781796027269e+01 -2.829892631699889094e+01 -1.118776756812095152e-01 6.452858717358020968e-01 6.296685299191038254e-01 -4.178601103860606902e-01
199.700000 1.486087928182438134e+02 -4.391580202023185819e+01 -2.842631854724296758e+01 -1.117716593242505385e-01 6.440039330714651955e-01 6.303504219958415700e-01 -4.188369322899451741e-01
199.800000 1.487508127315248601e+02 -4.392906883203628610e+01 -2.849276584533884815e+01 -1.125141632231712874e-01 6.429548470703725371e-01 6.302076742282134436e-01 -4.204615500218413238e-01
199.900000 1.490253048194277312e+02 -4.396073975994607252e+01 -2.867130510197037907e+01 -1.130008676734362699e-01 6.423765503493306106e-01 6.299026643306806506e-01 -4.216702561664197879e-01
200.000000 1.492232330295440477e+02 -4.410633015739102092e+01 -2.888999486824011953e+01 -1.126665624881685868e-01 6.412816912373212608e-01 6.305845854156542085e-01 -4.224063432490901548e-01
200.100000 1.493358746432713815e+02 -4.419874588052538655e+01 -2.900540866009784580e+01 -1.123410316326304836e-01 6.402722435506786880e-01 6.313908795018312592e-01 -4.228197062959586083e-01
200.200000 1.494489255425949068e+02 -4.420505083680063052e+01 -2.911460403207190595e+01 -1.130674787560666389e-01 6.397345304277536338e-01 6.312138565949153568e-01 -4.237033668366371186e-01
200.300000 1.495455302706832583e+02 -4.427608384008510001e+01 -2.923742492692404582e+01 -1.125363877139947399e-01 6.386236593622640623e-01 6.319080002841905852e-01 -4.244851732627082930e-01
200.400000 1.496938865761084969e+02 -4.437612573775449931e+01 -2.932736020884388850e+01 -1.123442159331781015e-01 6.380096490833510048e-01 6.323718935981803568e-01 -4.247684698867726927e-01
200.500000 1.498029068117675990e+02 -4.442843326362096690e+01 -2.946865261112126078e+01 -1.122883733353945146e-01 6.371087114066369406e-01 6.326233161484394740e-01 -4.257599686781476378e-01
200.600000 1.498828259914893977e+02 -4.452222933207568900e+01 -2.958813676474272469e+01 -1.114963525136259820e-01 6.362047484779908002e-01 6.332188397220223086e-01 -4.264340305502242745e-01
200.700000 1.499787570577651650e+02 -4.461268586840807160e+01 -2.971923169005664889e+01 -1.105917992818632317e-01 6.353748955908834484e-01 6.337905608812709479e-01 -4.270570464496261098e-01
200.800000 1.500707991757975606e+02 -4.469793431763860525e+01 -2.983634862133915888e+01 -1.099941851686130345e-01 6.344484820966345140e-01 6.344297483619832922e-01 -4.276392138096317685e-01
200.900000 1.501983603974067307e+02 -4.479952894068505742e+01 -3.012198673226205514e+01 -1.092038160874519021e-01 6.335337108144329932e-01 6.345793511860010616e-01 -4.289739046398816646e-01
201.000000 1.502928348166434773e+02 -4.488825983349581605e+01 -3.023445287118945046e+01 -1.087136594777679266e-01 6.326144813641180198e-01 6.353241492488153064e-01 -4.293524002409080387e-01
201.100000 1.503447456131111437e+02 -4.494023083041779643e+01 -3.037352844904352267e+01 -1.078017297462827845e-01 6.317778271347314067e-01 6.354471801516987650e-01 -4.306302885792885338e-01
201.200000 1.504158749022173822e+02 -4.503007844635718726e+01 -3.051990820751570155e+01 -1.066706620375052483e-01 6.307539654869337431e-01 6.360412297232307388e-01 -4.315348873210008152e-01
201.300000 1.504918538033319066e+02 -4.508310897597785782e+01 -3.066430035073269877e+01 -1.059702190045237052e-01 6.300025633768991939e-01 6.362667464878171142e-01 -4.324716292850632193e-01
201.400000 1.505899369296024020e+02 -4.514668430695441970e+01 -3.076953898641238183e+01 -1.061008328853934451e-01 6.287693886441921842e-01 6.369300218370170796e-01 -4.332572174213967231e-01
201.500000 1.506731452264089057e+02 -4.524716763751559512e+01 -3.085734394504112643e+01 -1.055699061158285046e-01 6.285060332832986818e-01 6.373496243430957220e-01 -4.331519564759035990e-01
201.600000 1.507492405091474836e+02 -4.532249320090942746e+01 -3.097251565091837122e+01 -1.052341988272130213e-01 6.277384629651086012e-01 6.379389177146747025e-01 -4.334790915101062736e-01
201.700000 1.508306762235871759e+02 -4.540916299696025504e+01 -3.107539277277490797e+01 -1.048880785406408611e-01 6.271170826374503626e-01 6.385549401444684525e-01 -4.335553529382836779e-01
201.800000 1.510250295543667107e+02 -4.561444964239387190e+01 -3.126979289520027194e+01 -1.046214449408619379e-01 6.267249619761766644e-01 6.391291315250949845e-01 -4.333406610628914857e-01
201.900000 1.512171482530456501e+02 -4.574735115712194755e+01 -3.145852361172631007e+01 -1.047225460725430546e-01 6.263551361606167767e-01 6.392386271731543834e-01 -4.336893003972777105e-01
202.000000 1.513129246382408724e+02 -4.585470445172730791e+01 -3.157647527645136520e+01 -1.042617040891695712e-01 6.262079117496338609e-01 6.395312717077872300e-01 -4.335814811894136422e-01
202.100000 1.514990816648320902e+02 -4.604872191600542664e+01 -3.179018590995915261e+01 -1.039216830629076521e-01 6.261794927746745509e-01 6.397594777647875874e-01 -4.333674390490711570e-01
202.200000 1.515915383644497751e+02 -4.615370342091679134e+01 -3.188974318218607706e+01 -1.035772949203902782e-01 6.262260397186528715e-01 6.399901818394403419e-01 -4.330418666877219325e-01
202.300000 1.516782568585208537e+02 -4.625206662252828238e+01 -3.197681689587947673e+01 -1.033394300834213075e-01 6.262418886440856980e-01 6.402809157685819264e-01 -4.326458228159245079e-01
202.400000 1.517794734947591451e+02 -4.635399340498272380e+01 -3.207089699864184240e+01 -1.030729031252208272e-01 6.263001934333534138e-01 6.405001134719532363e-01 -4.323004152081028617e-01
202.500000 1.518735859210071624e+02 -4.645035324096777885e+01 -3.215233725274437404e+01 -1.031005888746429622e-01 6.264595756416853067e-01 6.406137766159429869e-01 -4.318942670033953934e-01
202.600000 1.519741346557157726e+02 -4.655235265021155300e+01 -3.221757172549382631e+01 -1.033077928546991958e-01 6.267418106726110327e-01 6.407597443255284020e-01 -4.312182193996341173e-01
202.700000 1.520936019621211415e+02 -4.664248987825907733e+01 -3.226631689898729860e+01 -1.036102168526560618e-01 6.270606851518203406e-01 6.409180963513618767e-01 -4.304460638338113432e-01
202.800000 1.522243391194969604e+02 -4.674092859620468943e+01 -3.231827055500774293e+01 -1.040478721196051032e-01 6.273233665914970114e-01 6.411016769681588956e-01 -4.296836904332153040e-01
202.900000 1.523479042893710584e+02 -4.683192303326608652e+01 -3.235316840576443553e+01 -1.045928856229025178e-01 6.277790191447399915e-01 6.412766126855166116e-01 -4.286235381092974861e-01
203.000000 1.524867312210463695e+02 -4.692209238944524685e+01 -3.239873338399584668e+01 -1.052051630165503626e-01 6.280819743609141748e-01 6.414447194659294027e-01 -4.277774877513217944e-01
203.100000 1.526275653754260588e+02 -4.701072218234094890e+01 -3.244087465528484415e+01 -1.059893377265606756e-01 6.284096405123339446e-01 6.415439275704729605e-01 -4.269531274002990040e-01
203.200000 1.527554905896299147e+02 -4.709338774946912309e+01 -3.248052621808761842e+01 -1.067476658048332472e-01 6.286473224539337323e-01 6.416840440535295231e-01 -4.262030823725087014e-01
203.300000 1.528981709744425643e+02 -4.718140049243734069e+01 -3.251758660865360184e+01 -1.076235748974663925e-01 6.290396364724267775e-01 6.417711323251075184e-01 -4.252718137698240919e-01
203.400000 1.530393029385991213e+02 -4.727005195298324480e+01 -3.255873032061880679e+01 -1.085211676661745617e-01 6.293876431143435868e-01 6.418309114006890415e-01 -4.244377834664375682e-01
203.500000 1.531705558701658560e+02 -4.734877161760781661e+01 -3.259532747751562454e+01 -1.092634360924104459e-01 6.297699516013227639e-01 6.418729228795174713e-01 -4.236159350962285242e-01
203.600000 1.534370209136620531e+02 -4.754890132467523500e+01 -3.267799053885943295e+01 -1.099925838371191011e-01 6.305410746601857186e-01 6.416885903259109680e-01 -4.225580879746093088e-01
203.700000 1.535841105324427076e+02 -4.765338800369116967e+01 -3.272305495005372222e+01 -1.106344177185102085e-01 6.309626431161109439e-01 6.417534330026939404e-01 -4.216618311363673488e-01
203.800000 1.537077079658279501e+02 -4.774320728538825875e+01 -3.276072115089256442e+01 -1.111742149732996149e-01 6.314494996953537997e-01 6.417607819663145863e-01 -4.207789467042549192e-01
203.900000 1.538259988520637762e+02 -4.783912209832541151e+01 -3.280040810875411239e+01 -1.119173031453581796e-01 6.319213968202453957e-01 6.417237369181298945e-01 -4.199291737582075967e-01
204.000000 1.539574446940780490e+02 -4.795570056268402226e+01 -3.286134555606108165e+01 -1.125020486366461597e-01 6.322446631429790020e-01 6.417521055333252900e-01 -4.192424239307401268e-01
204.100000 1.540752881600289186e+02 -4.805580685820739717e+01 -3.289054452702043818e+01 -1.132087422437347557e-01 6.324716144507845916e-01 6.419507622371237732e-01 -4.184048953547095939e-01
204.200000 1.542032692573702661e+02 -4.807203259264269235e+01 -3.280046990170117738e+01 -1.139779314417633665e-01 6.316368030177044179e-01 6.424136217663289905e-01 -4.187466045079035193e-01
204.300000 1.543548442671742578e+02 -4.811634729425048107e+01 -3.273313142857128355e+01 -1.147818592423650447e-01 6.309746714245763055e-01 6.428250282202487842e-01 -4.188938671109309064e-01
204.400000 1.546577838935795910e+02 -4.823251425506052925e+01 -3.278775052674288304e+01 -1.159001228436800091e-01 6.302266052317332390e-01 6.428873985238295896e-01 -4.196157532816989777e-01
204.500000 1.548259615477890634e+02 -4.831182012225701072e+01 -3.278661247534029144e+01 -1.167069583555177675e-01 6.295495799364126954e-01 6.432253372335228203e-01 -4.198904354877718292e-01
204.600000 1.551463726329163819e+02 -4.847062830533604227e+01 -3.278421486467082957e+01 -1.175525027868966621e-01 6.289828152486875990e-01 6.435803030203386399e-01 -4.199600228291034409e-01
204.700000 1.553012137114131690e+02 -4.857361270849636270e+01 -3.278382410128334357e+01 -1.182797846105731049e-01 6.285621436646076088e-01 6.440273970306760187e-01 -4.197001739076619553e-01
204.800000 1.554412523113400653e+02 -4.866182673760908273e+01 -3.282936339738435549e+01 -1.194904250738971080e-01 6.281498402033185435e-01 6.438356420726927265e-01 -4.202683458994362353e-01
204.900000 1.555876770571195777e+02 -4.877268500968653342e+01 -3.285855510952019642e+01 -1.201685897624646671e-01 6.278511419865846488e-01 6.444137756740039302e-01 -4.196347688910161411e-01
205.000000 1.557209906788718285e+02 -4.888079930202639645e+01 -3.285844585777459770e+01 -1.209577224636064069e-01 6.275978080515115520e-01 6.450526742667057611e-01 -4.188045703269323017e-01
205.100000 1.558456691103982905e+02 -4.899816282160139025e+01 -3.287061298339651216e+01 -1.217061681395271294e-01 6.274184040288961484e-01 6.456402445862788886e-01 -4.179502715553559677e-01
205.200000 1.559853913542551709e+02 -4.912067515012608254e+01 -3.287727284153751839e+01 -1.223852766980667722e-01 6.271915541012288431e-01 6.462055431607103273e-01 -4.172181617571246726e-01
205.300000 1.560876715213491082e+02 -4.922068824273096510e+01 -3.287641729665496371e+01 -1.231399642080805296e-01 6.269592659080757135e-01 6.467928938696032581e-01 -4.164343652325339651e-01
205.400000 1.562191940518964941e+02 -4.933099857903857099e+01 -3.287750567697112558e+01 -1.238570206027443110e-01 6.267339360176087393e-01 6.473634706360700264e-01 -4.156736084686029620e-01
205.500000 1.563441276786940080e+02 -4.944868520033292469e+01 -3.287580950370825406e+01 -1.246765264762770553e-01 6.264747863980996145e-01 6.479537259393763904e-01 -4.148988729733370517e-01
205.600000 1.564744657284219898e+02 -4.956031858476972474e+01 -3.287234499281044009e+01 -1.255468479118737601e-01 6.260285788506664284e-01 6.485758715182761147e-01 -4.143374787850073737e-01
205.700000 1.565993030695311745e+02 -4.967643455060552782e+01 -3.285232373527239247e+01 -1.265129396757662117e-01 6.256319107491723486e-01 6.490664739661798910e-01 -4.138742571362054590e-01
205.800000 1.567260961662071281e+02 -4.979154050835334289e+01 -3.284038808586691971e+01 -1.272018817063293450e-01 6.254141461255218193e-01 6.496117474112825807e-01 -4.131360608101324883e-01
205.900000 1.568434147455207892e+02 -4.989632759964484165e+01 -3.284463498287504990e+01 -1.280789409343711660e-01 6.250908896443372331e-01 6.500819057769720022e-01 -4.126144451593530826e-01
206.000000 1.569775138737950329e+02 -5.000338646442747148e+01 -3.284890627203016322e+01 -1.289780839191916328e-01 6.246515644098560305e-01 6.505642452544279086e-01 -4.122392991278124308e-01
206.100000 1.571273943613321933e+02 -5.011331389887919130e+01 -3.284347955913517580e+01 -1.299553213392695694e-01 6.240389738774262396e-01 6.510957826708806406e-01 -4.120209403972198148e-01
206.200000 1.572673696773635754e+02 -5.020964268629443694e+01 -3.281917960046394001e+01 -1.308815264642815834e-01 6.235168377194507672e-01 6.515845887428289851e-01 -4.117454344902368724e-01
206.300000 1.574013047336964917e+02 -5.031561804490765866e+01 -3.283630395443687178e+01 -1.316410779607483650e-01 6.231596556421118427e-01 6.519302031271243525e-01 -4.114968777815487533e-01
206.400000 1.575199621102190974e+02 -5.041883820643189296e+01 -3.284165047187879338e+01 -1.323755864123752901e-01 6.228441967666934476e-01 6.522753721737457600e-01 -4.111917430246303518e-01
206.500000 1.576278326462195594e+02 -5.051265722216248122e+01 -3.284638504401476666e+01 -1.332951224188363148e-01 6.225044797923610096e-01 6.525311302616118025e-01 -4.110032931951916324e-01
206.600000 1.577508124662163596e+02 -5.063211203690101314e+01 -3.285471128680892150e+01 -1.341651987521952083e-01 6.226408056302764615e-01 6.526814266185309021e-01 -4.102743983665851357e-01
206.700000 1.578873832516571838e+02 -5.070956040059112269e+01 -3.284406808714295778e+01 -1.351789151778946541e-01 6.220039715377003731e-01 6.529010247277897694e-01 -4.105581227939074651e-01
206.800000 1.580181414666733133e+02 -5.079450017260810313e+01 -3.286515948922057362e+01 -1.360757796953036836e-01 6.214331163341848541e-01 6.531261091836967347e-01 -4.107682431810724122e-01
206.900000 1.581385913522753128e+02 -5.091511072716641451e+01 -3.288552703457594362e+01 -1.366387729466743139e-01 6.217370342476807865e-01 6.531383680905737954e-01 -4.101014241629839518e-01
207.000000 1.582719689114531718e+02 -5.100737373186279200e+01 -3.282927985053542841e+01 -1.377548902119803687e-01 6.210992612070971308e-01 6.535006184970909571e-01 -4.101173485413693864e-01
207.100000 1.584109571511299350e+02 -5.108347519664817327e+01 -3.273195387370904541e+01 -1.388928294774305905e-01 6.204555896610565169e-01 6.537041503206696413e-01 -4.103833902969702407e-01
207.200000 1.584794321589794492e+02 -5.110425081156521543e+01 -3.257592271867670775e+01 -1.399800955398017299e-01 6.195741791269053778e-01 6.541204216775226010e-01 -4.106822169954638113e-01
207.300000 1.587499804900597553e+02 -5.127190840634394675e+01 -3.249260404837748695e+01 -1.410202142643509626e-01 6.188800781936594220e-01 6.544554219987853694e-01 -4.108392004181660728e-01
207.400000 1.588425654629698158e+02 -5.133239402958199804e+01 -3.238064431845329239e+01 -1.421700032430972538e-01 6.180916712676896019e-01 6.548098071127139708e-01 -4.110650710001791386e-01
207.500000 1.589053405756290829e+02 -5.133849481989269492e+01 -3.216062922993523898e+01 -1.433878802842497024e-01 6.171931909127005289e-01 6.551215734770441390e-01 -4.114950848352267321e-01
207.600000 1.590833732630187001e+02 -5.144760088441463353e+01 -3.211121512598384697e+01 -1.444913144687497986e-01 6.164927012967772457e-01 6.554638564675827617e-01 -4.116140694334189942e-01
207.700000 1.591808047746707757e+02 -5.150198165191186916e+01 -3.198076211226383592e+01 -1.455647425646737492e-01 6.156237823085213279e-01 6.557855136214600922e-01 -4.120238154554520804e-01
207.800000 1.593057205712495090e+02 -5.155553396066402883e+01 -3.190145107375090916e+01 -1.465919729613038847e-01 6.148783054148033722e-01 6.560039835812919717e-01 -4.124248252942689374e-01
207.900000 1.594456487620173561e+02 -5.158928537485619614e+01 -3.180790916836040694e+01 -1.475813691931801008e-01 6.142034581759964196e-01 6.560945317650698216e-01 -4.129331868712990961e-01
208.000000 1.595548141394050106e+02 -5.163267260325147134e+01 -3.168270563076196211e+01 -1.485308060541047359e-01 6.133519796178982242e-01 6.564937426226969963e-01 -4.132238069726466012e-01
208.100000 1.596324724111252351e+02 -5.164251637607210199e+01 -3.152992657575773094e+01 -1.495581331564663774e-01 6.124970301479776280e-01 6.567673664327013938e-01 -4.136863295489879855e-01
208.200000 1.597299089669861587e+02 -5.176936119109614509e+01 -3.159221411680944058e+01 -1.505502934966688466e-01 6.127311547884854992e-01 6.561745095341088296e-01 -4.139204683478550639e-01
208.300000 1.597828507322771543e+02 -5.176138411799716010e+01 -3.141409627944728911e+01 -1.516670097785501325e-01 6.117765059177374676e-01 6.565576720149972623e-01 -4.143170866258898410e-01
208.400000 1.598973261598410716e+02 -5.174692022351492682e+01 -3.109072665666494473e+01 -1.527775326208212492e-01 6.108937508113982950e-01 6.568260185508441040e-01 -4.147860075997275020e-01
208.500000 1.599542859778934485e+02 -5.174932592459193614e+01 -3.092879603638829522e+01 -1.538514309676920211e-01 6.099039004782457196e-01 6.571819822881360684e-01 -4.152816050903914147e-01
208.600000 1.600148808769549476e+02 -5.173274439071969510e+01 -3.076902860582675103e+01 -1.548351776159168358e-01 6.089468207259107757e-01 6.575333434008635569e-01 -4.157640431982240758e-01
208.700000 1.600828737077659980e+02 -5.174099657158375720e+01 -3.062734840351143717e+01 -1.558121229882633019e-01 6.081042496283585175e-01 6.578527063345159798e-01 -4.161269285712885790e-01
208.800000 1.601597116657981701e+02 -5.174385342523466846e+01 -3.049004386065164240e+01 -1.567170151331546135e-01 6.072261553577465998e-01 6.582013234431630666e-01 -4.165179362703037014e-01
208.900000 1.602672134198685967e+02 -5.177109989949844504e+01 -3.035899758090758738e+01 -1.576197351935835766e-01 6.063026830750244400e-01 6.585558583901057750e-01 -4.169619370561323812e-01
209.000000 1.602854717482690319e+02 -5.173509394855617671e+01 -3.020689572720153038e+01 -1.590829400820432116e-01 6.053514807266702213e-01 6.586307940979656550e-01 -4.176693429290257997e-01
209.100000 1.603551449688583546e+02 -5.174168139031767311e+01 -3.006596391320984551e+01 -1.600304030163054725e-01 6.044375734626380448e-01 6.589374627896678049e-01 -4.181469957196296550e-01
209.200000 1.603981512191122363e+02 -5.172247588435904930e+01 -2.991578345383228665e+01 -1.610620032037995142e-01 6.034122525607353849e-01 6.592703212151571623e-01 -4.187067328673161892e-01
209.300000 1.604897490749161193e+02 -5.175110828626119286e+01 -2.979105586681058426e+01 -1.619081489296366749e-01 6.026339768944832809e-01 6.596432103223193177e-01 -4.189139246649390969e-01
209.400000 1.606731479824166797e+02 -5.180279214246197483e+01 -2.952278017768625418e+01 -1.628110238497475493e-01 6.017029009008559859e-01 6.600240997763191508e-01 -4.193022505006991918e-01
209.500000 1.607817960287012227e+02 -5.181190474252137079e+01 -2.937209116153710298e+01 -1.635851318502976881e-01 6.008999645081957164e-01 6.602692985578012541e-01 -4.197661142512089105e-01
209.600000 1.609006961746952413e+02 -5.185428296609998000e+01 -2.927811431412078846e+01 -1.643632197576934406e-01 6.002082327806044226e-01 6.606154890430788740e-01 -4.199071146451817116e-01
209.700000 1.610314238946036767e+02 -5.190189762717550792e+01 -2.917751065282182665e+01 -1.652652169798086990e-01 5.993520790649931040e-01 6.610164724808841319e-01 -4.201448755917601141e-01
209.800000 1.612420878442264325e+02 -5.195729572447896061e+01 -2.891210749652303846e+01 -1.661127490639878190e-01 5.985999740027558857e-01 6.613208305789237684e-01 -4.204038353353917179e-01
209.900000 1.614556952752150778e+02 -5.201673675188725809e+01 -2.866893763479689383e+01 -1.668934845708090198e-01 5.978561952254731748e-01 6.616262231275941152e-01 -4.206724087793842215e-01
210.000000 1.615800735010862184e+02 -5.205205960987148472e+01 -2.855601007944739322e+01 -1.676554036160712025e-01 5.970040117243925470e-01 6.619686933986594912e-01 -4.210407635649847102e-01
210.100000 1.616683464840828606e+02 -5.207086339827576893e+01 -2.844498925187322769e+01 -1.683574764455013084e-01 5.961705895265880795e-01 6.623111673857194903e-01 -4.214027834086863100e-01
210.200000 1.617760629880871477e+02 -5.209643895724416751e+01 -2.831379048116743391e+01 -1.692203178565059862e-01 5.952828310689997071e-01 6.625796830175418872e-01 -4.218897945096489188e-01
210.300000 1.618876225610831057e+02 -5.212497895809814707e+01 -2.820654412454794979e+01 -1.699532227956202790e-01 5.943894035548472621e-01 6.629133204547948965e-01 -4.223305205247350758e-01
210.400000 1.619835402954126096e+02 -5.214914056436027323e+01 -2.806629225630047486e+01 -1.707892048865678192e-01 5.935617125812768791e-01 6.631658830223784440e-01 -4.227606325652197850e-01
210.500000 1.620750953411707940e+02 -5.216574795936590903e+01 -2.795765074815669138e+01 -1.715935420402040501e-01 5.927015865006597384e-01 6.634461590526649077e-01 -4.232017009984289091e-01
210.600000 1.622350372417072037e+02 -5.218333746544661977e+01 -2.767078933351625736e+01 -1.725037004807451757e-01 5.918170351600628987e-01 6.636776552440484256e-01 -4.237063135528716384e-01
210.700000 1.623082296300320877e+02 -5.219010737740270400e+01 -2.753172253729809782e+01 -1.734650524364305391e-01 5.909021579948834368e-01 6.638779626180553173e-01 -4.242765206917724630e-01
210.800000 1.623737517226445277e+02 -5.217636644675317115e+01 -2.737356074956975149e+01 -1.743495844317853039e-01 5.900652252825888677e-01 6.640561125990791513e-01 -4.247996370531296195e-01
210.900000 1.626752763804919653e+02 -5.230400427745470182e+01 -2.733995192901399562e+01 -1.757803413804257531e-01 5.891636283588137513e-01 6.637737368898268819e-01 -4.259012993858711238e-01
211.000000 1.627100435301904042e+02 -5.227159360689960721e+01 -2.718993554120911327e+01 -1.770581594606071563e-01 5.880929417685980543e-01 6.638865487710955415e-01 -4.266752282136639929e-01
211.100000 1.627437356036508902e+02 -5.224121957356414470e+01 -2.702436866752164590e+01 -1.782510989937971524e-01 5.871027277041367398e-01 6.639906915272798527e-01 -4.273795671238744820e-01
211.200000 1.627646500809905774e+02 -5.220852240059121385e+01 -2.685721225029084636e+01 -1.794580434550198111e-01 5.862031120790459626e-01 6.640576120515784275e-01 -4.280049180844689993e-01
211.300000 1.628008118019076846e+02 -5.217866401335972881e+01 -2.670707039168256003e+01 -1.806488648316988688e-01 5.851476146929620592e-01 6.642101267578242041e-01 -4.287110497368948892e-01
211.400000 1.628317824029196572e+02 -5.215104934581497531e+01 -2.657011645366397445e+01 -1.817983309041402706e-01 5.840979223627946748e-01 6.643816128050411551e-01 -4.293903312121825633e-01
211.500000 1.629936261938155155e+02 -5.220785069632434983e+01 -2.657825000624744760e+01 -1.832322398632701410e-01 5.830226690312320104e-01 6.641191949638899361e-01 -4.306462684743735392e-01
211.600000 1.630207799022898030e+02 -5.217819273145982351e+01 -2.642605867046271939e+01 -1.845441944387754551e-01 5.820044074259681510e-01 6.642030817738655557e-01 -4.313334860612965116e-01
211.700000 1.630666167362397516e+02 -5.214877642312429629e+01 -2.626326096538503307e+01 -1.857099562527532166e-01 5.809750857407354196e-01 6.643419111329669224e-01 -4.320064663976023733e-01
211.800000 1.631121865811929865e+02 -5.213527431010867730e+01 -2.612838040028905695e+01 -1.865858894071091290e-01 5.800625237073299134e-01 6.645537826130482051e-01 -4.325291255847760197e-01
211.900000 1.632595196264308584e+02 -5.218958897576148814e+01 -2.613763399366056106e+01 -1.876422998802521613e-01 5.789892176533574242e-01 6.645871373946360405e-01 -4.334579448417180125e-01
212.000000 1.633528947093023476e+02 -5.220953599485314811e+01 -2.599493248801431022e+01 -1.882919647679558717e-01 5.780082145394470627e-01 6.649421844425897898e-01 -4.339407001854749812e-01
212.100000 1.634817750536984704e+02 -5.218018471047366091e+01 -2.567797921313548315e+01 -1.892043710266510248e-01 5.771592599594635997e-01 6.650375234293760540e-01 -4.345273145135707393e-01
212.200000 1.635583545762183633e+02 -5.210008967342098885e+01 -2.520450583518460164e+01 -1.906427748769950747e-01 5.760311530801118796e-01 6.651197176960007562e-01 -4.352691169844102315e-01
212.300000 1.636176843541350365e+02 -5.207639895511830019e+01 -2.504511029389436416e+01 -1.916657886647677445e-01 5.749768653148430442e-01 6.652706700696257025e-01 -4.359825287248800252e-01
212.400000 1.638103800248710229e+02 -5.209368353217787018e+01 -2.476148458447583423e+01 -1.924330160406514945e-01 5.739896646953609460e-01 6.655096041956523045e-01 -4.365803086303273184e-01
212.500000 1.639356252072004452e+02 -5.211106081259955403e+01 -2.466792637950075928e+01 -1.930259041662363007e-01 5.733793939564277853e-01 6.657737367977242249e-01 -4.367177604556071735e-01
212.600000 1.640864316127336338e+02 -5.215392292913158911e+01 -2.468096697464416067e+01 -1.941278039123117138e-01 5.725099614082173050e-01 6.657567146527416657e-01 -4.373954009032700596e-01
212.700000 1.641894057597085634e+02 -5.215328908635466831e+01 -2.454351948079793644e+01 -1.947554499020016094e-01 5.716743009505088624e-01 6.658798361004747424e-01 -4.380215202944039987e-01
212.800000 1.643534891573305572e+02 -5.220356974868581545e+01 -2.454729681353035531e+01 -1.957882327895426322e-01 5.707792838790424206e-01 6.659321094787681306e-01 -4.386483814638248990e-01
212.900000 1.644989990032909191e+02 -5.224694631058162742e+01 -2.450605217890143805e+01 -1.967485552199488563e-01 5.696539813181489276e-01 6.660231416664813553e-01 -4.395424010854410146e-01
213.000000 1.646045401049166230e+02 -5.224852792651528688e+01 -2.435303877514357751e+01 -1.974728033511718717e-01 5.688387255475670923e-01 6.661125564525551823e-01 -4.401375448542084734e-01
213.100000 1.647143828555133780e+02 -5.225937576988052768e+01 -2.422156675540677284e+01 -1.982277604812044958e-01 5.679303731502820529e-01 6.662635425268341738e-01 -4.407422581595518141e-01
213.200000 1.647620760021022193e+02 -5.222806181587099417e+01 -2.404452632834399495e+01 -1.993124409092417448e-01 5.669279828326017068e-01 6.663433164293187660e-01 -4.414224709166200133e-01
213.300000 1.648823839711159849e+02 -5.223317462976080350e+01 -2.390281333449854273e+01 -2.000450716652235617e-01 5.660360850806265276e-01 6.663920662055605737e-01 -4.421614340796097831e-01
213.400000 1.649348970613807808e+02 -5.220873328070361907e+01 -2.375653078609969171e+01 -2.011248641558455452e-01 5.650559190831174750e-01 6.664569504496026253e-01 -4.428269758323695737e-01
213.500000 1.649846709312333530e+02 -5.217767842053208227e+01 -2.359528881256649058e+01 -2.021563661719155136e-01 5.642263687813685591e-01 6.664146520288264375e-01 -4.434782068481560868e-01
213.600000 1.650366573868054445e+02 -5.215198697056396071e+01 -2.343375435179308042e+01 -2.033784289774412390e-01 5.631680762636175341e-01 6.663525007148379808e-01 -4.443571506066781862e-01
213.700000 1.650958670807640090e+02 -5.213031161928855539e+01 -2.328953329135685024e+01 -2.042477834024058747e-01 5.622485268575554418e-01 6.664620715978951671e-01 -4.449581375176259179e-01
213.800000 1.651682270288391692e+02 -5.211607864992451056e+01 -2.313450036624223927e+01 -2.051571743432686057e-01 5.613426900664543195e-01 6.664947189199166289e-01 -4.456340514102391515e-01
213.900000 1.652335446444106424e+02 -5.209476806132577309e+01 -2.297723716300186325e+01 -2.060571768241234447e-01 5.604763765961598976e-01 6.665370868367898050e-01 -4.462454291396574235e-01
214.000000 1.653824647818969993e+02 -5.216154489896954516e+01 -2.303020723841946094e+01 -2.079280184998942849e-01 5.594359114806523037e-01 6.661074195186679203e-01 -4.473234911456144269e-01
214.100000 1.654928989833066737e+02 -5.215883596765953456e+01 -2.288068514788083618e+01 -2.086808809547824051e-01 5.585938292025618424e-01 6.661353171354168490e-01 -4.479832175044649589e-01
214.200000 1.656126396307372772e+02 -5.215948577821156817e+01 -2.273831567280958055e+01 -2.096280553908499711e-01 5.576107220476536064e-01 6.661050231925136345e-01 -4.488100479359234396e-01
214.300000 1.657411012098870629e+02 -5.216323951073169241e+01 -2.262450582118611564e+01 -2.104891091837999828e-01 5.566892976740727139e-01 6.660669376500156780e-01 -4.496067118490205683e-01
214.400000 1.659007392422042813e+02 -5.216336069482689908e+01 -2.242254272283644312e+01 -2.111156074863369814e-01 5.560158508168357994e-01 6.660887460816379280e-01 -4.501137148093761753e-01
214.500000 1.661471112366718330e+02 -5.216076198183647961e+01 -2.210687760410493397e+01 -2.117417945034359428e-01 5.553249712494690016e-01 6.660678890553868303e-01 -4.507029575413744049e-01
214.600000 1.662314037778390627e+02 -5.213234886524895018e+01 -2.194352450439392399e+01 -2.127549885589567202e-01 5.545052249651238885e-01 6.659492888071104622e-01 -4.514098083415549190e-01
214.700000 1.663204184893254478e+02 -5.211272301051884170e+01 -2.179806383152004301e+01 -2.136688033013778021e-01 5.536830329672919326e-01 6.658319235149742221e-01 -4.521599176488861338e-01
214.800000 1.663879703298586890e+02 -5.209699129396226880e+01 -2.165684888822583432e+01 -2.146373737371135848e-01 5.528215067228430257e-01 6.657002805640467313e-01 -4.529484694276711410e-01
214.900000 1.664974404054474917e+02 -5.209321405449063747e+01 -2.152476933691551508e+01 -2.153842896736848367e-01 5.520236425364068999e-01 6.656962378973728667e-01 -4.535725131573604685e-01
215.000000 1.665654315398433027e+02 -5.206968877664757400e+01 -2.136903019333040632e+01 -2.163409540353654348e-01 5.512425950905506244e-01 6.656213222562287202e-01 -4.541766708262027219e-01
215.100000 1.666425821985352513e+02 -5.204702268688611611e+01 -2.123374510709975382e+01 -2.170904013248908526e-01 5.504547009782931877e-01 6.656535132713196079e-01 -4.547271490608898459e-01
215.200000 1.667545612542181743e+02 -5.199588356317789106e+01 -2.092856421672042089e+01 -2.182258477761090942e-01 5.495210818574600697e-01 6.655986621751464050e-01 -4.553926666814702706e-01
215.300000 1.668195542603884576e+02 -5.196813986191339296e+01 -2.077214835984343821e+01 -2.191793392978890753e-01 5.486482653898152595e-01 6.656126447567770610e-01 -4.559663422332576599e-01
215.400000 1.668674722015063026e+02 -5.194470529895361466e+01 -2.063946458330477540e+01 -2.203078514508563790e-01 5.476035113660516762e-01 6.656604031029116353e-01 -4.566082266774739162e-01
215.500000 1.670711968241633940e+02 -5.188225370008654380e+01 -2.035248736938865832e+01 -2.224043805052836331e-01 5.461634677588395048e-01 6.652366874125225094e-01 -4.579322086707963702e-01
215.600000 1.671315785829445986e+02 -5.185336395685222755e+01 -2.021005611784765321e+01 -2.233670838546354676e-01 5.453811440048320636e-01 6.651885271918976938e-01 -4.584656769121664421e-01
215.700000 1.671718484270227520e+02 -5.182071765507382821e+01 -2.004634251384482369e+01 -2.245888023722829308e-01 5.445354961194146526e-01 6.650447680208401158e-01 -4.590821493404785292e-01
215.800000 1.672772410229497382e+02 -5.179900991445544634e+01 -1.993152276975248682e+01 -2.264831729089218648e-01 5.433531256504680051e-01 6.645497603867500658e-01 -4.602677147105663225e-01
215.900000 1.673313627235552588e+02 -5.177339615224828862e+01 -1.978600344363477959e+01 -2.274737176784959458e-01 5.425135585750442413e-01 6.644744456651769937e-01 -4.608779204797314732e-01
216.000000 1.674104448545264461e+02 -5.174753102567961349e+01 -1.963589203033592767e+01 -2.283050950564436687e-01 5.417517327381228265e-01 6.644322645945449635e-01 -4.614234599717209617e-01
216.100000 1.674539340462627024e+02 -5.171673907559505068e+01 -1.950319174738372752e+01 -2.295112338685513509e-01 5.410349324931041926e-01 6.642833308378491841e-01 -4.618803435104054111e-01
216.200000 1.675006005528463220e+02 -5.167985778109980544e+01 -1.935756472295995323e+01 -2.307646428593863874e-01 5.403567341147489378e-01 6.640540875070046756e-01 -4.623791175735144088e-01
216.300000 1.675704520991460527e+02 -5.165992168981227195e+01 -1.921809943884227678e+01 -2.317677316873981985e-01 5.395861594159123698e-01 6.639248895269883599e-01 -4.629624565575919948e-01
216.400000 1.675972298129727562e+02 -5.162572778209156610e+01 -1.906693149666405063e+01 -2.331408215228169267e-01 5.388190759322099010e-01 6.637362456404340971e-01 -4.634366806526719618e-01
216.500000 1.676671600957638759e+02 -5.160579987489834508e+01 -1.892730585216915173e+01 -2.340830132660186580e-01 5.381693435164811579e-01 6.635629449673298152e-01 -4.639645661746434890e-01
216.600000 1.677164653725850769e+02 -5.158160489784963687e+01 -1.879517951275797216e+01 -2.354186161782365616e-01 5.374593580463755682e-01 6.632339241482274605e-01 -4.645818285986282326e-01
216.700000 1.677715251381608823e+02 -5.154926852109679913e+01 -1.865132718183803817e+01 -2.364267032154478421e-01 5.368607864942122054e-01 6.629931480455157899e-01 -4.651053596511084964e-01
216.800000 1.678401581382845507e+02 -5.152570896416295199e+01 -1.851170707062560794e+01 -2.375065733804033741e-01 5.362477019111497878e-01 6.626901161061807821e-01 -4.656939336208775204e-01
216.900000 1.679083483981432039e+02 -5.150190812278419372e+01 -1.837191282556810634e+01 -2.385442551696643210e-01 5.356123429613309783e-01 6.624538915528468408e-01 -4.662305201930826426e-01
217.000000 1.679751259745480354e+02 -5.147537697578530214e+01 -1.821607249606371326e+01 -2.397447122688257937e-01 5.349739286507291247e-01 6.621291998929025313e-01 -4.668086237981549647e-01
217.100000 1.680363623129932193e+02 -5.144048994677807940e+01 -1.804403291123986364e+01 -2.406181127941135200e-01 5.343404933677715629e-01 6.619794143388462171e-01 -4.672969248074332338e-01
217.200000 1.680858194922603559e+02 -5.140035784336730984e+01 -1.788472823521707156e+01 -2.418321193982571615e-01 5.337275310328314371e-01 6.616566969003531140e-01 -4.678274939460689286e-01
217.300000 1.681952562178457811e+02 -5.137728668333020465e+01 -1.775463033140107783e+01 -2.442078238480294428e-01 5.329111370212225030e-01 6.606815188922522397e-01 -4.689010443626504543e-01
217.400000 1.682580956975900506e+02 -5.134730346045893867e+01 -1.758223625876783913e+01 -2.453468622335595595e-01 5.323416405224024039e-01 6.603439605801139090e-01 -4.694285341598153360e-01
217.500000 1.683070873599145898e+02 -5.131515443884298833e+01 -1.740567955320079463e+01 -2.462975559069417453e-01 5.317091085034626463e-01 6.601495968289020633e-01 -4.699206823447528159e-01
217.600000 1.684089571597959605e+02 -5.128761810052525760e+01 -1.725245957166668020e+01 -2.480296749669086975e-01 5.310380469363467082e-01 6.594555021054963051e-01 -4.707423008235269712e-01
217.700000 1.685034189338972794e+02 -5.127233591950768954e+01 -1.710993458435671855e+01 -2.502780867413227361e-01 5.302291018319778004e-01 6.585314102640058564e-01 -4.717566751655525303e-01
217.800000 1.685870718472508827e+02 -5.124474262853441786e+01 -1.694611029001403679e+01 -2.511965232903987655e-01 5.296756312707575631e-01 6.582758703455081628e-01 -4.722466631386654790e-01
217.900000 1.686637605080733522e+02 -5.121547855519630588e+01 -1.676346050637753038e+01 -2.522635128602898624e-01 5.290492619866280499e-01 6.579263775240843382e-01 -4.728666622091545202e-01
218.000000 1.687245740815585577e+02 -5.118867988020641491e+01 -1.660521536082310590e+01 -2.531845151742112554e-01 5.284981802398742712e-01 6.576389414751838691e-01 -4.733902168555457757e-01
218.100000 1.687914998491023937e+02 -5.115684032314535301e+01 -1.645042498900646777e+01 -2.541746241883028334e-01 5.279928537581116688e-01 6.572981726593341012e-01 -4.738965277545305055e-01
218.200000 1.688320207463595750e+02 -5.112838507615200712e+01 -1.630111003608401532e+01 -2.554816791066989445e-01 5.273462938551385371e-01 6.568751667363159630e-01 -4.744997506039476676e-01
218.300000 1.689008593953283253e+02 -5.110127593186079054e+01 -1.614628900563142722e+01 -2.565695078640083393e-01 5.267844379588648707e-01 6.564517359051106338e-01 -4.751224705125513537e-01
218.400000 1.690210442563165145e+02 -5.100721488688242999e+01 -1.565476159323990046e+01 -2.577693502736413955e-01 5.261043387646934244e-01 6.561741524421200733e-01 -4.756097859162856656e-01
218.500000 1.690913811283629116e+02 -5.097378910531070773e+01 -1.550169529793476286e+01 -2.586629038390103608e-01 5.256009290279087809e-01 6.558435418722474708e-01 -4.761369699645634501e-01
218.600000 1.691514691484605351e+02 -5.094836392399863456e+01 -1.535843261362269985e+01 -2.596362993409060405e-01 5.250525772464297303e-01 6.554947689453692883e-01 -4.766921344816780204e-01
218.700000 1.692103148170489533e+02 -5.091632350713731370e+01 -1.520030832001942755e+01 -2.606869660388513865e-01 5.244250024513011921e-01 6.551733474786824996e-01 -4.772510945979999697e-01
218.800000 1.692783583380231676e+02 -5.087849375921124562e+01 -1.501574553482298668e+01 -2.617134078858477930e-01 5.237721925580740567e-01 6.548546191031758834e-01 -4.778432904990067565e-01
218.900000 1.693486474435635785e+02 -5.085618733589848972e+01 -1.487668116827332554e+01 -2.625459447311488947e-01 5.231495809610783310e-01 6.545915756730801283e-01 -4.784286905102064780e-01
219.000000 1.693999108062103005e+02 -5.082079091309801555e+01 -1.470144021123318012e+01 -2.636103384422538443e-01 5.224842778841629620e-01 6.542662243153422041e-01 -4.790151109833293286e-01
219.100000 1.694418609259654431e+02 -5.078646764817960246e+01 -1.453854957560539773e+01 -2.647131002281412071e-01 5.217913346468971980e-01 6.539499526708595356e-01 -4.795938250820125370e-01
219.200000 1.694783646219448201e+02 -5.075406034739899752e+01 -1.435909000050516582e+01 -2.657671416940511344e-01 5.211684664702581626e-01 6.536581024255768702e-01 -4.800857643028041410e-01
219.300000 1.696434480613541211e+02 -5.070852688926354546e+01 -1.406155788574337251e+01 -2.666577745427626822e-01 5.205179149775512881e-01 6.533963361435075612e-01 -4.806536792510426315e-01
219.400000 1.697612761837320079e+02 -5.068348485264339587e+01 -1.383403890765635325e+01 -2.675198821506343805e-01 5.198468604991379749e-01 6.531022935341120883e-01 -4.813000607352786453e-01
219.500000 1.698861922969116733e+02 -5.065720682542302455e+01 -1.364412291066382110e+01 -2.682790782461805801e-01 5.192087741292504832e-01 6.528548218739098630e-01 -4.819016150611721283e-01
219.600000 1.699529602906886225e+02 -5.062684727620638370e+01 -1.348899433447200025e+01 -2.692558370477700636e-01 5.185421292383163294e-01 6.525512962798538652e-01 -4.824853988922157000e-01
219.700000 1.700362665846553796e+02 -5.059538274287705661e+01 -1.332578857175662179e+01 -2.700574537982301515e-01 5.179146970383937676e-01 6.523117327511339658e-01 -4.830349278829211279e-01
219.800000 1.701330714775239699e+02 -5.056264671391706855e+01 -1.317050449158829295e+01 -2.708692117924514919e-01 5.172716189536945564e-01 6.520503143683161751e-01 -4.836220940570641891e-01
219.900000 1.702113095533507305e+02 -5.052878366874912075e+01 -1.300532186059760065e+01 -2.718404928416612298e-01 5.165408059933872531e-01 6.517297849633334472e-01 -4.842898198258472897e-01
220.000000 1.703010533500613235e+02 -5.050406198982243922e+01 -1.286120672868144155e+01 -2.728406212297813105e-01 5.158029942662969436e-01 6.513900289695386814e-01 -4.849704080373701265e-01
220.100000 1.704655257928377807e+02 -5.044557997525927107e+01 -1.253302521823170324e+01 -2.736970079167609371e-01 5.150856017853260305e-01 6.511428305067554767e-01 -4.855819034627544273e-01
220.200000 1.705258359246568318e+02 -5.041429132966583637e+01 -1.237550578750162700e+01 -2.745576360328635945e-01 5.143771380516856118e-01 6.508960828036358670e-01 -4.861774920095387476e-01
220.300000 1.706119896302765540e+02 -5.038658616754852204e+01 -1.221309362678557520e+01 -2.754501515883204799e-01 5.136446492428576871e-01 6.506137984991980927e-01 -4.868244791468460675e-01
220.400000 1.706660849933354598e+02 -5.035418769264730798e+01 -1.205333242126274129e+01 -2.763508045199584151e-01 5.129169940008280193e-01 6.503445596872119427e-01 -4.874406053988245557e-01
220.500000 1.706974675134034669e+02 -5.032370786161565235e+01 -1.188724749586726048e+01 -2.773407951335672417e-01 5.121343328886887036e-01 6.500938096224851970e-01 -4.880353953576139214e-01
220.600000 1.707685386080671890e+02 -5.029432793153920755e+01 -1.173368475381348119e+01 -2.782973331545039453e-01 5.114128479929181958e-01 6.497846342254856022e-01 -4.886587995639855575e-01
220.700000 1.708381876529079477e+02 -5.026919333780821120e+01 -1.159475149811841632e+01 -2.791781015731498727e-01 5.106462015715697023e-01 6.495242899337728693e-01 -4.893038332248869637e-01
220.800000 1.709454990580052538e+02 -5.023675035745963413e+01 -1.144627888376679792e+01 -2.799812566704558692e-01 5.099548368194841697e-01 6.492581361246269056e-01 -4.899188024495703120e-01
220.900000 1.710082980813173776e+02 -5.020529981736692804e+01 -1.128956450488770358e+01 -2.808196574894741837e-01 5.091888885417000798e-01 6.490665291078414612e-01 -4.904891808644326612e-01
221.000000 1.710754555994420230e+02 -5.018319189266683367e+01 -1.114891558666189653e+01 -2.815496116188702658e-01 5.084662657335299318e-01 6.488522936345524350e-01 -4.911034248032110083e-01
221.100000 1.711439018268573591e+02 -5.015211685493576255e+01 -1.101062415711972520e+01 -2.836179894064129736e-01 5.071014645957424571e-01 6.480054104470558407e-01 -4.924407870203882931e-01
221.200000 1.712073545120345557e+02 -5.012357732559194545e+01 -1.086942070059919629e+01 -2.845219948171242019e-01 5.063584467410174872e-01 6.477123015662253902e-01 -4.930690948326529877e-01
221.300000 1.713348646596642482e+02 -5.007563666574611005e+01 -1.056982585557420506e+01 -2.852537235785412850e-01 5.055723334022060866e-01 6.475464391596253977e-01 -4.936704751294280769e-01
221.400000 1.714087813243615983e+02 -5.004247092126916385e+01 -1.040237434949386497e+01 -2.860952955851232549e-01 5.048239295985086361e-01 6.472923283234929270e-01 -4.942822307572187768e-01
221.500000 1.714297317292129321e+02 -5.001895318438371163e+01 -1.024816951301450274e+01 -2.872783200040280871e-01 5.040070090550051729e-01 6.469939037103838997e-01 -4.948201594930116132e-01
221.600000 1.715029366913289550e+02 -4.998968329156564749e+01 -1.009563273165152353e+01 -2.882281280503498078e-01 5.032260207146432851e-01 6.466704181623186276e-01 -4.954851042665850414e-01
221.700000 1.716218090044202427e+02 -4.993640365201479625e+01 -9.809067399845741164e+00 -2.889045528795510798e-01 5.025273285643120369e-01 6.464831035180373942e-01 -4.960443934137038213e-01
221.800000 1.716855562419722219e+02 -4.990565478511813780e+01 -9.668504200417238792e+00 -2.897487071712597784e-01 5.018315965790315358e-01 6.462256342610769311e-01 -4.965915474425561249e-01
221.900000 1.717418778602874738e+02 -4.987442216818374874e+01 -9.524907295621694914e+00 -2.907699835481792339e-01 5.010310309362120407e-01 6.458626024782839758e-01 -4.972747946823428133e-01
222.000000 1.718074759742564765e+02 -4.984251183238915672e+01 -9.369472349629965890e+00 -2.916280236527913350e-01 5.003458018789112005e-01 6.455663940632075937e-01 -4.978465679491461127e-01
222.100000 1.718808470532773072e+02 -4.978990609899424413e+01 -9.053049997210333544e+00 -2.926237682375668059e-01 4.995503530848849905e-01 6.452573744144061152e-01 -4.984613282482809882e-01
222.200000 1.719561169287374582e+02 -4.975971415404372777e+01 -8.901736394757769233e+00 -2.937084713092695254e-01 4.986875984461656697e-01 6.448562984596823977e-01 -4.992057365195685659e-01
222.300000 1.720612529332541669e+02 -4.969062147457929512e+01 -8.597686348347593821e+00 -2.948278967806257089e-01 4.979109556173036966e-01 6.444708522698414654e-01 -4.998184791809524574e-01
222.400000 1.721976294965576813e+02 -4.965213759621035905e+01 -8.500778800371325161e+00 -2.964455597899903760e-01 4.967758228128938414e-01 6.436711802606303046e-01 -5.010201828781539746e-01
222.500000 1.723344758024836949e+02 -4.962179194358053991e+01 -8.429251018117540184e+00 -2.978678728058600789e-01 4.957464970407378657e-01 6.429604634892596149e-01 -5.021075416796942914e-01
222.600000 1.724171529318916498e+02 -4.958261936478776732e+01 -8.267314073633684757e+00 -2.986762426566171857e-01 4.950173035403652722e-01 6.426596393317138833e-01 -5.027314981599847465e-01
222.700000 1.724639862578795544e+02 -4.955598388438698265e+01 -8.119476580048143433e+00 -2.996022340366629733e-01 4.942708937121386148e-01 6.423873234735543170e-01 -5.032626666361488255e-01
222.800000 1.725432747428860125e+02 -4.952635013826131427e+01 -7.970102683355086981e+00 -3.005171493229842339e-01 4.935069340042576580e-01 6.420497364773203319e-01 -5.038972960255969635e-01
222.900000 1.726397288801831564e+02 -4.949839240296383736e+01 -7.830890127069338291e+00 -3.014171054218527379e-01 4.927228588633876805e-01 6.417131636808370843e-01 -5.045553770116151249e-01
223.000000 1.727056510792585300e+02 -4.946846227965649945e+01 -7.691164096595414890e+00 -3.023885021355475766e-01 4.919772048330037229e-01 6.413081886217527616e-01 -5.052162219363220963e-01
223.100000 1.728638057092366580e+02 -4.941850042763234541e+01 -7.646888525879930398e+00 -3.040170368381920896e-01 4.907528523267472575e-01 6.404359547979076028e-01 -5.065343690682595490e-01
223.200000 1.730169480549019738e+02 -4.937608478918041754e+01 -7.581948268999454399e+00 -3.056164851996003295e-01 4.896876019622606879e-01 6.395294204410191252e-01 -5.077467250993029646e-01
223.300000 1.730843789328579305e+02 -4.934881444084151525e+01 -7.442426553492200725e+00 -3.066802531085253136e-01 4.888872608646753215e-01 6.390847514336690516e-01 -5.084359831901074100e-01
223.400000 1.734170969998471037e+02 -4.922696315799387179e+01 -7.393892757361523849e+00 -3.085574313078854880e-01 4.876008893564842128e-01 6.380000864407856520e-01 -5.098956500942083414e-01
223.500000 1.734793289678341921e+02 -4.919626257425910154e+01 -7.252655498922699451e+00 -3.095228354191442155e-01 4.868540005639517831e-01 6.376081140158234017e-01 -5.105141422430468090e-01
223.600000 1.735433310183294680e+02 -4.917112870436894667e+01 -7.111109287288993386e+00 -3.103433226826948776e-01 4.860770595501800462e-01 6.373308667388363213e-01 -5.111022212309773716e-01
223.700000 1.736398942926864777e+02 -4.914069810413771933e+01 -6.972496754148405529e+00 -3.111619528713963079e-01 4.853160348237764987e-01 6.369627957372648863e-01 -5.117860708096239053e-01
223.800000 1.737031673373027729e+02 -4.911630652007641373e+01 -6.846508996852612938e+00 -3.119428497290873681e-01 4.846151228581548343e-01 6.366605886600354980e-01 -5.123505987574605847e-01
223.900000 1.738488394876879681e+02 -4.905696037904395013e+01 -6.850472076571168856e+00 -3.136179421133444278e-01 4.834262525410377154e-01 6.357565839959337106e-01 -5.135722058723010131e-01
224.000000 1.739482855733220390e+02 -4.901629177346875821e+01 -6.716603812859961664e+00 -3.145325876799466847e-01 4.826035950768273186e-01 6.354523492619977842e-01 -5.141627496461468327e-01
224.100000 1.740343093665911454e+02 -4.897218925519640464e+01 -6.574739366511458627e+00 -3.154968675386138899e-01 4.817910948237799640e-01 6.351628343659247999e-01 -5.146914040102774646e-01
224.200000 1.741092542209018461e+02 -4.893078220344488471e+01 -6.425966414016308192e+00 -3.164410338991621718e-01 4.810045538927198994e-01 6.348829820610734087e-01 -5.151924788741909511e-01
224.300000 1.741985371842157235e+02 -4.888963018742872890e+01 -6.285233609642158825e+00 -3.174131085095805993e-01 4.802167599842027679e-01 6.346287845536621175e-01 -5.156424030202534370e-01
224.400000 1.742690119331597600e+02 -4.884543345038911610e+01 -6.151672012835621928e+00 -3.183889641767197465e-01 4.794080335128408366e-01 6.343851075060823463e-01 -5.160929570032153357e-01
224.500000 1.743530556749141738e+02 -4.880080771930118289e+01 -6.026356649244821284e+00 -3.194330443445301260e-01 4.785964480074877403e-01 6.341118700524974727e-01 -5.165366457415448975e-01
224.600000 1.744170618937773725e+02 -4.876258369238048118e+01 -5.871716628462966270e+00 -3.204455632590856862e-01 4.778354416637222712e-01 6.338403922930125889e-01 -5.169470850826443087e-01
224.700000 1.744605307577934639e+02 -4.873229577180821792e+01 -5.708443025272107008e+00 -3.215908604643912816e-01 4.770933367510885037e-01 6.334966992000398145e-01 -5.173424384255935760e-01
224.800000 1.745345991324688555e+02 -4.869020920860781843e+01 -5.576149554431840016e+00 -3.227543204908475127e-01 4.763872861132130709e-01 6.331313909493013758e-01 -5.177156014925392569e-01
224.900000 1.746275586770808559e+02 -4.863559919040211099e+01 -5.424587932883380148e+00 -3.237680315554836152e-01 4.757175543477079604e-01 6.328182180773685994e-01 -5.180812417927393998e-01
225.000000 1.746872504566008502e+02 -4.859664617899840522e+01 -5.284306954892784347e+00 -3.250110015580140455e-01 4.749204330579220867e-01 6.324442253446272977e-01 -5.184908224439139790e-01
225.100000 1.747559470907314960e+02 -4.853986430930429918e+01 -5.137602264310203282e+00 -3.263448025813960873e-01 4.742739405567058530e-01 6.320045389880787345e-01 -5.187808418160696489e-01
225.200000 1.748828535095482835e+02 -4.847928188767271962e+01 -4.939207148452592122e+00 -3.272172315248194630e-01 4.736476103266212823e-01 6.317516438009265212e-01 -5.191114381131868294e-01
225.300000 1.749765722259332961e+02 -4.843563884138549014e+01 -4.802150614988761390e+00 -3.283218370733996805e-01 4.730491074069185786e-01 6.313185844616658882e-01 -5.194864369698061202e-01
225.400000 1.750753918734306467e+02 -4.838683848682662614e+01 -4.670548503035409027e+00 -3.293261848710539175e-01 4.725717450199143355e-01 6.308938471756071475e-01 -5.198010805712809379e-01
225.500000 1.751835644884692158e+02 -4.834621299793723637e+01 -4.563726345325310518e+00 -3.304344130891740394e-01 4.720070869390610713e-01 6.304582498045910866e-01 -5.201392157673238037e-01
225.600000 1.752724118340034352e+02 -4.830500759751816275e+01 -4.422740695963277346e+00 -3.316778504512360448e-01 4.713619393358253196e-01 6.300061136069337042e-01 -5.204805687857181340e-01
225.700000 1.753463968256724570e+02 -4.826628064256416195e+01 -4.272744979272282251e+00 -3.326277855846419551e-01 4.708537147752951957e-01 6.296217070440361940e-01 -5.207994254588961258e-01
225.800000 1.754254102691533888e+02 -4.822889587997044458e+01 -4.141885964678248655e+00 -3.337090235365294810e-01 4.703519832232340159e-01 6.291780070910303335e-01 -5.210972412911298868e-01
225.900000 1.755101178419658368e+02 -4.819138548259622468e+01 -4.032856452553687632e+00 -3.348209514194702696e-01 4.698778530518634700e-01 6.286780647109565523e-01 -5.214150215070700867e-01
226.000000 1.756394288349364672e+02 -4.814115228852184458e+01 -3.931729779088442456e+00 -3.359041650070263008e-01 4.694634025363520480e-01 6.281171509616024773e-01 -5.217675251276214787e-01
226.100000 1.757271821676801835e+02 -4.810090754672464897e+01 -3.807459211076000827e+00 -3.369522298133013627e-01 4.689811679991145454e-01 6.276548371859079767e-01 -5.220816643430046256e-01
226.200000 1.758283675479055432e+02 -4.805537601336617826e+01 -3.676440385686451151e+00 -3.382585554488778956e-01 4.684527349904463733e-01 6.270460110928951503e-01 -5.224428052123004651e-01
226.300000 1.759670748854148314e+02 -4.798630936168488148e+01 -3.649156849329035168e+00 -3.406775325357907502e-01 4.677051686355761517e-01 6.256785419124301084e-01 -5.231797551962691362e-01
226.400000 1.760555631091312137e+02 -4.794284250938388681e+01 -3.526516898840490910e+00 -3.416110227990437620e-01 4.673326827917255177e-01 6.252480715476501638e-01 -5.234184957783057923e-01
226.500000 1.761445345989845919e+02 -4.790067306427049942e+01 -3.385914837154963664e+00 -3.424401522428432432e-01 4.669483489143108623e-01 6.249098563236299420e-01 -5.236235795375122626e-01
226.600000 1.762755147409313281e+02 -4.785040147714598646e+01 -3.287029190607675844e+00 -3.435535219732352430e-01 4.665404807773088081e-01 6.242842367653627100e-01 -5.240039590138150238e-01
226.700000 1.763654572475284681e+02 -4.780898917504006107e+01 -3.146864205736147113e+00 -3.443732072638012731e-01 4.661713603266566808e-01 6.238749261039795435e-01 -5.242818264147550700e-01
226.800000 1.764777083309157888e+02 -4.776755652572253297e+01 -3.023582394340774471e+00 -3.454320215008676032e-01 4.657791870600137552e-01 6.232772647223769891e-01 -5.246445641610411048e-01
226.900000 1.765949637306624709e+02 -4.772144637824326452e+01 -2.906789227942692122e+00 -3.462827834712170483e-01 4.654295602217973782e-01 6.228137787348224652e-01 -5.249443354882705748e-01
227.000000 1.766910076575841799e+02 -4.768214981313538914e+01 -2.808198148514556181e+00 -3.471403237009417775e-01 4.650556380965891745e-01 6.223357011690379137e-01 -5.252762360756686455e-01
227.100000 1.768306793133736790e+02 -4.763157623147028374e+01 -2.696137709820696671e+00 -3.481459151855241796e-01 4.646924654454212544e-01 6.217174420012414604e-01 -5.256641100639481978e-01
227.200000 1.769411428562607966e+02 -4.758962449855533094e+01 -2.615429303053247168e+00 -3.490826044401658668e-01 4.643381139195491003e-01 6.211421243965584704e-01 -5.260360373007126888e-01
227.300000 1.770521637208709649e+02 -4.754342714616628740e+01 -2.513888411127378930e+00 -3.498613240578464234e-01 4.639332412593959454e-01 6.206988628902111449e-01 -5.263990151869973877e-01
227.400000 1.771698238706088375e+02 -4.749118744019460081e+01 -2.400323508876461176e+00 -3.506440534600764880e-01 4.635457321761746741e-01 6.202535130319067891e-01 -5.267444176504573194e-01
227.500000 1.772964039644947718e+02 -4.743434062110980420e+01 -2.299295144797753210e+00 -3.514225930658191888e-01 4.632096953413323837e-01 6.197388780182020440e-01 -5.271267990696602013e-01
227.600000 1.774180587777399296e+02 -4.738395379420106934e+01 -2.189208112593554745e+00 -3.522624856895504308e-01 4.628784738986198022e-01 6.192349817163173009e-01 -5.274492364160706659e-01
227.700000 1.775351163219270063e+02 -4.732286449076737966e+01 -2.103346154166590765e+00 -3.532968905364516909e-01 4.624304667408067893e-01 6.186419995678140715e-01 -5.278460447307443681e-01
227.800000 1.776240767006901535e+02 -4.728592688137056399e+01 -1.997469150606850263e+00 -3.540596816149580439e-01 4.620864122622669878e-01 6.181882871424998482e-01 -5.281677111459229801e-01
227.900000 1.777677874195246375e+02 -4.723069643078240887e+01 -1.921364929806109956e+00 -3.549218613616860751e-01 4.616604325309833778e-01 6.176573055997196526e-01 -5.285826048993251813e-01
228.000000 1.778584240000384966e+02 -4.718635366699435707e+01 -1.841358647243474422e+00 -3.557646863345457211e-01 4.612560795119244883e-01 6.171210221721096234e-01 -5.289952372789591406e-01
228.100000 1.779520663675961032e+02 -4.713738193691761325e+01 -1.724748268839316978e+00 -3.564883304098664940e-01 4.608376059552332094e-01 6.166949585692679259e-01 -5.293695300017599026e-01
228.200000 1.780724054662401841e+02 -4.707513422304358386e+01 -1.644700278997493825e+00 -3.572965772338659307e-01 4.603498180221979874e-01 6.162091319485749619e-01 -5.298145964835971888e-01
228.300000 1.781724125239049670e+02 -4.703133548264874975e+01 -1.552310192261135313e+00 -3.580202230771389882e-01 4.598854103221803880e-01 6.158012660251007686e-01 -5.302034798098541613e-01
228.400000 1.782781238388383258e+02 -4.698210881110841086e+01 -1.446644616830479180e+00 -3.588200478531232140e-01 4.594181381082330096e-01 6.153030501091881765e-01 -5.306461195205112169e-01
228.500000 1.783954094281816936e+02 -4.692856267546005000e+01 -1.356233512546907605e+00 -3.595128241095612576e-01 4.590025889012237514e-01 6.149098183644960969e-01 -5.309925309848381181e-01
228.600000 1.785316326520494101e+02 -4.685330745243540917e+01 -1.379997821155541260e+00 -3.612927462750527008e-01 4.581554616190908202e-01 6.135438078069825885e-01 -5.320950294630995003e-01
228.700000 1.786105078727795501e+02 -4.681739152144148619e+01 -1.266168312656283490e+00 -3.620376834226556872e-01 4.575474518536634116e-01 6.131334358617767100e-01 -5.325846739369328731e-01
228.800000 1.787118807325318812e+02 -4.676061255233144465e+01 -1.160020650198120507e+00 -3.628764049016855453e-01 4.570457209424608203e-01 6.126471266314974518e-01 -5.330041481677080251e-01
228.900000 1.788363990568543613e+02 -4.669513849269105066e+01 -1.185976433996820845e+00 -3.643754884541577366e-01 4.561592491734181021e-01 6.114464924268846469e-01 -5.341183667560940318e-01
229.000000 1.789581818368010602e+02 -4.662899431015497242e+01 -1.111550996537218339e+00 -3.651188808276161213e-01 4.556493717814392164e-01 6.110003728283094349e-01 -5.345562620174192370e-01
229.100000 1.790697455820623816e+02 -4.656572385490778032e+01 -1.048287672062347298e+00 -3.658353180911067537e-01 4.551177726242274790e-01 6.105054079693045255e-01 -5.350845539902769898e-01
229.200000 1.791922582906796890e+02 -4.649904467258408403e+01 -9.752745564992828520e-01 -3.665639241344481603e-01 4.545537518111950614e-01 6.100227523150372200e-01 -5.356155504608764995e-01
229.300000 1.793141478509350293e+02 -4.643983832299414161e+01 -8.950882138103359864e-01 -3.673375949099360049e-01 4.539492489347086157e-01 6.095275443966542417e-01 -5.361616765297405607e-01
229.400000 1.794273305357559707e+02 -4.637657500249765263e+01 -8.345981032245397557e-01 -3.680686649900333784e-01 4.534027670866198623e-01 6.090195821047201807e-01 -5.366996713839526922e-01
229.500000 1.795364009422366962e+02 -4.632580255150168824e+01 -7.887495027557314131e-01 -3.688169848628514158e-01 4.527592448681651005e-01 6.085569698405456363e-01 -5.372536759498043324e-01
229.600000 1.796574872650391512e+02 -4.625940716484182502e+01 -7.133397540502777190e-01 -3.695371357125190048e-01 4.521615173887227890e-01 6.081106279792057867e-01 -5.377673583073363517e-01
229.700000 1.797743880189757704e+02 -4.620327725148862186e+01 -6.529503410603290092e-01 -3.701217594381291942e-01 4.515572020377324192e-01 6.077031046599332686e-01 -5.383334589870449882e-01
229.800000 1.799023112030294556e+02 -4.613448551829014121e+01 -5.926139408722868041e-01 -3.708619731422846399e-01 4.509587812587774747e-01 6.071776968483619807e-01 -5.389181931727005104e-01
229.900000 1.801310518747954177e+02 -4.601321288214167993e+01 -4.707625401376667185e-01 -3.716552499550205835e-01 4.502918893255883348e-01 6.067190905422282787e-01 -5.394455809069852448e-01
230.000000 1.802553212504703311e+02 -4.595480421606622912e+01 -4.303899917098661376e-01 -3.723422473061170357e-01 4.497145174856184147e-01 6.061868495625822861e-01 -5.400514855558672389e-01
230.100000 1.803784170139646506e+02 -4.589557719196618990e+01 -3.521972487005555763e-01 -3.728186479621941607e-01 4.492019705598132573e-01 6.058327285646769589e-01 -5.405465293355427026e-01
230.200000 1.805087430180360002e+02 -4.582765871653526091e+01 -2.959717351603394775e-01 -3.735020276693064578e-01 4.486356125042350040e-01 6.053435825104187540e-01 -5.410928475163190310e-01
230.300000 1.806248638308967713e+02 -4.576713254922415075e+01 -2.087450299706326007e-01 -3.742510020572422658e-01 4.480005931956709819e-01 6.048449796496007114e-01 -5.416587547046118889e-01
230.400000 1.807554410229626569e+02 -4.570253714216045893e+01 -1.494308256366849719e-01 -3.749604074231384088e-01 4.473784590286762342e-01 6.043467542930455183e-01 -5.422381467931431942e-01
230.500000 1.808800507168182889e+02 -4.562590597001054249e+01 -9.165341493355683156e-02 -3.757137697460832815e-01 4.467245386898630044e-01 6.038612909609433199e-01 -5.427963623998405263e-01
230.600000 1.810184889782110247e+02 -4.554246928794091076e+01 -3.403889173299745607e-02 -3.764338566857969304e-01 4.460932566323188575e-01 6.033452625108843836e-01 -5.433901472547151279e-01
230.700000 1.811445067236110162e+02 -4.547884372875110870e+01 3.564078219118016477e-02 -3.770745331927338739e-01 4.454354293671441423e-01 6.029238101196812138e-01 -5.439530805802613722e-01
230.800000 1.813897147348295675e+02 -4.535535956019679560e+01 1.577137874821907815e-01 -3.776813893869522265e-01 4.448749425379683875e-01 6.024672448487601306e-01 -5.444963475515007811e-01
230.900000 1.815312000674201443e+02 -4.528033593268340695e+01 2.195526723888789888e-01 -3.782452447442927745e-01 4.442682646673983271e-01 6.020660347746258356e-01 -5.450437905421062768e-01
231.000000 1.816414614424731724e+02 -4.521946952734557357e+01 2.873495162212194032e-01 -3.788932299669056647e-01 4.435866693313120224e-01 6.016292663887845560e-01 -5.456308393971985859e-01
231.100000 1.817778053668532152e+02 -4.515717413430194682e+01 3.351707293065295801e-01 -3.796088205929747939e-01 4.429544136282255185e-01 6.011113778946877151e-01 -5.462175776564093255e-01
231.200000 1.819094203865739701e+02 -4.508750582454283773e+01 3.857353390086153411e-01 -3.802756043420976728e-01 4.423982865544796028e-01 6.005942696278676607e-01 -5.467730279431138873e-01
231.300000 1.821974561697357160e+02 -4.494723118232656844e+01 4.597286918527316857e-01 -3.808533106354198838e-01 4.418760460691945613e-01 6.000784852595963947e-01 -5.473592305030068328e-01
231.400000 1.823544062729705217e+02 -4.487190656714400205e+01 5.253481923111316121e-01 -3.815935274253621778e-01 4.412528566980519762e-01 5.995555275335603396e-01 -5.479192145625408905e-01
231.500000 1.824654641359022946e+02 -4.482177428774391359e+01 6.004476987327009851e-01 -3.821903820371412852e-01 4.406720970347030586e-01 5.991215212789019473e-01 -5.484450907007878406e-01
231.600000 1.829184707041350464e+02 -4.457367616443794844e+01 4.847855648514034499e-01 -3.834985943432022704e-01 4.397777895197315101e-01 5.979587686486181886e-01 -5.495176384595447105e-01
231.700000 1.830362807584476741e+02 -4.451675405733541169e+01 5.425956162070129096e-01 -3.841785938091568653e-01 4.392284365429002801e-01 5.974511324845634963e-01 -5.500339379382067628e-01
231.800000 1.831867705116305274e+02 -4.443945591694897956e+01 5.139005736766151244e-01 -3.861013308505786834e-01 4.380047283126699553e-01 5.957399386254439433e-01 -5.515174936642613934e-01
231.900000 1.833179353121842610e+02 -4.436137824099045446e+01 5.519081116892614602e-01 -3.867549016102001525e-01 4.374923857119506487e-01 5.952070272198782819e-01 -5.520413510531846368e-01
232.000000 1.834482330205592007e+02 -4.428673993592490632e+01 5.986584470292584115e-01 -3.874376165733539046e-01 4.369328258271876764e-01 5.947442833084758407e-01 -5.525043316124452764e-01
232.100000 1.835572318519143664e+02 -4.422684612543447003e+01 6.948946063542145168e-01 -3.880380028543226612e-01 4.363579112763791290e-01 5.944127988584401168e-01 -5.528939375328868477e-01
232.200000 1.836948378725290922e+02 -4.415474172333872360e+01 7.191924967830516380e-01 -3.886927617955771574e-01 4.357600136529790058e-01 5.939789144321621084e-01 -5.533716623019944159e-01
232.300000 1.839550517695008978e+02 -4.401271290736550412e+01 8.251733287267200012e-01 -3.894373170000398621e-01 4.351207998294131518e-01 5.935794116924169028e-01 -5.537796923854344522e-01
232.400000 1.840820809728460006e+02 -4.394402022137378339e+01 8.877864662234138393e-01 -3.900992536936480071e-01 4.345994630119407454e-01 5.932395276733365419e-01 -5.540873052356536377e-01
232.500000 1.842301004517283900e+02 -4.386072010352713590e+01 8.627024209078868466e-01 -3.917594755024709774e-01 4.337549816733420327e-01 5.922374587338239404e-01 -5.546493682499690214e-01
232.600000 1.843634902621725473e+02 -4.377800399642585916e+01 9.323020687652494587e-01 -3.924652041770114175e-01 4.332110853150599739e-01 5.918368694739336577e-01 -5.550030081015223660e-01
232.700000 1.845782251919855526e+02 -4.366628703307930692e+01 1.020044837912724489e+00 -3.931568547838792949e-01 4.328254440740131881e-01 5.913757113699733559e-01 -5.553058531118134633e-01
232.800000 1.847310479172391808e+02 -4.356666296526159243e+01 1.056108208115588809e+00 -3.938785488774772525e-01 4.323395982002046778e-01 5.909112381383405666e-01 -5.556672288376126589e-01
232.900000 1.848611008531605080e+02 -4.349981507686718629e+01 1.114170713651571276e+00 -3.945892046573393208e-01 4.319523402868265527e-01 5.905072283985414172e-01 -5.558936485495178381e-01
233.000000 1.849869673712101132e+02 -4.342999695755677436e+01 1.177635784512297334e+00 -3.953315127370882198e-01 4.315995970987047681e-01 5.900253277908447114e-01 -5.561518636007141136e-01
233.100000 1.851102662235044534e+02 -4.336021741376810468e+01 1.197061936296591966e+00 -3.961631586346442413e-01 4.312740314468531677e-01 5.893828163371699347e-01 -5.564938071054036373e-01
233.200000 1.852474052067760226e+02 -4.328700164188621358e+01 1.173157143108582545e+00 -3.979995308808605969e-01 4.309725028044550377e-01 5.880315521881084306e-01 -5.568464499988510230e-01
233.300000 1.853925040384615954e+02 -4.320915205965200556e+01 1.221342545983787886e+00 -3.988566694769666299e-01 4.306942879557733583e-01 5.874042026292258800e-01 -5.571104830009342423e-01
233.400000 1.855210365554192435e+02 -4.314206261397418274e+01 1.313089011978082254e+00 -3.996389745516545355e-01 4.304083649128290223e-01 5.868815928519215408e-01 -5.573215637349395735e-01
233.500000 1.856562703699706844e+02 -4.306230251229899153e+01 1.322060527058138035e+00 -4.004536640698572736e-01 4.302023380694338095e-01 5.862164943610219670e-01 -5.575957612748613235e-01
233.600000 1.857919282889264139e+02 -4.298301796659225005e+01 1.328284516105469493e+00 -4.013666375767058203e-01 4.300930803443951955e-01 5.854444205961153447e-01 -5.578347379584008836e-01
233.700000 1.860605612843119445e+02 -4.282078823164302861e+01 1.305007208800901708e+00 -4.021808095417491735e-01 4.300151067770906499e-01 5.846745354904231418e-01 -5.581158409585671443e-01
233.800000 1.861778318777812729e+02 -4.275566297009461181e+01 1.255152193550873818e+00 -4.042321851265099353e-01 4.299050847359111582e-01 5.830875987638592939e-01 -5.583787341884115518e-01
233.900000 1.863168355409198682e+02 -4.268266357724134963e+01 1.266620361474199541e+00 -4.050741766295847812e-01 4.298752020208401192e-01 5.822785915506087928e-01 -5.586357166680674391e-01
234.000000 1.864336497287915222e+02 -4.261261578117828464e+01 1.310539397762195080e+00 -4.057443210197166361e-01 4.298293546659747721e-01 5.816555234557060361e-01 -5.588337175414075375e-01
234.100000 1.865528121505206229e+02 -4.254463337447860027e+01 1.233392328419395056e+00 -4.079312420758079982e-01 4.300138209811234513e-01 5.797841329688290246e-01 -5.590443405144944755e-01
234.200000 1.866770336911150707e+02 -4.247541872289348674e+01 1.249242199035190737e+00 -4.086895443321939547e-01 4.299779400667856355e-01 5.790353630768676485e-01 -5.592940869666938042e-01
234.300000 1.869884011851821697e+02 -4.228449507095808002e+01 9.731585962443958238e-01 -4.107078491456905844e-01 4.301368039967821688e-01 5.771650539326967921e-01 -5.596265656814566336e-01
234.400000 1.871268461704531489e+02 -4.221039184716587300e+01 9.837336020202656073e-01 -4.113744480887709942e-01 4.302002759537945087e-01 5.764284988030750068e-01 -5.598472754212274749e-01
234.500000 1.872703376073822881e+02 -4.214912967237298602e+01 9.632390930717846800e-01 -4.120278044338051560e-01 4.301771219736603147e-01 5.757954825698855528e-01 -5.600359759480004751e-01
234.600000 1.874114919542974746e+02 -4.208054454767582087e+01 9.517057687033911861e-01 -4.127189649612028055e-01 4.302415563908635887e-01 5.749745411203679435e-01 -5.603209224891952944e-01
234.700000 1.875385387286883656e+02 -4.201765100054972635e+01 9.710080337273261364e-01 -4.134018380358395750e-01 4.301985833169245654e-01 5.742572285814749877e-01 -5.605860635465567121e-01
234.800000 1.876683707957967329e+02 -4.197085905938177319e+01 8.954254097066574047e-01 -4.140272619778429530e-01 4.303210534585792391e-01 5.734257163016556191e-01 -5.608815963938935667e-01
234.900000 1.877948147310017930e+02 -4.191106842886244266e+01 8.655347510060451555e-01 -4.147346614701132861e-01 4.303269364672020481e-01 5.726396860581254300e-01 -5.611574451767300520e-01
235.000000 1.879484438631721162e+02 -4.184108063390953447e+01 8.344421953042839846e-01 -4.153912426351410447e-01 4.303456584478141944e-01 5.718639131653389107e-01 -5.614484790400416925e-01
235.100000 1.880627428135683772e+02 -4.177747604552342153e+01 7.470389598904390027e-01 -4.160105457325820599e-01 4.302919489190693558e-01 5.710595238443523236e-01 -5.618496994404910128e-01
235.200000 1.881957242788999167e+02 -4.172515642412094650e+01 7.413827908701051683e-01 -4.164873579162154948e-01 4.303503217834327432e-01 5.704745028840918497e-01 -5.620460148386555721e-01
235.300000 1.883186492997601249e+02 -4.167687626527331446e+01 6.558438371052339733e-01 -4.170078392209119467e-01 4.302789857497553161e-01 5.697965035332005490e-01 -5.624023479785688062e-01
235.400000 1.884580989328571832e+02 -4.161699073011427430e+01 6.144513007259391202e-01 -4.174714620725148984e-01 4.303603417946086362e-01 5.691381103443878819e-01 -5.626627461624624793e-01
235.500000 1.885946721455903230e+02 -4.156629470633622958e+01 5.551002779862983516e-01 -4.179244343294569730e-01 4.303020003128624205e-01 5.685070851850252405e-01 -5.630089251615635337e-01
235.600000 1.887206781655038696e+02 -4.150980065849969236e+01 4.796923039398954813e-01 -4.183966994147209073e-01 4.303576460686350802e-01 5.677885852794301025e-01 -5.633405904206748582e-01
235.700000 1.888526064902943631e+02 -4.145491073770177337e+01 4.852769471464029039e-01 -4.187408445808280533e-01 4.302098027026850513e-01 5.673385460394353430e-01 -5.636511375985248096e-01
235.800000 1.889791919251185561e+02 -4.139196589448064145e+01 4.637672369500585035e-01 -4.191758465176911308e-01 4.301581446224228000e-01 5.667037560710118660e-01 -5.640057031326712877e-01
235.900000 1.891011673896201444e+02 -4.134605328282707859e+01 3.521250509581577148e-01 -4.194950294532216462e-01 4.302070734486779235e-01 5.660043961055296613e-01 -5.644331827665511891e-01
236.000000 1.892029852184796823e+02 -4.129076255533112061e+01 2.457461238494538236e-01 -4.199590259710518914e-01 4.301574672426484169e-01 5.652130641029581293e-01 -5.649187216300950443e-01
236.100000 1.893223123408530739e+02 -4.124604064044651608e+01 1.808804674029786952e-01 4.203250948039387036e-01 -4.300503522069286655e-01 -5.645576630336184287e-01 5.653831924940605491e-01
236.200000 1.894564592002993777e+02 -4.118978312731990599e+01 8.984809486588929417e-02 4.206917383619462880e-01 -4.299262401541363854e-01 -5.639065784424349692e-01 5.658544513302669055e-01
236.300000 1.895367437322935871e+02 -4.112443406914479027e+01 -2.856701507179337796e-02 4.216367606672652424e-01 -4.296548119190773396e-01 -5.622643133628931755e-01 5.669903231690570644e-01
236.400000 1.896454372495292091e+02 -4.106986625689805948e+01 -1.282657789911283430e-01 4.220012235657544797e-01 -4.293633682113213723e-01 -5.616088332060570343e-01 5.675892738699056528e-01
236.500000 1.897739020176815927e+02 -4.101961750117387595e+01 -2.038984077944334672e-01 4.223194647328079032e-01 -4.291500183542105162e-01 -5.610043550713746940e-01 5.681114723760878338e-01
236.600000 1.898498519037054280e+02 -4.097211263043717366e+01 -3.153133707243895856e-01 4.230884581981275705e-01 -4.289021921542361948e-01 -5.594160880872086627e-01 5.692914073600850999e-01
236.700000 1.899524232401573158e+02 -4.092098427428779672e+01 -4.230204792978291550e-01 4.233561867198838979e-01 -4.286974728068188023e-01 -5.586559286098258248e-01 5.699926046924984613e-01
236.800000 1.900744741306727121e+02 -4.086682260582892212e+01 -5.061533419992834126e-01 4.235963014849105090e-01 -4.284960066326917172e-01 -5.580389637785098111e-01 5.705697683659275432e-01
236.900000 1.901767456436545558e+02 -4.080934517813434326e+01 -6.108981594016249517e-01 4.238722714334597907e-01 -4.282335640644808206e-01 -5.572277055768360965e-01 5.713541775956891833e-01
237.000000 1.903010627088584101e+02 -4.075856694994165963e+01 -7.176480005491079339e-01 4.240255595650496701e-01 -4.279646632943953088e-01 -5.566799432035806072e-01 5.719755350027827534e-01
237.100000 1.904055690307068289e+02 -4.071311602381631900e+01 -7.774429711755281858e-01 4.241934441176655746e-01 -4.276878450941948850e-01 -5.560838964234151582e-01 5.726375199590307830e-01
237.200000 1.905078648946495434e+02 -4.066542230625352516e+01 -8.652038773343591060e-01 4.244326172812786235e-01 -4.273702067417063932e-01 -5.554076611693427035e-01 5.733532852366990396e-01
237.300000 1.906191398012091440e+02 -4.061343769223737610e+01 -9.633705754083017325e-01 4.246217701832498692e-01 -4.270210452611821750e-01 -5.547698991369259813e-01 5.740903571756764689e-01
237.400000 1.907470622620999734e+02 -4.055653640263650317e+01 -1.035037840951375188e+00 4.248030695470614848e-01 -4.266772721086822262e-01 -5.541981683537057224e-01 5.747636451296180837e-01
237.500000 1.908527786895174927e+02 -4.051178559947015145e+01 -1.142524468746056954e+00 4.249906025469901705e-01 -4.263006841137956249e-01 -5.535606748857532233e-01 5.755182826730054213e-01
237.600000 1.909466696064529287e+02 -4.046495749717269774e+01 -1.239612866823723181e+00 4.251927572055209104e-01 -4.259628875113858348e-01 -5.528208650517656420e-01 5.763296182275791102e-01
237.700000 1.910629641580826501e+02 -4.042158314673869057e+01 -1.310635867156904055e+00 4.253604529833289183e-01 -4.256332387211606005e-01 -5.522589481434653225e-01 5.769877687863286253e-01
237.800000 1.911592362329184027e+02 -4.037021311894516629e+01 -1.424183547424572538e+00 4.255686725684252325e-01 -4.253104212185709887e-01 -5.515126190266789186e-01 5.777855844390403783e-01
237.900000 1.912689989729977356e+02 -4.032312083528542956e+01 -1.503055037861528831e+00 4.257235396746796852e-01 -4.249719316353454124e-01 -5.509322705100273554e-01 5.784738182490637426e-01
238.000000 1.913697965680294715e+02 -4.028298810030693033e+01 -1.596438629974247903e+00 4.258423607129378508e-01 -4.246814986341199694e-01 -5.502712994945500036e-01 5.792282844379142981e-01
238.100000 1.914601077706986132e+02 -4.024089822927037829e+01 -1.678112570836269413e+00 4.260275428427589550e-01 -4.243812562005530031e-01 -5.495915363093125672e-01 5.799570892248591125e-01
238.200000 1.916716844983996282e+02 -4.013304737102246378e+01 -1.884908582973711333e+00 4.261089741839746425e-01 -4.240981589430608545e-01 -5.490109811850353294e-01 5.806538006757830939e-01
238.300000 1.918675716899000179e+02 -4.002242908373639096e+01 -2.084262421077820449e+00 4.262956627685879907e-01 -4.236768660915407603e-01 -5.484630056453109193e-01 5.813417690842905827e-01
238.400000 1.919617781013500064e+02 -3.996269845642108720e+01 -2.173969793781012072e+00 4.264116552089362022e-01 -4.233061791440995703e-01 -5.479808905869345548e-01 5.819810328111636455e-01
238.500000 1.920449169842702304e+02 -3.990852920024216388e+01 -2.277111688415494939e+00 4.266194983663951779e-01 -4.228503334857270368e-01 -5.474167677576273761e-01 5.826905537782524069e-01
238.600000 1.921461162731583272e+02 -3.984265067530099458e+01 -2.353977580105009793e+00 4.269583934077149090e-01 -4.223188181369656458e-01 -5.468532696402605975e-01 5.833565356022470949e-01
238.700000 1.925188121093236475e+02 -3.963663835014704517e+01 -2.736657209868909035e+00 4.273231901859115278e-01 -4.217516181302753409e-01 -5.464363282464667071e-01 5.838902318983848483e-01
238.800000 1.926284704147698505e+02 -3.956805397983858796e+01 -2.797935007094647375e+00 4.278137403325197319e-01 -4.212757336246306661e-01 -5.458034288224072883e-01 5.844662324954558175e-01
238.900000 1.926956805972486109e+02 -3.950520563448905165e+01 -2.907578961121654260e+00 4.287771264006163818e-01 -4.207026139918372820e-01 -5.444979084559786742e-01 5.853900529929849661e-01
239.000000 1.927902942705903513e+02 -3.944806589590333346e+01 -2.998500804347564497e+00 4.292648035772458903e-01 -4.202579102309102477e-01 -5.438448402693553119e-01 5.859588782589917333e-01
239.100000 1.928850355306421420e+02 -3.938816412328568362e+01 -3.087491758433404954e+00 4.296435382340668685e-01 -4.198888744701805842e-01 -5.433802105774285796e-01 5.863767644635197174e-01
239.200000 1.929975895534114443e+02 -3.931185860093369655e+01 -3.166861266725060631e+00 4.300757026912241376e-01 -4.195648990690217794e-01 -5.428048758611236924e-01 5.868245497295095925e-01
239.300000 1.931200426461862776e+02 -3.923802486749269036e+01 -3.172945399193267235e+00 4.306198724720708415e-01 -4.192158476123729050e-01 -5.422466156450889141e-01 5.871909454038135578e-01
239.400000 1.931858655401356089e+02 -3.919182050493176206e+01 -3.291333311307283793e+00 4.312807244431363651e-01 -4.189812273259748698e-01 -5.413463503518760600e-01 5.877038342846904184e-01
239.500000 1.932910580725168188e+02 -3.912547446893182013e+01 -3.362154842694735635e+00 4.319403587000159583e-01 -4.188342010936132453e-01 -5.405155153468854667e-01 5.880887825742531216e-01
239.600000 1.933748105070058330e+02 -3.906619974240160076e+01 -3.481579531438644182e+00 4.324403193122514644e-01 -4.187305487397909309e-01 -5.398139250809669276e-01 5.884394820827979489e-01
239.700000 1.934567700579580674e+02 -3.900700968804127200e+01 -3.602259136441968934e+00 4.333103173520892470e-01 -4.186429355953243392e-01 -5.386998499485836644e-01 5.888826139543722471e-01
239.800000 1.935726659539190564e+02 -3.893930192693641601e+01 -3.709398701738766846e+00 4.337631247892103081e-01 -4.185983062271514954e-01 -5.380440435455636772e-01 5.891804619995467673e-01
239.900000 1.936311665085064249e+02 -3.889026808033559490e+01 -3.830504605286549236e+00 4.346214042397158472e-01 -4.186049913381983956e-01 -5.368607833387950556e-01 5.896224177524969079e-01
240.000000 1.937239455746633894e+02 -3.883237820969747389e+01 -3.943751991604024454e+00 4.352436079659022239e-01 -4.186891984690702118e-01 -5.359952900708564449e-01 5.898910118250741963e-01
240.100000 1.938008185725118153e+02 -3.877531391209631551e+01 -4.050135441978394368e+00 4.358683381305760718e-01 -4.187621355765865361e-01 -5.350706473586094303e-01 5.902173057085542407e-01
240.200000 1.938990705925565123e+02 -3.871912462172317504e+01 -4.159582438624038758e+00 4.365242953844341023e-01 -4.188358340246622347e-01 -5.341528221896378881e-01 5.905115123541908595e-01
240.300000 1.939650336251535521e+02 -3.866880068690372951e+01 -4.276191323952556189e+00 4.374327281240327214e-01 -4.189140894840951979e-01 -5.329146081037563487e-01 5.909023730425333465e-01
240.400000 1.940442641042546938e+02 -3.861415595397973988e+01 -4.400812422803255686e+00 4.381090017275672821e-01 -4.190372271867504050e-01 -5.319631237446763583e-01 5.911713286456983241e-01
240.500000 1.941022245512139079e+02 -3.857673278676701756e+01 -4.526202369155740257e+00 4.389580801148995626e-01 -4.192925243704265226e-01 -5.306252532331414695e-01 5.915626962040299031e-01
240.600000 1.941783263655063365e+02 -3.853504404251838622e+01 -4.640072670927708032e+00 4.395828868106006482e-01 -4.195454244112729603e-01 -5.296099066550288281e-01 5.918292568399058373e-01
240.700000 1.942376463271312730e+02 -3.848299224360911097e+01 -4.759548569474635116e+00 4.414243689009608174e-01 -4.201761057839086266e-01 -5.270796468088109199e-01 5.922698815477258627e-01
240.800000 1.943066488780823704e+02 -3.843059300656147315e+01 -4.891043387517420626e+00 4.422477361411420449e-01 -4.204412117651437075e-01 -5.257647493462226373e-01 5.926361072972149424e-01
240.900000 1.943575353845967300e+02 -3.839189014539808653e+01 -5.019151144596655456e+00 4.429116155638864183e-01 -4.207067376031753403e-01 -5.245624924372438436e-01 5.930171441551311817e-01
241.000000 1.944452706274863658e+02 -3.832642182626769767e+01 -5.132378773027713947e+00 4.436070319592694822e-01 -4.207706261208208898e-01 -5.235237595697499469e-01 5.933698294960191300e-01
241.100000 1.945426160674845448e+02 -3.824751127591724043e+01 -5.389863685521650183e+00 4.441650249460102340e-01 -4.209795657990472173e-01 -5.224594604935537401e-01 5.937421561040958640e-01
241.200000 1.946871462068651795e+02 -3.813096330804206247e+01 -5.644367180323385469e+00 4.449006907405116951e-01 -4.212199605777771083e-01 -5.211812030051579114e-01 5.941441523936492608e-01
241.300000 1.947497005637331995e+02 -3.808974044349978527e+01 -5.766393865288421239e+00 4.457081349887492827e-01 -4.214374594293790466e-01 -5.197957852360730602e-01 5.945982407015476534e-01
241.400000 1.948937579932723736e+02 -3.797068456511942003e+01 -5.983404392711236142e+00 4.464228273552582893e-01 -4.216181356203727026e-01 -5.185593369809845532e-01 5.950134628409510240e-01
241.500000 1.949523559724671600e+02 -3.791765672675392551e+01 -6.102782288520518961e+00 4.470503067425669053e-01 -4.217606057637608985e-01 -5.173429062603730477e-01 5.955000688574546563e-01
241.600000 1.950737942605902333e+02 -3.782170259654888156e+01 -6.360589553645827010e+00 4.476175829384395621e-01 -4.218598803989769275e-01 -5.162603016567980374e-01 5.959429852656560334e-01
241.700000 1.951252316213553684e+02 -3.777935728212099065e+01 -6.487345109842312496e+00 4.480816230671533229e-01 -4.219485299318900262e-01 -5.151568068824219360e-01 5.964861787841605478e-01
241.800000 1.952004970060707478e+02 -3.772377456861806166e+01 -6.595764694697578534e+00 4.486754311745979606e-01 -4.219933139402697875e-01 -5.140693588881763976e-01 5.969461405372319396e-01
241.900000 1.952665597631543051e+02 -3.767449762054692286e+01 -6.712828731935378102e+00 4.492290418272122943e-01 -4.220568575894710905e-01 -5.129074646906813806e-01 5.974840664028482351e-01
242.000000 1.953179887455190169e+02 -3.762875605729976058e+01 -6.838399339537321708e+00 4.496975108188115966e-01 -4.220461059506497303e-01 -5.117323555178197036e-01 5.981464950423447391e-01
242.100000 1.954109810451857072e+02 -3.757225339078026849e+01 -6.952267730590122596e+00 4.500496345975458223e-01 -4.219731697704739992e-01 -5.109131413451832859e-01 5.986332202553336090e-01
242.200000 1.954667891676275815e+02 -3.752912211151751620e+01 -7.076874053003315623e+00 4.504838835103078809e-01 -4.220179639952306716e-01 -5.097018600346453487e-01 5.993072022260490517e-01
242.300000 1.955359583056255417e+02 -3.748883194029632904e+01 -7.212542773931840401e+00 4.508057950254312218e-01 -4.220396843311979285e-01 -5.087193128132779796e-01 5.998844061916412951e-01
242.400000 1.956029011749921835e+02 -3.742892827055234051e+01 -7.324027584034688232e+00 4.512137059246261184e-01 -4.219037578642037545e-01 -5.076464697456073427e-01 6.005817783122050502e-01
242.500000 1.956606412989087289e+02 -3.738475234133995428e+01 -7.447385969124841409e+00 4.515408238609194824e-01 -4.217397876384963995e-01 -5.066810794531022566e-01 6.012659308774089828e-01
242.600000 1.957259899776913699e+02 -3.734022337329638930e+01 -7.566731354001923648e+00 4.518751382397493410e-01 -4.216342315057428070e-01 -5.056617084121600714e-01 6.019465681512476962e-01
242.700000 1.958481071125680160e+02 -3.722928264558260736e+01 -7.835082989238106421e+00 4.522394469122564264e-01 -4.214099339333921002e-01 -5.044467043584692778e-01 6.028487975443175273e-01
242.800000 1.959131219378943456e+02 -3.718525171587150879e+01 -7.954832133329603039e+00 4.525750122841998846e-01 -4.211396144204833658e-01 -5.034204413707981107e-01 6.036432246217577902e-01
242.900000 1.959769339606644678e+02 -3.714308212112637619e+01 -8.075869092566779983e+00 4.528508182364602841e-01 -4.208397283568803271e-01 -5.024261945299900445e-01 6.044733066969859570e-01
243.000000 1.960380158582545960e+02 -3.709268131843622740e+01 -8.212039388908273452e+00 4.530839241628811798e-01 -4.205632291023259639e-01 -5.013488474178969811e-01 6.053848868157639673e-01
243.100000 1.961024044148531118e+02 -3.705262856104037184e+01 -8.333492001629220880e+00 4.532188753556029015e-01 -4.203032410487382853e-01 -5.003867360113024576e-01 6.062598048768231829e-01
243.200000 1.962494409507664841e+02 -3.694786441243643793e+01 -8.555449626445010836e+00 4.534124374635347121e-01 -4.198435138816796752e-01 -4.994869793925754697e-01 6.071748865212897028e-01
243.300000 1.963510224316589756e+02 -3.685815445363996190e+01 -8.807342980443618075e+00 4.535188455886369763e-01 -4.194682951968315976e-01 -4.985241644232341618e-01 6.081452651355020445e-01
243.400000 1.964287815996841573e+02 -3.679666348458258796e+01 -8.910478024208462244e+00 4.536646718298361081e-01 -4.190069335101933024e-01 -4.977583599825928240e-01 6.089812560919679596e-01
243.500000 1.964893167247259100e+02 -3.674263514385207685e+01 -9.028281035995117776e+00 4.538371607214218284e-01 -4.185170286451327382e-01 -4.968094329239817752e-01 6.099637002643019112e-01
243.600000 1.965449050115407488e+02 -3.670380982013417537e+01 -9.154219363536437726e+00 4.539095533953891870e-01 -4.180420992185810980e-01 -4.959816101326951499e-01 6.109084735273357936e-01
243.700000 1.966041637654010970e+02 -3.665519681252406059e+01 -9.291682869357842378e+00 4.540025405986402030e-01 -4.175023151153557932e-01 -4.950783334130450797e-01 6.119403188124310500e-01
243.800000 1.966764162396389963e+02 -3.660360937019148508e+01 -9.421588662857971030e+00 4.540707729491350597e-01 -4.169550201168125136e-01 -4.944526171976664775e-01 6.127681892030144573e-01
243.900000 1.967357255267401115e+02 -3.655947440724647635e+01 -9.544066560342507444e+00 4.542307270745860603e-01 -4.163617503529712383e-01 -4.938089545442778672e-01 6.135715572255532324e-01
244.000000 1.967888457155667368e+02 -3.651936509600070480e+01 -9.670731833695509039e+00 4.544811409165977478e-01 -4.155945543247460683e-01 -4.931390728191180073e-01 6.144443944132488289e-01
244.100000 1.968563217153256630e+02 -3.646835074354935813e+01 -9.786131822896379617e+00 4.547443950166974447e-01 -4.149790087632171942e-01 -4.925733314893839254e-01 6.151190702557066681e-01
244.200000 1.969157540890344649e+02 -3.642117797867958728e+01 -9.907452581725106455e+00 4.551556820220933886e-01 -4.142453511064160265e-01 -4.919486473326916687e-01 6.158089172765041086e-01
244.300000 1.969934862680591152e+02 -3.636829860384911939e+01 -1.003372503232082735e+01 4.554974784119885101e-01 -4.135970102976863627e-01 -4.914110211905208803e-01 6.164209344965703163e-01
244.400000 1.970600668227556866e+02 -3.632318662194685288e+01 -1.015211585254978388e+01 4.559884559958409800e-01 -4.129215954547569845e-01 -4.908216050116582796e-01 6.169800937302650778e-01
244.500000 1.971145115729668760e+02 -3.628065271382461532e+01 -1.027745452230502821e+01 4.563690408367548357e-01 -4.123565816930161998e-01 -4.902610467454677767e-01 6.175220272542748523e-01
244.600000 1.971697021724291119e+02 -3.624099429150017926e+01 -1.041932851452899556e+01 4.569952271367423990e-01 -4.117602562726452864e-01 -4.894482232330181204e-01 6.181013594084424634e-01
244.700000 1.972216975009049236e+02 -3.619852900238864635e+01 -1.054555579330943260e+01 4.575739962585751441e-01 -4.111972117890576595e-01 -4.888111815367283119e-01 6.185519539776186404e-01
244.800000 1.972767196306532469e+02 -3.616481975466367516e+01 -1.068900563938226966e+01 4.581606848936865539e-01 -4.107855824907459263e-01 -4.879915232627543564e-01 6.190381775457658442e-01
244.900000 1.973859719978033809e+02 -3.606577645971544399e+01 -1.095063042346194848e+01 4.588915019491843217e-01 -4.103569845709622577e-01 -4.871449385663003673e-01 6.194477730058316478e-01
245.000000 1.974414284676947773e+02 -3.600717000344904051e+01 -1.110216057153509084e+01 4.596327840451998603e-01 -4.099127577047653737e-01 -4.863232255393412085e-01 6.198378458941853353e-01
245.100000 1.974973628226473465e+02 -3.596031272629827669e+01 -1.122519944668760772e+01 4.606473498748184792e-01 -4.097081852610691133e-01 -4.852347800488347462e-01 6.200729233036605947e-01
245.200000 1.975639388193948207e+02 -3.591621413009854535e+01 -1.136080110126839671e+01 4.615194956600574550e-01 -4.096522409556044853e-01 -4.842537391519964873e-01 6.202282746884791864e-01
245.300000 1.976322447150040205e+02 -3.586926210254315350e+01 -1.147746353461088020e+01 4.642045281614901042e-01 -4.099950281898325222e-01 -4.819381893350911938e-01 6.198014315523969753e-01
245.400000 1.976894713676654760e+02 -3.582198104639312675e+01 -1.159979622522350340e+01 4.652966735849840552e-01 -4.100333679004230514e-01 -4.807159904503759407e-01 6.199062665309160725e-01
245.500000 1.977615327425541523e+02 -3.577652016416035252e+01 -1.173197018589010199e+01 4.682064457106642763e-01 -4.107843327271983869e-01 -4.781044195907441785e-01 6.192375312823461542e-01
245.600000 1.978302003882825773e+02 -3.571850610362641731e+01 -1.184307692411809754e+01 4.697764091248427532e-01 -4.110900525972767672e-01 -4.766260156143019011e-01 6.189852464517809905e-01
245.700000 1.978975613802886357e+02 -3.566431626205297079e+01 -1.197447612016825857e+01 4.714903506311187154e-01 -4.115096574795033546e-01 -4.748744790532646864e-01 6.187494486516631476e-01
245.800000 1.979759047447584237e+02 -3.562047281035419388e+01 -1.208580734726673356e+01 4.758880495798666344e-01 -4.129940704095876880e-01 -4.712585708834494680e-01 6.171562374654248062e-01
245.900000 1.980716183360247555e+02 -3.554848555414476863e+01 -1.220873400372554229e+01 4.776761895861159624e-01 -4.135514071950036064e-01 -4.695349929777695719e-01 6.167151545720984673e-01
246.000000 1.981457280002580319e+02 -3.549800639357518861e+01 -1.232017314500834360e+01 4.796778676262963836e-01 -4.143147434201930324e-01 -4.674945468173424823e-01 6.161990631201873514e-01
246.100000 1.982227205617493269e+02 -3.544946089593333483e+01 -1.244858596230659842e+01 4.818732693920591004e-01 -4.151338465981035952e-01 -4.652205173154939644e-01 6.156556764318626973e-01
246.200000 1.982966573739852265e+02 -3.538324643885290044e+01 -1.257073727793069295e+01 4.833120791069284161e-01 -4.156471997858371403e-01 -4.635498231757010368e-01 6.154416308093778598e-01
246.300000 1.983725877965266591e+02 -3.531795735586998575e+01 -1.267277101925919069e+01 4.845630000475143473e-01 -4.160587463375163275e-01 -4.621091880183011980e-01 6.152632907382603600e-01
246.400000 1.984574104264582388e+02 -3.525621854277112988e+01 -1.278987714076498960e+01 4.857143585743062264e-01 -4.163189843457885120e-01 -4.608261848891966328e-01 6.151416848730946185e-01
246.500000 1.985240899638244514e+02 -3.520757927613376381e+01 -1.290660779098317690e+01 4.871636737430931618e-01 -4.169252754705037312e-01 -4.590325787897133747e-01 6.149259803168533045e-01
246.600000 1.986565422177550886e+02 -3.510010950979158650e+01 -1.315378418891483037e+01 4.886581235749341001e-01 -4.173929216908238149e-01 -4.572087998291031741e-01 6.147816690057156253e-01
246.700000 1.987418953322472532e+02 -3.502822712628280755e+01 -1.324330096321607542e+01 4.898791559563783760e-01 -4.176901243951088305e-01 -4.557825262963845492e-01 6.146671141887699585e-01
246.800000 1.988224956083586505e+02 -3.495912224225096310e+01 -1.333916549601245904e+01 4.909656096913841972e-01 -4.179791297077860013e-01 -4.545033144973769645e-01 6.145510185004884329e-01
246.900000 1.988908854998534821e+02 -3.491034271527528432e+01 -1.345495546667122611e+01 4.918835430973446110e-01 -4.183590795743354351e-01 -4.531012505817121894e-01 6.145937823383881282e-01
247.000000 1.989814765540704116e+02 -3.483487050072668723e+01 -1.355906603511384745e+01 4.928392933809455090e-01 -4.185423763782610829e-01 -4.518464522181194210e-01 6.146271176032725991e-01
247.100000 1.991136879230273280e+02 -3.471390315823108352e+01 -1.378183713268333932e+01 4.937951142463745668e-01 -4.187089455242043456e-01 -4.504950453528765997e-01 6.147384957824980622e-01
247.200000 1.991815356143990812e+02 -3.466244265043008710e+01 -1.389670424303813334e+01 4.945426742709805312e-01 -4.188873651927663699e-01 -4.493115536252781372e-01 6.148821402395809876e-01
247.300000 1.992514503499021714e+02 -3.460865362197544215e+01 -1.400929584060334676e+01 4.953741846856616893e-01 -4.191413583615361538e-01 -4.479402470661388302e-01 6.150402213808369156e-01
247.400000 1.993302334361639794e+02 -3.454152648548305393e+01 -1.412778223516513165e+01 4.961635043556994473e-01 -4.192794700530875218e-01 -4.466147384552944244e-01 6.152737425991643416e-01
247.500000 1.993918191959214425e+02 -3.449429486933015454e+01 -1.423047505758482956e+01 4.969730419100198970e-01 -4.195126638702079691e-01 -4.452324597409949014e-01 6.154632216958272339e-01
247.600000 1.994689456493888429e+02 -3.443383788602536555e+01 -1.435364599040847011e+01 4.976733544676613663e-01 -4.195516906968052018e-01 -4.440343670444679702e-01 6.157362194720855664e-01
247.700000 1.995398273928794026e+02 -3.438238248801581420e+01 -1.446671268162179658e+01 4.983657777736176797e-01 -4.196992129326478360e-01 -4.426613122467408235e-01 6.160641889022657747e-01
247.800000 1.995985652870986371e+02 -3.432834116596534813e+01 -1.460214299891389444e+01 4.989019364560241532e-01 -4.198991426088841683e-01 -4.410067777917208720e-01 6.166802978679607472e-01
247.900000 1.996695330503990817e+02 -3.428486273856241695e+01 -1.471836322199207459e+01 4.992454012613068426e-01 -4.201086952804582442e-01 -4.395795533400927990e-01 6.172783243841566403e-01
248.000000 1.997555174554541964e+02 -3.422591756408552754e+01 -1.483617136203438136e+01 4.994793069768572180e-01 -4.202757607410474439e-01 -4.383053398417510738e-01 6.178811664888802513e-01
248.100000 1.998161218635511887e+02 -3.417851347446363519e+01 -1.497335179190506338e+01 4.995003473809658256e-01 -4.204997425632666097e-01 -4.368278507275247802e-01 6.187574632271454211e-01
248.200000 1.998853852809566263e+02 -3.412873949090823800e+01 -1.510555723588109700e+01 4.993800120692737932e-01 -4.207746300608993795e-01 -4.349952959713148104e-01 6.199575846182008299e-01
248.300000 2.000055938830809623e+02 -3.405190414685294087e+01 -1.535359640765438272e+01 4.989957264915738655e-01 -4.209470350633404134e-01 -4.335606749651811920e-01 6.211537649714969911e-01
248.400000 2.000637568703258182e+02 -3.400389112867554076e+01 -1.547516111795937732e+01 4.985110058509077402e-01 -4.209724648835215799e-01 -4.320520232461136367e-01 6.225753047337713175e-01
248.500000 2.001385141790974842e+02 -3.393174384356948536e+01 -1.559318230734550426e+01 4.975241062912694745e-01 -4.211713714682832621e-01 -4.293169949157845111e-01 6.251170749476286925e-01
248.600000 2.002023189151484530e+02 -3.388720055949251986e+01 -1.571311008730232928e+01 4.966552395769722184e-01 -4.208642466286812711e-01 -4.281641500519887122e-01 6.268032542358655812e-01
248.700000 2.002732705425675022e+02 -3.383962039421344770e+01 -1.584513278205418274e+01 4.955328300952630549e-01 -4.204826195882322981e-01 -4.269511824491391550e-01 6.287720323990872995e-01
248.800000 2.003405064809110172e+02 -3.379062552331890146e+01 -1.597864800258377826e+01 4.941387847760758123e-01 -4.199601491874541681e-01 -4.257245703159576733e-01 6.310458974621161454e-01
248.900000 2.004695160812693757e+02 -3.368005194394574886e+01 -1.622630422965175612e+01 4.928361816669529771e-01 -4.192133568769195184e-01 -4.247066363532465139e-01 6.332431859036731225e-01
249.000000 2.005469930759594490e+02 -3.361264662759786148e+01 -1.634557223834621098e+01 4.901650016545794353e-01 -4.181493053336380328e-01 -4.231165915832493796e-01 6.370728212135060575e-01
249.100000 2.006209476617859764e+02 -3.353291175693336612e+01 -1.645933046131408517e+01 4.859374727962383900e-01 -4.158161503628031164e-01 -4.218161925092941966e-01 6.426762803829203508e-01
249.200000 2.006656754748919411e+02 -3.349797878896497849e+01 -1.659067893335670263e+01 4.837832590022178025e-01 -4.146047334577768195e-01 -4.210964052656435141e-01 6.455497585592856469e-01
249.300000 2.007161285977132650e+02 -3.346285507498433986e+01 -1.673538436901171522e+01 4.816752794752367506e-01 -4.134504915792912572e-01 -4.204928027085251818e-01 6.482541315145043948e-01
249.400000 2.007568017364944808e+02 -3.342019363671001742e+01 -1.686561052962425222e+01 4.793672338732860583e-01 -4.120831004009132270e-01 -4.199632986699539106e-01 6.511723283608542578e-01
249.500000 2.007951532353706341e+02 -3.338632241873690276e+01 -1.699912323635039613e+01 4.766923758579559856e-01 -4.104207742271031023e-01 -4.194393708114239616e-01 6.545149204525740894e-01
249.600000 2.008329546953532940e+02 -3.334781569299622817e+01 -1.713155151581847591e+01 4.741418506116229503e-01 -4.087886638655753857e-01 -4.190880212664386262e-01 6.576066941756022466e-01
249.700000 2.008659322520492196e+02 -3.331484004108323660e+01 -1.725151710801735661e+01 4.716028424256840657e-01 -4.070217370173148108e-01 -4.188251340689447266e-01 6.606887101226671666e-01
249.800000 2.009025662278975801e+02 -3.327224730852520196e+01 -1.739847185250645012e+01 4.693086580277844866e-01 -4.053608525750314051e-01 -4.185728742700213223e-01 6.634973335478724366e-01
249.900000 2.009427482665348066e+02 -3.323893126878569859e+01 -1.754691190780869547e+01 4.666866552741719132e-01 -4.034349236771616054e-01 -4.184174279162197752e-01 6.666113441598364719e-01
250.000000 2.009796734639179761e+02 -3.320269668445957478e+01 -1.766482251416704585e+01 4.642129634303746033e-01 -4.017246574411363902e-01 -4.182930123598313510e-01 6.694434852905278843e-01
250.100000 2.010289787084954867e+02 -3.315871062836196614e+01 -1.780770885235593326e+01 4.618220378727792008e-01 -3.998574580436264347e-01 -4.182815317742238359e-01 6.722164671878634312e-01
250.200000 2.010630359791899764e+02 -3.311520852129626036e+01 -1.795508453422379702e+01 4.593903461491631313e-01 -3.978649214840266901e-01 -4.182831715155963526e-01 6.750579253251647316e-01
250.300000 2.011053939724898783e+02 -3.307557020768792455e+01 -1.808582815864168580e+01 4.573318954342400766e-01 -3.960620787836022227e-01 -4.182294586401842373e-01 6.775444539612698325e-01
250.400000 2.011449811598582187e+02 -3.303397239738730917e+01 -1.823219362153296785e+01 4.546510280095649725e-01 -3.939476310314584673e-01 -4.182569722180273231e-01 6.805577212298424827e-01
250.500000 2.012071198159299001e+02 -3.298187754307367214e+01 -1.833208140214279425e+01 4.498270081100863016e-01 -3.907874920283120890e-01 -4.185861626244181122e-01 6.853659046876452443e-01
250.600000 2.012417751933282375e+02 -3.295861983444411436e+01 -1.848374209849448491e+01 4.466878859132147883e-01 -3.889920590720502558e-01 -4.179423024124135355e-01 6.888246093248120427e-01
250.700000 2.012694666892471957e+02 -3.293884994609776840e+01 -1.862264481238622338e+01 4.436414024523850919e-01 -3.873237533757823980e-01 -4.172505119499931858e-01 6.921449460759254713e-01
250.800000 2.013071065579536025e+02 -3.291708516035372867e+01 -1.875888196654318918e+01 4.405632581184449337e-01 -3.857063184036251813e-01 -4.164960993464710270e-01 6.954607471085312298e-01
250.900000 2.013892433807360192e+02 -3.285946999777510058e+01 -1.886080880146352357e+01 4.343859066764857446e-01 -3.831915183107702516e-01 -4.157056158422780534e-01 7.011861274531366872e-01
251.000000 2.014454126142681503e+02 -3.281886403434349830e+01 -1.904869607916319652e+01 4.304607323590794454e-01 -3.812767596367991341e-01 -4.149739571246836567e-01 7.050731914957684143e-01
251.100000 2.014944972978153714e+02 -3.276744854301556842e+01 -1.917285999647757322e+01 4.260843302151108292e-01 -3.790087026017423533e-01 -4.144138003595109199e-01 7.092712802368864589e-01
251.200000 2.015299860939705354e+02 -3.272836146945862623e+01 -1.932112247850459497e+01 4.217081754709756103e-01 -3.766451870028872939e-01 -4.139372925317629792e-01 7.134118976439730586e-01
251.300000 2.015858659325870974e+02 -3.268101809741680341e+01 -1.944405876076524819e+01 4.172739963288326082e-01 -3.742397392822044977e-01 -4.136466310023406145e-01 7.174423281283078824e-01
251.400000 2.016437237004994074e+02 -3.261792467665227235e+01 -1.955872205971316546e+01 4.122046454576293595e-01 -3.714227285506062071e-01 -4.135871968351080286e-01 7.218574080753417110e-01
251.500000 2.016910313853038019e+02 -3.257861833830926201e+01 -1.968795617899514028e+01 4.075684252633064442e-01 -3.687219859385321707e-01 -4.135780642085886694e-01 7.258686249035770643e-01
251.600000 2.017551694423520985e+02 -3.251717090627663964e+01 -1.981781409351250645e+01 4.023669173957648004e-01 -3.657133110497018946e-01 -4.138502451100267709e-01 7.301250663611437153e-01
251.700000 2.018061728075671226e+02 -3.246665943855104075e+01 -1.992459269141943068e+01 3.969269455177336647e-01 -3.623844209936369909e-01 -4.143303280098172836e-01 7.344773043698122894e-01
251.800000 2.018806073225643445e+02 -3.239658831590789845e+01 -2.002452770588266517e+01 3.913196565525584592e-01 -3.589147243919185715e-01 -4.149843608553928642e-01 7.388079095784655381e-01
251.900000 2.019504847281288846e+02 -3.232913578740312488e+01 -2.014825499675414378e+01 3.854633692627697505e-01 -3.551711328933514489e-01 -4.158268693682078965e-01 7.432089020102506938e-01
252.000000 2.020564959174415378e+02 -3.223452060614166470e+01 -2.024445453935466688e+01 3.789633155166962641e-01 -3.510351862307758419e-01 -4.170820158648232967e-01 7.477992347967820086e-01
252.100000 2.021056943769765439e+02 -3.218320220381783514e+01 -2.036854406908083703e+01 3.737252506802454799e-01 -3.474051535153873660e-01 -4.179303956074467141e-01 7.516470453226969939e-01
252.200000 2.021736133917568168e+02 -3.212008178253451973e+01 -2.045779400658335945e+01 3.673321603857133133e-01 -3.430298129934374884e-01 -4.193079152439226909e-01 7.560281102960704214e-01
252.300000 2.022413027173338946e+02 -3.205992847849068283e+01 -2.054930198925274354e+01 3.612371331361073912e-01 -3.388277988596753443e-01 -4.205855944814599900e-01 7.601389439294571337e-01
252.400000 2.023340685436938315e+02 -3.198685880502178946e+01 -2.063002003894309055e+01 3.541688420144491478e-01 -3.341029786436761628e-01 -4.223606486973178753e-01 7.645594244004505491e-01
252.500000 2.024159285205020353e+02 -3.191491854485013135e+01 -2.074350928408923878e+01 3.473035112206446229e-01 -3.294008029921295932e-01 -4.240199722452173692e-01 7.688188637248157820e-01
252.600000 2.024924897846111946e+02 -3.185475456063907274e+01 -2.082773560597989970e+01 3.408403070154700232e-01 -3.248473439871661927e-01 -4.255884169251455962e-01 7.727720152782657781e-01
252.700000 2.025942162564316220e+02 -3.177894735217271460e+01 -2.092086481441766566e+01 3.282308181470916519e-01 -3.184361163318689680e-01 -4.275476741925875457e-01 7.797858399114953043e-01
252.800000 2.026821358493952232e+02 -3.170644490018060679e+01 -2.102939457931296729e+01 3.217737352542531792e-01 -3.142621408563602836e-01 -4.284826804619540908e-01 7.836476010740043296e-01
252.900000 2.029140576472003943e+02 -3.150180515738627918e+01 -2.134741084123215060e+01 3.144725252388116399e-01 -3.097051605073042890e-01 -4.294802695526714342e-01 7.878682900650555432e-01
253.000000 2.030811248796496500e+02 -3.137188868085640792e+01 -2.154030065331253141e+01 3.068979607283761624e-01 -3.051512102468764698e-01 -4.303818024371514062e-01 7.921287046412214261e-01
253.100000 2.031570823133555166e+02 -3.131392117460116964e+01 -2.164695179112348100e+01 2.990687590041028465e-01 -3.006107001069784901e-01 -4.311669877586879474e-01 7.964208140399379188e-01
253.200000 2.032371629127792687e+02 -3.125020058923353616e+01 -2.176652445067113106e+01 2.903048994206192113e-01 -2.957478806116080050e-01 -4.318488031462044963e-01 8.011010346437689167e-01
253.300000 2.033204073098155220e+02 -3.119228623553865276e+01 -2.186751800204315899e+01 2.826773663417989635e-01 -2.913611392008435552e-01 -4.325977094551040070e-01 8.050226176299947189e-01
253.400000 2.033972907797544565e+02 -3.114198616043831436e+01 -2.199537742542957020e+01 2.734971348739966834e-01 -2.863047635362478971e-01 -4.334526343247346314e-01 8.095354923591157048e-01
253.500000 2.034958189651999305e+02 -3.108703790640698372e+01 -2.212494058524608320e+01 2.655291249532038544e-01 -2.815912905214732476e-01 -4.344388093116664518e-01 8.133040943385804189e-01
253.600000 2.037519125245809448e+02 -3.090876161295658875e+01 -2.249892823596657720e+01 2.567618271770500393e-01 -2.764615161747414063e-01 -4.354971501662148747e-01 8.173032646308048266e-01
253.700000 2.038431311930063146e+02 -3.085556848240658923e+01 -2.263448776977338284e+01 2.477950914340185384e-01 -2.711663219303994121e-01 -4.366612781460693093e-01 8.212145558133917556e-01
253.800000 2.039142465696580473e+02 -3.081800750484296003e+01 -2.275297177272625859e+01 2.379393254189245410e-01 -2.656701776143671201e-01 -4.378793945763518880e-01 8.252671506554621894e-01
253.900000 2.039970857438173368e+02 -3.076855523237704659e+01 -2.287761470019408350e+01 2.287298576342887690e-01 -2.601409003038831491e-01 -4.392196645035325586e-01 8.289122091808562853e-01
254.000000 2.040796619299097472e+02 -3.072366834050585993e+01 -2.300408143717607246e+01 2.193377982841339391e-01 -2.544537116585815495e-01 -4.406391693391409903e-01 8.324550205933962665e-01
254.100000 2.041645461387697367e+02 -3.067598839769004115e+01 -2.314571506444127991e+01 2.092722149762595296e-01 -2.482716182294480989e-01 -4.424534878848016550e-01 8.359433322177017844e-01
254.200000 2.042307789421079462e+02 -3.063181877646294282e+01 -2.326478884357822707e+01 1.996858718212059514e-01 -2.423473116116497406e-01 -4.438134524069378695e-01 8.392990841245125955e-01
254.300000 2.043017740652845191e+02 -3.058874450464960404e+01 -2.339875624018089084e+01 1.899418477371986325e-01 -2.363949648613405674e-01 -4.450926824891482947e-01 8.425746370862337020e-01
254.400000 2.044862821581035348e+02 -3.053850599475723726e+01 -2.364919500860233725e+01 1.698531799043909163e-01 -2.255399959877034122e-01 -4.467333411823286582e-01 8.489469532086834080e-01
254.500000 2.045545212563222890e+02 -3.049900827942982318e+01 -2.378561162962888531e+01 1.599266667861019842e-01 -2.192608968484315579e-01 -4.480711313289456044e-01 8.518100619466215662e-01
254.600000 2.046156047608477877e+02 -3.046444331314587117e+01 -2.391044663182445973e+01 1.499744617072534814e-01 -2.129216112882130474e-01 -4.494193158244637054e-01 8.545140881494709406e-01
254.700000 2.046875822254980903e+02 -3.041402858089045225e+01 -2.405815112967367853e+01 1.399501618531676927e-01 -2.062677001087316886e-01 -4.507405033841892505e-01 8.571467708030487964e-01
254.800000 2.047384699798602128e+02 -3.038645902254128117e+01 -2.417329645988627718e+01 1.299517960779658643e-01 -1.997146733574640398e-01 -4.520084834449429878e-01 8.596016000657716871e-01
254.900000 2.047956077712151171e+02 -3.035377942006835639e+01 -2.430053199927627716e+01 1.199666761008021248e-01 -1.930595604365529794e-01 -4.533226251302081566e-01 8.618785298952671425e-01
255.000000 2.048646463300580933e+02 -3.031627610973622922e+01 -2.443702575535374777e+01 1.099345067654920738e-01 -1.863194141720220243e-01 -4.546063957591959248e-01 8.640211253549624493e-01
255.100000 2.049185469371244324e+02 -3.028140997274140744e+01 -2.458090320755556846e+01 9.915359301453192942e-02 -1.790746101295034864e-01 -4.558627104901864513e-01 8.661928412217544393e-01
255.200000 2.050009594978764085e+02 -3.021855157170008255e+01 -2.469944373958081840e+01 9.008908953911529127e-02 -1.725358829021131912e-01 -4.568787373677508645e-01 8.679730090264623499e-01
255.300000 2.050519325316820414e+02 -3.018469677398542927e+01 -2.482892947925624938e+01 8.014185891628826386e-02 -1.656277482322385530e-01 -4.576238027517614548e-01 8.698995267385635222e-01
255.400000 2.052239543862731921e+02 -3.008689337337394676e+01 -2.527358860548396180e+01 7.010485713645861483e-02 -1.588104184460347734e-01 -4.581273556332814412e-01 8.717705466573925088e-01
255.500000 2.052661577949547507e+02 -3.006241385928290555e+01 -2.540817713329937888e+01 6.002470163780882634e-02 -1.521091509511145468e-01 -4.583452228957472507e-01 8.736014526309299200e-01
255.600000 2.053102923971571272e+02 -3.004004875860800183e+01 -2.554248053713717681e+01 4.912398818201603456e-02 -1.448684112322464190e-01 -4.587323303958449894e-01 8.753083035489467312e-01
255.700000 2.053622643930380036e+02 -3.000853834304283652e+01 -2.567202206945379217e+01 3.920630209704353136e-02 -1.378237226528283843e-01 -4.593488364726682205e-01 8.766220016524781666e-01
255.800000 2.054504917624850009e+02 -2.998261419816758888e+01 -2.578177494736768338e+01 1.983613922769764462e-02 -1.244381221691552020e-01 -4.600218132203753862e-01 8.789207089908577242e-01
255.900000 2.055409181752999359e+02 -2.987425985618872204e+01 -2.585137636738814493e+01 1.114277589984100265e-02 -1.174656677789681358e-01 -4.610464161530954952e-01 8.794963658770135195e-01
256.000000 2.055991079055622492e+02 -2.987351987327644309e+01 -2.598209239731700038e+01 -7.756469377044583266e-03 -1.041937027282510697e-01 -4.621312106629283933e-01 8.806351421705790328e-01
256.100000 2.056984661371094774e+02 -2.975242509213668285e+01 -2.599771604878499076e+01 -1.674755663480559723e-02 -9.654600632137209926e-02 -4.632755282205471836e-01 8.807804340254900000e-01
256.200000 2.057877204768009562e+02 -2.962278664222719016e+01 -2.599890779436922017e+01 -2.550939805146013040e-02 -8.890745972926010487e-02 -4.644145860596793352e-01 8.807745605264486466e-01
256.300000 2.058728853150805662e+02 -2.950784559830926668e+01 -2.599680872348220717e+01 -3.402403012420140982e-02 -8.126569322609365764e-02 -4.655282589271170224e-01 8.806370947324880794e-01
256.400000 2.059599235416869476e+02 -2.937786272107249630e+01 -2.597933426446778427e+01 -4.302100214158936092e-02 -7.310743471792288672e-02 -4.666854050776858553e-01 8.803460848161784869e-01
256.500000 2.060329265198094788e+02 -2.925554356950612345e+01 -2.596669805574758882e+01 -5.022581983679316742e-02 -6.619651897208934932e-02 -4.676368898005654473e-01 8.800063222473765157e-01
256.600000 2.061974820069542602e+02 -2.914383658098360996e+01 -2.619188299483026938e+01 -6.372524478485142030e-02 -5.430716398715284415e-02 -4.691406195536240165e-01 8.791455534788452653e-01
256.700000 2.062876436246585286e+02 -2.900096449287722322e+01 -2.616155292969502355e+01 -7.084037079811215942e-02 -4.712096938974282695e-02 -4.701064322791174699e-01 8.784994015016495128e-01
256.800000 2.063586234403702520e+02 -2.887812576104497708e+01 -2.614348236020054017e+01 -7.766573692600833856e-02 -3.999041882262512060e-02 -4.709996471445196953e-01 8.777973183485290321e-01
256.900000 2.064382959588914730e+02 -2.874514820777762480e+01 -2.611641027269327608e+01 -8.412179541660996795e-02 -3.297844879486767217e-02 -4.718396383203088962e-01 8.770423599580184915e-01
257.000000 2.065130799182572332e+02 -2.862360781629762840e+01 -2.610758499283540246e+01 -9.035779727785593629e-02 -2.616678920496528019e-02 -4.725810497539672528e-01 8.762522005833909278e-01
257.100000 2.065972029983151685e+02 -2.850798496925325054e+01 -2.610536055757407681e+01 -9.631112556826669502e-02 -1.944396688969805137e-02 -4.733477481730464231e-01 8.753787800391736873e-01
257.200000 2.066974204596183711e+02 -2.836866201660154019e+01 -2.610623180710598845e+01 -1.019724716843019158e-01 -1.292614945466070454e-02 -4.740297839889836551e-01 8.744885897312941747e-01
257.300000 2.067792633086706644e+02 -2.825148907778234530e+01 -2.610981365568664714e+01 -1.073796847980316577e-01 -6.513314884887131534e-03 -4.747113365755780134e-01 8.735424013455294068e-01
257.400000 2.068717864662661441e+02 -2.812431284118891739e+01 -2.611212484929356847e+01 -1.124632772222694255e-01 -2.039729822214917407e-04 -4.753602423626427931e-01 8.725735554395278593e-01
257.500000 2.069626249350728528e+02 -2.799651395989101132e+01 -2.612501206052715830e+01 -1.172886035616144129e-01 5.854527772580699063e-03 -4.759530815154865979e-01 8.715949587824834977e-01
257.600000 2.070484663416696094e+02 -2.788222611301444687e+01 -2.612892085913349050e+01 -1.222910637186373217e-01 1.243447919204954816e-02 -4.767022827607528268e-01 8.704281780092335552e-01
257.700000 2.071486465090321474e+02 -2.774460811488722101e+01 -2.615042425410094395e+01 -1.266021474598242602e-01 1.816774844086892909e-02 -4.773404127351084103e-01 8.693606613742231870e-01
257.800000 2.072377017197559042e+02 -2.763955737351596298e+01 -2.618868806223071388e+01 -1.305836362712071430e-01 2.365615031962479270e-02 -4.780499396066243967e-01 8.682491322957640589e-01
257.900000 2.073323439766318472e+02 -2.751730532329197132e+01 -2.621753535179100325e+01 -1.346601913942711004e-01 2.946590175632366956e-02 -4.788643094818300638e-01 8.669990580109271372e-01
258.000000 2.074282251921221700e+02 -2.739822326061632651e+01 -2.625450320111083258e+01 -1.384419914941584784e-01 3.525880001962099913e-02 -4.797607159645885799e-01 8.656906418747132292e-01
258.100000 2.075104392000161511e+02 -2.730703950296194904e+01 -2.629287200443119232e+01 -1.419156055704364761e-01 4.073987562233461618e-02 -4.806583706900337538e-01 8.643886591779504913e-01
258.200000 2.076022843239720999e+02 -2.720214591212563704e+01 -2.636563096908433934e+01 -1.472427030745453447e-01 4.995371560129603650e-02 -4.827886211217400914e-01 8.618232765505321469e-01
258.300000 2.076826059578602610e+02 -2.711527845380495449e+01 -2.644588800892441682e+01 -1.517363920710657621e-01 5.863997983734924035e-02 -4.849190516139292306e-01 8.592967668202753373e-01
258.400000 2.077879310624988989e+02 -2.701304203453585018e+01 -2.650223542944289434e+01 -1.538545802650873873e-01 6.284834950375169094e-02 -4.859225444692800711e-01 8.580548548155931821e-01
258.500000 2.078890376509627060e+02 -2.691624275469629168e+01 -2.653120849814680682e+01 -1.555111477763241046e-01 6.671651183253406170e-02 -4.868188605867020402e-01 8.569554171269675447e-01
258.600000 2.079901501044498389e+02 -2.682723912103839581e+01 -2.657910751605665567e+01 -1.572736317766457725e-01 7.075734650612100496e-02 -4.878252892670593699e-01 8.557364604916086748e-01
258.700000 2.080902539792020889e+02 -2.673247221805059581e+01 -2.661692701496471969e+01 -1.586132059650113557e-01 7.437003213370330101e-02 -4.887160885266202959e-01 8.546739343335407746e-01
258.800000 2.081868106813831218e+02 -2.663633376087758364e+01 -2.666007616727882734e+01 -1.600392416819866048e-01 7.821934272501768204e-02 -4.897249678990947541e-01 8.534861635444077610e-01
258.900000 2.082962862843021696e+02 -2.653812267036528993e+01 -2.671568894931849414e+01 -1.615109121991789576e-01 8.222118262100087949e-02 -4.908147625792625979e-01 8.522058267832103295e-01
259.000000 2.084068107231670410e+02 -2.643480618337819266e+01 -2.675860134651128774e+01 -1.625977584299595491e-01 8.550334632408189417e-02 -4.916793240451176605e-01 8.511771783991114448e-01
259.100000 2.084694456971766385e+02 -2.634811166559267548e+01 -2.687379221158102283e+01 -1.646134288625188957e-01 9.212624022227597353e-02 -4.938052113683960576e-01 8.488648821373432352e-01
259.200000 2.085704032877325176e+02 -2.625508232430259881e+01 -2.691354900512037673e+01 -1.655829464574399001e-01 9.550032220279391915e-02 -4.948214120024251317e-01 8.477108861667174144e-01
259.300000 2.086023233477403664e+02 -2.621220135189226852e+01 -2.704611599537563293e+01 -1.682622438500449291e-01 1.061433519032677214e-01 -4.982720668371420358e-01 8.438876427292497651e-01
259.400000 2.087085143259702988e+02 -2.611235169778873200e+01 -2.710503074197996298e+01 -1.690649528190132089e-01 1.092877805605265568e-01 -4.988814149058143910e-01 8.429653353549193540e-01
259.500000 2.088192084543861711e+02 -2.601335410184930907e+01 -2.715666039918872698e+01 -1.698327397296376662e-01 1.122027220353549043e-01 -4.994298364817126301e-01 8.421028607691768419e-01
259.600000 2.089218803362967662e+02 -2.591362399417044315e+01 -2.722172191952200748e+01 -1.706614928853172342e-01 1.153078936437882812e-01 -4.999630812838630756e-01 8.411989430941606560e-01
259.700000 2.089950848739628952e+02 -2.581232366590699456e+01 -2.731708783234784832e+01 -1.724429860004910720e-01 1.212071681745326701e-01 -5.010065808566609435e-01 8.393834909626607388e-01
259.800000 2.090994509766443912e+02 -2.571186121976733574e+01 -2.737812394585055031e+01 -1.733969191854653757e-01 1.243630753760769925e-01 -5.014613331321434719e-01 8.384532576556231742e-01
259.900000 2.091926905724565131e+02 -2.561849127480457611e+01 -2.743311361635436540e+01 -1.745191199573095930e-01 1.278658872800630675e-01 -5.020028919453363159e-01 8.373687885979075318e-01
260.000000 2.093004828030855720e+02 -2.551952125807323313e+01 -2.749054000933377395e+01 -1.754959179514773981e-01 1.308066965856395369e-01 -5.024297406845061875e-01 8.364539118124924011e-01
260.100000 2.094000549244147749e+02 -2.541684379729768040e+01 -2.755581795644114251e+01 -1.767739108053633934e-01 1.343302148133696250e-01 -5.028232979361901833e-01 8.353891960633347269e-01
260.200000 2.094981434772499540e+02 -2.531021245129300468e+01 -2.761694266458888691e+01 -1.781725853308709084e-01 1.378908679102581192e-01 -5.033451806788993288e-01 8.341967798252373223e-01
260.300000 2.095908697273085579e+02 -2.520440786071726080e+01 -2.768710449665990225e+01 -1.797141976132569652e-01 1.414962564640335485e-01 -5.037478581061299865e-01 8.330184343916851031e-01
260.400000 2.096929707242080951e+02 -2.509813592838280982e+01 -2.774186286615638508e+01 -1.813076753741923453e-01 1.452330181238983831e-01 -5.042276269144171374e-01 8.317387796377448961e-01
260.500000 2.099124862711454114e+02 -2.487867765584351076e+01 -2.785015915819611010e+01 -1.828451291659374811e-01 1.486412001510831471e-01 -5.046140653503479179e-01 8.305649266665021679e-01
260.600000 2.100023506378881564e+02 -2.478258419537217350e+01 -2.790599093405856834e+01 -1.844710975623360394e-01 1.520958983197651104e-01 -5.048938647492531295e-01 8.294090891815774080e-01
260.700000 2.101150512763929896e+02 -2.465380998621343878e+01 -2.797844044808833885e+01 -1.863729616425295332e-01 1.559016490063252491e-01 -5.053144389842298967e-01 8.280199953864361140e-01
260.800000 2.101927288636321975e+02 -2.456654129199343828e+01 -2.803218694734332317e+01 -1.884967615815965336e-01 1.597967170431520978e-01 -5.056700728150296253e-01 8.265783432650071205e-01
260.900000 2.102776448053681975e+02 -2.446942919088382240e+01 -2.809383618017788464e+01 -1.904233534430553321e-01 1.633373774182697302e-01 -5.059940108651936885e-01 8.252453626468780890e-01
261.000000 2.103814644718944464e+02 -2.436509770042588485e+01 -2.814905307635465093e+01 -1.923782921371955668e-01 1.669547731185940798e-01 -5.063638780742799606e-01 8.238399841163759341e-01
261.100000 2.104651886042887270e+02 -2.426771778162169113e+01 -2.821186471836256615e+01 -1.943936382744949065e-01 1.704877872250875337e-01 -5.066882691006413530e-01 8.224427188329251903e-01
261.200000 2.105613463215685499e+02 -2.416150493404547461e+01 -2.827657927350511002e+01 -1.964846954120088030e-01 1.741005482456606246e-01 -5.069911778541736913e-01 8.210010408930357162e-01
261.300000 2.107127156921628170e+02 -2.395420184371749173e+01 -2.843219778942300380e+01 -1.988299871154885767e-01 1.780254552492604725e-01 -5.073177075100363531e-01 8.193914309740548685e-01
261.400000 2.108022167931043498e+02 -2.384885616132313402e+01 -2.850721077314500818e+01 -2.009259621263295159e-01 1.815698093491499854e-01 -5.075515838699421467e-01 8.179563263326686817e-01
261.500000 2.108815646909509383e+02 -2.374799401575507574e+01 -2.857010085960913059e+01 -2.030444941729605546e-01 1.851217627796787335e-01 -5.078443885752061959e-01 8.164538831581769074e-01
261.600000 2.109614018083076132e+02 -2.364782791674942786e+01 -2.863362832010638570e+01 -2.054328079659260009e-01 1.889839864192905672e-01 -5.081894830466004986e-01 8.147550942517249872e-01
261.700000 2.110430788990094300e+02 -2.354037695774777461e+01 -2.871428322397064292e+01 -2.076252672251261144e-01 1.925176560570098505e-01 -5.084162394407639729e-01 8.132291362149548508e-01
261.800000 2.111232679700341350e+02 -2.344133019865368084e+01 -2.877909921050128972e+01 -2.097064617901772399e-01 1.959994322868980066e-01 -5.086825211959585813e-01 8.116954570874360675e-01
261.900000 2.112219833789094707e+02 -2.333595356357157158e+01 -2.884118591847287760e+01 -2.115493922277286720e-01 1.991269845318100751e-01 -5.089376343641186518e-01 8.102948741089269769e-01
262.000000 2.112994661921668182e+02 -2.323681284277233061e+01 -2.890920063539053686e+01 -2.135781704235125977e-01 2.025117897013527790e-01 -5.091404313389868985e-01 8.087950057501903656e-01
262.100000 2.112813898460811970e+02 -2.316179057620335158e+01 -2.906233749907613984e+01 -2.180301977681011194e-01 2.090828037070002199e-01 -5.096167487630495208e-01 8.056289365678230840e-01
262.200000 2.113810919454451209e+02 -2.306095021420073721e+01 -2.913041560869898561e+01 -2.196992809230383648e-01 2.120555184407993954e-01 -5.098488631524954462e-01 8.042504708129252222e-01
262.300000 2.114517935359928913e+02 -2.296329052461265263e+01 -2.920718078873430912e+01 -2.217768355778645673e-01 2.155609907558324601e-01 -5.103753703377279516e-01 8.024122854356479095e-01
262.400000 2.115421257299545914e+02 -2.285605611582064256e+01 -2.927840511756595632e+01 -2.233250667277400514e-01 2.184147349673605520e-01 -5.108137357519043631e-01 8.009308618647252853e-01
262.500000 2.116177577779975252e+02 -2.275786123856503451e+01 -2.934970533602326626e+01 -2.249847492553557482e-01 2.214736633807382893e-01 -5.112390128075096074e-01 7.993534579989149957e-01
262.600000 2.116256149614672211e+02 -2.266574202293377738e+01 -2.945871510724592568e+01 -2.283190532634707670e-01 2.270934815305040710e-01 -5.121526486316305693e-01 7.962403061028954232e-01
262.700000 2.117193079243219813e+02 -2.256380303026164569e+01 -2.953332507610864255e+01 -2.297717418024293190e-01 2.300527902760332311e-01 -5.124656040516448741e-01 7.947701963582126661e-01
262.800000 2.117885435593904049e+02 -2.246586315556211133e+01 -2.961110509214725894e+01 -2.311006261663818007e-01 2.328003683298861815e-01 -5.128294969373057288e-01 7.933488489699884738e-01
262.900000 2.119571721674170135e+02 -2.226025602801052372e+01 -2.977921478928645982e+01 -2.323565354994800436e-01 2.355080396611231863e-01 -5.131406980171721033e-01 7.919804465415184458e-01
263.000000 2.119521689606152393e+02 -2.217476687353482845e+01 -2.989361864062154339e+01 -2.348185530946817479e-01 2.405899254989422031e-01 -5.135594520720322409e-01 7.894513436928255468e-01
263.100000 2.119614572767978302e+02 -2.207514929436177198e+01 -3.001496984095505027e+01 -2.370101915644581003e-01 2.455422709996193387e-01 -5.146284769513542745e-01 7.865702085368208030e-01
263.200000 2.119977249225258333e+02 -2.197339717374173773e+01 -3.010874891078308124e+01 -2.384133303132747461e-01 2.493260107282586902e-01 -5.155881772270847208e-01 7.843242032520212348e-01
263.300000 2.120522299775050215e+02 -2.186462760726909238e+01 -3.020847396393921613e+01 -2.391593775475746586e-01 2.517919574454401954e-01 -5.161337566280059796e-01 7.829492624467516704e-01
263.400000 2.121290919327815629e+02 -2.175263691028580837e+01 -3.031351154482840471e+01 -2.397520263393885798e-01 2.539619889995468616e-01 -5.166249975078900381e-01 7.817422119596226793e-01
263.500000 2.121891447915890012e+02 -2.166202557783069693e+01 -3.040662271264809036e+01 -2.402315078902806100e-01 2.559306811679668003e-01 -5.170885834728168318e-01 7.806456980575362525e-01
263.600000 2.122646304916077895e+02 -2.156509575440042425e+01 -3.050508913936284117e+01 -2.406172717897553937e-01 2.577732004705201585e-01 -5.175336237051084698e-01 7.796250726921879481e-01
263.700000 2.123298785407477567e+02 -2.147538077436905013e+01 -3.059569229591345518e+01 -2.410030746106930355e-01 2.596467356517134228e-01 -5.178413676988905534e-01 7.786792719684685338e-01
263.800000 2.123587712906604281e+02 -2.137432762536038666e+01 -3.069292541317829759e+01 -2.413673537876530606e-01 2.629009856042112681e-01 -5.187721424210317567e-01 7.768528409819797087e-01
263.900000 2.123715567329890632e+02 -2.126379941860073330e+01 -3.080459285328538854e+01 -2.415121578032107252e-01 2.659664086700901375e-01 -5.201228660058510034e-01 7.748586654030729104e-01
264.000000 2.124291039514042438e+02 -2.117065654210789916e+01 -3.089691098219990906e+01 -2.416343425771529663e-01 2.675800957428241533e-01 -5.207516674330712192e-01 7.738419979008920313e-01
264.100000 2.126210399760399810e+02 -2.099804633235276441e+01 -3.107798136547674872e+01 -2.417005104508928581e-01 2.689763281859853805e-01 -5.212650345864234813e-01 7.729911783720286866e-01
264.200000 2.126906285431385299e+02 -2.091300052354770145e+01 -3.116997765647598229e+01 -2.417543207799292826e-01 2.703508031849373716e-01 -5.217685939287025620e-01 7.721546645531315312e-01
264.300000 2.127658333908484565e+02 -2.082914114361586400e+01 -3.125863595918575655e+01 -2.417760543322026445e-01 2.718256110779092016e-01 -5.223358671840940826e-01 7.712460168887186329e-01
264.400000 2.128428698221255786e+02 -2.074911751018827744e+01 -3.134922989910424818e+01 -2.418300857282615901e-01 2.731435563768180863e-01 -5.227760168662862750e-01 7.704648229711114071e-01
264.500000 2.129085090243954141e+02 -2.066624082353012426e+01 -3.144606657759881685e+01 -2.417877482868659444e-01 2.743278726692906511e-01 -5.232515676808713323e-01 7.697341748776775905e-01
264.600000 2.130735860598232421e+02 -2.048053952585302540e+01 -3.164031229488823627e+01 -2.417173061196415118e-01 2.755967064595967186e-01 -5.237973257942488692e-01 7.689314408981334781e-01
264.700000 2.132244876388561181e+02 -2.031248224633397825e+01 -3.183933091557570449e+01 -2.416492256689414808e-01 2.768085458621233896e-01 -5.243129904594852064e-01 7.681657169561327825e-01
264.800000 2.133057690915631497e+02 -2.022135389058380639e+01 -3.193909307160007316e+01 -2.415442513228190369e-01 2.779580055021935170e-01 -5.247194364625282770e-01 7.675058532862067961e-01
264.900000 2.133703258725364833e+02 -2.012999075443831742e+01 -3.205019151699876545e+01 -2.414149012709855824e-01 2.793884971008325779e-01 -5.252764659377705536e-01 7.666456466086430943e-01
265.000000 2.134640836861281059e+02 -2.004381739937425522e+01 -3.214318154759196489e+01 -2.412951676193048345e-01 2.807113658938591993e-01 -5.259100873185554859e-01 7.657652063120683472e-01
265.100000 2.134943469013956019e+02 -1.980438818741628637e+01 -3.238825926482483908e+01 -2.406697455047116518e-01 2.829999896592954589e-01 -5.271919384385662655e-01 7.642367038404547230e-01
265.200000 2.136548632900818063e+02 -1.961069996432082263e+01 -3.260115229811216864e+01 -2.405090202940326216e-01 2.841399522817578682e-01 -5.276494435369845082e-01 7.635482718267625479e-01
265.300000 2.137288838270121687e+02 -1.950853455704127981e+01 -3.271798237739007220e+01 -2.404259015561722446e-01 2.852247437491793325e-01 -5.279884268791594781e-01 7.629354182994699807e-01
265.400000 2.138045329687426488e+02 -1.942816269011384378e+01 -3.280925967493783446e+01 -2.402795273588963498e-01 2.865349491710054708e-01 -5.284074109107887995e-01 7.622001572620616949e-01
265.500000 2.138980319619862200e+02 -1.934175570884598727e+01 -3.290210116136709928e+01 -2.401502472923977005e-01 2.877243285380660098e-01 -5.287656965244338370e-01 7.615440943712645794e-01
265.600000 2.139660737244998643e+02 -1.926013598260914961e+01 -3.299809756697634100e+01 -2.400637931992855578e-01 2.888958794323757684e-01 -5.290680364732355256e-01 7.609175768926094152e-01
265.700000 2.140532539411911728e+02 -1.915892224403516053e+01 -3.310620393005267204e+01 -2.399958534324195258e-01 2.900542309510881211e-01 -5.293472222553436968e-01 7.603039206351426271e-01
265.800000 2.141181534908664617e+02 -1.906085648609097660e+01 -3.321101219504157598e+01 -2.399042804105394888e-01 2.914655894358885169e-01 -5.296555704666237041e-01 7.595779901294972269e-01
265.900000 2.141881028430336755e+02 -1.897801034326544567e+01 -3.330452477473428985e+01 -2.398463226346638499e-01 2.926903306396800852e-01 -5.299394491158685438e-01 7.589270664164200486e-01
266.000000 2.141835772667143090e+02 -1.885218986904279603e+01 -3.342141477027617213e+01 -2.396093021925052302e-01 2.951409786806010738e-01 -5.302345485770365574e-01 7.578459662105379024e-01
266.100000 2.142538627495284516e+02 -1.876131438925958861e+01 -3.352906320369024229e+01 -2.396432746047033324e-01 2.964421373028014450e-01 -5.303568948592776167e-01 7.572415230580706869e-01
266.200000 2.143883785813968643e+02 -1.858320638849243522e+01 -3.373038063906236061e+01 -2.397469729208500933e-01 2.977976792343992041e-01 -5.304963166010546738e-01 7.565788718240873401e-01
266.300000 2.144386710995137264e+02 -1.849071961586806623e+01 -3.382734595408520306e+01 -2.398756008157713615e-01 2.993469431411473480e-01 -5.306694497813587708e-01 7.558048946878243024e-01
266.400000 2.144238412935508222e+02 -1.838562513767654849e+01 -3.392328455759532346e+01 -2.400200985731004710e-01 3.023465201759441556e-01 -5.310315588839281675e-01 7.543092320048601085e-01
266.500000 2.143975461652343029e+02 -1.828241499423366889e+01 -3.401881041359555979e+01 -2.403338452521998347e-01 3.049674384882183897e-01 -5.311650600998132354e-01 7.530592162754454755e-01
266.600000 2.144607288841409058e+02 -1.816868416851833246e+01 -3.413080749746951881e+01 -2.406041653527436208e-01 3.066001521648655803e-01 -5.312236404615178209e-01 7.522681876313811467e-01
266.700000 2.144919244766792303e+02 -1.807681926912079717e+01 -3.423592320897921581e+01 -2.409586966258266683e-01 3.082153401171042750e-01 -5.312391961933412565e-01 7.514832846209775763e-01
266.800000 2.145419621750231443e+02 -1.797721642101588913e+01 -3.434694558233346129e+01 -2.412993579379386078e-01 3.098556009000526523e-01 -5.312211778024750197e-01 7.507117867089587726e-01
266.900000 2.145926429639845878e+02 -1.787859363852908956e+01 -3.445853218374736571e+01 -2.416896109591449293e-01 3.115272627025530428e-01 -5.312255601485786904e-01 7.498908592537320006e-01
267.000000 2.146443042075603103e+02 -1.778021841173751483e+01 -3.454851434149647105e+01 -2.420049968986184019e-01 3.132510333520769907e-01 -5.312484524561744692e-01 7.490543727546588038e-01
267.100000 2.146881130143240171e+02 -1.768084799086177128e+01 -3.464159066909081730e+01 -2.423828529859853309e-01 3.148938057841181304e-01 -5.312476056552281056e-01 7.482435600409504950e-01
267.200000 2.147607852024086696e+02 -1.758641256697270450e+01 -3.474420511889913143e+01 -2.427942950030964886e-01 3.165036901474690412e-01 -5.312118981728695122e-01 7.474558606878142220e-01
267.300000 2.147991460721283374e+02 -1.748856442404979106e+01 -3.484113771475121268e+01 -2.432072795467532522e-01 3.182171733195141017e-01 -5.311658304558362076e-01 7.466263525594095674e-01
267.400000 2.148504080487087720e+02 -1.737713316268712305e+01 -3.493954185708135185e+01 -2.435722883961035368e-01 3.198490311418230037e-01 -5.312268733301878099e-01 7.457661474315893102e-01
267.500000 2.148640290395199486e+02 -1.726092942188653723e+01 -3.504453521698367524e+01 -2.441736024818085826e-01 3.226618357175579099e-01 -5.312862562148750190e-01 7.443141175468954707e-01
267.600000 2.149019916820294611e+02 -1.716295754833854659e+01 -3.514146390723500701e+01 -2.446150582995254841e-01 3.244438099425628885e-01 -5.312620814513889789e-01 7.434112510952544106e-01
267.700000 2.148776432281543975e+02 -1.703676601600943030e+01 -3.525500814284633577e+01 -2.452095068201619321e-01 3.272844853225023165e-01 -5.312750631088778430e-01 7.419595479208118682e-01
267.800000 2.148772648967251087e+02 -1.692909313488649303e+01 -3.534897467537643934e+01 -2.457718004860750816e-01 3.300711259849802293e-01 -5.313129736730304309e-01 7.405104981589133439e-01
267.900000 2.149588669794256930e+02 -1.673317022289332812e+01 -3.551822930184843585e+01 -2.461114578500958328e-01 3.316099817309412501e-01 -5.314060424921573933e-01 7.396428789180145014e-01
268.000000 2.149826028175098145e+02 -1.662385196998207704e+01 -3.562863258554102686e+01 -2.464748169672926759e-01 3.332911857953617663e-01 -5.313709211369636032e-01 7.387909678942454761e-01
268.100000 2.150372149002253082e+02 -1.653462906662706899e+01 -3.572593909102624821e+01 -2.467394861804233230e-01 3.345541118433114081e-01 -5.313905906111123789e-01 7.381173432579178906e-01
268.200000 2.150995424879137090e+02 -1.644748442027842117e+01 -3.582043432323936827e+01 -2.470229028418262085e-01 3.361173496709429775e-01 -5.314696549330817366e-01 7.372549210463704705e-01
268.300000 2.151531747856609513e+02 -1.635732633233083533e+01 -3.591739498325925695e+01 -2.473086518315349980e-01 3.374298904785079656e-01 -5.315712733709608839e-01 7.364859001146633055e-01
268.400000 2.152062343032240790e+02 -1.624952024109818893e+01 -3.601864669169876265e+01 -2.474935252378392403e-01 3.389553688437535461e-01 -5.316565879299133268e-01 7.356612572428048447e-01
268.500000 2.152515145417812334e+02 -1.614203553136274394e+01 -3.612393457868982694e+01 -2.476718613288447224e-01 3.403675007638182204e-01 -5.318142068746805062e-01 7.348348541651739119e-01
268.600000 2.153196590872190086e+02 -1.603166419876024662e+01 -3.623596306358071217e+01 -2.478527357938644093e-01 3.418540018294154437e-01 -5.319024101790565950e-01 7.340195425453068800e-01
268.700000 2.153567970127346882e+02 -1.593114477206147939e+01 -3.633038623470199013e+01 -2.479817517433775265e-01 3.433714189239701065e-01 -5.320732323242296502e-01 7.331433658654161745e-01
268.800000 2.153997227241488872e+02 -1.582642282964874170e+01 -3.643935983877609885e+01 -2.480727387785516269e-01 3.445635955142136719e-01 -5.322010121566228547e-01 7.324601883929884316e-01
268.900000 2.154366471931065234e+02 -1.571718844180960417e+01 -3.654604185737433397e+01 -2.481679007301265116e-01 3.460283572767533511e-01 -5.323428811783246228e-01 7.316338741927643774e-01
269.000000 2.155067503067756434e+02 -1.562114890975613690e+01 -3.664871499733372673e+01 -2.482165308080286348e-01 3.472330154295977245e-01 -5.325913355260657456e-01 7.308654158953324931e-01
269.100000 2.155641153611173877e+02 -1.551821499539695282e+01 -3.675257288405805411e+01 -2.482031061470888200e-01 3.487254839263215778e-01 -5.327729736061126431e-01 7.300265156514453846e-01
269.200000 2.156286552371664982e+02 -1.542198287731840622e+01 -3.685864651877213305e+01 -2.482108145294949775e-01 3.498506674412675821e-01 -5.330326869682309177e-01 7.292955893634158748e-01
269.300000 2.156872388488825152e+02 -1.531923409307207606e+01 -3.696200448958431650e+01 -2.481728211628127789e-01 3.510908223130483341e-01 -5.332886110953586334e-01 7.285250459659032840e-01
269.400000 2.157430698088877534e+02 -1.522149120805060107e+01 -3.707156547645146816e+01 -2.481086012500177129e-01 3.522696762916511792e-01 -5.335033970237658130e-01 7.278202542628483540e-01
269.500000 2.159590125395363600e+02 -1.495276295761464525e+01 -3.737143962358685201e+01 -2.480152609865166058e-01 3.533108821555198675e-01 -5.337712878048822551e-01 7.271506468286995650e-01
269.600000 2.160793705982835604e+02 -1.477375505867929917e+01 -3.755857021822883723e+01 -2.478758642722457828e-01 3.542910863821152612e-01 -5.340241488550139248e-01 7.265353332503146078e-01
269.700000 2.161455643037840844e+02 -1.467290893118645556e+01 -3.765914443436659553e+01 -2.477162378421465805e-01 3.554564671160824196e-01 -5.343137105831704536e-01 7.258072913504867163e-01
269.800000 2.162161840043248446e+02 -1.456746697493778697e+01 -3.777422687763538534e+01 -2.475467275922470234e-01 3.564198122594894325e-01 -5.345655629246908180e-01 7.252070008089336328e-01
269.900000 2.162874680362748450e+02 -1.447412474109915337e+01 -3.787855105978049153e+01 -2.473576121739205769e-01 3.574191627886110223e-01 -5.348260858824082087e-01 7.245873388562676931e-01
270.000000 2.163509361453236579e+02 -1.437759904183118209e+01 -3.798497856704088349e+01 -2.471161917026653276e-01 3.583798401087963104e-01 -5.351164026559650511e-01 7.239806030623363586e-01
270.100000 2.164165239956457185e+02 -1.428428508941386355e+01 -3.809296691043303440e+01 -2.468115056939159668e-01 3.595687305422460844e-01 -5.353995186525170036e-01 7.232853960228927681e-01
270.200000 2.164806685747437882e+02 -1.418466941847042762e+01 -3.819608569644306328e+01 -2.464792453443370446e-01 3.606104681578385374e-01 -5.357822879575755426e-01 7.225962993127048595e-01
270.300000 2.165291046079379385e+02 -1.409657404416176263e+01 -3.829747714981672857e+01 -2.460988960850665208e-01 3.617293477774915500e-01 -5.361158880891528922e-01 7.219189475561373914e-01
270.400000 2.165926940713382862e+02 -1.399202346380388207e+01 -3.841741470106966005e+01 -2.457936529734326692e-01 3.627116235529478372e-01 -5.364402514163952862e-01 7.212888568097214348e-01
270.500000 2.166637445204479206e+02 -1.389987230356577896e+01 -3.852293275008254625e+01 -2.454413463087533609e-01 3.636089648276639719e-01 -5.368145223885174566e-01 7.206783157358691572e-01
270.600000 2.166497597866696196e+02 -1.377603938911152426e+01 -3.861852455118751948e+01 -2.445266293440915562e-01 3.652556280287652113e-01 -5.375966496877020440e-01 7.195727176453312612e-01
270.700000 2.167035833064377357e+02 -1.368565945284187535e+01 -3.871508729001357096e+01 -2.440757074109730640e-01 3.661727960281648819e-01 -5.379547618626542294e-01 7.189917987641055719e-01
270.800000 2.167825493361008284e+02 -1.357337656967935402e+01 -3.884005397822390648e+01 -2.436372657149243615e-01 3.671346749477766291e-01 -5.383308343708507193e-01 7.183682384206092619e-01
270.900000 2.168760980265587079e+02 -1.345785161068206293e+01 -3.897373317622184175e+01 -2.433213181729108887e-01 3.679936320098096125e-01 -5.386649388642860137e-01 7.177851395516354760e-01
271.000000 2.169726177098696098e+02 -1.334028552705515835e+01 -3.910347497764644231e+01 -2.429333997793338418e-01 3.688611579152491493e-01 -5.390008036716115170e-01 7.172188948253057639e-01
271.100000 2.170537613630588964e+02 -1.325279865499788201e+01 -3.920564331918031087e+01 -2.425680301136358408e-01 3.697685043785930992e-01 -5.393658941034136234e-01 7.166006113690065460e-01
271.200000 2.171266200295516455e+02 -1.316117278764328802e+01 -3.931037937087585021e+01 -2.421438374874205213e-01 3.707011473345502850e-01 -5.397591517563339325e-01 7.159658367736525530e-01
271.300000 2.171985719571842992e+02 -1.307316196165885458e+01 -3.941881406206093175e+01 -2.417199034003159053e-01 3.716676242364175264e-01 -5.400952953931248413e-01 7.153542739711649112e-01
271.400000 2.172484430952699768e+02 -1.298252238027583161e+01 -3.951728077400169070e+01 -2.412495732089376954e-01 3.725701230687294974e-01 -5.404474204552505157e-01 7.147774006964145999e-01
271.500000 2.174304649556175377e+02 -1.281932525583644633e+01 -3.971462624642718708e+01 -2.409169104567654984e-01 3.734277643677278991e-01 -5.407406629429732936e-01 7.142200518714673096e-01
271.600000 2.174968793032194299e+02 -1.271433847434891362e+01 -3.983270469454676288e+01 -2.403800173500834358e-01 3.744054096395180720e-01 -5.411382828126654054e-01 7.135876928352941073e-01
271.700000 2.176905163573064783e+02 -1.243710092099126285e+01 -4.014020257500176569e+01 -2.398630117828841335e-01 3.753490111109039074e-01 -5.415351739411702336e-01 7.129645929644872204e-01
271.800000 2.177677538768611498e+02 -1.234427706460500929e+01 -4.024073045440761121e+01 -2.394051541977740005e-01 3.762554196338964707e-01 -5.418978071252934514e-01 7.123649331434407372e-01
271.900000 2.179181608138023876e+02 -1.218006212732121440e+01 -4.044170007277837442e+01 -2.390369771432949153e-01 3.771681312459446711e-01 -5.421811356808596827e-01 7.117900957743448220e-01
272.000000 2.180181691560293018e+02 -1.204666140551950804e+01 -4.059805266533864199e+01 -2.385911464082638433e-01 3.780477136120022341e-01 -5.425442351740301650e-01 7.111961360748204619e-01
272.100000 2.182106491973207767e+02 -1.183183288259611032e+01 -4.085446174399092456e+01 -2.382045684440188271e-01 3.789286699967738814e-01 -5.428604525931821634e-01 7.106153499870376811e-01
272.200000 2.182872566441511140e+02 -1.174324805594431353e+01 -4.095951116919465562e+01 -2.378081338161635028e-01 3.798273032227979518e-01 -5.431356081675080549e-01 7.100579007080207727e-01
272.300000 2.183606353989506204e+02 -1.165050865313971684e+01 -4.106338035211715010e+01 -2.372965267539896561e-01 3.809912953835968841e-01 -5.435226671521815600e-01 7.093088900642658956e-01
272.400000 2.184252405480870891e+02 -1.158026544690405757e+01 -4.114990790902241713e+01 -2.369561397990525842e-01 3.819012028766946010e-01 -5.438145016934240461e-01 7.087094233893032058e-01
272.500000 2.185050785154393509e+02 -1.150924055351820385e+01 -4.124516871440860655e+01 -2.366391633275079787e-01 3.828597803714109404e-01 -5.440601667475764014e-01 7.081093347161944163e-01
272.600000 2.185871629856781624e+02 -1.142369907954948616e+01 -4.134886582401814792e+01 -2.363073834933448747e-01 3.837658413818251235e-01 -5.443042751145752423e-01 7.075418401670856561e-01
272.700000 2.186396635636927783e+02 -1.133798565189042051e+01 -4.145088486038942222e+01 -2.358373079287348351e-01 3.848566098629325749e-01 -5.446142781828676727e-01 7.068673440137771546e-01
272.800000 2.187367280532562006e+02 -1.124679956644833823e+01 -4.155960236046102807e+01 -2.354511317775419554e-01 3.858028486016303882e-01 -5.449012289507252360e-01 7.062588599398462730e-01
272.900000 2.188166037870851426e+02 -1.116054769131648072e+01 -4.166454971771119631e+01 -2.350956464214380426e-01 3.867312417949393955e-01 -5.451693145927318795e-01 7.056623853372950839e-01
273.000000 2.189085857282576626e+02 -1.106760853648992082e+01 -4.177619749125879878e+01 -2.347682400766444022e-01 3.876686557287418733e-01 -5.454298914054224179e-01 7.050554023466909515e-01
273.100000 2.189817263274577499e+02 -1.097373905722962206e+01 -4.187959079779712113e+01 -2.343602862949208943e-01 3.886935361660907584e-01 -5.457061797443223394e-01 7.044127742590419183e-01
273.200000 2.189780904883280641e+02 -1.086168573393296555e+01 -4.196880239027537129e+01 -2.335012878018870586e-01 3.902658144475286139e-01 -5.462538963301146744e-01 7.034034570661674701e-01
273.300000 2.190538443249919283e+02 -1.077379360464630764e+01 -4.207550757539414121e+01 -2.331439672327648149e-01 3.912468773236522090e-01 -5.464296203738198132e-01 7.028402674189787591e-01
273.400000 2.191175839811679396e+02 -1.067536832229835397e+01 -4.218083605540390124e+01 -2.327153671783816768e-01 3.923050104897671808e-01 -5.466387012529841938e-01 7.022296397305552995e-01
273.500000 2.191358991339324120e+02 -1.055477005210842378e+01 -4.228070751832102303e+01 -2.317688059931228284e-01 3.941216660525412863e-01 -5.470269545731146765e-01 7.012223926023432030e-01
273.600000 2.192215706132439266e+02 -1.046025605362215316e+01 -4.239601473671675080e+01 -2.314384158774084599e-01 3.951249606920593238e-01 -5.470872014564465147e-01 7.007197150764403748e-01
273.700000 2.192919733110500715e+02 -1.038160492978657601e+01 -4.249292474904893879e+01 -2.311051119398518650e-01 3.960836255826966079e-01 -5.471548899404692357e-01 7.002354712486135169e-01
273.800000 2.193712857966739307e+02 -1.029332846015559966e+01 -4.259666821169713558e+01 -2.307329700880991763e-01 3.970856563393335148e-01 -5.472552687962871643e-01 6.997120470726431174e-01
273.900000 2.195168359109701441e+02 -1.010053377029270649e+01 -4.282079125311838652e+01 -2.303951912909582289e-01 3.980909523723706323e-01 -5.472841485308570508e-01 6.992293688312273270e-01
274.000000 2.195965806046235684e+02 -1.001476384025410482e+01 -4.292621246050239847e+01 -2.300206000416651908e-01 3.992358591100944598e-01 -5.473952614385001469e-01 6.986126824727511009e-01
274.100000 2.195788298048977936e+02 -9.885257391610828392e+00 -4.301418057784631799e+01 -2.292517424808378501e-01 4.011239159991648595e-01 -5.474705947221421010e-01 6.977242940428395324e-01
274.200000 2.196462011327311359e+02 -9.805709118179024131e+00 -4.311238199444363772e+01 -2.289520539437171487e-01 4.022935444170173125e-01 -5.474882744644008481e-01 6.971351737212371225e-01
274.300000 2.197303344175346069e+02 -9.720096012969676735e+00 -4.321442244041620029e+01 -2.286452717192505313e-01 4.034559475451229837e-01 -5.475533458267334286e-01 6.965127217681287286e-01
274.400000 2.197982606634674028e+02 -9.628839432427305667e+00 -4.332335599102124490e+01 -2.283813486762497902e-01 4.046929269881556213e-01 -5.475497379738191173e-01 6.958842424335951460e-01
274.500000 2.198700193922272774e+02 -9.539263526512982594e+00 -4.343118699161644258e+01 -2.281718869223159640e-01 4.056158849314596138e-01 -5.475405514687224917e-01 6.954226688905863485e-01
274.600000 2.199385668729832446e+02 -9.459230288657359154e+00 -4.352812157985752606e+01 -2.279349838219894564e-01 4.067376076735986223e-01 -5.475139152071794024e-01 6.948659398103584905e-01
274.700000 2.199986515860219356e+02 -9.374732284350010048e+00 -4.362679545014513849e+01 -2.276965273523434419e-01 4.079938321881372842e-01 -5.474632278004105679e-01 6.942473179886813339e-01
274.800000 2.200496194732082813e+02 -9.260113212791765136e+00 -4.374411585261663049e+01 -2.274255427793835105e-01 4.093156388552768310e-01 -5.474015473820779132e-01 6.936064274527060647e-01
274.900000 2.201138847455762857e+02 -9.174875940313285128e+00 -4.383946263580646985e+01 -2.272480037284687060e-01 4.103531929702035064e-01 -5.473469149375782550e-01 6.930944787897970194e-01
275.000000 2.201706487964333974e+02 -9.080355535810262779e+00 -4.393068926947063346e+01 -2.270365503174601174e-01 4.116255724406981398e-01 -5.473003641021735310e-01 6.924457411136580864e-01
275.100000 2.202408020533804631e+02 -8.978290127000825294e+00 -4.404960078280693381e+01 -2.268845512359128069e-01 4.127669840258800238e-01 -5.472802335559280307e-01 6.918317449117424855e-01
275.200000 2.203168472112705558e+02 -8.884802270815470138e+00 -4.415084244594677898e+01 -2.266488521181106164e-01 4.141202054401337262e-01 -5.472666935166319302e-01 6.911106419721354532e-01
275.300000 2.203717563414193705e+02 -8.809129650654291765e+00 -4.423933627426184501e+01 -2.264359467834945183e-01 4.153909288056057414e-01 -5.472196312151136333e-01 6.904547874286002251e-01
275.400000 2.204226954981273536e+02 -8.712238957167301123e+00 -4.433141369935607656e+01 -2.262603707802338937e-01 4.166891026451689517e-01 -5.471457398404634409e-01 6.897883557480417593e-01
275.500000 2.204696538575128386e+02 -8.604635191359818691e+00 -4.443615154483434537e+01 -2.260157676505852309e-01 4.181592756291974133e-01 -5.471000174894543600e-01 6.890147050982441401e-01
275.600000 2.204971090709721580e+02 -8.491948855707143196e+00 -4.451977483062110252e+01 -2.256174284280842157e-01 4.200787111886928882e-01 -5.470309186336265173e-01 6.880318498837068031e-01
275.700000 2.205566969094957983e+02 -8.390055203066431488e+00 -4.462375836936199391e+01 -2.254563454268693756e-01 4.213672783551118406e-01 -5.469191291718977777e-01 6.873852771075465995e-01
275.800000 2.206093590408478065e+02 -8.284377488055454819e+00 -4.472764031166451559e+01 -2.252511885468815034e-01 4.227767343717859228e-01 -5.468186743272098749e-01 6.866666384346761243e-01
275.900000 2.206822887886581270e+02 -8.193063292251821395e+00 -4.483282494097346671e+01 -2.251454582755197387e-01 4.239423429031488610e-01 -5.467759154326750082e-01 6.860164071029608568e-01
276.000000 2.207351148289495768e+02 -8.089523392337135022e+00 -4.493872376673343183e+01 -2.249385561123301847e-01 4.252241956845593807e-01 -5.467155199801723153e-01 6.853387261721968216e-01
276.100000 2.207857227594039955e+02 -8.007951478953273750e+00 -4.502435539909835427e+01 -2.247961107113114476e-01 4.265121585943225102e-01 -5.466686926274993974e-01 6.846221057497486884e-01
276.200000 2.209335397102149159e+02 -7.833316563203275962e+00 -4.521859951596357519e+01 -2.245752961071757203e-01 4.277710538681142038e-01 -5.467021886861780366e-01 6.838819918207234005e-01
276.300000 2.209205796428603037e+02 -7.714696121169545506e+00 -4.529723424490867956e+01 -2.240291965270210239e-01 4.299891299962999014e-01 -5.466351863866053540e-01 6.827226671149593251e-01
276.400000 2.209717985651485606e+02 -7.632967069550026906e+00 -4.538227676309212200e+01 -2.238609542971823907e-01 4.311617619595101147e-01 -5.466280213877325878e-01 6.820437041706769454e-01
276.500000 2.210475534620233589e+02 -7.527463024739951436e+00 -4.549418302497936395e+01 -2.236327264478807919e-01 4.323385423760470192e-01 -5.466778312514287697e-01 6.813333525198048690e-01
276.600000 2.211106798179631880e+02 -7.433644980155712290e+00 -4.560327437749484147e+01 -2.233735449847142618e-01 4.335454086374546101e-01 -5.466668951893219885e-01 6.806599325319589999e-01
276.700000 2.212961655204236990e+02 -7.153660753989207421e+00 -4.589175722856418815e+01 -2.231397239448169867e-01 4.346022223022196207e-01 -5.467088301404028350e-01 6.800286957285810452e-01
276.800000 2.213511269331768574e+02 -7.051469132542123930e+00 -4.599766429829729475e+01 -2.228690685975072416e-01 4.357554285193910304e-01 -5.467533546484182327e-01 6.793433255424408124e-01
276.900000 2.214195749400923887e+02 -6.972271434057120132e+00 -4.609479760614252086e+01 -2.226510982429180663e-01 4.367659684592170577e-01 -5.468387225799439255e-01 6.786968312392799296e-01
277.000000 2.214840712528471158e+02 -6.891136433268165717e+00 -4.619302911988548033e+01 -2.223890461013386111e-01 4.379644945157515346e-01 -5.468640905079034109e-01 6.779895871107923799e-01
277.100000 2.216100702838207326e+02 -6.717150444683532839e+00 -4.640224405860854517e+01 -2.221558869739842790e-01 4.389989060177171276e-01 -5.469004360810844068e-01 6.773674301384512431e-01
277.200000 2.216730320898595323e+02 -6.634450483010390087e+00 -4.650013687775879134e+01 -2.218692027890883933e-01 4.401541874337866478e-01 -5.470121380259442834e-01 6.766210675041997025e-01
277.300000 2.217467490209303946e+02 -6.555552354311920737e+00 -4.659354659338202964e+01 -2.215533420035502021e-01 4.412308252496787153e-01 -5.471058886966749801e-01 6.759472035965286008e-01
277.400000 2.217974951303247622e+02 -6.462706041083414732e+00 -4.668939288277326227e+01 -2.212856674866121032e-01 4.422803672958564580e-01 -5.471585591145131655e-01 6.753060352591088167e-01
277.500000 2.218570063558831293e+02 -6.381436778791950815e+00 -4.679056259015816011e+01 -2.210062598614260243e-01 4.433553166024933878e-01 -5.472421955219607392e-01 6.746245443079215143e-01
277.600000 2.219329789762697374e+02 -6.278490024316937479e+00 -4.690445273233393664e+01 -2.207110841172930105e-01 4.443291852702932476e-01 -5.473301927512640441e-01 6.740087926486350023e-01
277.700000 2.220039669112321690e+02 -6.174204646891773507e+00 -4.702030188623733409e+01 -2.203429710485121096e-01 4.453880112346629838e-01 -5.474712315291281328e-01 6.733154871276362252e-01
277.800000 2.220595690618556262e+02 -6.100139791023465818e+00 -4.710935526823037378e+01 -2.200039480974056716e-01 4.464274172535694918e-01 -5.475455419795948186e-01 6.726772654134620666e-01
277.900000 2.221330885036969107e+02 -6.006978172986279674e+00 -4.721215964142253085e+01 -2.196426636774567731e-01 4.473789570519158820e-01 -5.477228366842336049e-01 6.720184991906010818e-01
278.000000 2.221974585487868694e+02 -5.914111008445267714e+00 -4.732115364071410113e+01 -2.192878088087399924e-01 4.483554247415155736e-01 -5.478484534301674147e-01 6.713809217477738622e-01
278.100000 2.222566211365827371e+02 -5.819304139220939476e+00 -4.743147589182012780e+01 -2.189923171880834851e-01 4.492941367015787502e-01 -5.479257555114396272e-01 6.707864862871008027e-01
278.200000 2.222843954768478909e+02 -5.600046780572107252e+00 -4.761216363679930907e+01 -2.180306867687961947e-01 4.510733395116489075e-01 -5.483109944558731685e-01 6.695898112783282841e-01
278.300000 2.223419472818173404e+02 -5.508385476311389084e+00 -4.770523741614090341e+01 -2.175776764495758464e-01 4.520974409604539002e-01 -5.485128831656450599e-01 6.688807633570605926e-01
278.400000 2.224831883816970048e+02 -5.193394775988771528e+00 -4.800431273060405601e+01 -2.171154013272043048e-01 4.530660077869949065e-01 -5.486533949025067525e-01 6.682600896031692939e-01
278.500000 2.225518086490444034e+02 -5.058117163429706409e+00 -4.813437921516232620e+01 -2.166881329628473629e-01 4.540055938019214588e-01 -5.488052840719233050e-01 6.676360790163872183e-01
278.600000 2.226173814389744052e+02 -4.961299549438081158e+00 -4.823917087392477754e+01 -2.162298241385965103e-01 4.549966614117163521e-01 -5.489918031665408371e-01 6.669562964041449993e-01
278.700000 2.226727601034880593e+02 -4.860501819246074717e+00 -4.834607500463246765e+01 -2.157787318445535674e-01 4.559452473481515611e-01 -5.491391160199139421e-01 6.663330260170635677e-01
278.800000 2.226873860586072738e+02 -4.739081772883160681e+00 -4.844456409545911413e+01 -2.146399459672456156e-01 4.576182492574717431e-01 -5.496794839949203926e-01 6.651072818852475921e-01
278.900000 2.227465491398875201e+02 -4.649196235444520653e+00 -4.853833354307549541e+01 -2.141354090319192438e-01 4.586110238268772399e-01 -5.499120912910775427e-01 6.643934431307022548e-01
279.000000 2.227711653502854574e+02 -4.530892511516995569e+00 -4.863851539524148393e+01 -2.131085938754096187e-01 4.601290898941923224e-01 -5.504080984282869737e-01 6.632622958032102778e-01
279.100000 2.228429896217496946e+02 -4.439141252539585025e+00 -4.874374687077666124e+01 -2.127180445139496001e-01 4.609326064721439020e-01 -5.505743584050272199e-01 6.626915132215362991e-01
279.200000 2.229000202411328644e+02 -4.334398937461358514e+00 -4.884588139139259511e+01 -2.121228862283267569e-01 4.619251089931211696e-01 -5.508488917852546463e-01 6.619626675567241714e-01
279.300000 2.229123824137007546e+02 -4.220248600827638086e+00 -4.893071957580511366e+01 -2.109298660470442788e-01 4.634599819608322679e-01 -5.513686526390340070e-01 6.608373821275982385e-01
279.400000 2.229672084202321685e+02 -4.127955089167826941e+00 -4.902481284333572376e+01 -2.103778640851511617e-01 4.644225450124874199e-01 -5.515651089107864724e-01 6.601732989293993548e-01
279.500000 2.230959278365037335e+02 -3.943301242320252697e+00 -4.922282239984244256e+01 -2.098917770962308860e-01 4.653827640709355951e-01 -5.517841121808140237e-01 6.594684362104927811e-01
279.600000 2.231482182639400662e+02 -3.836722879600024783e+00 -4.932558132707006848e+01 -2.093124967644496848e-01 4.664064515701767943e-01 -5.520069349609062481e-01 6.587424719774900295e-01
279.700000 2.231997450217326673e+02 -3.757856003780005949e+00 -4.941297643418927521e+01 -2.087735080366110163e-01 4.673297503523907714e-01 -5.522359425016011292e-01 6.580668587514703072e-01
279.800000 2.232858254174599608e+02 -3.661158699733071842e+00 -4.952516480222473660e+01 -2.083050357978041278e-01 4.681679383607889045e-01 -5.524409237014969998e-01 6.574471989233211522e-01
279.900000 2.233433873276843826e+02 -3.571827535683162580e+00 -4.962049271404312378e+01 -2.078228012859085483e-01 4.690096587594557165e-01 -5.526784596707304820e-01 6.567999265164433664e-01
280.000000 2.234143625380766025e+02 -3.489528342852288745e+00 -4.971309452145952434e+01 -2.073198005328143745e-01 4.698848433959858517e-01 -5.529346418533922503e-01 6.561173798126556100e-01
280.100000 2.234911039076810653e+02 -3.395621115706404680e+00 -4.981289392111385439e+01 -2.068001141403374987e-01 4.708221779090438486e-01 -5.531870679075284736e-01 6.553962598919829130e-01
280.200000 2.235488943842789524e+02 -3.292265596829011542e+00 -4.991607419575166205e+01 -2.062381015154405306e-01 4.718153827844326909e-01 -5.534399119799678912e-01 6.546452122171911858e-01
280.300000 2.236141030913654788e+02 -3.209373862567879598e+00 -5.001232887561226903e+01 -2.058368849799903921e-01 4.725871291523611739e-01 -5.535931425749057722e-01 6.540850209531662296e-01
280.400000 2.236726122974865234e+02 -3.118515877383970292e+00 -5.010565237699913155e+01 -2.053116717425877702e-01 4.734857611663755295e-01 -5.537959773433528410e-01 6.534281650627578042e-01
280.500000 2.236814983513750121e+02 -3.000289844057007826e+00 -5.018522330760964678e+01 -2.039862418585848547e-01 4.751174696882787263e-01 -5.544218707299585214e-01 6.521268223173399825e-01
280.600000 2.238062017159181210e+02 -2.818002613857004235e+00 -5.036630317168565796e+01 -2.034326160381976778e-01 4.760853609505842354e-01 -5.546692406213326043e-01 6.513830926029332558e-01
280.700000 2.238779886350001505e+02 -2.738541727714967067e+00 -5.046078312089875340e+01 -2.029794923273766372e-01 4.769875193637507782e-01 -5.548583582666843927e-01 6.507030308269168284e-01
280.800000 2.239340289212084087e+02 -2.642293891766641423e+00 -5.055016033090582539e+01 -2.023716606568466969e-01 4.779552673723395650e-01 -5.551413581033858291e-01 6.499404171746467895e-01
280.900000 2.240090012670189026e+02 -2.550418619860849390e+00 -5.065319309068536313e+01 -2.019320265043497986e-01 4.788093985072093828e-01 -5.553109303663961160e-01 6.493033090849134048e-01
281.000000 2.240706404764878812e+02 -2.446630131074911674e+00 -5.075372809562939835e+01 -2.013661415863644277e-01 4.797374164577737354e-01 -5.555937086265255731e-01 6.485517089698121795e-01
281.100000 2.241260329020071538e+02 -2.352435121924301598e+00 -5.084561918494836164e+01 -2.008770214762285178e-01 4.806622890571579099e-01 -5.558153262296141595e-01 6.478283022911545119e-01
281.200000 2.241861493950941053e+02 -2.253320725566887006e+00 -5.095166719866256244e+01 -2.003957004726317215e-01 4.815049030521914020e-01 -5.560589163735233376e-01 6.471422355945299909e-01
281.300000 2.242535381584181664e+02 -2.168848424841257838e+00 -5.104504656494461301e+01 -1.999123319198158333e-01 4.823450123838822767e-01 -5.562805449051676510e-01 6.464752925942208739e-01
281.400000 2.243227597393538986e+02 -2.068981087961660137e+00 -5.114464990585571513e+01 -1.993712812470372908e-01 4.833049501657105118e-01 -5.564930502105881471e-01 6.457421330736832221e-01
281.500000 2.243870458323446542e+02 -1.983164521776572542e+00 -5.123902469781531011e+01 -1.988244458490486255e-01 4.842500938263878951e-01 -5.567602266671564104e-01 6.449718880412461663e-01
281.600000 2.244547362066138305e+02 -1.898303919775749193e+00 -5.133185257295293979e+01 -1.982464732157038223e-01 4.852648636094057388e-01 -5.569532733037588779e-01 6.442199929836921468e-01
281.700000 2.245056997150608709e+02 -1.803265800892766890e+00 -5.142554207551630441e+01 -1.977188636497608232e-01 4.861517869542528736e-01 -5.571325110091078781e-01 6.435581218312145246e-01
281.800000 2.245651387358541626e+02 -1.711433681874559909e+00 -5.151738567838255278e+01 -1.972066377379191604e-01 4.870633610685006776e-01 -5.573892728126548235e-01 6.428032536399768127e-01
281.900000 2.246353134202860815e+02 -1.628330714044189165e+00 -5.161000093501364461e+01 -1.968408107947554608e-01 4.877994795085148216e-01 -5.575339343473471043e-01 6.422314808914720841e-01
282.000000 2.246908513550532405e+02 -1.532094270236243005e+00 -5.169979760780323375e+01 -1.963194069613530823e-01 4.886555096486029925e-01 -5.577811849088468721e-01 6.415252396454012018e-01
282.100000 2.247621355800134495e+02 -1.429253400013273279e+00 -5.179487756875019500e+01 -1.957200240685623982e-01 4.895614868862018798e-01 -5.580768898806797162e-01 6.407600235013729550e-01
282.200000 2.248208134777700025e+02 -1.339356160706373089e+00 -5.188919095343325694e+01 -1.951369423240822687e-01 4.904793477611166241e-01 -5.583329110682141438e-01 6.400124557993627228e-01
282.300000 2.248781479436004247e+02 -1.246686041568061398e+00 -5.198168678532424281e+01 -1.946622409625295980e-01 4.912193592728875680e-01 -5.585850866600837739e-01 6.393691062132472736e-01
282.400000 2.249452161767239033e+02 -1.159815976594011033e+00 -5.207332606099768668e+01 -1.941909133190776737e-01 4.920217258256806558e-01 -5.588029483101640826e-01 6.387047639243731423e-01
282.500000 2.249628536736096294e+02 -1.030216012439332474e+00 -5.216070989505976740e+01 -1.928348024617511092e-01 4.934853249302135203e-01 -5.594616957026486981e-01 6.374084907495159991e-01
282.600000 2.250283356184608294e+02 -9.249498327111851381e-01 -5.225759461627789904e+01 -1.922615279097927288e-01 4.944083328181453907e-01 -5.597246316111529341e-01 6.366350933568878379e-01
282.700000 2.250929360368503467e+02 -8.416292154766225053e-01 -5.235430964826190348e+01 -1.917241734409829701e-01 4.952430700266520769e-01 -5.599432263505331742e-01 6.359557580312518166e-01
282.800000 2.251648608459991578e+02 -7.435763791351206464e-01 -5.245423561726930473e+01 -1.911909004905474607e-01 4.960682021112046702e-01 -5.601472075700941744e-01 6.352932270024580497e-01
282.900000 2.252238171882276845e+02 -6.352707544745257451e-01 -5.255208286114321936e+01 -1.906688422428771401e-01 4.968810392473070325e-01 -5.604168175300743293e-01 6.345767219680692461e-01
283.000000 2.252822507803755343e+02 -5.382636185423095299e-01 -5.263961309098576180e+01 -1.900583767898111343e-01 4.976944044875187823e-01 -5.607116869072722443e-01 6.338615758345328421e-01
283.100000 2.253443894648652872e+02 -4.457339619882461079e-01 -5.272941839714195567e+01 -1.895462474467496661e-01 4.984427898224783049e-01 -5.609150153663170491e-01 6.332466745980152023e-01
283.200000 2.254068534071249701e+02 -3.520228805428047281e-01 -5.281776338042817542e+01 -1.889519733239847510e-01 4.993057923951012000e-01 -5.611761996462621971e-01 6.325125693677956518e-01
283.300000 2.254731340033983997e+02 -2.618135058974573326e-01 -5.290701692776470111e+01 -1.884555477549823277e-01 5.000204091786192295e-01 -5.613093534020621167e-01 6.319777739039362796e-01
283.400000 2.255243557530163230e+02 -1.461089189476254546e-01 -5.300077658728284291e+01 -1.877835831842659675e-01 5.008626534672347974e-01 -5.615707971617232008e-01 6.312782017647886601e-01
283.500000 2.255800956146197791e+02 -3.541133922636419129e-02 -5.309791373796190328e+01 -1.872166840511604868e-01 5.016795302153602698e-01 -5.617521116739662146e-01 6.306362875744015994e-01
283.600000 2.256369803658908495e+02 6.469560502883808795e-02 -5.318302196119930159e+01 -1.865684459193083511e-01 5.025509613501979445e-01 -5.619404460504635601e-01 6.299664128553617015e-01
283.700000 2.256438638203998721e+02 1.854830766849886459e-01 -5.325957429559170464e+01 -1.851852029314521586e-01 5.040846453767007240e-01 -5.623248836166866438e-01 6.288050859973719486e-01
283.800000 2.257141254971809303e+02 2.893811658881304538e-01 -5.335480726500014725e+01 -1.845445055841307413e-01 5.050512920376646342e-01 -5.624237966357528151e-01 6.281289603637294494e-01
283.900000 2.257801002276733868e+02 3.962601462967612065e-01 -5.344981234778170176e+01 -1.840473489797418150e-01 5.058279586548003470e-01 -5.625436052826945366e-01 6.275423027431655809e-01
284.000000 2.258354154607185933e+02 5.090166099945534484e-01 -5.354481973966449004e+01 -1.835125452413326474e-01 5.065823795145852904e-01 -5.626406136840144123e-01 6.270031725100473352e-01
284.100000 2.259046899342283723e+02 5.963972017949998872e-01 -5.363461312694741423e+01 -1.830573000151433927e-01 5.073756629178047817e-01 -5.627407642578112767e-01 6.264046566177636777e-01
284.200000 2.259560073341588122e+02 7.009248507104430814e-01 -5.371789418964317520e+01 -1.824502024624892471e-01 5.082514474488257772e-01 -5.628793608513391611e-01 6.257469256138282754e-01
284.300000 2.260241664789394633e+02 8.193056444650395065e-01 -5.382202866232479721e+01 -1.819322117520798809e-01 5.091304712767222851e-01 -5.630147162413348116e-01 6.250610072946705120e-01
284.400000 2.260933748076441816e+02 9.261649358188535075e-01 -5.391467435226262239e+01 -1.813256319531315330e-01 5.100206710167100033e-01 -5.631673879659624404e-01 6.243736248946278877e-01
284.500000 2.261639594664521553e+02 1.027890723687100660e+00 -5.401192506092721146e+01 -1.809090209259142656e-01 5.107461163890487654e-01 -5.632102867518361533e-01 6.238625679090273879e-01
284.600000 2.262224660758589039e+02 1.139452655931727065e+00 -5.410634829322496842e+01 -1.804007702225304266e-01 5.116209170142842488e-01 -5.633522970065991675e-01 6.231643353353666370e-01
284.700000 2.262331574216368892e+02 1.274163612099584952e+00 -5.418709593268960134e+01 -1.791450586201289719e-01 5.133141373263465645e-01 -5.635793300663046734e-01 6.219276349503327639e-01
284.800000 2.262914043391081123e+02 1.386466354117743549e+00 -5.428078466098604338e+01 -1.785658520544338712e-01 5.143424725685381560e-01 -5.637532057613123815e-01 6.210864516200622631e-01
284.900000 2.263564239507857110e+02 1.490278762797991874e+00 -5.437962977945997523e+01 -1.781988990038970433e-01 5.151468262102585349e-01 -5.638223319974138281e-01 6.204621485475924070e-01
285.000000 2.265025744442505982e+02 1.701491173183221406e+00 -5.458533361973510978e+01 -1.777402441869289640e-01 5.161047905595808061e-01 -5.638880265662801206e-01 6.197374801099317931e-01
285.100000 2.265579035305539719e+02 1.813153253915643859e+00 -5.468140521999600878e+01 -1.772694559716172513e-01 5.169838477086726725e-01 -5.640202552662569868e-01 6.190188953798171356e-01
285.200000 2.265820409654420473e+02 1.949247028298593420e+00 -5.475661926179546413e+01 -1.761715505208541754e-01 5.187536500400203865e-01 -5.641841320542507754e-01 6.177009798401050800e-01
285.300000 2.266313373072756292e+02 2.064905159824277803e+00 -5.485123093964557484e+01 -1.756564596001336798e-01 5.197148075857296323e-01 -5.642750106638700913e-01 6.169562701822260964e-01
285.400000 2.267014030351170959e+02 2.166693291577253433e+00 -5.494861334477867842e+01 -1.752069012227543965e-01 5.206850141345719107e-01 -5.643517010526574174e-01 6.161954359929751046e-01
285.500000 2.267586866253743381e+02 2.281406359627673908e+00 -5.503978202846255385e+01 -1.747485798055613548e-01 5.216432043042142919e-01 -5.644516991662059668e-01 6.154230907006610352e-01
285.600000 2.268140058780803656e+02 2.394410326546200452e+00 -5.513421273492664909e+01 -1.742789506064341409e-01 5.225994013933465965e-01 -5.645744988498179184e-01 6.146318803050430102e-01
285.700000 2.268818089576764407e+02 2.500173985685535172e+00 -5.522885994622023986e+01 -1.740313785626469711e-01 5.234200651405017668e-01 -5.646186200550246115e-01 6.139628071561479272e-01
285.800000 2.270282011340707982e+02 2.844918889043775323e+00 -5.549168628081100962e+01 -1.735388607806091776e-01 5.243463028687838090e-01 -5.647218996031719840e-01 6.132164337127560261e-01
285.900000 2.271554579619392200e+02 3.055079916796593409e+00 -5.568803642059663161e+01 -1.730842275075047954e-01 5.252743448701715501e-01 -5.647588813208584968e-01 6.125162191963202662e-01
286.000000 2.272867345779173718e+02 3.278892745101316564e+00 -5.588995528447783556e+01 -1.726060195709212264e-01 5.262921140868197512e-01 -5.648362784035420026e-01 6.117056083257248478e-01
286.100000 2.272759321369249790e+02 3.482978882570670009e+00 -5.599245949180075854e+01 -1.717093537550690996e-01 5.278206875179896063e-01 -5.650460826126871838e-01 6.104458568825817943e-01
286.200000 2.273316289988940184e+02 3.606177115065314354e+00 -5.609799076970374188e+01 -1.713476957337007889e-01 5.286352896459846074e-01 -5.650562355620507571e-01 6.098328856007202425e-01
286.300000 2.274020702807723922e+02 3.723906419490376152e+00 -5.620088515658453332e+01 -1.709882655165853860e-01 5.294174948200178754e-01 -5.651199442745176160e-01 6.091958452068532148e-01
286.400000 2.274568261487410723e+02 3.837274554246967284e+00 -5.629501524765640852e+01 -1.705246900265017795e-01 5.303234068169959681e-01 -5.652610923914351826e-01 6.084063705302746872e-01
286.500000 2.275504765175395789e+02 4.050758738483956733e+00 -5.646030400509444291e+01 -1.700081430503185831e-01 5.311680422971166715e-01 -5.653943200842072025e-01 6.076898920957529704e-01
286.600000 2.276899664409428965e+02 4.288874388258641090e+00 -5.666386381170660513e+01 -1.695692326277339901e-01 5.319908790932366127e-01 -5.655657689964447288e-01 6.069327317315378334e-01
286.700000 2.277436395667438944e+02 4.403267508262089791e+00 -5.675730478504048904e+01 -1.690560156129910507e-01 5.328245929330212016e-01 -5.656859800566984564e-01 6.062321244524351282e-01
286.800000 2.278030599103752252e+02 4.487809751358433630e+00 -5.683382262895084125e+01 -1.686548816314628885e-01 5.336581613975602822e-01 -5.657913952599616936e-01 6.055118452395779061e-01
286.900000 2.278585847966086817e+02 4.604179716060698979e+00 -5.692366212945155723e+01 -1.680971664005914135e-01 5.345525709184100194e-01 -5.659658354291268179e-01 6.047144488927156392e-01
287.000000 2.279224661365802831e+02 4.695863332470523233e+00 -5.701267426405489402e+01 -1.676401858462773786e-01 5.353679850504184934e-01 -5.660669650329762659e-01 6.040248999592945367e-01
287.100000 2.279973897015706825e+02 4.809826780596509366e+00 -5.711653099780704679e+01 -1.672964627468198628e-01 5.360781518307586868e-01 -5.661903804869784507e-01 6.033743131142811356e-01
287.200000 2.280497742549119664e+02 4.938310392047831954e+00 -5.721720977560021026e+01 -1.666951248421133791e-01 5.369336211882794752e-01 -5.663738671662192914e-01 6.026073882576409302e-01
287.300000 2.281112855498454053e+02 5.030913952754367813e+00 -5.730691359908459503e+01 -1.662772364505465950e-01 5.376619517732545983e-01 -5.664751785275482510e-01 6.019778886021693864e-01
287.400000 2.282448530219242855e+02 5.239974320669297470e+00 -5.749983101519909212e+01 -1.658570421676590356e-01 5.383746266271884906e-01 -5.665646226369329685e-01 6.013723732794022947e-01
287.500000 2.282433107553579816e+02 5.420497880231032184e+00 -5.758584695239734685e+01 -1.646010501051806685e-01 5.398534611182937981e-01 -5.668977221625688401e-01 6.000764179917100760e-01
287.600000 2.283252884427137701e+02 5.543758721118926758e+00 -5.769795282030379724e+01 -1.640860433216762282e-01 5.405375805779140119e-01 -5.670782131977961660e-01 5.994307253439774552e-01
287.700000 2.283869550699918989e+02 5.641118765729757456e+00 -5.778233499788851191e+01 -1.634830104380118054e-01 5.412573760006064161e-01 -5.673208126375016702e-01 5.987160042719650299e-01
287.800000 2.284534806642977287e+02 5.746400328839428084e+00 -5.787813661443759372e+01 -1.630011553357738896e-01 5.419497565488748947e-01 -5.674802861288236189e-01 5.980695691898783029e-01
287.900000 2.285068150396078295e+02 5.850001618543196003e+00 -5.796073630683282829e+01 -1.623194464860727992e-01 5.427586956948036168e-01 -5.677135121567289389e-01 5.972995593961223371e-01
288.000000 2.285621666424138425e+02 5.950990685569095717e+00 -5.804518992756912610e+01 -1.617021965135011508e-01 5.434783093894233197e-01 -5.678879878239849743e-01 5.966464280888211791e-01
288.100000 2.285456494747013494e+02 6.095700622384320866e+00 -5.810406927366071272e+01 -1.602407326331227733e-01 5.448112363089817611e-01 -5.684134436798791157e-01 5.953232579369461819e-01
288.200000 2.286090150276378949e+02 6.191798698480795338e+00 -5.818862784335009053e+01 -1.596700467020186198e-01 5.454719786626153200e-01 -5.686631840046258990e-01 5.946326427617201205e-01
288.300000 2.286810798162937886e+02 6.422233376908145885e+00 -5.836660127363001038e+01 -1.589983532219436946e-01 5.460843218670943244e-01 -5.689220656261346765e-01 5.940026265323729016e-01
288.400000 2.287470244514933029e+02 6.528904579098615102e+00 -5.846123861828493773e+01 -1.584863799696810405e-01 5.467347903102126594e-01 -5.691201591590175912e-01 5.933509761240541858e-01
288.500000 2.287864751927772886e+02 6.639213004569050725e+00 -5.854294887957733806e+01 -1.578059065552370466e-01 5.473960320929837087e-01 -5.693655730983939733e-01 5.926868684857750091e-01
288.600000 2.288397436129520202e+02 6.740912630424368501e+00 -5.862791513141770849e+01 -1.571956753846222299e-01 5.480126486034145872e-01 -5.696125546964837527e-01 5.920415476494770290e-01
288.700000 2.289078322309076157e+02 6.849226411067157017e+00 -5.871912532795559514e+01 -1.565425629291172516e-01 5.486571319989222983e-01 -5.699040427639601170e-01 5.913367564591218706e-01
288.800000 2.289591495063445450e+02 6.936630122843787660e+00 -5.879819708810525469e+01 -1.559636823848080389e-01 5.492768542992374492e-01 -5.701420328869323262e-01 5.906846277360373598e-01
288.900000 2.290168743532617270e+02 7.035743147679461629e+00 -5.888332983937405629e+01 -1.553759592372610798e-01 5.499039399769313219e-01 -5.703906774383745715e-01 5.900156296068271855e-01
289.000000 2.290910862220072772e+02 7.136004275217459281e+00 -5.897886032050352867e+01 -1.548092729295141301e-01 5.505194597483463737e-01 -5.706517530671297855e-01 5.893377555993128958e-01
289.100000 2.291464549114038221e+02 7.234066754168402724e+00 -5.906672220391529038e+01 -1.542379460718458495e-01 5.510782219902212731e-01 -5.708682605031958346e-01 5.887553637884669344e-01
289.200000 2.291460547341534948e+02 7.363481116661340309e+00 -5.912719103380825914e+01 -1.529205631931037090e-01 5.520315092532457335e-01 -5.714749759642381299e-01 5.876162574256785787e-01
289.300000 2.291934543073078601e+02 7.468995907888263730e+00 -5.921099814291265773e+01 -1.522975946865539887e-01 5.525976594530854769e-01 -5.717380103495659505e-01 5.869897076961243521e-01
289.400000 2.292549917200847176e+02 7.551408114656830151e+00 -5.928813456425487516e+01 -1.517873518791375276e-01 5.531832454452676462e-01 -5.719736352009882063e-01 5.863403938013537209e-01
289.500000 2.292459682960413545e+02 7.695684072073561310e+00 -5.934971268836787317e+01 -1.504411856310393092e-01 5.541287170582346322e-01 -5.725363004144460310e-01 5.852443928010430119e-01
289.600000 2.292882580154158347e+02 7.806970194921142081e+00 -5.942864903987523917e+01 -1.497700402677839271e-01 5.546802687176047852e-01 -5.728012617514078864e-01 5.846344576481505850e-01
289.700000 2.293563277174395694e+02 7.911819778671628001e+00 -5.952386264013591699e+01 -1.492313726561083631e-01 5.552065423816463507e-01 -5.730058737701604343e-01 5.840718802824578226e-01
289.800000 2.294424860512075952e+02 8.126788082191445994e+00 -5.969117581203974510e+01 -1.486198595271579770e-01 5.557260113670756674e-01 -5.733059896348035034e-01 5.834389255894977255e-01
289.900000 2.294999566008507941e+02 8.244773519385127258e+00 -5.977760437704989727e+01 -1.480039769306504549e-01 5.563230993348772246e-01 -5.735689877261019864e-01 5.827675765500361926e-01
290.000000 2.295546320583687816e+02 8.344826287142986132e+00 -5.986367374436292721e+01 -1.474204015283777647e-01 5.569160511089462640e-01 -5.738032672526055533e-01 5.821181561510208047e-01
290.100000 2.295964791315341245e+02 8.467424571768347619e+00 -5.995263190624447702e+01 -1.467733289619937986e-01 5.574441793828955882e-01 -5.740570146639519811e-01 5.815256836053381839e-01
290.200000 2.296635370524880670e+02 8.576318777869794019e+00 -6.004396291569608479e+01 -1.462425455863556045e-01 5.578938704579627927e-01 -5.742919016558378775e-01 5.809960058884897638e-01
290.300000 2.297050898542942718e+02 8.689095703834659901e+00 -6.012119682778373431e+01 -1.456098450609755179e-01 5.583939843432818018e-01 -5.745512956785164826e-01 5.804177287994323198e-01
290.400000 2.297632523180158159e+02 8.789380747853364539e+00 -6.020468062268014364e+01 -1.450692301098756853e-01 5.589301272673220522e-01 -5.747659554930953929e-01 5.798242213933219036e-01
290.500000 2.298127788352605592e+02 8.912761946794397261e+00 -6.028848730820763535e+01 -1.444142475688623695e-01 5.594129311623274869e-01 -5.750659642236741753e-01 5.792243385243652787e-01
290.600000 2.298729460683365176e+02 9.028141461965063286e+00 -6.037661196831801647e+01 -1.437853785159019515e-01 5.599429507116256977e-01 -5.753417340214643794e-01 5.785944572553141096e-01
290.700000 2.299165722357987249e+02 9.154626096335171326e+00 -6.045907294459405534e+01 -1.431116897035016322e-01 5.604711355308501508e-01 -5.756044460256380946e-01 5.779884706657101301e-01
290.800000 2.299680777472254931e+02 9.262825743328612305e+00 -6.053688211541143005e+01 -1.424488019234766423e-01 5.609922911519814592e-01 -5.758809562699589435e-01 5.773708620152340210e-01
290.900000 2.300077081449570642e+02 9.389367006947914263e+00 -6.062125315193570430e+01 -1.417922772380222074e-01 5.614997190990337339e-01 -5.761944547898095736e-01 5.767260752184144579e-01
291.000000 2.300567457312794204e+02 9.509940297354141592e+00 -6.070934697045288431e+01 1.411816072430549240e-01 -5.620301440053571129e-01 5.764776730500764668e-01 -5.760758313628114857e-01
291.100000 2.301152245672581103e+02 9.607594259381976087e+00 -6.079572092701802433e+01 1.406680639854667736e-01 -5.625699110962134597e-01 5.767026128357272130e-01 -5.754491178655368744e-01
291.200000 2.301631491586284710e+02 9.715813635519957359e+00 -6.087577097907461621e+01 1.400204009418891671e-01 -5.630628477085283246e-01 5.770188010483082719e-01 -5.748076374642284714e-01
291.300000 2.301903686813861611e+02 9.846997904297147386e+00 -6.095795615140239931e+01 1.393609184255165945e-01 -5.635033029612818156e-01 5.772578231744017740e-01 -5.742960626290880555e-01
291.400000 2.302511288996186636e+02 9.961683575375460009e+00 -6.104663143124514590e+01 1.387751256045081094e-01 -5.640023030675478388e-01 5.775123790961325110e-01 -5.736918324664207480e-01
291.500000 2.303061780340519817e+02 1.008451819915432424e+01 -6.112779967517626289e+01 1.381325540752009751e-01 -5.645154172199213782e-01 5.777743241287993659e-01 -5.730781548822017069e-01
291.600000 2.303582771602707169e+02 1.018565273940335203e+01 -6.121427767783276863e+01 1.375800137596863149e-01 -5.650379028796977954e-01 5.779846310618513838e-01 -5.724837765207790863e-01
291.700000 2.304205566056472207e+02 1.029528143967172582e+01 -6.130814160899096521e+01 1.369538239605369578e-01 -5.655727388190256999e-01 5.782486787893066360e-01 -5.718387820756419826e-01
291.800000 2.304726719487304649e+02 1.040187848361079404e+01 -6.138778430475544212e+01 1.363213296754276493e-01 -5.661280845573064546e-01 5.784936681007678549e-01 -5.711922293924501792e-01
291.900000 2.305077513353841141e+02 1.050633314422552189e+01 -6.145412314331764492e+01 1.356503988967932561e-01 -5.666556290462885226e-01 5.787564384959104080e-01 -5.705623123277820952e-01
292.000000 2.305666115005804500e+02 1.063689979554792586e+01 -6.154844197082081791e+01 1.349825600407454917e-01 -5.672105496528790924e-01 5.790201085608598364e-01 -5.699014079027138191e-01
292.100000 2.305964685317451028e+02 1.075624453193689334e+01 -6.162116690759626181e+01 1.343238694638492492e-01 -5.677380289144582370e-01 5.792819947706462358e-01 -5.692653152539031147e-01
292.200000 2.306280407269767352e+02 1.087442790099927237e+01 -6.169505730067076854e+01 1.335772831656648618e-01 -5.683101934955013812e-01 5.794950446773294850e-01 -5.686529051940256707e-01
292.300000 2.306768127217501956e+02 1.098348787287734041e+01 -6.177349023956708152e+01 1.328818517346900541e-01 -5.688001109128725252e-01 5.797877125040611368e-01 -5.680273371364903401e-01
292.400000 2.307338112534959578e+02 1.108439105691676474e+01 -6.185712053248046516e+01 1.323654329542325037e-01 -5.692281642286283194e-01 5.799751879212987626e-01 -5.675275064729451424e-01
292.500000 2.307696307968798806e+02 1.120041482676560207e+01 -6.193249273547121447e+01 1.316914343502188778e-01 -5.696461555281835398e-01 5.802445744107470604e-01 -5.669892922072103936e-01
292.600000 2.308133410506198970e+02 1.132781025766438887e+01 -6.201359029491457875e+01 1.311099518512355844e-01 -5.700583375612291448e-01 5.804919267652506321e-01 -5.664563489474379043e-01
292.700000 2.308535034115794815e+02 1.144086678137517055e+01 -6.209126213406645434e+01 1.305379904492612597e-01 -5.705012717203633565e-01 5.807206113381517820e-01 -5.659078578549338046e-01
292.800000 2.308979218308632255e+02 1.155419104895847937e+01 -6.216617948130620164e+01 1.299022933549622838e-01 -5.710343756422378014e-01 5.809744021338377751e-01 -5.652555882795237130e-01
292.900000 2.309485340101448116e+02 1.167527317233953710e+01 -6.225275128399154312e+01 1.293216176632007441e-01 -5.714566463847325917e-01 5.812219467414059260e-01 -5.647072419704016744e-01
293.000000 2.309968729493673152e+02 1.180010808021869906e+01 -6.233520820000975959e+01 1.286661573050595642e-01 -5.719225895556153683e-01 5.814954212203367057e-01 -5.641034006457789074e-01
293.100000 2.310472455018467315e+02 1.192063717054686833e+01 -6.242270314028070288e+01 1.280214919435620491e-01 -5.723602186357223953e-01 5.817259111323609400e-01 -5.635683117786494112e-01
293.200000 2.310821869735617042e+02 1.202686148805475597e+01 -6.248629726983045884e+01 1.272748810415318677e-01 -5.729257453485493423e-01 5.820189806950956113e-01 -5.628597525879028840e-01
293.300000 2.311013912392877501e+02 1.215346780437186425e+01 -6.254979870033434963e+01 1.266382898547531444e-01 -5.733504913361431310e-01 5.822510646085164998e-01 -5.623305570476458959e-01
293.400000 2.310775308119003739e+02 1.230457602511907567e+01 -6.258611899076176144e+01 1.251450648774005414e-01 -5.741372232942716369e-01 5.828016839248433278e-01 -5.612907969841854916e-01
293.500000 2.311111764961336235e+02 1.243438095380302144e+01 -6.266823355468616796e+01 1.245598259998648843e-01 -5.745092333083874347e-01 5.830227246937630392e-01 -5.608105679112626030e-01
293.600000 2.311578037364635634e+02 1.254304955765787355e+01 -6.274853930003695268e+01 1.239501407691469409e-01 -5.748683074628643253e-01 5.832638060929234980e-01 -5.603268012330723247e-01
293.700000 2.311903034177442464e+02 1.266375457572168983e+01 -6.281787350537439352e+01 1.232853427324908241e-01 -5.753108723881665831e-01 5.834984196842972759e-01 -5.597747034345397221e-01
293.800000 2.312162549560291609e+02 1.279904081398918692e+01 -6.289368842999462572e+01 1.227176195306555334e-01 -5.757527500841718160e-01 5.836795817291950961e-01 -5.592560258948258145e-01
293.900000 2.312586101408101342e+02 1.292249943726383066e+01 -6.298138390324658076e+01 1.221231697374205449e-01 -5.761815691428147090e-01 5.839168768985142366e-01 -5.586965291341039475e-01
294.000000 2.312885801165350301e+02 1.306124746777560830e+01 -6.304903255401561069e+01 1.215045918888372350e-01 -5.766362698413900478e-01 5.841060126759973770e-01 -5.581643238411805319e-01
294.100000 2.313290212370204699e+02 1.317682540717022022e+01 -6.312279273612759312e+01 1.208393781733887173e-01 -5.770697572840731704e-01 5.843750939988582305e-01 -5.575787741876435666e-01
294.200000 2.313568340782664734e+02 1.329763810885342679e+01 -6.319397970926878827e+01 1.201612606847069914e-01 -5.774968993408595708e-01 5.846234213652954370e-01 -5.570224931486079667e-01
294.300000 2.314003660020145787e+02 1.342568207235043332e+01 -6.327423772253945344e+01 1.194800579251882461e-01 -5.779771952095414944e-01 5.849394155176304011e-01 -5.563387077579613482e-01
294.400000 2.313435146322613605e+02 1.374292948653248914e+01 -6.333966447326626792e+01 1.179709541628390368e-01 -5.786831660884599327e-01 5.854917794386407248e-01 -5.553449589845207424e-01
294.500000 2.313629107205194373e+02 1.388363461356870232e+01 -6.340729717165258705e+01 1.173116294189918835e-01 -5.790842568637555310e-01 5.857335296571696270e-01 -5.548113528857955279e-01
294.600000 2.314172793272284139e+02 1.399250249063684493e+01 -6.348243737451845448e+01 1.166926446688098667e-01 -5.794367313326512781e-01 5.860070464418942748e-01 -5.542848027712643511e-01
294.700000 2.314420477642549372e+02 1.411820354011958045e+01 -6.354603403694449071e+01 1.159431481977618444e-01 -5.798492260753835836e-01 5.862428175586555934e-01 -5.537611581419007445e-01
294.800000 2.314698826086429335e+02 1.425369484619138660e+01 -6.362104201825590621e+01 1.153149934163358592e-01 -5.802385001510014240e-01 5.864593625805808452e-01 -5.532550508377537257e-01
294.900000 2.315095637592727655e+02 1.437321557535904049e+01 -6.368889322805756592e+01 1.146755897738113150e-01 -5.806369845356185166e-01 5.866833206434742820e-01 -5.527321978844352834e-01
295.000000 2.314872238252274599e+02 1.452287674455717337e+01 -6.373208182778206776e+01 1.132226957295231901e-01 -5.812631616553964875e-01 5.872111931630900061e-01 -5.518122621853309706e-01
295.100000 2.315277576241879842e+02 1.463926444670058657e+01 -6.380473679581545809e+01 1.125896938552400500e-01 -5.816752056899460177e-01 5.874112024803587184e-01 -5.512944722412165266e-01
295.200000 2.315442342343717996e+02 1.478585849639926408e+01 -6.385957223217640433e+01 1.117306816454110563e-01 -5.821067426499907382e-01 5.877028302774962576e-01 -5.507026223147022392e-01
295.300000 2.315744742307165609e+02 1.491930688956106366e+01 -6.393732137048843356e+01 1.111566644459544839e-01 -5.824834709256513365e-01 5.879572729243982554e-01 -5.501485683549126593e-01
295.400000 2.316068868270348844e+02 1.505116886594378656e+01 -6.401689944396117937e+01 1.104203475701480697e-01 -5.829065830032932327e-01 5.881668934244381752e-01 -5.496243879353953643e-01
295.500000 2.316532149152818647e+02 1.517684069503651045e+01 -6.409955326995594760e+01 1.096998016505211643e-01 -5.832912333943056638e-01 5.884173986182148486e-01 -5.490922104406132931e-01
295.600000 2.316836110459907445e+02 1.547973161219128713e+01 -6.422457309924978119e+01 1.089407809185633930e-01 -5.836604151029777254e-01 5.886490908964538971e-01 -5.486024734554627580e-01
295.700000 2.317243747625371384e+02 1.560178038726409966e+01 -6.428713615808908344e+01 1.082270868826239602e-01 -5.840104591627361952e-01 5.889214036443572997e-01 -5.480787001726951102e-01
295.800000 2.317821855552406873e+02 1.603301848385047634e+01 -6.447050988937087368e+01 1.073379407919286266e-01 -5.844768248504849106e-01 5.891353418724725177e-01 -5.475262154783540058e-01
295.900000 2.317877177135514444e+02 1.617965467449212014e+01 -6.452739460530723647e+01 1.065795236960185022e-01 -5.849073670832154459e-01 5.893638892058674639e-01 -5.469683566355960647e-01
296.000000 2.318075440981404256e+02 1.632342177299178587e+01 -6.458827322824897976e+01 1.058460513976330758e-01 -5.852830600287877161e-01 5.895906578002190201e-01 -5.464642799685751617e-01
296.100000 2.318304931373205591e+02 1.649238369717821939e+01 -6.466254176504790507e+01 1.050252439462569104e-01 -5.857304277077184373e-01 5.898471189933403025e-01 -5.458662294066364273e-01
296.200000 2.318455050280071248e+02 1.663626592945974636e+01 -6.472449848848660281e+01 1.043710526128745625e-01 -5.860733713004766532e-01 5.900494965714139228e-01 -5.454046923384462398e-01
296.300000 2.318778339591877966e+02 1.676004195147378795e+01 -6.478853257522033005e+01 1.035852334556927046e-01 -5.865019661682620011e-01 5.903250059433010621e-01 -5.447953105972315191e-01
296.400000 2.319144577976489927e+02 1.693814601800652753e+01 -6.487249138640267176e+01 1.028397857106682772e-01 -5.868961811884233493e-01 5.905774818205709042e-01 -5.442380811261762208e-01
296.500000 2.319251782800538990e+02 1.708138460259782221e+01 -6.493674566108879276e+01 1.019857807833397523e-01 -5.873282298287922920e-01 5.908145355691102329e-01 -5.436751194642316376e-01
296.600000 2.319389451801232553e+02 1.724295026071666470e+01 -6.499307479142595412e+01 1.012120104197046649e-01 -5.876941230447090270e-01 5.910370998864822312e-01 -5.431821915741424922e-01
296.700000 2.319975024414525535e+02 1.737931325385601511e+01 -6.507932726807240442e+01 1.006040269974098761e-01 -5.880212578305844540e-01 5.912974446185291777e-01 -5.426574997904655140e-01
296.800000 2.320795992318738001e+02 1.768776238505921938e+01 -6.524052853595811996e+01 9.973364256877897960e-02 -5.883762851770628632e-01 5.915557781581955998e-01 -5.421515552950614270e-01
296.900000 2.321028246052033523e+02 1.802120244274195571e+01 -6.536741752343986889e+01 9.912882445588862279e-02 -5.887352624555303171e-01 5.917320902900807811e-01 -5.416801641414821233e-01
297.000000 2.320578740277028942e+02 1.818161758961123553e+01 -6.540864771550258183e+01 9.761405843797527071e-02 -5.891718293644572224e-01 5.923970598670975640e-01 -5.407529699774423770e-01
297.100000 2.321110967403370466e+02 1.829023163769721805e+01 -6.548495012191270348e+01 9.688645628776954011e-02 -5.896298248702985800e-01 5.926186104566733004e-01 -5.401415247431181621e-01
297.200000 2.320643710287976660e+02 1.846476884254600748e+01 -6.552870025241035989e+01 9.561434886832434477e-02 -5.900090406552448430e-01 5.932649310752331484e-01 -5.392438685714122659e-01
297.300000 2.321002190005567911e+02 1.859805179891490567e+01 -6.560415865909827460e+01 9.478120967757769355e-02 -5.904392131769823360e-01 5.935460214388191824e-01 -5.386104141855687644e-01
297.400000 2.320888869534081778e+02 1.874878440764166498e+01 -6.564766888165279113e+01 9.377788941803134881e-02 -5.907879401070262881e-01 5.939611451252780894e-01 -5.379456063226695228e-01
297.500000 2.320932150116091179e+02 1.891138218979047991e+01 -6.570231625214525195e+01 9.285580266943607719e-02 -5.911945494426422698e-01 5.942317122368651061e-01 -5.373597275494036429e-01
297.600000 2.321022586543684838e+02 1.907172762520430354e+01 -6.576272845151069646e+01 9.215660514302900785e-02 -5.914757751026128441e-01 5.944984744297090451e-01 -5.368753407412411027e-01
297.700000 2.321344385704614695e+02 1.922417852406987393e+01 -6.583458066864589853e+01 9.161562235980069691e-02 -5.917706405550261506e-01 5.946944161532220496e-01 -5.364257992610897974e-01
297.800000 2.322469729251599802e+02 1.953514909704547620e+01 -6.600437027711286930e+01 9.086350049084504499e-02 -5.921484889174406518e-01 5.949036678038761572e-01 -5.359044853188272839e-01
297.900000 2.322749948583112030e+02 1.970110160324747639e+01 -6.608324893527014865e+01 9.027041054630101369e-02 -5.924697665543596781e-01 5.950901957962133615e-01 -5.354423288889751387e-01
298.000000 2.322863256287499212e+02 1.985981693408643523e+01 -6.614741154973219750e+01 8.955390213470038052e-02 -5.928289985395911454e-01 5.953290186169493126e-01 -5.348992771499826437e-01
298.100000 2.323361904617189850e+02 1.998973398087442988e+01 -6.622065908478835183e+01 8.886535998832904848e-02 -5.932257426179118331e-01 5.955573668605749216e-01 -5.343197440369110707e-01
298.200000 2.323530350713575956e+02 2.014435799095310031e+01 -6.629303025523852000e+01 8.826836684448091663e-02 -5.935338684904954976e-01 5.957151304522044777e-01 -5.339004829737731272e-01
298.300000 2.323406263396158806e+02 2.029512269680978065e+01 -6.633599437768188523e+01 8.672491957634666238e-02 -5.940384293730733845e-01 5.964121032254737775e-01 -5.328130402670483434e-01
298.400000 2.323586116988959134e+02 2.044965020611666873e+01 -6.640828608199696248e+01 8.618857662836540423e-02 -5.943316111764685994e-01 5.965110447314986297e-01 -5.324622415988720103e-01
298.500000 2.323852200478471559e+02 2.060599763641619830e+01 -6.647366701846334536e+01 8.540208584129484193e-02 -5.946829985297574783e-01 5.967256257416070353e-01 -5.319559592455940233e-01
298.600000 2.324203619553994145e+02 2.077083686478018976e+01 -6.655194930671672182e+01 8.472555056383650196e-02 -5.950327164320332596e-01 5.969257158631300353e-01 -5.314483391623870956e-01
298.700000 2.324562515208405387e+02 2.092057039337746005e+01 -6.662756116169879306e+01 8.407850617808404481e-02 -5.953531180495811315e-01 5.971582467213217837e-01 -5.309307845663316927e-01
298.800000 2.324873966232802331e+02 2.108324569212855337e+01 -6.671181274262707461e+01 8.354841084392969353e-02 -5.956202644123519407e-01 5.973214922553928830e-01 -5.305310533386379257e-01
298.900000 2.325468117261978307e+02 2.121858018365318799e+01 -6.679885611054695005e+01 8.300881414360969379e-02 -5.959522314703395995e-01 5.974872561547620586e-01 -5.300560850633148080e-01
299.000000 2.325238503505617018e+02 2.139164775132087470e+01 -6.686249471835006375e+01 8.193688124436951381e-02 -5.963146298025778780e-01 5.980685480170536694e-01 -5.291589757796175686e-01
299.100000 2.325857338568490604e+02 2.172543139383914124e+01 -6.701373290229466306e+01 8.130951566754704429e-02 -5.966551380935706250e-01 5.982042152089812603e-01 -5.287183803828443551e-01
299.200000 2.326263857009204514e+02 2.187273813558864433e+01 -6.709162430300791868e+01 8.079010533800683180e-02 -5.969336014802623103e-01 5.983342415329456765e-01 -5.283364171742014337e-01
299.300000 2.326676456742204380e+02 2.201794673863895824e+01 -6.717305403454858492e+01 8.014538702693782546e-02 -5.972344310659847277e-01 5.985500442903469720e-01 -5.278499746780477286e-01
299.400000 2.327165169751379494e+02 2.234066766995957565e+01 -6.731846583331396516e+01 7.947512208112671173e-02 -5.975800155747156284e-01 5.987152090149144845e-01 -5.273726656266325419e-01
299.500000 2.326983011501315275e+02 2.251613607102650860e+01 -6.737681042662401865e+01 7.822772793848209449e-02 -5.979606079724747447e-01 5.992567377130313400e-01 -5.265120095499310482e-01
299.600000 2.327308489176316186e+02 2.271432726971333338e+01 -6.745180997944804346e+01 7.760393063925195845e-02 -5.982940741957628594e-01 5.994201106435640414e-01 -5.260393157242437834e-01
299.700000 2.327791143520821038e+02 2.293854706691096368e+01 -6.756828153054790675e+01 7.705765512583397092e-02 -5.985230821286124936e-01 5.995683184227106333e-01 -5.256900888256668125e-01
299.800000 2.328203751291237609e+02 2.308552312806321183e+01 -6.764646194415979608e+01 7.645086653629523665e-02 -5.988046478383128868e-01 5.997366355516818848e-01 -5.252658628830096932e-01
299.900000 2.328652191009858541e+02 2.323212493121546274e+01 -6.772336635749067568e+01 7.578043583914834125e-02 -5.991516424444148781e-01 5.998891927888675424e-01 -5.247929032249860626e-01
300.000000 2.328888188727369482e+02 2.338796230083288918e+01 -6.779099486830571664e+01 7.518857081588488367e-02 -5.994576144902443726e-01 5.999910582435811213e-01 -5.244120300642215460e-01
300.100000 2.329279779706290583e+02 2.352057463973451235e+01 -6.786581589531634506e+01 7.457821423238047975e-02 -5.997711566634928992e-01 6.001125851651655241e-01 -5.240014644281322242e-01
300.200000 2.329461141525432595e+02 2.365235351139659414e+01 -6.791809398590235958e+01 7.392204245415880115e-02 -6.000920276710052237e-01 6.002545876438074579e-01 -5.235642462751536330e-01
300.300000 2.329392691032769278e+02 2.380158070026384820e+01 -6.796711096062134061e+01 7.266940302144721253e-02 -6.004440357940585837e-01 6.008488570428971443e-01 -5.226535838718548987e-01
300.400000 2.329507026287004123e+02 2.407594272111393252e+01 -6.804653418717023783e+01 7.193026861784254655e-02 -6.007648763803969949e-01 6.009522609208013399e-01 -5.222681110870052157e-01
300.500000 2.329698336878915370e+02 2.421993889198979488e+01 -6.810668354112040390e+01 7.114523655466685470e-02 -6.010732347421888777e-01 6.011540943330527798e-01 -5.217883446942342962e-01
300.600000 2.330824423773102581e+02 2.460995446255412489e+01 -6.831740361320932209e+01 -7.053608245004773514e-02 6.013515006781730010e-01 -6.012163482012535809e-01 5.214786058509577327e-01
300.700000 2.330818308991820800e+02 2.474699561808123249e+01 -6.835800411152388278e+01 -6.980887573056053508e-02 6.016227710397481498e-01 -6.013344879782993591e-01 5.211272357146251588e-01
300.800000 2.331029580663313538e+02 2.489525593183667596e+01 -6.840589186264435284e+01 -6.902474747326074744e-02 6.019433457266636367e-01 -6.014755086798594386e-01 5.206985742538068340e-01
300.900000 2.331180055109749958e+02 2.505758279317231896e+01 -6.845920062338116452e+01 -6.833337954026233452e-02 6.022708844202254719e-01 -6.015224572474248133e-01 5.203566704168456347e-01
301.000000 2.330842821227610386e+02 2.520440168783697743e+01 -6.850423659128854581e+01 -6.659360040647692436e-02 6.026759977883456854e-01 -6.022997290585887509e-01 5.192128373323169344e-01
301.100000 2.332227867130652044e+02 2.558714420670914080e+01 -6.874260117878223753e+01 -6.602133451247760298e-02 6.029129079538145808e-01 -6.023802411700318604e-01 5.189173863533586006e-01
301.200000 2.332613254412534616e+02 2.587910318282334288e+01 -6.885289826267955959e+01 -6.532752393431097426e-02 6.031898317712960367e-01 -6.025352097630586323e-01 5.185032906936218877e-01
301.300000 2.332738608800291900e+02 2.604195345327301681e+01 -6.890529464942090954e+01 -6.457980759109843705e-02 6.034787476959659891e-01 -6.025988519894867057e-01 5.181867164562962147e-01
301.400000 2.332940981234445985e+02 2.618309364713725174e+01 -6.897158282950429964e+01 -6.396841474493553115e-02 6.037720189024264883e-01 -6.026655068066327781e-01 5.178432948402559299e-01
301.500000 2.333124709890372515e+02 2.634379381059180147e+01 -6.902868808268488010e+01 -6.329356678601220920e-02 6.040893108410673173e-01 -6.027437892790526996e-01 5.174649296489547412e-01
301.600000 2.333238140661043190e+02 2.649442637891633368e+01 -6.907234669665837146e+01 -6.263887037765145105e-02 6.042964659935394778e-01 -6.028260584551413670e-01 5.172068216419514197e-01
301.700000 2.333316703253161961e+02 2.664175337535181853e+01 -6.912672280987996487e+01 -6.202816192145610419e-02 6.045690828380811954e-01 -6.028530606111044410e-01 5.169302840004549315e-01
301.800000 2.333421401869031797e+02 2.691962700846343282e+01 -6.919316436760510669e+01 -6.136616715462922533e-02 6.048690556892205583e-01 -6.028754965417283396e-01 5.166321270187764769e-01
301.900000 2.333658520227795066e+02 2.708296968099504909e+01 -6.923988194741221491e+01 -6.066784953140591519e-02 6.051863481922621357e-01 -6.029089270548492197e-01 5.163039043746611156e-01
302.000000 2.333981878742523008e+02 2.720922443027882309e+01 -6.929861286270491405e+01 -6.002823103895235657e-02 6.055041683490673954e-01 -6.029544503277870504e-01 5.159527540581160254e-01
302.100000 2.333917813421612379e+02 2.736259412509726729e+01 -6.933272756821786231e+01 -5.935218092694984071e-02 6.058013328280074106e-01 -6.029784715796664418e-01 5.156539795002784698e-01
302.200000 2.334117564529036599e+02 2.750644166225849929e+01 -6.939301916510862611e+01 -5.863016342839731665e-02 6.061155004980065542e-01 -6.030204843563268247e-01 5.153181536090798431e-01
302.300000 2.334516361213770779e+02 2.764310511628228184e+01 -6.945980295591002118e+01 -5.800019116941349667e-02 6.064099561508959901e-01 -6.031016664180305353e-01 5.149478836437473284e-01
302.400000 2.334683074155199165e+02 2.778616153202217731e+01 -6.952293102930809710e+01 -5.745354934512677397e-02 6.066898725923547397e-01 -6.031286086145659642e-01 5.146478112575406660e-01
302.500000 2.334738975846231597e+02 2.792116380612376858e+01 -6.956961995790555875e+01 -5.682775056015559184e-02 6.070327228949971010e-01 -6.031223230577039685e-01 5.143202733029655915e-01
302.600000 2.334674956141701614e+02 2.805948666004065117e+01 -6.960516089348715241e+01 -5.613332196146805786e-02 6.072914500793988868e-01 -6.031592839674592144e-01 5.140476855213851337e-01
302.700000 2.334619003503818817e+02 2.822378377984816566e+01 -6.965418776763524988e+01 -5.548653726178054413e-02 6.075846146233541134e-01 -6.031926806410600195e-01 5.137321970411620198e-01
302.800000 2.334590892529922712e+02 2.836276112283215411e+01 -6.968758011369773442e+01 -5.480259320397260631e-02 6.078942970731195938e-01 -6.032238812155505947e-01 5.134025209281164459e-01
302.900000 2.334683274341554693e+02 2.849504123036614800e+01 -6.974101867737918781e+01 -5.425715909239808149e-02 6.081548131312637384e-01 -6.032332926877941315e-01 5.131407979741449132e-01
303.000000 2.334542162005438115e+02 2.863582557324169287e+01 -6.976146665730612995e+01 -5.358397817979689698e-02 6.084649576539478133e-01 -6.032484072389487917e-01 5.128260053402885488e-01
303.100000 2.335026828776129264e+02 2.876325675946455007e+01 -6.983984119184603401e+01 -5.304753172715520604e-02 6.087730233958656978e-01 -6.032119060770361196e-01 5.125590324343354265e-01
303.200000 2.335136421486269285e+02 2.891299628234437691e+01 -6.988663556868299054e+01 -5.247429189460428578e-02 6.091012260110297838e-01 -6.031779677500291870e-01 5.122679810245466259e-01
303.300000 2.335085253121285120e+02 2.906331825396410551e+01 -6.993257109431357321e+01 -5.190974207660155326e-02 6.093819958289260486e-01 -6.031404436173393169e-01 5.120357088232954101e-01
303.400000 2.335534079316855127e+02 2.934955037362752961e+01 -7.005498439826622814e+01 -5.128969669735581466e-02 6.097051660338245194e-01 -6.031572681207030273e-01 5.116935483641844584e-01
303.500000 2.335548962136905686e+02 2.949912337388195382e+01 -7.010351858943242576e+01 -5.064785892156559860e-02 6.099996110396564974e-01 -6.031658108256673367e-01 5.113963957334314303e-01
303.600000 2.335608959184093578e+02 2.979954198504998431e+01 -7.019651944513678643e+01 -5.003789189749685562e-02 6.103656771240403289e-01 -6.031882402533698118e-01 5.109930492515618594e-01
303.700000 2.335312476670928845e+02 2.993824833678502273e+01 -7.021447799205652984e+01 -4.875094780995316290e-02 6.108226191425862872e-01 -6.034320410002446122e-01 5.102831027240675166e-01
303.800000 2.335418903614678072e+02 3.007045229617081716e+01 -7.026787317881439776e+01 -4.821634796266238004e-02 6.111724548826890091e-01 -6.033937117570202791e-01 5.099602364830974066e-01
303.900000 2.335516049148363322e+02 3.020274402623587662e+01 -7.032120806139489844e+01 -4.766283084229090000e-02 6.114648225043343155e-01 -6.034343074252644934e-01 5.096136399450406085e-01
304.000000 2.335725888363154752e+02 3.036304447643042081e+01 -7.037865516005554412e+01 -4.703438453693704890e-02 6.117697017422141226e-01 -6.034174352206961300e-01 5.093260228705681625e-01
304.100000 2.335708770729290791e+02 3.063967228505612184e+01 -7.045103556065237171e+01 -4.642611346772742426e-02 6.121479666025579913e-01 -6.034119259596576468e-01 5.089337192427828560e-01
304.200000 2.335697952675301110e+02 3.077563094810023259e+01 -7.049528941190710896e+01 -4.574095428761449506e-02 6.125430293662211811e-01 -6.033695776889570483e-01 5.085705014992127904e-01
304.300000 2.335727170139878979e+02 3.092904805275609448e+01 -7.052981155495461962e+01 -4.513897281470366507e-02 6.128573989575932801e-01 -6.033419751880400028e-01 5.082782138281763951e-01
304.400000 2.335475838536279412e+02 3.108341979584684367e+01 -7.054630070937267305e+01 -4.396668401100770757e-02 6.134238064289120329e-01 -6.035705547116375635e-01 5.074256102015614056e-01
304.500000 2.335599911627180916e+02 3.123013135074787527e+01 -7.060161366494385504e+01 -4.340558491097195465e-02 6.137784936977781491e-01 -6.035806587462962947e-01 5.070328433740854956e-01
304.600000 2.335815910621586511e+02 3.135949159841834444e+01 -7.065856068406684187e+01 -4.269644196466447494e-02 6.141451323619868674e-01 -6.036412353947492315e-01 5.065767751987220180e-01
304.700000 2.335553422758253248e+02 3.151361520926346316e+01 -7.067570482892749339e+01 -4.152071252076271896e-02 6.147598098035060854e-01 -6.039011263376770078e-01 5.056182713176121668e-01
304.800000 2.335616520545007688e+02 3.164736993592895686e+01 -7.072583242620854094e+01 -4.088364226016716341e-02 6.151096067135142231e-01 -6.039366570865586370e-01 5.052021513724986868e-01
304.900000 2.335386707792688412e+02 3.181428651003657393e+01 -7.075823737663155555e+01 -3.978484695962605094e-02 6.157360854064592992e-01 -6.041022348234583728e-01 5.043279974005326904e-01
305.000000 2.335597985665733631e+02 3.193040543337421866e+01 -7.080953491890535645e+01 -3.914767798581782893e-02 6.160882485018257526e-01 -6.040925501754609295e-01 5.039592445712048896e-01
305.100000 2.335338696160955578e+02 3.207071617267962438e+01 -7.081871016013387532e+01 -3.838223364251167752e-02 6.165413283414680201e-01 -6.040954502703783646e-01 5.034603078199694215e-01
305.200000 2.335957554566451222e+02 3.217790929211372486e+01 -7.091574669666110253e+01 -3.777222065752618152e-02 6.169832009202514955e-01 -6.040320061478864355e-01 5.030410765312899324e-01
305.300000 2.336259846065209445e+02 3.231976770190680526e+01 -7.097660543181410731e+01 -3.719361029497258303e-02 6.173834855861810578e-01 -6.040085066211353659e-01 5.026211207340866016e-01
305.400000 2.336697200810630193e+02 3.243656832247659594e+01 -7.104653704564738348e+01 -3.652782962198826422e-02 6.177529609815451961e-01 -6.040185370884455507e-01 5.022037472133940028e-01
305.500000 2.336973837622182657e+02 3.256434009056533796e+01 -7.110444015885218505e+01 -3.583535998970504427e-02 6.181710274000852268e-01 -6.040180757286265356e-01 5.017395460302271903e-01
305.600000 2.337191665697289125e+02 3.269066183063139874e+01 -7.116776489003346740e+01 -3.516815557304740769e-02 6.185918693086718267e-01 -6.040231815888232880e-01 5.012617042644572640e-01
305.700000 2.336949671585988995e+02 3.284550319178167399e+01 -7.118126642082242483e+01 -3.397903326160515991e-02 6.192292165457506936e-01 -6.041062088730168034e-01 5.004560830640522040e-01
305.800000 2.337159564485650662e+02 3.295388462312021005e+01 -7.124741063267143204e+01 -3.338489928317400768e-02 6.196340384904929222e-01 -6.040859882494197253e-01 5.000192252749254829e-01
305.900000 2.337434953686631616e+02 3.309745358550534888e+01 -7.130547849027274765e+01 -3.274996505373981015e-02 6.200284483957343440e-01 -6.040391839765909543e-01 4.996286893182286803e-01
306.000000 2.338276174215880587e+02 3.331437288185808399e+01 -7.144571891776625705e+01 -3.215811907921208718e-02 6.204444172746550468e-01 -6.040165157628641923e-01 4.991779533750368980e-01
306.100000 2.338833847600618014e+02 3.357957443350628779e+01 -7.157509060058025341e+01 -3.153953575751087396e-02 6.208968118696818195e-01 -6.039281342832978350e-01 4.987616818836033139e-01
306.200000 2.338628494245965612e+02 3.371891590987326026e+01 -7.159981758941619034e+01 -3.089592209858173927e-02 6.213396030445381690e-01 -6.037973047808851135e-01 4.984088225798906646e-01
306.300000 2.338722322029106522e+02 3.384885231902055125e+01 -7.165877249946184691e+01 -3.017623418107312494e-02 6.218528718971167990e-01 -6.036617884895753017e-01 4.979767521898229576e-01
306.400000 2.339094276314322940e+02 3.396954426204253252e+01 -7.172579436050497748e+01 -2.955569758915813777e-02 6.223051042942251421e-01 -6.036290789727951633e-01 4.974884450194060337e-01
306.500000 2.339180290896232464e+02 3.410542813654499383e+01 -7.176948531016518018e+01 -2.881583803002735200e-02 6.227149666490652269e-01 -6.036175090759900996e-01 4.970328163479525996e-01
306.600000 2.339447807518790228e+02 3.423740801781809040e+01 -7.185077305911978840e+01 -2.828989248663396280e-02 6.231739760367283054e-01 -6.034970638853532909e-01 4.966338404251440797e-01
306.700000 2.339825673727961544e+02 3.436884385762854777e+01 -7.192848282271785365e+01 -2.760056365145141868e-02 6.236421003117608164e-01 -6.034255536373281936e-01 4.961716848252644141e-01
306.800000 2.339985824293835890e+02 3.449848742507760591e+01 -7.198665570011735326e+01 -2.689525559473141328e-02 6.241761259904651249e-01 -6.033497047729958762e-01 4.956308532772829567e-01
306.900000 2.339935999246314964e+02 3.464706658536716333e+01 -7.203805739882071180e+01 -2.626422135565683463e-02 6.246272374254843163e-01 -6.032147736081887590e-01 4.952604787822366683e-01
307.000000 2.340406184926493438e+02 3.476811167721908191e+01 -7.212681469358400932e+01 -2.566807154363395446e-02 6.250830236284222741e-01 -6.031193153666332130e-01 4.948327546822902656e-01
307.100000 2.340111912696254990e+02 3.490712543625868136e+01 -7.214287277099043649e+01 -2.496229868213042241e-02 6.255224280823797889e-01 -6.030066916304175351e-01 4.944507108492883773e-01
307.200000 2.340156365329968366e+02 3.506752436062491540e+01 -7.220371150467649102e+01 -2.440493355105544104e-02 6.259345293125836429e-01 -6.028908043768380631e-01 4.940982111184495928e-01
307.300000 2.340449709503375288e+02 3.520717582684452651e+01 -7.226988162620197897e+01 -2.372710021963835014e-02 6.264081609536018558e-01 -6.027735075640953122e-01 4.936739198952797003e-01
307.400000 2.340171613445583887e+02 3.536132264089648913e+01 -7.228425908807692224e+01 -2.303805619009161379e-02 6.268733430085088321e-01 -6.026134357057543189e-01 4.933113691161244985e-01
307.500000 2.340215315818267072e+02 3.550584693402084469e+01 -7.234619719893356660e+01 -2.232460843322538191e-02 6.274368898668554184e-01 -6.024272153257912432e-01 4.928549597268181981e-01
307.600000 2.340568435714103259e+02 3.563536034104854622e+01 -7.242818034413323858e+01 -2.178983854302271247e-02 6.278917600957367728e-01 -6.022974735319075457e-01 4.924580123393548226e-01
307.700000 2.340645201077773550e+02 3.578306756544397871e+01 -7.248171035490676672e+01 -2.106958652002086096e-02 6.284328439215361994e-01 -6.021211644765732673e-01 4.920145693919448227e-01
307.800000 2.340865607040185239e+02 3.592308698308517734e+01 -7.254990521674723425e+01 -2.043115654562747269e-02 6.289666626527660176e-01 -6.019691543441129111e-01 4.915451579782708635e-01
307.900000 2.341302498351898294e+02 3.603588113472778787e+01 -7.262617175199737574e+01 -1.977961829831079849e-02 6.294622123442263906e-01 -6.018380268317452542e-01 4.910978307730107795e-01
308.000000 2.341399695160231147e+02 3.618107558918261191e+01 -7.268588016193712065e+01 -1.904533193768467164e-02 6.300311936886491271e-01 -6.016913446351477290e-01 4.905766974712386097e-01
308.100000 2.341659646134226875e+02 3.630476266659002249e+01 -7.275275496261892272e+01 -1.842333748002863633e-02 6.305201876958705931e-01 -6.015646405795215257e-01 4.901273882864453646e-01
308.200000 2.342003945507670153e+02 3.643620909207141523e+01 -7.283202673772127866e+01 -1.786575643669723393e-02 6.309958642223245651e-01 -6.014224732533267614e-01 4.897101619806534800e-01
308.300000 2.342113234564019422e+02 3.656871995440229739e+01 -7.288471424456292880e+01 -1.713295531189922352e-02 6.315523115285968103e-01 -6.012496290128130916e-01 4.892310530384608169e-01
308.400000 2.342032197492741545e+02 3.671865092407773545e+01 -7.293166238935474155e+01 -1.653967257971028504e-02 6.320543344078400905e-01 -6.010547741464279392e-01 4.888424245736089913e-01
308.500000 2.342297973341026704e+02 3.702104930358771639e+01 -7.305821249470521650e+01 -1.582798369098221275e-02 6.326118747324898095e-01 -6.008472167731016000e-01 4.883997471085955167e-01
308.600000 2.342659558118753012e+02 3.714318374383385901e+01 -7.312321823479190641e+01 -1.512473666165266122e-02 6.331567775889606065e-01 -6.006826032346020972e-01 4.879181770598230439e-01
308.700000 2.342689947761041935e+02 3.727701149480849097e+01 -7.317350008474120671e+01 -1.457724427147973068e-02 6.336929978930495588e-01 -6.004522519714758921e-01 4.875220830620418111e-01
308.800000 2.343358149382372346e+02 3.735966236985402844e+01 -7.326916576332226327e+01 -1.399261681848141224e-02 6.342634060497917003e-01 -6.002819507858894177e-01 4.870068972626315773e-01
308.900000 2.342941882978746264e+02 3.751134568281765524e+01 -7.326837528152752554e+01 -1.271724613155362366e-02 6.350721001340755567e-01 -6.000369728123103874e-01 4.862893485779461455e-01
309.000000 2.342725094080612962e+02 3.765218153366700449e+01 -7.328057216976165478e+01 -1.144139849492957842e-02 6.358626738639727716e-01 -5.998310413640587369e-01 4.855414258363010549e-01
309.100000 2.343242740489320113e+02 3.775812962350010338e+01 -7.336149360236176165e+01 -1.083322076262932011e-02 6.363591347282098187e-01 -5.996923806094930365e-01 4.850760163260919300e-01
309.200000 2.343737963777291782e+02 3.785029734244601940e+01 -7.343647242135547515e+01 -1.016570867527675712e-02 6.368941967522191439e-01 -5.995515330609783033e-01 4.845620700330409703e-01
309.300000 2.344154742111609835e+02 3.796476097456383769e+01 -7.351135962781613387e+01 -9.554666562822755269e-03 6.374518217239490969e-01 -5.993476710263111462e-01 4.840932271402156872e-01
309.400000 2.344513035975290620e+02 3.810290422914535213e+01 -7.357750982016749219e+01 -8.808102389278512148e-03 6.380113381390960514e-01 -5.991920726887408621e-01 4.835626223822835357e-01
309.500000 2.345119815799386629e+02 3.820243315772938075e+01 -7.366033445364752197e+01 -8.030436376423049152e-03 6.386496136430467319e-01 -5.990238596370761615e-01 4.829416100013458335e-01
309.600000 2.344759868306579165e+02 3.836935547501140320e+01 -7.367724310193086978e+01 -7.384031208428056166e-03 6.391771916163917489e-01 -5.987688189801925187e-01 4.825700935797420099e-01
309.700000 2.345026836676652806e+02 3.849590224940472893e+01 -7.373824794772833968e+01 -6.689061827086366895e-03 6.397578013154199272e-01 -5.985737335754351962e-01 4.820525879834035021e-01
309.800000 2.345630745851817949e+02 3.860850230033290131e+01 -7.383003576311801908e+01 -5.975248714583503325e-03 6.404212435091192201e-01 -5.983762392889526716e-01 4.814258027146470220e-01
309.900000 2.346191117426688493e+02 3.874845003345897254e+01 -7.391206180378928536e+01 -5.396003721798322411e-03 6.409670518365927494e-01 -5.981827277591537095e-01 4.809465103463784197e-01
310.000000 2.346593423990316865e+02 3.886606760059699184e+01 -7.398274261912578709e+01 -4.787039121847315101e-03 6.415422197649112146e-01 -5.979685371192744459e-01 4.804521756959699852e-01
310.100000 2.347308075057668191e+02 3.897717722289267783e+01 -7.406812638691054929e+01 -4.070586493663231123e-03 6.420961056031164738e-01 -5.978297035604385190e-01 4.798913075225965663e-01
310.200000 2.347323574387659448e+02 3.911365596386362142e+01 -7.411077277698329624e+01 -3.369860265302571274e-03 6.427180984201933400e-01 -5.975868833396950075e-01 4.793662554511661233e-01
310.300000 2.348536429839377888e+02 3.930039575062160395e+01 -7.429026236917984249e+01 -2.684488897178990887e-03 6.433354250258708218e-01 -5.974029250828051252e-01 4.787714167832612389e-01
310.400000 2.349231980245526188e+02 3.940175457609613829e+01 -7.438844185638696160e+01 -2.054232957712442791e-03 6.439312750265581142e-01 -5.972175151937002546e-01 4.782044883891086728e-01
310.500000 2.349350051758267455e+02 3.953288571340836199e+01 -7.444427383630250006e+01 -1.286482862636994856e-03 6.445820948861579192e-01 -5.969544766621838194e-01 4.776584770597026020e-01
310.600000 2.349644644492570933e+02 3.965810956570206969e+01 -7.450673363775236169e+01 -5.721721243249381717e-04 6.452036462905924585e-01 -5.967117577828709996e-01 4.771236795172301703e-01
310.700000 2.350028228157914896e+02 3.979013908639511499e+01 -7.458315184156559496e+01 4.126846919815822318e-05 6.457935260389332521e-01 -5.964542353403646802e-01 4.766477369794760999e-01
310.800000 2.350417967514270856e+02 3.990942384613705229e+01 -7.465171031095549381e+01 7.400845236350374681e-04 6.464427812002028206e-01 -5.962324326531348584e-01 4.760441882447148942e-01
310.900000 2.351000147884491298e+02 4.001811572421079433e+01 -7.472414114138992147e+01 1.431702988147507804e-03 6.470653266756850597e-01 -5.960629373934143160e-01 4.754086535882336984e-01
311.000000 2.351270045277026668e+02 4.015747855134224409e+01 -7.479194976608299328e+01 2.162268155248254966e-03 6.477148548098221603e-01 -5.958319535685540069e-01 4.748105670283636615e-01
311.100000 2.350839038742044522e+02 4.029379648593474883e+01 -7.478808958618172653e+01 3.489116417291408031e-03 6.486453082152592309e-01 -5.954823770897880175e-01 4.739702825836800137e-01
311.200000 2.351408561239971959e+02 4.042241093675517760e+01 -7.488637936610190593e+01 4.306878252697695329e-03 6.493656791180252297e-01 -5.952320605765331063e-01 4.732910939845759724e-01
311.300000 2.351933101454400230e+02 4.054403851177707452e+01 -7.497123518424825761e+01 4.912345309598683749e-03 6.499841440618995270e-01 -5.950188919478569538e-01 4.727039237798048577e-01
311.400000 2.352149333460798175e+02 4.067317150884121446e+01 -7.502873694859172815e+01 5.699484136807807591e-03 6.506818348992089440e-01 -5.947540362144082549e-01 4.720681116316196024e-01
311.500000 2.351445637344965576e+02 4.082819555713164306e+01 -7.500722642583981781e+01 6.926129065222773849e-03 6.515921914766780176e-01 -5.943647390931315888e-01 4.712856900708374264e-01
311.600000 2.352070575342108327e+02 4.093613546303607365e+01 -7.507719190674697529e+01 7.677563050434153477e-03 6.522582929268437857e-01 -5.942087102005575439e-01 4.705488104921274894e-01
311.700000 2.351554320395790683e+02 4.106674622139789221e+01 -7.505012099491290201e+01 9.266105804858008541e-03 6.532837589974778147e-01 -5.938190702957951705e-01 4.695885233546239212e-01
311.800000 2.352387833494459812e+02 4.117908165009490773e+01 -7.514952556775854475e+01 9.913145313983410395e-03 6.539285770306161316e-01 -5.936007304208700264e-01 4.689534289633749964e-01
311.900000 2.352631503285268195e+02 4.130906848851299884e+01 -7.520392938375677261e+01 1.069616360979762024e-02 6.546746900361406496e-01 -5.933503608183251510e-01 4.682114817332856394e-01
312.000000 2.352896003694670810e+02 4.143861901955835236e+01 -7.525838242557088620e+01 1.139453496378725443e-02 6.553312014281081899e-01 -5.930787065387155277e-01 4.676203896945851368e-01
312.100000 2.353392687096094846e+02 4.154743128593175783e+01 -7.533676417418335802e+01 1.200704156120263946e-02 6.559515834867056805e-01 -5.928199216305531927e-01 4.670630488404917680e-01
312.200000 2.353005222274642279e+02 4.169954303003928686e+01 -7.532653938905546909e+01 1.347750764641344502e-02 6.569576663703937669e-01 -5.925458015999891526e-01 4.659554210340658420e-01
312.300000 2.353530336191015522e+02 4.180680390043616512e+01 -7.540522959635366362e+01 1.409726032000608968e-02 6.575819873315382758e-01 -5.922729369325435700e-01 4.654030139200581728e-01
312.400000 2.354172678578103159e+02 4.193841845324369899e+01 -7.549469327555968334e+01 1.474979625472875276e-02 6.582006387673301484e-01 -5.920699124771602317e-01 4.647661577352747986e-01
312.500000 2.354817335899086572e+02 4.204768013574982888e+01 -7.558770637516387580e+01 1.541934637925005715e-02 6.588715241513223297e-01 -5.918226816838935145e-01 4.641082544668161947e-01
312.600000 2.355129656455589213e+02 4.219283999061485702e+01 -7.563965484793094163e+01 1.612895865314422500e-02 6.595068722781629589e-01 -5.915599451938152731e-01 4.635163140094752388e-01
312.700000 2.355723429842707333e+02 4.232111020925502487e+01 -7.570867948475790854e+01 1.683195812061466165e-02 6.602215849311590112e-01 -5.913148465912649865e-01 4.627860155380271734e-01
312.800000 2.356355356126612719e+02 4.243555743836173377e+01 -7.579617113874499523e+01 1.743755704293406539e-02 6.608532253208403429e-01 -5.910787852358561079e-01 4.621631917748553753e-01
312.900000 2.355871412822652360e+02 4.257977740432500724e+01 -7.575613045565036430e+01 1.879010256051293765e-02 6.618164987972594560e-01 -5.907695427217174444e-01 4.611260146184286146e-01
313.000000 2.356652022233243997e+02 4.265651025868098145e+01 -7.584819296939706135e+01 1.938075693006720626e-02 6.624741255179471544e-01 -5.905368279694193090e-01 4.604548556502202628e-01
313.100000 2.356337607723466476e+02 4.283969320290365346e+01 -7.585205305194413938e+01 2.046211445491928974e-02 6.633308770235268881e-01 -5.902626480878579995e-01 4.595252503742768835e-01
313.200000 2.356742957220127437e+02 4.297362874650856668e+01 -7.592391382341315875e+01 2.117860310926132986e-02 6.640519159190765297e-01 -5.900007984059593147e-01 4.587870721967596821e-01
313.300000 2.357329539884004248e+02 4.313671744501708361e+01 -7.599117705408554002e+01 2.189883336205483005e-02 6.647701849520195605e-01 -5.897393500421339585e-01 4.580486233011950015e-01
313.400000 2.356997876897094955e+02 4.330026406303893083e+01 -7.595116313606678204e+01 2.339296248076986121e-02 6.657838425746397393e-01 -5.894850024863402815e-01 4.568282785868232332e-01
313.500000 2.357852939781952273e+02 4.338728966748659133e+01 -7.605047335342941039e+01 2.388680517859051791e-02 6.663492115006496297e-01 -5.892589474004293892e-01 4.562697028944181499e-01
313.600000 2.358583196264431763e+02 4.354049844393590263e+01 -7.612635847774242848e+01 2.462112407496907726e-02 6.670541132276455176e-01 -5.890458318057136822e-01 4.554751566306105004e-01
313.700000 2.360227032221935133e+02 4.364630972832409839e+01 -7.629382820292032363e+01 2.520737876152527590e-02 6.677226653013795810e-01 -5.888556891806353555e-01 4.547087063366986315e-01
313.800000 2.361797498661436521e+02 4.379096200649421888e+01 -7.646188987920902491e+01 2.576093088452289029e-02 6.683170406666940622e-01 -5.886455207894784047e-01 4.540761593047568101e-01
313.900000 2.362325484215355687e+02 4.394665445189338016e+01 -7.651109578583850634e+01 2.639087981002818939e-02 6.689732389698150872e-01 -5.883976470013998483e-01 4.533944596135944805e-01
314.000000 2.362998090321128188e+02 4.407301358470888886e+01 -7.657633528336266693e+01 2.709375779457950939e-02 6.696809705415791569e-01 -5.881571018067930368e-01 4.526196522216983098e-01
314.100000 2.363679389330174558e+02 4.417235710121283176e+01 -7.665341399415848400e+01 2.770618850631948599e-02 6.703143548182359801e-01 -5.879474917968801062e-01 4.519167840795713653e-01
314.200000 2.363374862346632312e+02 4.432419294525498543e+01 -7.662576430853414422e+01 2.914921690993534792e-02 6.713297057721352434e-01 -5.876554771457134230e-01 4.506970040748881634e-01
314.300000 2.364269572683097635e+02 4.443011181914466334e+01 -7.672688931751757480e+01 2.965311179178106021e-02 6.718898525519314546e-01 -5.874810272187582783e-01 4.500563983067015217e-01
314.400000 2.364952615474381901e+02 4.451053402816214799e+01 -7.680060204096804455e+01 3.029269967073641365e-02 6.725612695131214513e-01 -5.872333970906642442e-01 4.493335380749082786e-01
314.500000 2.365472666686471825e+02 4.464532697367609870e+01 -7.686283978702381603e+01 3.088890677903372364e-02 6.731839014125412524e-01 -5.869814416916285804e-01 4.486893105776014745e-01
314.600000 2.366196977259319283e+02 4.476136736117540238e+01 -7.694053867126966395e+01 3.156198104921648095e-02 6.738629316308920592e-01 -5.867846754746185445e-01 4.478798224459493715e-01
314.700000 2.366925769899691545e+02 4.487997328969874644e+01 -7.701376866130959797e+01 3.215763958594061028e-02 6.745007481596186905e-01 -5.865032002707286640e-01 4.472455958649214636e-01
314.800000 2.367852412858280218e+02 4.496682227396426867e+01 -7.710655773338496033e+01 3.276786322673663765e-02 6.751957128213171844e-01 -5.862520678982210409e-01 4.464812755450410231e-01
314.900000 2.368459159864549974e+02 4.509923339285908384e+01 -7.716594420972822377e+01 3.344653949320722935e-02 6.759155391135041047e-01 -5.859966357563587414e-01 4.456764026320663707e-01
315.000000 2.368934394866963373e+02 4.540533507462735230e+01 -7.722072200328501879e+01 3.409153156774957782e-02 6.766011901820502272e-01 -5.856871111350046011e-01 4.449934884578996552e-01
315.100000 2.369255616398869506e+02 4.557148332113386857e+01 -7.724916819583391714e+01 3.471037203555327882e-02 6.772212758063812510e-01 -5.853983976734521422e-01 4.443818736961325233e-01
315.200000 2.370639135307401375e+02 4.581826567096656078e+01 -7.738684070346147337e+01 3.539099472861680085e-02 6.779498363087629320e-01 -5.851485868619064057e-01 4.435455199126179804e-01
315.300000 2.370034870044498234e+02 4.594085466867380063e+01 -7.730894307348891914e+01 3.785259089278632944e-02 6.791866014445699928e-01 -5.847597560468429378e-01 4.419601446837881364e-01
315.400000 2.370247580393012186e+02 4.609488819400941395e+01 -7.733282497024002566e+01 3.851796590336530740e-02 6.798786131485566875e-01 -5.844932527355540808e-01 4.411905202885416655e-01
315.500000 2.369775525548286623e+02 4.622783554739328338e+01 -7.726321341291823330e+01 4.011621890847551219e-02 6.809026518318961330e-01 -5.840634255884797899e-01 4.400365696151051775e-01
315.600000 2.370245140357224898e+02 4.637445160941226874e+01 -7.729555614782917417e+01 4.078015297577649440e-02 6.815858997883703640e-01 -5.837763337905393923e-01 4.392981134025348844e-01
315.700000 2.370552756947865873e+02 4.652687888454954646e+01 -7.731940506788205880e+01 4.147702300042403756e-02 6.822733497952198078e-01 -5.834351084901329143e-01 4.386185209305903387e-01
315.800000 2.370678303107702618e+02 4.666911823611436461e+01 -7.732741815453356082e+01 4.219108722705847137e-02 6.829947688768386316e-01 -5.830870715216583955e-01 4.378898547235012262e-01
315.900000 2.370862955706299147e+02 4.682523542949487450e+01 -7.733338376436866213e+01 4.285595235662277569e-02 6.837142664514023194e-01 -5.827437191458989529e-01 4.371589264723224066e-01
316.000000 2.370715495208824279e+02 4.699459246598465256e+01 -7.730984202377825909e+01 4.354563268414272936e-02 6.844136891466859884e-01 -5.823690528508465025e-01 4.364950930587525590e-01
316.100000 2.370949158322446237e+02 4.714889931436496795e+01 -7.732965462019515712e+01 4.421828206946809559e-02 6.851130014922119926e-01 -5.820193642832025560e-01 4.357962578046464808e-01
316.200000 2.371432431164317336e+02 4.729462727340500550e+01 -7.736405832966589458e+01 4.492157934703751992e-02 6.857687601861165438e-01 -5.817340905055197187e-01 4.350732205106173645e-01
316.300000 2.372008347229979677e+02 4.745839165606327015e+01 -7.743071487719959123e+01 4.552883342799611543e-02 6.864060099514167623e-01 -5.813916060537666075e-01 4.344625590767092760e-01
316.400000 2.372458311784547504e+02 4.760319272471681984e+01 -7.747274161717986374e+01 4.621467754987094306e-02 6.871021339646040671e-01 -5.810526618329222570e-01 4.337426255939393904e-01
316.500000 2.373183844911108054e+02 4.772372780069413523e+01 -7.754316204494604392e+01 4.683207461232198610e-02 6.877595283213844279e-01 -5.807396035627170328e-01 4.330532309595101492e-01
316.600000 2.373166762205026998e+02 4.788101625392499017e+01 -7.754405425212287639e+01 4.747950213928085750e-02 6.883822571894753217e-01 -5.804163151246080066e-01 4.324262549851717319e-01
316.700000 2.373556007239909036e+02 4.802760556424941285e+01 -7.758574551152739218e+01 4.813535823770721811e-02 6.890973575261412076e-01 -5.800504847406612319e-01 4.317050547421710793e-01
316.800000 2.374450855053895566e+02 4.813861638237055729e+01 -7.765215920768353897e+01 4.863936358148970851e-02 6.897069010270565625e-01 -5.797759172251367721e-01 4.310434882837149151e-01
316.900000 2.374749521475795859e+02 4.827683716114861312e+01 -7.767340578026930586e+01 4.929971143394513283e-02 6.904266329756808540e-01 -5.793519217076006367e-01 4.303858196364100386e-01
317.000000 2.375118535146204977e+02 4.842377897637940265e+01 -7.771569161404433146e+01 4.993860868041474776e-02 6.912020105992083829e-01 -5.789428425347818985e-01 4.296173890619683355e-01
317.100000 2.375762402742069241e+02 4.853933778451853698e+01 -7.776998861176737421e+01 5.061899805391868734e-02 6.919452029074171229e-01 -5.785688804834042687e-01 4.288444983273202449e-01
317.200000 2.376245240278022379e+02 4.868210265559153527e+01 -7.781504420141321532e+01 5.124452412937562790e-02 6.926580498071449599e-01 -5.781669531582692700e-01 4.281609499473302827e-01
317.300000 2.376701326719907001e+02 4.882740534233240481e+01 -7.785439741135890301e+01 5.191618736917592847e-02 6.933520767751075731e-01 -5.778033708736243224e-01 4.274469227024224605e-01
317.400000 2.377187700396202388e+02 4.895283405149133671e+01 -7.790287112165175643e+01 5.256120346882554861e-02 6.939869365857368466e-01 -5.775096766374342439e-01 4.267341386957214100e-01
317.500000 2.377831953792678519e+02 4.906108855189988560e+01 -7.797053600715202037e+01 5.311398634750835041e-02 6.946463469893726650e-01 -5.771697635066772580e-01 4.260521343242432146e-01
317.600000 2.378276871118318638e+02 4.918967740683324052e+01 -7.801448765407165808e+01 5.376916696059973882e-02 6.953786796283693006e-01 -5.767771392330656166e-01 4.253063604753512528e-01
317.700000 2.378957067540733306e+02 4.931633433207107231e+01 -7.807833054476046186e+01 5.437420505041920538e-02 6.960332975123670884e-01 -5.764419782118912483e-01 4.246124589956792872e-01
317.800000 2.379247371102929662e+02 4.946842278514841951e+01 -7.810616476854166024e+01 5.501038926608182306e-02 6.966998618895186013e-01 -5.760805095441827728e-01 4.239273593898307269e-01
317.900000 2.379715723445262938e+02 4.961623838368973338e+01 -7.813277179743556644e+01 5.578132942862563254e-02 6.974740044025272701e-01 -5.756764753356787834e-01 4.231017043394743604e-01
318.000000 2.379465821109847923e+02 4.976171569850845344e+01 -7.807833506714595728e+01 5.738947549542902649e-02 6.985849306511127121e-01 -5.751844199371318744e-01 4.217207913194755409e-01
318.100000 2.379153017155567227e+02 4.989756710588360988e+01 -7.800542404088876935e+01 5.885356011908985524e-02 6.996062295532379238e-01 -5.747207939457511516e-01 4.204561701746999391e-01
318.200000 2.379893637720724087e+02 5.002481900631637757e+01 -7.806086880431422514e+01 5.945432530656836329e-02 7.002817545396566867e-01 -5.743486097224553832e-01 4.197550737883743999e-01
318.300000 2.380191691843164961e+02 5.016409852177713447e+01 -7.807383569060024797e+01 6.013585365399629068e-02 7.009289690215236845e-01 -5.739944258945056665e-01 4.190616404942903994e-01
318.400000 2.380704202691701994e+02 5.028449314766432110e+01 -7.813157892336140264e+01 6.072459895631496241e-02 7.015328214459771727e-01 -5.736540530351450506e-01 4.184318952374359579e-01
318.500000 2.381458233564741818e+02 5.040010473128631219e+01 -7.820707797974020536e+01 6.129194085588113988e-02 7.021865547372441174e-01 -5.733081152185607321e-01 4.177261607284128431e-01
318.600000 2.381803185474799420e+02 5.055353838977193703e+01 -7.821145142638509640e+01 6.196896166156413283e-02 7.028491027049916795e-01 -5.729480795268858673e-01 4.170053774039719219e-01
318.700000 2.382345197249225350e+02 5.069176998957858871e+01 -7.826345471857514724e+01 6.252535460365923892e-02 7.035153557216796694e-01 -5.725491543065233113e-01 4.163462383622195673e-01
318.800000 2.382969750061138825e+02 5.082881469212897230e+01 -7.830895043312021642e+01 6.331424493652912378e-02 7.042427661777643788e-01 -5.721936022178992776e-01 4.154851552767105938e-01
318.900000 2.383471007617001760e+02 5.099198020107545659e+01 -7.832686002957906624e+01 6.392832003033220578e-02 7.048984911154344557e-01 -5.718475284525359470e-01 4.147549774553757063e-01
319.000000 2.384060074092495256e+02 5.113392121000735102e+01 -7.836051773982943303e+01 6.460751878280732163e-02 7.056058219084786476e-01 -5.714595978072485316e-01 4.139809424110815761e-01
319.100000 2.384496402267337771e+02 5.129868527013726265e+01 -7.838069551941754298e+01 6.523839050860158473e-02 7.062990178920581785e-01 -5.710518265152952910e-01 4.132619764291247666e-01
319.200000 2.384940525379028031e+02 5.143368383806056698e+01 -7.839678135491112698e+01 6.590280717871505045e-02 7.070162970499528354e-01 -5.706096311818692479e-01 4.125402095726294904e-01
319.300000 2.385542683408749269e+02 5.157422765531426023e+01 -7.843381619350273581e+01 6.648938946887432422e-02 7.076603676028400125e-01 -5.702308932387009088e-01 4.118648972763557237e-01
319.400000 2.385776541352173581e+02 5.172857618256630019e+01 -7.845333934805671561e+01 6.712388888563874945e-02 7.082702755949610296e-01 -5.698724179663314793e-01 4.112092259309280129e-01
319.500000 2.386709863720968485e+02 5.185819686052062139e+01 -7.851613250194500893e+01 6.781600955149709453e-02 7.089519225166216465e-01 -5.695402387245184217e-01 4.103804050903454015e-01
319.600000 2.387187032800669044e+02 5.203363484413632278e+01 -7.855506641543540525e+01 6.845636515954631185e-02 7.095784319546386554e-01 -5.691630636562713397e-01 4.097140245870850572e-01
319.700000 2.387605631677741940e+02 5.231646871585242309e+01 -7.854634632879853484e+01 6.911705310091914578e-02 7.102464977884525021e-01 -5.687514925080843220e-01 4.090164851441918659e-01
319.800000 2.387892140823277884e+02 5.245641374487871644e+01 -7.855323849301869643e+01 6.986131977012066674e-02 7.110106060768833780e-01 -5.682879705085784883e-01 4.082059487824756805e-01
319.900000 2.388128225761393537e+02 5.261157482111958927e+01 -7.854221710313039750e+01 7.051687113531975026e-02 7.117107545161709403e-01 -5.678674524268223500e-01 4.074576410690785022e-01
320.000000 2.388595137497129031e+02 5.274633429683719754e+01 -7.855293486236915612e+01 7.122060989700200462e-02 7.123469307969995112e-01 -5.674796666425512282e-01 4.067632024375518185e-01
320.100000 2.388654548697599012e+02 5.290288892246667984e+01 -7.853855175689523094e+01 7.194527218562048188e-02 7.130084294893817010e-01 -5.670683337119820644e-01 4.060497040860125417e-01
320.200000 2.388441737263285347e+02 5.303225347008925183e+01 -7.845158852112571424e+01 7.351658437171479377e-02 7.140485810022234592e-01 -5.665572653633225153e-01 4.046514560150021866e-01
320.300000 2.388815753136394733e+02 5.318502777737087683e+01 -7.844791500797860806e+01 7.420710114107791078e-02 7.147222772173199568e-01 -5.661443497235589817e-01 4.039132925091902804e-01
320.400000 2.389029264203341540e+02 5.335491320481857969e+01 -7.843608098001557494e+01 7.493270943905225301e-02 7.153759671108794738e-01 -5.657383046711357277e-01 4.031903835213901388e-01
320.500000 2.389680237055372913e+02 5.349208804109756699e+01 -7.847726454990835521e+01 7.558465401065177225e-02 7.160069268328296266e-01 -5.653750475729931724e-01 4.024575709156590353e-01
320.600000 2.390080834248379631e+02 5.364383179466086915e+01 -7.848824507284207641e+01 7.625641004971628334e-02 7.166698676461350503e-01 -5.649509812175514956e-01 4.017457523804410791e-01
320.700000 2.389787681725401285e+02 5.375263599822520177e+01 -7.840016638057582554e+01 7.781216151881144294e-02 7.175678957282607406e-01 -5.644521143826337628e-01 4.005438716406236055e-01
320.800000 2.390285654079852122e+02 5.390126897341605172e+01 -7.841357333456998902e+01 7.836145950383270609e-02 7.181777002589212477e-01 -5.640429401379134511e-01 3.999197847016508489e-01
320.900000 2.390775241624812963e+02 5.403428025926795186e+01 -7.843270921123709627e+01 7.898926878002898722e-02 7.187897994877059382e-01 -5.636200062666524291e-01 3.992923842324047068e-01
321.000000 2.391131007200472141e+02 5.418750993450604625e+01 -7.843666780135924910e+01 7.964209752503005613e-02 7.194318064032804161e-01 -5.631689329454233617e-01 3.986424026646436247e-01
321.100000 2.391345821545662886e+02 5.432881065344803062e+01 -7.843072719461204656e+01 8.028354062148744530e-02 7.200574308908104237e-01 -5.627553742379770574e-01 3.979676344760691986e-01
321.200000 2.391771746534076328e+02 5.444772666521571836e+01 -7.845564129662490416e+01 8.086612536943281471e-02 7.206955410955128150e-01 -5.622756541178102196e-01 3.973722380830975176e-01
321.300000 2.392094532464697068e+02 5.460164268283497790e+01 -7.845035910379228028e+01 8.151818767163342139e-02 7.213678557570780692e-01 -5.618252445929098338e-01 3.966555133831937141e-01
321.400000 2.392393571833830492e+02 5.475570150976371053e+01 -7.846189237553127782e+01 8.212474596320640252e-02 7.219756473605558611e-01 -5.614159930866522430e-01 3.960035017841545546e-01
321.500000 2.392709182114814723e+02 5.489521900259332909e+01 -7.846311848567118830e+01 8.281999753639525397e-02 7.225762511016445844e-01 -5.610255411254938540e-01 3.953160147993139417e-01
321.600000 2.393159077017889445e+02 5.504588854257067254e+01 -7.846747291687387360e+01 8.342147322325547953e-02 7.231455212829743795e-01 -5.606311790896629788e-01 3.947076055590660881e-01
321.700000 2.392385513731986464e+02 5.526511220858152029e+01 -7.825548289678667402e+01 8.490937625215794204e-02 7.240507434554085409e-01 -5.600781097913107853e-01 3.935142051549500031e-01
321.800000 2.392760284900991792e+02 5.541788696890381516e+01 -7.825618597402574039e+01 8.550199117373645519e-02 7.246150705578953133e-01 -5.596637745629543526e-01 3.929362142481260811e-01
321.900000 2.393093777642757232e+02 5.555659466896279497e+01 -7.826613689337386859e+01 8.608900312189292359e-02 7.251863593232291683e-01 -5.592283679514327144e-01 3.923736233124953676e-01
322.000000 2.393862876582759611e+02 5.585991608674818565e+01 -7.823354725511686070e+01 8.673477988252593918e-02 7.258067146495138511e-01 -5.587616229072308593e-01 3.917488221992333486e-01
322.100000 2.394100124463232078e+02 5.598617565179317523e+01 -7.822576456074075679e+01 8.737265665526056102e-02 7.263849731049633052e-01 -5.583121296930777522e-01 3.911757348735778184e-01
322.200000 2.394807787857196502e+02 5.627776221034478965e+01 -7.823914478168498476e+01 8.802967729290538113e-02 7.270567782343154706e-01 -5.578029329119617019e-01 3.905062165626279613e-01
322.300000 2.395014982811125606e+02 5.641908216130695308e+01 -7.823151173368242439e+01 8.861929839138835141e-02 7.276335380863402369e-01 -5.573599546542128413e-01 3.899306799322491690e-01
322.400000 2.395541497521396934e+02 5.655017870070021502e+01 -7.825384714163078570e+01 8.925632504653800703e-02 7.282815704814453728e-01 -5.569111822069368056e-01 3.892161323341293833e-01
322.500000 2.396071811079904705e+02 5.674245179363391856e+01 -7.827172226036182678e+01 8.986727139453701274e-02 7.288814765954049202e-01 -5.564581471949578972e-01 3.886000476435343964e-01
322.600000 2.396057373310162006e+02 5.689248156658589295e+01 -7.822435000640055591e+01 9.056455895715757876e-02 7.294450567113938133e-01 -5.560321343298951779e-01 3.879899940626672650e-01
322.700000 2.396369495312444542e+02 5.703182521438536412e+01 -7.821636035366248052e+01 9.128336855224825075e-02 7.301007397822179001e-01 -5.555734518253750975e-01 3.872446203913620932e-01
322.800000 2.396460706211077820e+02 5.718728901445834367e+01 -7.819416015914873697e+01 9.194488650065721358e-02 7.305953675594126784e-01 -5.551984827687818091e-01 3.866926317869924246e-01
322.900000 2.396286217631153193e+02 5.732004084642510833e+01 -7.814390274582819984e+01 9.263221615478411941e-02 7.311617480180354622e-01 -5.547252730055023395e-01 3.861368180508498726e-01
323.000000 2.396361165141186689e+02 5.745942030867816896e+01 -7.811271634783390994e+01 9.337578850793926133e-02 7.318007368711806349e-01 -5.542476739855995982e-01 3.854324318435983776e-01
323.100000 2.396219164511525150e+02 5.758655906732729335e+01 -7.804879364935413832e+01 9.413302844224161192e-02 7.323897603285178803e-01 -5.537582344465303841e-01 3.848324696603571127e-01
323.200000 2.396574985729210994e+02 5.772475477867898519e+01 -7.803929575184105261e+01 9.469831920236503053e-02 7.329521153030620351e-01 -5.533291490757756836e-01 3.842398701281425355e-01
323.300000 2.396919824996550688e+02 5.786341197782615353e+01 -7.803273555923135518e+01 9.528686045700349161e-02 7.335392180173868626e-01 -5.528536243798860550e-01 3.836580506971175586e-01
323.400000 2.397280457207218092e+02 5.815280756999707990e+01 -7.796074895943512217e+01 9.588876489372742673e-02 7.340792213841386138e-01 -5.523903315753897481e-01 3.831422230467990131e-01
323.500000 2.397758686009541407e+02 5.830260555347391005e+01 -7.796579365126078187e+01 9.643613148210662678e-02 7.346524148813921018e-01 -5.519279380551611602e-01 3.825721540414079302e-01
323.600000 2.397825638605794154e+02 5.843378150141802507e+01 -7.790927721689281782e+01 9.712497072948222954e-02 7.353172129239713417e-01 -5.514215888865080517e-01 3.818501901903401108e-01
323.700000 2.397390550194592720e+02 5.853418880700800031e+01 -7.779625806029683588e+01 9.846677955615293354e-02 7.360020415525906357e-01 -5.509348906546411850e-01 3.808884802847377071e-01
323.800000 2.397532221149176053e+02 5.866820407598811471e+01 -7.774835449958635536e+01 9.914402960621626626e-02 7.366393546879325127e-01 -5.504283430810642530e-01 3.802125216920431150e-01
323.900000 2.397232172618672621e+02 5.880601677322834320e+01 -7.767863038243908136e+01 9.977158324052413929e-02 7.371300829787174047e-01 -5.499933482696232057e-01 3.797264657679755295e-01
324.000000 2.396841740991808365e+02 5.895190207161066809e+01 -7.757017462909324479e+01 1.005038480472115608e-01 7.376808729469926940e-01 -5.494474106323168350e-01 3.792538057360903547e-01
324.100000 2.396629385592957817e+02 5.907738745878624798e+01 -7.750490059391357534e+01 1.011849192723842106e-01 7.382545735886307803e-01 -5.489415007123245038e-01 3.786885600107443572e-01
324.200000 2.396707190065597217e+02 5.921049323795629959e+01 -7.745309760384148490e+01 1.018400394731833192e-01 7.387770805277626973e-01 -5.484743769765785260e-01 3.781704502564022796e-01
324.300000 2.396792255540819383e+02 5.936214009015056803e+01 -7.741213676440982283e+01 1.024532180431442091e-01 7.393471429825004826e-01 -5.479385097939978300e-01 3.776672209246531575e-01
324.400000 2.397274296479859572e+02 5.951160310051567137e+01 -7.740299617363157836e+01 1.029546916840445997e-01 7.398857399760091491e-01 -5.474869284375049050e-01 3.771305959882639836e-01
324.500000 2.396936319955572969e+02 5.963530284034275297e+01 -7.731187530218656434e+01 1.035502192626354678e-01 7.403974957467417406e-01 -5.469955305735927364e-01 3.766759746985824386e-01
324.600000 2.396966341004036849e+02 5.992972954598344160e+01 -7.725244726154154762e+01 1.041090466467749498e-01 7.409426824992144667e-01 -5.464623964799025790e-01 3.762234666931471017e-01
324.700000 2.396442691663113465e+02 6.001290165571346336e+01 -7.712958181849410266e+01 1.056235686802135670e-01 7.416831041616299691e-01 -5.458867429589360221e-01 3.751766232084688957e-01
324.800000 2.396365729925014989e+02 6.016276277168253728e+01 -7.708238938267720641e+01 1.061451742575643536e-01 7.421602544329393147e-01 -5.454094439633365710e-01 3.747797982248644577e-01
324.900000 2.395572659847812531e+02 6.036498379868483255e+01 -7.687496669328388066e+01 1.068884564041987506e-01 7.427308324990907762e-01 -5.449024335672372210e-01 3.741752346631692649e-01
325.000000 2.395185138177630506e+02 6.051029648301778963e+01 -7.676564774279579240e+01 1.076855929354336300e-01 7.433248746902837434e-01 -5.443699743560287407e-01 3.735415301682460942e-01
325.100000 2.394871885422998901e+02 6.061656338989081405e+01 -7.667520006657339593e+01 1.084522367540798476e-01 7.438831373255557766e-01 -5.438204547735069339e-01 3.730084493891006603e-01
325.200000 2.394544781886680482e+02 6.072619827331293152e+01 -7.658935014999383384e+01 1.091859500654039361e-01 7.444639471726104407e-01 -5.432603679741209168e-01 3.724513824073077406e-01
325.300000 2.394766517058322108e+02 6.087693855891441785e+01 -7.655002252074038438e+01 1.098307743341484372e-01 7.450244677649174863e-01 -5.427674916082273482e-01 3.718591043581906397e-01
325.400000 2.394532676260039921e+02 6.101041575444217813e+01 -7.644473838545279420e+01 1.105043238343247081e-01 7.455999119978844458e-01 -5.422219707487881957e-01 3.713016295142886891e-01
325.500000 2.395007369538498665e+02 6.116037570629310238e+01 -7.644577135625044662e+01 1.109828915200253008e-01 7.460586010142302715e-01 -5.417938117343111815e-01 3.708622752572034997e-01
325.600000 2.394512599621963886e+02 6.122947623385622506e+01 -7.631337356775254932e+01 1.124442077678965562e-01 7.467849665230268386e-01 -5.411396189849745353e-01 3.699140801313847704e-01
325.700000 2.394609943727853647e+02 6.136902149875633938e+01 -7.628352449347785580e+01 1.130261189358332669e-01 7.473106190386527015e-01 -5.406588593897784234e-01 3.693777644549172123e-01
325.800000 2.394287303498266510e+02 6.148938557595848664e+01 -7.618748308847656858e+01 1.137016840125743278e-01 7.478227714280294425e-01 -5.401647078342434183e-01 3.688565005483198656e-01
325.900000 2.393764435019230916e+02 6.156427947444880999e+01 -7.605937465325959579e+01 1.152055500324155463e-01 7.484664331733195120e-01 -5.395719195819478342e-01 3.679508435283027623e-01
326.000000 2.393596306654669377e+02 6.167637035043523497e+01 -7.597213616446184403e+01 1.158206030188386332e-01 7.490062712562347569e-01 -5.390726785393110676e-01 3.673905834226520173e-01
326.100000 2.393989006230227403e+02 6.152330885739132782e+01 -7.603908357231509285e+01 1.057674024559968340e-01 7.433756678829998021e-01 -5.423540920787949249e-01 3.769057067524998472e-01
326.200000 2.393479712039500100e+02 6.168487568444815849e+01 -7.601160155563073317e+01 1.051668380847633616e-01 7.442331259654817455e-01 -5.417460677288368220e-01 3.762554829942588719e-01
326.300000 2.393020915349760003e+02 6.184809728341573987e+01 -7.598499918946004072e+01 1.046451683837282542e-01 7.449830271322177566e-01 -5.411941051836760552e-01 3.757108176953367629e-01
326.400000 2.392656792865226123e+02 6.198517539915225427e+01 -7.596662358989667041e+01 1.039936860627777571e-01 7.458162574340985174e-01 -5.406512051983826117e-01 3.750195964527817116e-01
326.500000 2.392192638894003380e+02 6.213338037318322193e+01 -7.594133878721663677e+01 1.032660426062340930e-01 7.464994129582909199e-01 -5.400861490635268103e-01 3.746754628836860834e-01
326.600000 2.391795582663662003e+02 6.226870296251782122e+01 -7.591741404336789856e+01 1.027597890966759908e-01 7.472693629572851881e-01 -5.394768144473036653e-01 3.741573086336940634e-01
326.700000 2.391197981737960845e+02 6.242686927522625240e+01 -7.588794618307339590e+01 1.020222724942716624e-01 7.474371962510144574e-01 -5.392492157109927131e-01 3.743519426029552899e-01
326.800000 2.390793465136056284e+02 6.257741042469424997e+01 -7.586688109427080917e+01 1.015030424228380024e-01 7.480825286001349106e-01 -5.387137221319662217e-01 3.739748499148822236e-01
326.900000 2.390302793434730120e+02 6.270959165603311192e+01 -7.584290081067761946e+01 1.009221655229926295e-01 7.484182967701383804e-01 -5.383686549689472578e-01 3.739571645426268964e-01
327.000000 2.389664629943466423e+02 6.286548764387502786e+01 -7.580999122378612753e+01 9.968618320651975728e-02 7.482156041920750011e-01 -5.384172257346109269e-01 3.746237653345678154e-01
327.100000 2.388875683936615246e+02 6.315126775899658895e+01 -7.576181450530056338e+01 9.913909180701081791e-02 7.488541525652043784e-01 -5.379611188510743380e-01 3.741480098383938580e-01
327.200000 2.388167589288618160e+02 6.330416862068526740e+01 -7.572917318864951142e+01 9.760360613180965594e-02 7.485313022436594910e-01 -5.380600021864353488e-01 3.750544756146914627e-01
327.300000 2.387111221336440963e+02 6.363860004451525754e+01 -7.565949911724102606e+01 9.724310104892908146e-02 7.491421376603124571e-01 -5.375193749685327482e-01 3.747035607164188042e-01
327.400000 2.386653965725897422e+02 6.380127122747932589e+01 -7.562954972600948622e+01 9.703457860265247981e-02 7.497716553807863837e-01 -5.368798388287907564e-01 3.744152694564324424e-01
327.500000 2.386219564627352270e+02 6.395077840489288690e+01 -7.560696258556434657e+01 9.662282051463970400e-02 7.504682054392581847e-01 -5.361829405583357078e-01 3.741247885863633882e-01
327.600000 2.385770077965058533e+02 6.409775069093743127e+01 -7.557339250040141110e+01 9.654967327303821956e-02 7.511743276512324874e-01 -5.353990192392602543e-01 3.738491410532150394e-01
327.700000 2.385193348454801026e+02 6.425600278077844507e+01 -7.554031934500896739e+01 9.622773378735047234e-02 7.517613585308786650e-01 -5.345817400062841118e-01 3.739217114875947878e-01
327.800000 2.384336004915819842e+02 6.453800682545275436e+01 -7.548234121616413006e+01 9.599386369917420336e-02 7.524868358192517981e-01 -5.337252920081234642e-01 3.737459735190175047e-01
327.900000 2.383779713133971256e+02 6.472681879571007357e+01 -7.544574234125724388e+01 9.569789606804782189e-02 7.533279136849335700e-01 -5.327219752966151356e-01 3.735589166213640344e-01
328.000000 2.383434528858009571e+02 6.486277901404480417e+01 -7.541796321093481481e+01 9.562228312556972365e-02 7.541590987018923498e-01 -5.317637673250948938e-01 3.732662971327911916e-01
328.100000 2.382991251509856738e+02 6.499603538301245464e+01 -7.539087808768181276e+01 9.530580486741255242e-02 7.548820903566403340e-01 -5.307516112900201311e-01 3.733263456152151050e-01
328.200000 2.382577751085503905e+02 6.513008325052560110e+01 -7.536294592081743815e+01 9.503219064355009071e-02 7.557493609368727272e-01 -5.297313094878712825e-01 3.730905063563821900e-01
328.300000 2.382164880430993321e+02 6.526493909974331586e+01 -7.533917431846282398e+01 9.458408417737627916e-02 7.565440958019753470e-01 -5.287044477205190551e-01 3.730502500844080083e-01
328.400000 2.381867179366770984e+02 6.538894356958944343e+01 -7.532162143454060299e+01 9.429204387395942466e-02 7.573397150666011379e-01 -5.276882147749507590e-01 3.729486753328613013e-01
328.500000 2.381472168524063306e+02 6.553881440346924592e+01 -7.529461108117222068e+01 9.408823919358612342e-02 7.582024442184789326e-01 -5.266731934328604536e-01 3.726819074570265067e-01
328.600000 2.381075887166327334e+02 6.568862858161475060e+01 -7.526743797925945501e+01 9.373995626652660562e-02 7.590558948147292373e-01 -5.256829131770811570e-01 3.724304551722611989e-01
328.700000 2.380672611286928486e+02 6.582396642286040844e+01 -7.524466889523728241e+01 9.340105347604397978e-02 7.599338581543010340e-01 -5.245862450303615532e-01 3.722714681052381458e-01
328.800000 2.380341744490811777e+02 6.597671915164457346e+01 -7.522638941915934652e+01 9.331966168051174237e-02 7.606511738263774802e-01 -5.237031213921596873e-01 3.720702529691101157e-01
328.900000 2.380098175214978369e+02 6.611675386074844596e+01 -7.521062049537988514e+01 9.347457007142773167e-02 7.613398998228049219e-01 -5.228474835992752423e-01 3.718259950321769480e-01
329.000000 2.379576893216416806e+02 6.624720472845773145e+01 -7.518382963397297658e+01 9.262897737096434381e-02 7.620368969854891539e-01 -5.216340852832588304e-01 3.723137403516479371e-01
329.100000 2.379242993333579932e+02 6.638557252898149841e+01 -7.516997356453336465e+01 9.274084019634680487e-02 7.623294376033680209e-01 -5.212094859088353127e-01 3.722816634238864664e-01
329.200000 2.378768091425468469e+02 6.651828884075658266e+01 -7.514580741258613727e+01 9.282723637045822707e-02 7.625837148119158915e-01 -5.206355862675653423e-01 3.725423041794181933e-01
329.300000 2.378407820879659198e+02 6.667071691747575812e+01 -7.513113498879387464e+01 9.274743100082369351e-02 7.627771541920115306e-01 -5.203359135493517140e-01 3.725848415545718884e-01
329.400000 2.378024171174302523e+02 6.680779679428840723e+01 -7.511739171523113612e+01 9.275835407909564789e-02 7.626065929441363522e-01 -5.204050695876748511e-01 3.728345956240122216e-01
329.500000 2.377536762105339960e+02 6.707437998753437114e+01 -7.509677812296828847e+01 9.296711867108249649e-02 7.625383999669412827e-01 -5.205185885406634627e-01 3.727636012347361194e-01
329.600000 2.377113688068488102e+02 6.722453399746868286e+01 -7.507623254218982822e+01 9.316765107144388269e-02 7.624711801838296443e-01 -5.205415845593511781e-01 3.728189197550837997e-01
329.700000 2.376831947000553100e+02 6.736407167295701015e+01 -7.506221954091741111e+01 9.354534731483513110e-02 7.623340741139105203e-01 -5.206925605382097810e-01 3.727938905625953758e-01
329.800000 2.376402839335906378e+02 6.749842795329669798e+01 -7.503835016091650800e+01 9.359166894243860224e-02 7.621685530049739921e-01 -5.206945200589897516e-01 3.731178273620964769e-01
329.900000 2.375899767746822704e+02 6.764467862799099862e+01 -7.500939847893235424e+01 9.369407002762394909e-02 7.619039308886589312e-01 -5.207159591198962101e-01 3.736023437505643918e-01
330.000000 2.374906578640433565e+02 6.792372153327110595e+01 -7.495988153961344835e+01 9.400150145384691958e-02 7.615832567813751730e-01 -5.208614902430780402e-01 3.739758932022978488e-01
330.100000 2.374420470058726664e+02 6.806938201305071345e+01 -7.492574157543731417e+01 9.422983129696194116e-02 7.614218446146324704e-01 -5.206759042877453503e-01 3.745051616887746793e-01
330.200000 2.373817172244222604e+02 6.821100193255185218e+01 -7.489322896471125546e+01 9.445579513909362068e-02 7.609159260807337732e-01 -5.207298834160014600e-01 3.754003792205042322e-01
330.300000 2.373266865242224242e+02 6.833999503074008430e+01 -7.486508890297267271e+01 9.481210524887992430e-02 7.605023903684364761e-01 -5.207486139299410954e-01 3.761218685907730674e-01
330.400000 2.372591937060273324e+02 6.847711022409492898e+01 -7.482772433724562688e+01 9.547019597663256030e-02 7.599513465535205903e-01 -5.208788913220219197e-01 3.768880113864268022e-01
330.500000 2.372352573744474853e+02 6.862303838668350409e+01 -7.477400827196599664e+01 9.588139909569878827e-02 7.601596206387046806e-01 -5.207044427729439207e-01 3.766045561784797657e-01
330.600000 2.371623852915041653e+02 6.875661059368992767e+01 -7.473399610360375789e+01 9.656026310329034190e-02 7.595704752909466784e-01 -5.207849933806399934e-01 3.775073500280963779e-01
330.700000 2.370949532196921439e+02 6.887764507353367094e+01 -7.469848078158167937e+01 9.706560340603244408e-02 7.589310325550142622e-01 -5.209336231453091104e-01 3.784575494518556682e-01
330.800000 2.370196879861393313e+02 6.901065417772107935e+01 -7.466110281960236250e+01 9.757531555541842927e-02 7.583496557148492467e-01 -5.209427973282871882e-01 3.794778773304302022e-01
330.900000 2.369550801506364905e+02 6.915018876788666091e+01 -7.462778982926008098e+01 9.792448535371968410e-02 7.576531694641116532e-01 -5.213158549087747451e-01 3.802660245011755813e-01
331.000000 2.368870162218694588e+02 6.927186924092626441e+01 -7.459589719043529499e+01 9.862788597859323270e-02 7.569890407818138378e-01 -5.215456321619883484e-01 3.810909154209464744e-01
331.100000 2.368202655185035610e+02 6.941043533999520321e+01 -7.456275203183324152e+01 9.860104700215668871e-02 7.564816756114461915e-01 -5.216939506709641350e-01 3.819014661237878361e-01
331.200000 2.367507883959091259e+02 6.953122769163388739e+01 -7.453036531007664678e+01 9.912955868473952159e-02 7.558518902552417984e-01 -5.217813542664119231e-01 3.828909360803097739e-01
331.300000 2.366798727774544489e+02 6.965133201036871924e+01 -7.449855674461163346e+01 9.985394097112322565e-02 7.551748828122316626e-01 -5.220024609514369862e-01 3.837362604741843541e-01
331.400000 2.366126462714138370e+02 6.977427837806516209e+01 -7.446976513615035742e+01 1.004586582338310025e-01 7.544948483085075486e-01 -5.222461293141298366e-01 3.845836219578124271e-01
331.500000 2.365525205924236616e+02 6.989992547606290429e+01 -7.443733200758084934e+01 1.002533458974921576e-01 7.541250480413387303e-01 -5.222633420943653126e-01 3.853383968117248815e-01
331.600000 2.364864013617074079e+02 7.005458039888767985e+01 -7.440324570471780419e+01 9.977959415804113497e-02 7.537252115357512272e-01 -5.224667021317145332e-01 3.859674639767631255e-01
331.700000 2.364174002967210697e+02 7.017652319854815346e+01 -7.437458025352289326e+01 1.002581206475785941e-01 7.530832573882363379e-01 -5.226598539468225724e-01 3.868340648883251687e-01
331.800000 2.363765573261664485e+02 7.029452439575588585e+01 -7.434335926782921433e+01 1.006089788507122662e-01 7.526371168844929738e-01 -5.230261757844224535e-01 3.871160331305556479e-01
331.900000 2.363158560079739914e+02 7.043654088048157291e+01 -7.431343809729111172e+01 1.002593728026196368e-01 7.521735822294582929e-01 -5.233029808689522167e-01 3.877330919266483433e-01
332.000000 2.362418146078543657e+02 7.055427102026776254e+01 -7.428012918743860382e+01 1.009252559969285173e-01 7.514676159821567225e-01 -5.234685034981370055e-01 3.887045673483513486e-01
332.100000 2.361640309304219727e+02 7.066876147427005606e+01 -7.424411351667613701e+01 1.019073469705144286e-01 7.508193383783582364e-01 -5.236410965931878048e-01 3.894678622289637904e-01
332.200000 2.360936820123091593e+02 7.078987180180499195e+01 -7.421519600643749470e+01 1.026874255305997574e-01 7.500766923682307130e-01 -5.238216688665091603e-01 3.904498782555030911e-01
332.300000 2.360110519813978840e+02 7.090141261702471809e+01 -7.418078921938605674e+01 1.035480672736268509e-01 7.492525890275991696e-01 -5.240135021363521162e-01 3.915459170750362761e-01
332.400000 2.359222190753259270e+02 7.100577820868983281e+01 -7.413994142627868200e+01 1.047764010373563176e-01 7.485151433965832046e-01 -5.242548039549144168e-01 3.923058582558330287e-01
332.500000 2.357523595680583526e+02 7.124308267971017017e+01 -7.406897035647459404e+01 1.054456865615585742e-01 7.477687961246316517e-01 -5.243242568873627274e-01 3.934553448199624159e-01
332.600000 2.356746460976368382e+02 7.137591054054151130e+01 -7.403616866922426709e+01 1.063305862516954053e-01 7.470996199504698065e-01 -5.246385797689190333e-01 3.940689342174616416e-01
332.700000 2.356053277009554279e+02 7.148160878132597418e+01 -7.401172755402038206e+01 1.068890978614196741e-01 7.461826168605442122e-01 -5.248739465669836068e-01 3.953398073413824099e-01
332.800000 2.355172444424895559e+02 7.158755465988372180e+01 -7.397324695171175790e+01 1.080650384299283867e-01 7.454854072730497938e-01 -5.249788829929995515e-01 3.961951885415770369e-01
332.900000 2.352577430129133518e+02 7.190711479510918025e+01 -7.385198723732864323e+01 1.091677020684161253e-01 7.448071864645676721e-01 -5.250616455248789949e-01 3.970578499596029709e-01
333.000000 2.351875279427868008e+02 7.201170176145322444e+01 -7.382545303775246737e+01 1.099510823653383762e-01 7.440838501771865898e-01 -5.253007312009119190e-01 3.978807926904387449e-01
333.100000 2.351068149826809872e+02 7.214290801152642985e+01 -7.379333386332652367e+01 1.106421449487321323e-01 7.434024064483386596e-01 -5.253272092020723205e-01 3.989266863972940613e-01
333.200000 2.350183880573684689e+02 7.224963000386665612e+01 -7.375791132264473049e+01 1.117000127960502270e-01 7.427329571701184463e-01 -5.253164955236295786e-01 3.998917866191621928e-01
333.300000 2.349219491652265788e+02 7.236627758716333858e+01 -7.371495170441325229e+01 1.127962340571956740e-01 7.420861359437606053e-01 -5.251545489182782855e-01 4.009961049349635709e-01
333.400000 2.348436527400482703e+02 7.248137395948842254e+01 -7.368217224402869192e+01 1.138838237624921063e-01 7.414148121110313294e-01 -5.252753731943986537e-01 4.017714939901573801e-01
333.500000 2.347541415403018448e+02 7.260536480368145362e+01 -7.364525911416068027e+01 1.148478447465787061e-01 7.406982461569696641e-01 -5.253201302523416993e-01 4.027590364581751792e-01
333.600000 2.346718996747998460e+02 7.271858828429347454e+01 -7.361564874478655440e+01 1.157328793608799061e-01 7.400226175471441570e-01 -5.253570206397987219e-01 4.036984357388412326e-01
333.700000 2.345769154552252758e+02 7.283647466052623543e+01 -7.357280211910561718e+01 1.168176931477046682e-01 7.393480277983710547e-01 -5.254293521369159947e-01 4.045270278625258675e-01
333.800000 2.345039913746433342e+02 7.295549239804263664e+01 -7.354156730991579138e+01 1.178986536242777328e-01 7.388016542691576705e-01 -5.254240376251758660e-01 4.052179707372273176e-01
333.900000 2.344041281595614805e+02 7.307159142041722077e+01 -7.350544503594856849e+01 1.190922774308234289e-01 7.380719151883421425e-01 -5.255107779105665511e-01 4.060853355717042867e-01
334.000000 2.343213974986981043e+02 7.318359234825953763e+01 -7.347271586451273606e+01 1.201928010789754392e-01 7.374554050883044276e-01 -5.254090780622761025e-01 4.070116911890663269e-01
334.100000 2.342361296266439012e+02 7.329282716947255949e+01 -7.343719379591759377e+01 1.213282940305746155e-01 7.367915310517120231e-01 -5.253683768556745015e-01 4.079286131642874125e-01
334.200000 2.341616005631043151e+02 7.339378200277585051e+01 -7.340845849182944960e+01 1.225781305088963075e-01 7.360640118315656677e-01 -5.254243005731666916e-01 4.087953972032505323e-01
334.300000 2.340757174832379519e+02 7.350414865768738082e+01 -7.337848767726079302e+01 1.236386748847791428e-01 7.353052946343241469e-01 -5.255638180760765499e-01 4.096611708287256626e-01
334.400000 2.339732961411946519e+02 7.361839102163260407e+01 -7.334368229129790961e+01 1.250312352803726323e-01 7.343657219375098189e-01 -5.258091416127073092e-01 4.106079921822908263e-01
334.500000 2.338823494955585431e+02 7.374183003207930653e+01 -7.330844693346054441e+01 1.262919412713635059e-01 7.335720778280778731e-01 -5.260829850882635661e-01 4.112894905070255680e-01
334.600000 2.338139568857835400e+02 7.384780255047522246e+01 -7.328262380486573591e+01 1.274913284501139332e-01 7.329053758405654762e-01 -5.261239941530909681e-01 4.120548677183938913e-01
334.700000 2.336497340196901291e+02 7.409312725938697497e+01 -7.322701667468435005e+01 1.285925577077738913e-01 7.320793222165050684e-01 -5.261260103609277650e-01 4.131770096543225801e-01
334.800000 2.335674693540757687e+02 7.420652440613736189e+01 -7.319827054747462114e+01 1.298859952763764258e-01 7.312519337868135239e-01 -5.262112655719518584e-01 4.141279289655257489e-01
334.900000 2.334919967318542149e+02 7.430789049690463344e+01 -7.317381000807525027e+01 1.309810652554744270e-01 7.304040494633500247e-01 -5.264329940203423819e-01 4.149966118884098054e-01
335.000000 2.333163270388911883e+02 7.452426124196733781e+01 -7.310925889478252770e+01 1.325323254461265587e-01 7.295015672889400005e-01 -5.266530098012236483e-01 4.158115598466863849e-01
335.100000 2.332549855829855687e+02 7.465267027946936196e+01 -7.309475099634376249e+01 1.321518242607144789e-01 7.286688206119775746e-01 -5.270624341249640077e-01 4.168726852970613961e-01
335.200000 2.332102164948707355e+02 7.477257012051379093e+01 -7.308097478924290158e+01 1.313719362083423936e-01 7.281196019208698855e-01 -5.273823094273762946e-01 4.176735081119128945e-01
335.300000 2.331260773092533043e+02 7.488498154045333877e+01 -7.305373418186680112e+01 1.325661617096629274e-01 7.272698479683106232e-01 -5.275889327350552493e-01 4.185148731660600085e-01
335.400000 2.330337624059280870e+02 7.498874141174673014e+01 -7.301954804937545873e+01 1.340672820080786309e-01 7.264182196673956149e-01 -5.277497335414059743e-01 4.193122378099554681e-01
335.500000 2.329573627920284196e+02 7.508853088341811599e+01 -7.299167488982594421e+01 1.353228526855068947e-01 7.256068076529150757e-01 -5.279241173659292574e-01 4.200935759235155387e-01
335.600000 2.329022458502483914e+02 7.523568726719369693e+01 -7.298359559323623103e+01 1.341974511726464481e-01 7.249069391971990628e-01 -5.286042155264963904e-01 4.208070305141430878e-01
335.700000 2.328200877770183865e+02 7.535063021763022562e+01 -7.296121029537285096e+01 1.352551219126730542e-01 7.241972387642131581e-01 -5.286011154630400055e-01 4.216933389252278674e-01
335.800000 2.327340750561003233e+02 7.546137422021027419e+01 -7.293308368182590584e+01 1.364986127052494891e-01 7.234913364752217912e-01 -5.286382597948339201e-01 4.224571043975107187e-01
335.900000 2.326378347989694078e+02 7.556182031172143354e+01 -7.289985484109040215e+01 1.379472627143408514e-01 7.226499255753922046e-01 -5.286847791059905433e-01 4.233675024339383364e-01
336.000000 2.325914737354988517e+02 7.568150203911750395e+01 -7.288977087451611681e+01 1.371485473423874613e-01 7.220572413081057794e-01 -5.290063145080822204e-01 4.242357074162627084e-01
336.100000 2.325131336453747508e+02 7.579760545243998138e+01 -7.286065518776398164e+01 1.382618604229405579e-01 7.214808168559559975e-01 -5.288082576060192386e-01 4.251010650997427698e-01
336.200000 2.324281339898051613e+02 7.590809156839873140e+01 -7.282865425978042140e+01 1.395643919383246501e-01 7.207550618076300486e-01 -5.287871144685077907e-01 4.259320473428059861e-01
336.300000 2.322691264995099800e+02 7.614156953098252245e+01 -7.278352658077047010e+01 1.409121917769677879e-01 7.199743079108769095e-01 -5.289669732172148642e-01 4.265849169887316328e-01
336.400000 2.321828451942471077e+02 7.625136079906619102e+01 -7.275252175693746892e+01 1.423173944276246161e-01 7.193147960481653946e-01 -5.288049068688431831e-01 4.274311101229673060e-01
336.500000 2.320959390948076191e+02 7.636058550569092063e+01 -7.272126190711021820e+01 1.439092526488419677e-01 7.186143340084446551e-01 -5.288266668480313681e-01 4.280489719530376491e-01
336.600000 2.320198772794214506e+02 7.647923732968669697e+01 -7.269684571481136004e+01 1.448210101380037196e-01 7.180854947316400727e-01 -5.285189125522441467e-01 4.290079910132411634e-01
336.700000 2.319316066069864064e+02 7.658891013123414382e+01 -7.267158004862325527e+01 1.460229094290694529e-01 7.173598499153909236e-01 -5.284127568786792795e-01 4.299443150212726161e-01
336.800000 2.318548627640901429e+02 7.668949451453502775e+01 -7.264788206991654818e+01 1.473403445708001691e-01 7.166784020344451056e-01 -5.283444923981224228e-01 4.307145090099502305e-01
336.900000 2.317581769953841047e+02 7.680812013993607934e+01 -7.261128553004411401e+01 1.488870449642471505e-01 7.160238625373904764e-01 -5.283465662454761569e-01 4.312683411235573305e-01
337.000000 2.316772811550992515e+02 7.692399525847282860e+01 -7.258908547214650753e+01 1.500162917512978811e-01 7.153974974217370830e-01 -5.282445582388661798e-01 4.320407614831386911e-01
337.100000 2.315907788031222196e+02 7.703512638248112410e+01 -7.256416774031281136e+01 1.513790083464082448e-01 7.145874051402397731e-01 -5.283946471243317067e-01 4.327220044524542897e-01
337.200000 2.315189291132587073e+02 7.714075574545847758e+01 -7.254844059949961377e+01 1.523485367791054534e-01 7.139472971163727255e-01 -5.282594869695599327e-01 4.336024616029625078e-01
337.300000 2.314298904855177170e+02 7.725005984118556057e+01 -7.252423466015342512e+01 1.536430288185535453e-01 7.131951682167665396e-01 -5.283161171443904180e-01 4.343138865995353481e-01
337.400000 2.313469365666335307e+02 7.736378467947662330e+01 -7.249875057774568177e+01 1.548365864737704933e-01 7.125374478167277870e-01 -5.283931222741651279e-01 4.348755284921576592e-01
337.500000 2.312864278349921108e+02 7.747631750378113225e+01 -7.248308730514018805e+01 1.557857371794055534e-01 7.118701310821157202e-01 -5.286568012966684771e-01 4.353087490590735742e-01
337.600000 2.311954042145222274e+02 7.760281718043293608e+01 -7.246151989394711279e+01 1.570088689460505949e-01 7.111172929153199984e-01 -5.287452801257567225e-01 4.359917883788686499e-01
337.700000 2.311028870953081480e+02 7.772801150056376684e+01 -7.243864486330984676e+01 1.581758317286814930e-01 7.103800365685331020e-01 -5.288141904529507498e-01 4.366877166550710565e-01
337.800000 2.310308732424485072e+02 7.785031498224603297e+01 -7.242091493961301296e+01 1.591648150509474835e-01 7.097706677666986153e-01 -5.287430333846948605e-01 4.374048073295078165e-01
337.900000 2.309777255041606736e+02 7.798197580113991023e+01 -7.240355070947316563e+01 1.603437834434681963e-01 7.089908355457846811e-01 -5.291231977935819675e-01 4.377790627472015195e-01
338.000000 2.309270244892220489e+02 7.811546273323645551e+01 -7.239520053830909774e+01 1.589535611522485403e-01 7.084894164273718431e-01 -5.298930785468800586e-01 4.381664495548813765e-01
338.100000 2.308688593612301361e+02 7.824535011410458196e+01 -7.238088695022503316e+01 1.601498422242679798e-01 7.077541425215677640e-01 -5.301813587389122562e-01 4.385702094589457034e-01
338.200000 2.307772317107982474e+02 7.837107936295373634e+01 -7.235746566839610239e+01 1.612626833192368214e-01 7.069696101814868516e-01 -5.303451635841101020e-01 4.392292393630684577e-01
338.300000 2.307225151923387614e+02 7.850307962231940451e+01 -7.235086795523940850e+01 1.607881882936372242e-01 7.062374087698342073e-01 -5.309354725150985388e-01 4.398674857096043778e-01
338.400000 2.306665155693816018e+02 7.863454520050433416e+01 -7.234417737461050990e+01 1.600721988279969477e-01 7.055375718853880151e-01 -5.315439764673272061e-01 4.405163185419384009e-01
338.500000 2.305902047173862002e+02 7.875420185947153584e+01 -7.232643394951317362e+01 1.612314058601835853e-01 7.047784900909095374e-01 -5.316789484419236489e-01 4.411453382426440140e-01
338.600000 2.305428353783271973e+02 7.888861717838912568e+01 -7.231451871586769187e+01 1.621250414005220575e-01 7.040800854845243872e-01 -5.319831767909735110e-01 4.415660808829948714e-01
338.700000 2.304795900335622889e+02 7.903258877084849132e+01 -7.230897903694138051e+01 1.615236990515613313e-01 7.032596499123832112e-01 -5.326275102160620278e-01 4.423165097651808875e-01
338.800000 2.304350346974489412e+02 7.915298122833895889e+01 -7.229911884075923467e+01 1.625090168274500868e-01 7.024619202406394702e-01 -5.330483650763547798e-01 4.427160608686275811e-01
338.900000 2.303666512407996265e+02 7.929291356507602018e+01 -7.227660921894265300e+01 1.636783712939416380e-01 7.017357135186917949e-01 -5.333533136718445755e-01 4.430695452615064922e-01
339.000000 2.302652510295264960e+02 7.957513841366530016e+01 -7.225848070683923652e+01 1.646526901051264535e-01 7.009641470695739951e-01 -5.337020221293190536e-01 4.435097605907291074e-01
339.100000 2.301928301959977716e+02 7.969826205224654814e+01 -7.225169148446654788e+01 1.655791695962523791e-01 7.002495916752372596e-01 -5.338933185423130334e-01 4.440630274751045103e-01
339.200000 2.301509389086060651e+02 7.981995596562984474e+01 -7.225213155406262899e+01 1.665497862216846481e-01 6.994003244358549809e-01 -5.343957732225461665e-01 4.444339236044083097e-01
339.300000 2.300943299463028211e+02 7.995072097849234183e+01 -7.224010327510534069e+01 1.675680317839527145e-01 6.986061849371074661e-01 -5.347011180700171895e-01 4.449326549336939385e-01
339.400000 2.300401413665336463e+02 8.008299798669031588e+01 -7.223566478170593541e+01 1.685831867195548561e-01 6.978758368382308452e-01 -5.349213061039370665e-01 4.454303781612528601e-01
339.500000 2.299769554040150297e+02 8.022708363935842613e+01 -7.223386993755832464e+01 1.693792689960566256e-01 6.970923580464251090e-01 -5.352351112197825111e-01 4.459778955342779128e-01
339.600000 2.298471389379743641e+02 8.052933797624723411e+01 -7.223002664473457912e+01 1.704441785240037588e-01 6.961139776109994681e-01 -5.356619507915709733e-01 4.465874904831517167e-01
339.700000 2.297910208408632116e+02 8.067607283500713322e+01 -7.222083520560914849e+01 1.713333095194308486e-01 6.953470221431019560e-01 -5.359512438556393032e-01 4.470947103863255889e-01
339.800000 2.297296173830530961e+02 8.078904150253362104e+01 -7.221375013901925399e+01 1.722810476167690730e-01 6.944504219243146093e-01 -5.362562141942082139e-01 4.477578864289331051e-01
339.900000 2.296575539429976800e+02 8.092887589082729960e+01 -7.220924316854896574e+01 1.733164584591155855e-01 6.934949673572702311e-01 -5.366939876849103896e-01 4.483142860317942402e-01
340.000000 2.295353240591064719e+02 8.121867718355844090e+01 -7.220042859729454676e+01 1.743613554597723270e-01 6.925410427208730235e-01 -5.370997825279941740e-01 4.488973663073754228e-01
340.100000 2.294665478066180242e+02 8.134385852423204710e+01 -7.219305903942272096e+01 1.753819834198961092e-01 6.916613847053492137e-01 -5.373211422794709202e-01 4.495905680268067472e-01
340.200000 2.294101504649573258e+02 8.149045866353246481e+01 -7.218449515374831549e+01 1.741800588412855955e-01 6.908437807490144245e-01 -5.383221780761801023e-01 4.501171073107211318e-01
340.300000 2.293508319316152892e+02 8.163609195710500899e+01 -7.217964425301477149e+01 1.751274783384876577e-01 6.898693091724081849e-01 -5.387617032146467810e-01 4.507177939043895964e-01
340.400000 2.293056036966435727e+02 8.178668898321308234e+01 -7.217480841584968232e+01 1.760426167610310288e-01 6.889856380371519595e-01 -5.391881828397795395e-01 4.512027162467040498e-01
340.500000 2.292355277812239365e+02 8.189446738036694740e+01 -7.216795313800317047e+01 1.769879004692489211e-01 6.880884892577646683e-01 -5.394677687377300579e-01 4.518672819884057557e-01
340.600000 2.291789082060612373e+02 8.204123408496288050e+01 -7.216389064572771872e+01 1.763668432457086155e-01 6.872661496206780019e-01 -5.401410020803442125e-01 4.525568185993366077e-01
340.700000 2.290629801604261218e+02 8.231808589889141103e+01 -7.215129062851434583e+01 1.773137997514004360e-01 6.864601179881759663e-01 -5.404195320282904058e-01 4.530773137464546019e-01
340.800000 2.289923973016813648e+02 8.244212709744635958e+01 -7.214148872275528390e+01 1.782312682174684304e-01 6.855859412010895104e-01 -5.407157912258507837e-01 4.536870786963312918e-01
340.900000 2.288590408349725465e+02 8.271112372013445224e+01 -7.212959156948799944e+01 1.788158373775503018e-01 6.848745050912029564e-01 -5.409034489418038660e-01 4.543074592188715566e-01
341.000000 2.287324218880396529e+02 8.296737737442421690e+01 -7.211965839480029672e+01 1.797026406994156333e-01 6.840383869941570882e-01 -5.411679494862515760e-01 4.549018536925676925e-01
341.100000 2.286777965837582087e+02 8.311471677803908165e+01 -7.211268707175095471e+01 1.806077748347182099e-01 6.831578210094492176e-01 -5.414962391212734261e-01 4.554756264394284049e-01
341.200000 2.286097157191535700e+02 8.324020667642112414e+01 -7.210442043163813253e+01 1.815191694336677763e-01 6.823867183437435369e-01 -5.416658598586440165e-01 4.560671595497350350e-01
341.300000 2.285365122620258376e+02 8.339540520938908230e+01 -7.210089474741890569e+01 1.822477534227547324e-01 6.815526942786618303e-01 -5.419748554210971347e-01 4.566562573590076668e-01
341.400000 2.284727446906533146e+02 8.353897539319436305e+01 -7.209213900154826149e+01 1.831900432014677560e-01 6.807697450562095742e-01 -5.422602213980145525e-01 4.571080994440201439e-01
341.500000 2.284185339796528353e+02 8.367118506976905223e+01 -7.208563010846938823e+01 1.842950938072298595e-01 6.799297638759763673e-01 -5.425096857548385998e-01 4.576178268559144557e-01
341.600000 2.283550708243174370e+02 8.384584484571402641e+01 -7.207894764682158950e+01 1.852825759944778661e-01 6.790976163926952802e-01 -5.427938880178422298e-01 4.581174408086691185e-01
341.700000 2.283005319726307221e+02 8.397796685782297743e+01 -7.207393139659110659e+01 1.862730910647604488e-01 6.782584659982630049e-01 -5.430508555407791427e-01 4.586540713253184909e-01
341.800000 2.282401667373306680e+02 8.412301809282800491e+01 -7.206526836171460104e+01 1.874470609001538668e-01 6.775062174164663276e-01 -5.430825573762891878e-01 4.592496713069651459e-01
341.900000 2.282022006518820945e+02 8.426087887054923442e+01 -7.206035038561752515e+01 1.884410909834912662e-01 6.766710684401318066e-01 -5.433530450381542920e-01 4.597539437708039745e-01
342.000000 2.281455431293896368e+02 8.440758078224658334e+01 -7.205473511788555641e+01 1.875868924279854577e-01 6.756151521661150072e-01 -5.443822221461349642e-01 4.604381827824501339e-01
342.100000 2.280276167192457990e+02 8.501136757278581513e+01 -7.205138897474594728e+01 1.886062557204488677e-01 6.747389918794274299e-01 -5.447897140373116898e-01 4.608244140882626905e-01
342.200000 2.279875609071018232e+02 8.520750276948663782e+01 -7.205116066666789720e+01 1.896667076366665150e-01 6.738785975886055768e-01 -5.451906320041998155e-01 4.611738831516183912e-01
342.300000 2.279532904790501675e+02 8.540472989933411441e+01 -7.205535759345890767e+01 1.906736570206162551e-01 6.730026818807254285e-01 -5.457312201451520739e-01 4.613982900473508342e-01
342.400000 2.279371371536740014e+02 8.553241451668176865e+01 -7.205746381866153172e+01 1.917273276185517128e-01 6.720692366430955911e-01 -5.462325992760519444e-01 4.617288387033489649e-01
342.500000 2.279162839825003175e+02 8.567386598440225498e+01 -7.206030134530473674e+01 1.926152295573344275e-01 6.712010038697517889e-01 -5.467262715742919887e-01 4.620378444643755689e-01
342.600000 2.278558526649192686e+02 8.581907372314879012e+01 -7.206410258758376131e+01 1.926249495669099254e-01 6.700400284665372075e-01 -5.473284580018024092e-01 4.630049115487614997e-01
342.700000 2.278356242018506066e+02 8.597502574872319769e+01 -7.206841775676743111e+01 1.933504004767064854e-01 6.691815296825710524e-01 -5.479429626373769624e-01 4.632172413278308754e-01
342.800000 2.278342924277883412e+02 8.613196751812998286e+01 -7.207935650509995185e+01 1.941138547981069162e-01 6.683131999586475747e-01 -5.486947712686789380e-01 4.632616173598502751e-01
342.900000 2.278202781555969239e+02 8.628830377275966157e+01 -7.208973261400879551e+01 1.944031743085198882e-01 6.674573439149380505e-01 -5.495408222895787897e-01 4.633713246523580298e-01
343.000000 2.278112058162597577e+02 8.643097765405113364e+01 -7.209372254123927348e+01 1.948298158496829247e-01 6.667126299330233818e-01 -5.502222561760418129e-01 4.634555866016896175e-01
343.100000 2.278053682577033214e+02 8.655927582525697517e+01 -7.210271286472760721e+01 1.955325913898869339e-01 6.657800863436343919e-01 -5.511150687662299541e-01 4.634393847218983287e-01
343.200000 2.278048162045155323e+02 8.671513076978109780e+01 -7.212447652564529221e+01 1.959844391976803268e-01 6.648016085636432315e-01 -5.522284538929534969e-01 4.633278057213504608e-01
343.300000 2.277992658773596304e+02 8.685708077555020168e+01 -7.214133495493879877e+01 1.964045837983869058e-01 6.639578958866758640e-01 -5.531688767576286025e-01 4.632378932464655819e-01
343.400000 2.278115245583830131e+02 8.701152732819437574e+01 -7.216887031661754293e+01 1.969307498992649841e-01 6.630621447803628499e-01 -5.542640828042066925e-01 4.629883350761549998e-01
343.500000 2.278160785038840004e+02 8.716677193489771014e+01 -7.219426884109394393e+01 1.974903108804937080e-01 6.621570699190433285e-01 -5.552529491426475561e-01 4.628604048014320904e-01
343.600000 2.277419450768810805e+02 8.744308101010489054e+01 -7.219840212062194951e+01 1.975793907653375092e-01 6.611709627581385806e-01 -5.561589506407664807e-01 4.631442150911913580e-01
343.700000 2.277572695420783191e+02 8.758244269376930902e+01 -7.222693105614385445e+01 1.975139490894166350e-01 6.604889450337276813e-01 -5.568855133523935574e-01 4.632721861083155535e-01
343.800000 2.277487134140513945e+02 8.772449777091713941e+01 -7.224198170152222076e+01 1.974548344720180315e-01 6.598874666772459596e-01 -5.574985540651048455e-01 4.634171790959331072e-01
343.900000 2.278172901980656775e+02 8.799121453350869615e+01 -7.231926427690427772e+01 1.976091232332451153e-01 6.592427152394771950e-01 -5.581557514714904356e-01 4.634779756557646513e-01
344.000000 2.278301392572221573e+02 8.813152155985778791e+01 -7.234377835639790533e+01 1.975569550980530997e-01 6.586472435102292966e-01 -5.587792891631399028e-01 4.635954746447583652e-01
344.100000 2.277994019848081280e+02 8.827096988176793957e+01 -7.235165937701103189e+01 1.970716534060102387e-01 6.578931665505707294e-01 -5.598183897401637354e-01 4.636191490206313937e-01
344.200000 2.278337628797766001e+02 8.840730610091566177e+01 -7.237810324408239637e+01 1.968903328021043286e-01 6.577829504280476858e-01 -5.601552539780974005e-01 4.634456585361249048e-01
344.300000 2.278752644494929314e+02 8.855582835351796689e+01 -7.240932696000514568e+01 1.963580971480466397e-01 6.577008694504149489e-01 -5.604328443959456507e-01 4.634523610154946405e-01
344.400000 2.279109205873367046e+02 8.867817460676994301e+01 -7.242767569838031250e+01 1.962635617506686136e-01 6.576468872836670476e-01 -5.607414062188171844e-01 4.631957052119425322e-01
344.500000 2.279408304621669572e+02 8.881745609920029949e+01 -7.244076118387205554e+01 1.959707694650541232e-01 6.577334287298602922e-01 -5.610134291787578498e-01 4.628672882453753745e-01
344.600000 2.279929178957756051e+02 8.897804202375419891e+01 -7.247212186934163469e+01 1.957876958139087853e-01 6.577531273081590468e-01 -5.611971999580213089e-01 4.626939641312534657e-01
344.700000 2.279441963293227218e+02 8.911253862920554525e+01 -7.247091039238365795e+01 1.955318250514999356e-01 6.572705192896413084e-01 -5.619280847679921642e-01 4.626009051155552387e-01
344.800000 2.279821688819387759e+02 8.926463587752456874e+01 -7.248398180014447689e+01 1.951045640535594428e-01 6.574382844558869232e-01 -5.621563765235693122e-01 4.622654211068156771e-01
344.900000 2.279566348692461588e+02 8.940530227842880606e+01 -7.248839963008079224e+01 1.945388975754691052e-01 6.572838208064560872e-01 -5.626753945520569511e-01 4.620919785084725562e-01
345.000000 2.279815335883263288e+02 8.955997553909811870e+01 -7.250283711715128732e+01 1.941278418479229217e-01 6.574838567086505048e-01 -5.627822473546123527e-01 4.618500852543803159e-01
345.100000 2.280191536264678120e+02 8.968239360464662013e+01 -7.251603099859961787e+01 1.936929225325481341e-01 6.576533034763507590e-01 -5.628970734812094312e-01 4.616514581951767227e-01
345.200000 2.280857330852254563e+02 8.980466093746321121e+01 -7.254898372447590305e+01 1.933557925409842559e-01 6.579562412205787192e-01 -5.628642310119977843e-01 4.614011048718973385e-01
345.300000 2.281158074192058791e+02 8.994380320964586417e+01 -7.256333273718897203e+01 1.928657904433281611e-01 6.582480886163536438e-01 -5.629191866700035130e-01 4.611227927443717900e-01
345.400000 2.282064385204179473e+02 9.022468670930499002e+01 -7.261926827831221942e+01 1.926154851641747878e-01 6.585090116338648825e-01 -5.628489517798750397e-01 4.609405752938828260e-01
345.500000 2.281605102715669204e+02 9.034491255281790245e+01 -7.261729510193998749e+01 1.921951383468841479e-01 6.583375136927218652e-01 -5.633965589352980530e-01 4.606919407158896473e-01
345.600000 2.281766997448760605e+02 9.058599913593380393e+01 -7.264465786676312575e+01 1.917129347326191058e-01 6.585928456096340478e-01 -5.633711735793796027e-01 4.605589377569430654e-01
345.700000 2.282385866182336827e+02 9.072106218023890278e+01 -7.269653820089575902e+01 1.915254244506979786e-01 6.589290315283347077e-01 -5.631998472247908838e-01 4.603655887271366765e-01
345.800000 2.282756573976618597e+02 9.098651764176153733e+01 -7.274177298334127784e+01 1.911067976822625469e-01 6.591892637827849732e-01 -5.631572974509146956e-01 4.602190399374221363e-01
345.900000 2.282945109751064763e+02 9.113853953034691813e+01 -7.277757869055804463e+01 1.906738360592143688e-01 6.594430579785190982e-01 -5.631846832020710458e-01 4.600014718813257852e-01
346.000000 2.283154293219508872e+02 9.127870131571191337e+01 -7.279693432601855818e+01 1.903081291084593729e-01 6.598353446682264645e-01 -5.630807731655849135e-01 4.597174967445201155e-01
346.100000 2.283472294669398366e+02 9.141510396979751363e+01 -7.282602497784525042e+01 1.899528287370121360e-01 6.602914754117124030e-01 -5.628802809278142805e-01 4.594549811418484064e-01
346.200000 2.284003566753470693e+02 9.155580219227610428e+01 -7.287231753686262437e+01 1.895972985655910437e-01 6.606239509740816640e-01 -5.628264177331110396e-01 4.591898118183131428e-01
346.300000 2.284424391914804744e+02 9.169983949657873268e+01 -7.291983143801678580e+01 1.891653880835516832e-01 6.610266723825910518e-01 -5.627110474022950504e-01 4.589297021128728171e-01
346.400000 2.284650752559860507e+02 9.183950666739872304e+01 -7.294067417926312658e+01 1.886884627953848981e-01 6.613002269221647245e-01 -5.627228112108081381e-01 4.587174638310749231e-01
346.500000 2.285128460574415783e+02 9.196832604754646923e+01 -7.298036368902612026e+01 1.884098342006385596e-01 6.616528123610756484e-01 -5.626603475652740549e-01 4.584000693159764883e-01
346.600000 2.285381723084308874e+02 9.210526510312556070e+01 -7.301303577374763165e+01 1.879827822111239666e-01 6.620020846015608473e-01 -5.626263175494659041e-01 4.581128031130330958e-01
346.700000 2.285376650780314094e+02 9.224632035872460278e+01 -7.303681582801073091e+01 1.876144249273899167e-01 6.622506600799601406e-01 -5.626629491351898826e-01 4.578594723857011828e-01
346.800000 2.285809711380597946e+02 9.237184520209962102e+01 -7.309007767710440362e+01 1.873552009203808821e-01 6.626601007362219464e-01 -5.624822180711691599e-01 4.575952075077728831e-01
346.900000 2.285562695744606856e+02 9.251274783333593632e+01 -7.309256045759840958e+01 1.869999916547679386e-01 6.625710961899363705e-01 -5.629695731435601092e-01 4.572699479840552361e-01
347.000000 2.285780987238892408e+02 9.265048291703868699e+01 -7.312428622182562776e+01 1.867576464948327020e-01 6.629959783661563133e-01 -5.628481522155356354e-01 4.569024750355063502e-01
347.100000 2.285954161469629753e+02 9.278924673045864324e+01 -7.315429518647070495e+01 1.864105100552548022e-01 6.633571961332460631e-01 -5.628152270006268054e-01 4.565603709646848807e-01
347.200000 2.286492739136315890e+02 9.289968124230728108e+01 -7.319269924757335843e+01 1.861828468546925797e-01 6.638538383867186310e-01 -5.626702550644723244e-01 4.561098692880743988e-01
347.300000 2.286090950298527389e+02 9.305177479326133039e+01 -7.319636971249425983e+01 1.860423071999034450e-01 6.638229525178166446e-01 -5.631449067423335286e-01 4.556261204676854137e-01
347.400000 2.286462243782530663e+02 9.319987933564354421e+01 -7.323452704870362595e+01 1.858940791549610616e-01 6.642324548858981048e-01 -5.630054194622347019e-01 4.552620507658589055e-01
347.500000 2.286816901793819738e+02 9.334556771789638674e+01 -7.328222232184215557e+01 1.856834759661457057e-01 6.646857734338913470e-01 -5.628730233803309613e-01 4.548498971071720520e-01
347.600000 2.287643118100932043e+02 9.344757548178924367e+01 -7.333899059716834756e+01 1.856450004832529699e-01 6.652125560762038869e-01 -5.626000743763497347e-01 4.544329932408761041e-01
347.700000 2.287283767570400528e+02 9.358594467029263342e+01 -7.334341271499660309e+01 1.855533549306359886e-01 6.651609014981204604e-01 -5.630243673404424776e-01 4.540203622890580659e-01
347.800000 2.287989936864631204e+02 9.369949430277043234e+01 -7.339424318477972520e+01 1.853683065153653164e-01 6.657262375083545791e-01 -5.628263600508212061e-01 4.535125754205047710e-01
347.900000 2.288673747556394460e+02 9.383247882782924876e+01 -7.344329381651536437e+01 1.852943082109048401e-01 6.662266532407019604e-01 -5.626483638957792133e-01 4.530285691451902408e-01
348.000000 2.289463150573190831e+02 9.397130503875490604e+01 -7.350629915343213838e+01 1.852871532856301406e-01 6.668810045696804689e-01 -5.623474983031727659e-01 4.524419164087304379e-01
348.100000 2.290121802133774622e+02 9.408939502628962259e+01 -7.355288454709028656e+01 1.851984499363169279e-01 6.674562907241696763e-01 -5.621184997575998654e-01 4.519141802866815660e-01
348.200000 2.290646716874256583e+02 9.421432707275522489e+01 -7.359859118214117757e+01 1.850376949155807527e-01 6.680034996182312446e-01 -5.619148918292932171e-01 4.514244458362861034e-01
348.300000 2.291410157219082748e+02 9.433938701025553542e+01 -7.365595697242444828e+01 1.849923325772988292e-01 6.685795300070687119e-01 -5.615873915764006963e-01 4.509976170286839059e-01
348.400000 2.292198763456840425e+02 9.444161207033769756e+01 -7.371755336350658183e+01 1.849710291160748532e-01 6.692128444510296870e-01 -5.612349158375015135e-01 4.505055565188678668e-01
348.500000 2.293174707643269130e+02 9.452669863856220900e+01 -7.377840110722077327e+01 1.850911307052833799e-01 6.699405248816689973e-01 -5.607794232367603326e-01 4.499415572380039974e-01
348.600000 2.293636162738282849e+02 9.467185495172415699e+01 -7.381799986677773973e+01 1.849095606148380699e-01 6.704428460486334673e-01 -5.606489052366603332e-01 4.494303612712098328e-01
348.700000 2.294432284332860377e+02 9.479518019012444086e+01 -7.387456325335989504e+01 1.849845864916262739e-01 6.710896440703234545e-01 -5.602229567393863796e-01 4.489650667081664381e-01
348.800000 2.295097323023852596e+02 9.492823504532421452e+01 -7.392579075644118802e+01 1.849616321064913860e-01 6.716937492795821418e-01 -5.599287433474100517e-01 4.484378487601496377e-01
348.900000 2.296056223960438274e+02 9.501054621873208816e+01 -7.399282825388172569e+01 1.850192433571913042e-01 6.724097803120905326e-01 -5.594981742101242661e-01 4.478780637447161150e-01
349.000000 2.296766481696861320e+02 9.512343171391205487e+01 -7.404454917090743038e+01 1.850357291159500095e-01 6.730355156561190766e-01 -5.591669018602415386e-01 4.473447769674411267e-01
349.100000 2.297417199790946825e+02 9.524166617022638093e+01 -7.409203693986508199e+01 1.850434357794310536e-01 6.736860994589963791e-01 -5.588136943682836533e-01 4.468033362197927905e-01
349.200000 2.298794651942923792e+02 9.549047596352446021e+01 -7.418871766881302676e+01 1.851079095348615866e-01 6.743199458553559289e-01 -5.584191562184832591e-01 4.463134755051661462e-01
349.300000 2.299566400161883735e+02 9.559509621249017641e+01 -7.424832379706590757e+01 1.851779540876030694e-01 6.749873991182384625e-01 -5.579845362710709189e-01 4.458187901310168844e-01
349.400000 2.300231684556523533e+02 9.570798955166775102e+01 -7.430571044416581117e+01 1.852373046000642398e-01 6.756528959552950964e-01 -5.575401973613698381e-01 4.453417041979910174e-01
349.500000 2.301000656311247781e+02 9.581459276799060376e+01 -7.436213907520568966e+01 1.853880061666848267e-01 6.763397562757906822e-01 -5.571031838717493967e-01 4.447829400621218232e-01
349.600000 2.301716686717176970e+02 9.594458834535467417e+01 -7.441446524059519163e+01 1.854952449662473080e-01 6.770127392983222858e-01 -5.567009388108459245e-01 4.442176602182951184e-01
349.700000 2.302440884543864854e+02 9.603973993157751465e+01 -7.446230815565641592e+01 1.855518699432094076e-01 6.777070481837608185e-01 -5.563018377260465774e-01 4.436349014057115459e-01
349.800000 2.303137472556344392e+02 9.615365603976323428e+01 -7.451353568886959522e+01 1.856799961199223081e-01 6.783918697821367250e-01 -5.558252972749226917e-01 4.431316384141918419e-01
349.900000 2.302461280308671405e+02 9.629464825927061611e+01 -7.449647178115560564e+01 1.864787532621516031e-01 6.785708808615944498e-01 -5.561657572280881423e-01 4.420937510476943832e-01
350.000000 2.303290758490679195e+02 9.639740586974767211e+01 -7.455146089915389496e+01 1.865738874588221130e-01 6.793594447842858930e-01 -5.556940416020835771e-01 4.414352290300712078e-01
350.100000 2.302929833810652269e+02 9.653402440038301791e+01 -7.452924617965597065e+01 1.869288712832511967e-01 6.799724932960851120e-01 -5.554955687224160110e-01 4.405901480642013257e-01
350.200000 2.304023932265421308e+02 9.663743005664335328e+01 -7.461169904523504215e+01 1.871763370515266423e-01 6.807020555823423136e-01 -5.549799086163580419e-01 4.400079901616856803e-01
350.300000 2.303791579130907223e+02 9.679222157016619121e+01 -7.459511652136059467e+01 1.874955550631235424e-01 6.813801318059046208e-01 -5.547701532432706140e-01 4.390861075941451253e-01
350.400000 2.304544857062928713e+02 9.690429153927858863e+01 -7.464243773747851662e+01 1.877167917054658186e-01 6.820118970105700784e-01 -5.543470142226037956e-01 4.385448281194689879e-01
350.500000 2.306204447172403889e+02 9.708624044378061058e+01 -7.475724410737430503e+01 1.879553174051627196e-01 6.827435608290369773e-01 -5.538150032407053169e-01 4.379759936242044183e-01
350.600000 2.307752262316048473e+02 9.729864255278093310e+01 -7.487024368813177944e+01 1.882352186059580990e-01 6.835119120116921465e-01 -5.532812334954799738e-01 4.373315050121681091e-01
350.700000 2.308434146144986698e+02 9.741418989839996811e+01 -7.491984905990337040e+01 1.884638135370018397e-01 6.841779382908289575e-01 -5.528642713200012659e-01 4.367184874046491916e-01
350.800000 2.309341036070220525e+02 9.753130515544586387e+01 -7.497298236929353266e+01 1.887029165759979144e-01 6.848881275376351718e-01 -5.524435517134825835e-01 4.360339255194446983e-01
350.900000 2.308982433135779502e+02 9.769777929306592057e+01 -7.495101618410907918e+01 1.890661101425135382e-01 6.856243167698763408e-01 -5.521041322472322044e-01 4.351486290969444060e-01
351.000000 2.309682708911204543e+02 9.783042351954017590e+01 -7.499861039008420960e+01 1.893962554138023113e-01 6.863623114784170864e-01 -5.515960162490300966e-01 4.344855241264474754e-01
351.100000 2.310330052701622208e+02 9.794870136907952940e+01 -7.504619795255898396e+01 1.896509600328428469e-01 6.870164372916451878e-01 -5.512106947926642686e-01 4.338291117432122590e-01
351.200000 2.312325153632497177e+02 9.813388378374845900e+01 -7.517321822675664578e+01 1.899423735985762418e-01 6.877552948669882760e-01 -5.507694669796254772e-01 4.330906871974278816e-01
351.300000 2.314409010007352947e+02 9.834783953453791128e+01 -7.531115991835014256e+01 1.902581042951697610e-01 6.884922559916912821e-01 -5.502502869120178275e-01 4.324406189787470822e-01
351.400000 2.314951938237479112e+02 9.847487663397133417e+01 -7.534839699744235020e+01 1.905507723178772039e-01 6.891267590648119112e-01 -5.497350463307675295e-01 4.319561227087747035e-01
351.500000 2.317140559297379241e+02 9.871656385151854352e+01 -7.549545777080948028e+01 1.909191870843737204e-01 6.898335900856717995e-01 -5.492545781466592336e-01 4.312758866172447525e-01
351.600000 2.317987434222798697e+02 9.881536989761701761e+01 -7.555471429880869039e+01 1.912319156446005419e-01 6.905683297303795154e-01 -5.487504238650802169e-01 4.306027272558604624e-01
351.700000 2.319015742568101075e+02 9.891157610267791256e+01 -7.562489448333521125e+01 1.915868287208206677e-01 6.913719773752639020e-01 -5.482383736702372001e-01 4.298068887260066417e-01
351.800000 2.318893959904291648e+02 9.905251259074842096e+01 -7.560374421592115368e+01 1.920360241439809934e-01 6.922248116540228313e-01 -5.477860254659047134e-01 4.288093350963716466e-01
351.900000 2.319749415128025305e+02 9.915194433390050222e+01 -7.566077725054194048e+01 1.923894981880994171e-01 6.928677584736839812e-01 -5.473084631218194662e-01 4.282219009460116466e-01
352.000000 2.322027244500317806e+02 9.931835944832747032e+01 -7.580023852846618126e+01 1.927741865799333099e-01 6.935688197716883829e-01 -5.468127829423410358e-01 4.275467057992666242e-01
352.100000 2.322765209175803989e+02 9.945003736878655332e+01 -7.584478135917366615e+01 1.930518323292291782e-01 6.942136402046148458e-01 -5.464424083098081697e-01 4.268478724191575591e-01
352.200000 2.323431540103238149e+02 9.956926777407289819e+01 -7.588740642082434817e+01 1.934044461891857580e-01 6.948567846204354304e-01 -5.460197534649651185e-01 4.261821182162185973e-01
352.300000 2.324240064566874935e+02 9.969501090293761081e+01 -7.593667788688679821e+01 1.937876156782510351e-01 6.955218316715344740e-01 -5.455405455125830194e-01 4.255364319066531342e-01
352.400000 2.325098698012245109e+02 9.979687054737806307e+01 -7.598881740857996192e+01 1.941974438014912874e-01 6.962286994211408508e-01 -5.450409638476725327e-01 4.248332598223842904e-01
352.500000 2.325949490311107866e+02 9.992001962357284128e+01 -7.603720217257806269e+01 1.945760194177260927e-01 6.968956896385219979e-01 -5.446080844981598945e-01 4.241209788846183049e-01
352.600000 2.326960785933922864e+02 1.000018835246182221e+02 -7.609663603617438810e+01 1.948370577678313620e-01 6.975375978159039647e-01 -5.442154873312814445e-01 4.234493168047018807e-01
352.700000 2.327592734417667373e+02 1.001228534625037980e+02 -7.613953514675829126e+01 1.952793409785697210e-01 6.982673480038852354e-01 -5.436946323905285094e-01 4.227112920284064046e-01
352.800000 2.328356304245765784e+02 1.002509220045662346e+02 -7.618980779982632612e+01 1.956165018767182517e-01 6.988703239794131772e-01 -5.432432677221908923e-01 4.221388474529940149e-01
352.900000 2.328410719512814353e+02 1.003916861944568950e+02 -7.616481304988101897e+01 1.963452719810413472e-01 6.997716737578861812e-01 -5.427655275718931138e-01 4.209200884448043301e-01
353.000000 2.329218529951120900e+02 1.005191490713554856e+02 -7.620957588718040654e+01 1.966806246631071786e-01 7.003580154970651117e-01 -5.423641576845926737e-01 4.203052491585431705e-01
353.100000 2.330208279708920713e+02 1.006261524924957769e+02 -7.626887392205587446e+01 1.971356717294276972e-01 7.010624573183595887e-01 -5.419346892708029051e-01 4.194707980723914043e-01
353.200000 2.330843004728968992e+02 1.007337292965758024e+02 -7.629998231886841609e+01 1.975744250815892888e-01 7.016865940405766500e-01 -5.414798122634925104e-01 4.188076923941431162e-01
353.300000 2.331659357316986245e+02 1.008608977575392913e+02 -7.634388419909177514e+01 1.980623137757436258e-01 7.023813022185249055e-01 -5.409755528284259096e-01 4.180637240871145077e-01
353.400000 2.332748891788238836e+02 1.009548757927559848e+02 -7.640758640732926210e+01 1.984381084882006485e-01 7.030421418387189370e-01 -5.405576947220039896e-01 4.173145607036548022e-01
353.500000 2.333727812152667127e+02 1.010616493045388324e+02 -7.646920708626593921e+01 1.988570838307640865e-01 7.037848392658004881e-01 -5.400615196887469383e-01 4.165048801411778134e-01
353.600000 2.334529899803223429e+02 1.011906731713260115e+02 -7.651016440758668580e+01 1.992615772809906982e-01 7.044288209978912807e-01 -5.396447697285396972e-01 4.157624110855190347e-01
353.700000 2.335209874680632538e+02 1.012932409484061509e+02 -7.654795385140562303e+01 1.996996445785614860e-01 7.051601518091566989e-01 -5.391181461174308076e-01 4.149949840450940508e-01
353.800000 2.335986552545592190e+02 1.014068966461930756e+02 -7.658690176256888549e+01 2.000937645605354309e-01 7.057746203776290583e-01 -5.387455310982264267e-01 4.142437969801073261e-01
353.900000 2.336921690143008448e+02 1.015216705587150443e+02 -7.664025258321076706e+01 2.004840538083506596e-01 7.064993516457337419e-01 -5.382516115528959144e-01 4.134610174532040161e-01
354.000000 2.337977842123933669e+02 1.016229325463030335e+02 -7.669828017430350542e+01 2.009158797300167609e-01 7.071175417712597389e-01 -5.378269422868680039e-01 4.127466190558589099e-01
354.100000 2.338870031315472602e+02 1.017208350618833492e+02 -7.675220969539077487e+01 2.013341037347013696e-01 7.078117531871930268e-01 -5.373693270775343755e-01 4.119481848966619064e-01
354.200000 2.339868256547543979e+02 1.018332163340312491e+02 -7.679883470502319653e+01 2.017902151129777333e-01 7.084838902605631317e-01 -5.369319973734119067e-01 4.111390476742813327e-01
354.300000 2.340722882175420807e+02 1.019390423229092448e+02 -7.684314685401986367e+01 2.022498923366071732e-01 7.091201544512941712e-01 -5.365400866317775463e-01 4.103270927418372072e-01
354.400000 2.342511270954234988e+02 1.021621341176129647e+02 -7.693527069645375605e+01 2.026719941936518665e-01 7.097704679775518333e-01 -5.360903400188957724e-01 4.095816071247828094e-01
354.500000 2.343388436611076884e+02 1.022420434120508617e+02 -7.698526953638895520e+01 2.031103828455825822e-01 7.103942773410796274e-01 -5.357228058042298180e-01 4.087630345843536461e-01
354.600000 2.344458991362396034e+02 1.023389154196732562e+02 -7.704787143810727912e+01 2.035429307318889769e-01 7.110638308330970991e-01 -5.352890663548034444e-01 4.079511236300701893e-01
354.700000 2.345056228632263924e+02 1.024509109373656202e+02 -7.706966229544367764e+01 2.040268208930529070e-01 7.116390578714265613e-01 -5.349408056698637948e-01 4.071624271681018037e-01
354.800000 2.345903091951944361e+02 1.025788784817834767e+02 -7.710433697654386265e+01 2.045044646832477053e-01 7.122291961422525519e-01 -5.345620361217118255e-01 4.063876543702930610e-01
354.900000 2.346783281360544606e+02 1.026838854353555632e+02 -7.714546978163639324e+01 2.049319495487055831e-01 7.127658370454827974e-01 -5.342476480410508488e-01 4.056441891086625673e-01
355.000000 2.347306437467123033e+02 1.028165140927816310e+02 -7.715756814160411636e+01 2.058712512327240673e-01 7.136175813790012201e-01 -5.338586313992171872e-01 4.041805749206805465e-01
355.100000 2.348232994619756937e+02 1.029387097504507267e+02 -7.719277317310593389e+01 2.063027000765997598e-01 7.141945489394501134e-01 -5.335182073230135824e-01 4.033902138886336086e-01
355.200000 2.349233659753814720e+02 1.030536329072222941e+02 -7.723196527859596472e+01 2.068138229056939725e-01 7.147613137231161318e-01 -5.332262158170226751e-01 4.025097636398344836e-01
355.300000 2.350149830129954012e+02 1.031250067063591302e+02 -7.728757651223287439e+01 2.073293059186718246e-01 7.153656222197495307e-01 -5.328161242697322386e-01 4.017132847835800380e-01
355.400000 2.351024297318985816e+02 1.032299005726718519e+02 -7.733020990793134786e+01 2.078148949981310500e-01 7.159180493987252758e-01 -5.324897926349309030e-01 4.009101354439028042e-01
355.500000 2.352028688262469984e+02 1.033176815944379996e+02 -7.738183714074207842e+01 2.083571927688484537e-01 7.164911494743235743e-01 -5.321746638331757984e-01 4.000222995290308448e-01
355.600000 2.353061381216942323e+02 1.034025925576238478e+02 -7.743273331495740308e+01 2.089362840311721481e-01 7.171144127726082340e-01 -5.318139382737716581e-01 3.990820507950508245e-01
355.700000 2.353952355086398427e+02 1.035280249847048424e+02 -7.746586244215227168e+01 2.095599787745358045e-01 7.177173677664103746e-01 -5.314819785875865010e-01 3.981121723071217589e-01
355.800000 2.354885508447858911e+02 1.036268290671639249e+02 -7.751044633921527804e+01 2.099519870206743855e-01 7.182601783501962878e-01 -5.311977782801396986e-01 3.973051719933409776e-01
355.900000 2.355220727649859214e+02 1.037767048292328980e+02 -7.747621768654813934e+01 2.112609601157049433e-01 7.191794445760200105e-01 -5.307155829344808451e-01 3.955890585706740015e-01
356.000000 2.356334683244378425e+02 1.038738406481409129e+02 -7.753032968126599656e+01 2.118121752831435278e-01 7.197378952852275802e-01 -5.303886627098099993e-01 3.947161397271623517e-01
356.100000 2.357227130681968106e+02 1.039583457033137819e+02 -7.756858436959247172e+01 2.123225209919668288e-01 7.203124720412298343e-01 -5.300773039748980509e-01 3.938110479813534126e-01
356.200000 2.358063432677831770e+02 1.040706430917697247e+02 -7.759788801044635420e+01 2.129118023250020919e-01 7.208871491777021356e-01 -5.297391632897751057e-01 3.928952805242302282e-01
356.300000 2.358956586187988478e+02 1.041774505225951089e+02 -7.763071353434634148e+01 2.135718762034959362e-01 7.214678255936646245e-01 -5.293407497146709328e-01 3.920071440925257944e-01
356.400000 2.359867957435818937e+02 1.042801421106863984e+02 -7.767088325577485364e+01 2.141761796681361518e-01 7.220594726976879985e-01 -5.289262519275806929e-01 3.911466502120918287e-01
356.500000 2.360800729701390992e+02 1.043816220548784486e+02 -7.770913613779048035e+01 2.147912074061265331e-01 7.227084796347298390e-01 -5.284812456971363925e-01 3.902111782502886150e-01
356.600000 2.361868868000367740e+02 1.044876558924765249e+02 -7.775508129607872831e+01 2.154169975136238091e-01 7.233158202467845355e-01 -5.281409351856900525e-01 3.892003262384570172e-01
356.700000 2.364166587727121964e+02 1.046725216390980222e+02 -7.786489105273966516e+01 2.159694742699320991e-01 7.239136710682145814e-01 -5.278186302382874562e-01 3.882185938327632480e-01
356.800000 2.365054578481226031e+02 1.047803751840803272e+02 -7.789573218071667782e+01 2.165989800706681900e-01 7.245333307313785998e-01 -5.273812266730603104e-01 3.873052752603030613e-01
356.900000 2.366159745183315977e+02 1.048819578797662189e+02 -7.794299634126208787e+01 2.171490690732241491e-01 7.250922773662528131e-01 -5.270133704964736765e-01 3.864510039091631488e-01
357.000000 2.368270094849576139e+02 1.050725603241810688e+02 -7.803976999222771838e+01 2.176673982489392423e-01 7.257060683114363586e-01 -5.265857201163699486e-01 3.855892705003846066e-01
357.100000 2.369337731276305874e+02 1.051819261009435706e+02 -7.807728200716692868e+01 2.182359608015773389e-01 7.262347344398560889e-01 -5.261545237108380402e-01 3.848604852212100802e-01
357.200000 2.370442749314291007e+02 1.052850926666160092e+02 -7.812082406786126398e+01 2.188450939809955809e-01 7.268709002554428755e-01 -5.256955300925106878e-01 3.839397463705020996e-01
357.300000 2.371647812566202447e+02 1.053620323539764172e+02 -7.818654800401867533e+01 2.194158507767603461e-01 7.275432371823780109e-01 -5.252563486233102763e-01 3.829403226209064370e-01
357.400000 2.372737541324073334e+02 1.054663264158826621e+02 -7.823149302133703031e+01 2.200001178302278537e-01 7.282302370509265987e-01 -5.247615875063224022e-01 3.819763687419439058e-01
357.500000 2.373792051109866748e+02 1.055760967027305242e+02 -7.827120751364188322e+01 2.205980604474290230e-01 7.289000939224649089e-01 -5.243368884217803894e-01 3.809356589331324150e-01
357.600000 2.374842065032223672e+02 1.056591731210065177e+02 -7.832163031290751576e+01 2.212141243582342598e-01 7.295559572240090107e-01 -5.238522444749985629e-01 3.799884766961835192e-01
357.700000 2.375815056812309081e+02 1.057582959949314727e+02 -7.835584197456365985e+01 2.218800426914621093e-01 7.301755907443123750e-01 -5.234169889652893204e-01 3.790085869725639545e-01
357.800000 2.376645451690688446e+02 1.058913683903987533e+02 -7.834334010763069500e+01 2.232413426222883135e-01 7.312653184829924768e-01 -5.227137291771899452e-01 3.770738578287295972e-01
357.900000 2.377788765290540880e+02 1.059865012385865271e+02 -7.839455694755088189e+01 2.237896994028549524e-01 7.319327497268188765e-01 -5.221943961111932264e-01 3.761723447950210963e-01
358.000000 2.378740285055598065e+02 1.061110035415849211e+02 -7.840938701984426018e+01 2.248276577668914533e-01 7.328067639518174303e-01 -5.216381186979504037e-01 3.746204000462090566e-01
358.100000 2.379594625322403658e+02 1.062031785477806523e+02 -7.843737561834524286e+01 2.256480634421762776e-01 7.335669026294674433e-01 -5.210595552984080836e-01 3.734427541988600274e-01
358.200000 2.380860127240729582e+02 1.062737785353708944e+02 -7.849860053025510354e+01 2.260609407022457495e-01 7.341320731060229088e-01 -5.206605849687874210e-01 3.726380356134202931e-01
358.300000 2.382036299044125656e+02 1.063628373228615942e+02 -7.855329389525932982e+01 2.266098893237350753e-01 7.348293285901201788e-01 -5.201456195694369455e-01 3.716481539671689927e-01
358.400000 2.383195688985055369e+02 1.064583435698809808e+02 -7.860028511920532424e+01 2.271728144355241175e-01 7.354824129187613746e-01 -5.195675186825861047e-01 3.708203422125869730e-01
358.500000 2.384321940744754613e+02 1.065577807283709149e+02 -7.864699765281542909e+01 2.277816049708037138e-01 7.360943072480458094e-01 -5.191159236033110469e-01 3.698639873459235172e-01
358.600000 2.385724719672534775e+02 1.066389740678349654e+02 -7.870352782050883889e+01 2.282974472758882989e-01 7.366539731206148689e-01 -5.186693995084544762e-01 3.690572495785238161e-01
358.700000 2.386799298698169594e+02 1.067248312883097014e+02 -7.874277153209082769e+01 2.288582965489300569e-01 7.373150332239487570e-01 -5.181518476953075325e-01 3.681155859409218079e-01
358.800000 2.387724216249564506e+02 1.068337061752479258e+02 -7.873465411902566302e+01 2.302866017335055970e-01 7.383651218824041074e-01 -5.174067291736011986e-01 3.661629479555407185e-01
358.900000 2.388905428179454873e+02 1.068922287437705450e+02 -7.879014035461383969e+01 2.307759296088770506e-01 7.389315043882207501e-01 -5.170378585284886030e-01 3.652321932469729804e-01
359.000000 2.390075703951091555e+02 1.069871273710916455e+02 -7.883543854115842464e+01 2.313539422822124825e-01 7.396231434535895932e-01 -5.164416764932782122e-01 3.643088714801245853e-01
359.100000 2.391395391536169370e+02 1.070880907313869841e+02 -7.887861896827497787e+01 2.319276895163663033e-01 7.401983992595996265e-01 -5.160331057741366356e-01 3.633534234243915861e-01
359.200000 2.392362068502135628e+02 1.072092866703539471e+02 -7.885152651676403934e+01 2.335629222637329305e-01 7.414032411850490778e-01 -5.150630927503325740e-01 3.612196088121347182e-01
359.300000 2.393458686582809776e+02 1.072882645356907005e+02 -7.889833776793808795e+01 2.341597490048385743e-01 7.420121318588758230e-01 -5.145794181565199743e-01 3.602710514736572889e-01
359.400000 2.394764195810572858e+02 1.073925930405500537e+02 -7.893751270957845634e+01 2.349243132430446634e-01 7.427697803572450574e-01 -5.139235586671940803e-01 3.591464830430346478e-01
359.500000 2.395892666070094208e+02 1.074633685097914224e+02 -7.898971543343046164e+01 2.354382303151894562e-01 7.433479810327908721e-01 -5.134437123216534227e-01 3.582989995490981072e-01
359.600000 2.397097989438545369e+02 1.075493337324958247e+02 -7.904313795585218827e+01 2.360352249763901233e-01 7.439899942523664489e-01 -5.128099376841579460e-01 3.574803894412653671e-01
359.700000 2.399665675342884015e+02 1.076850817599701315e+02 -7.916418151270111991e+01 2.365944922923655658e-01 7.445956382951046670e-01 -5.123076882259135489e-01 3.565686669260824115e-01
359.800000 2.401922076870247054e+02 1.077917348138456646e+02 -7.927187297058871707e+01 2.371078102140870003e-01 7.452187651524042611e-01 -5.118247512483852235e-01 3.556181975233200787e-01
359.900000 2.404204052999001533e+02 1.079923126540688827e+02 -7.935379973567391687e+01 2.376954176584261946e-01 7.458736521418314336e-01 -5.111663974057600868e-01 3.547989538147049982e-01
360.000000 2.405454710050902349e+02 1.080763298530455359e+02 -7.939928542747594520e+01 2.383785401037326057e-01 7.465180036844166755e-01 -5.106655163277075138e-01 3.537050638975956507e-01
360.100000 2.406438087080610160e+02 1.081456967022748188e+02 -7.944515165428590819e+01 2.390633295465534880e-01 7.472115546635466066e-01 -5.100061581027870439e-01 3.527284164064993233e-01
360.200000 2.407628968240389895e+02 1.082404929460189464e+02 -7.948512407752248521e+01 2.396214619193239581e-01 7.478212752667893204e-01 -5.094431728198396403e-01 3.518700739097517238e-01
360.300000 2.408898577651204960e+02 1.083118771060987626e+02 -7.954466244335075942e+01 2.401862161098888837e-01 7.483974421478595263e-01 -5.088938670774098005e-01 3.510539591406919291e-01
360.400000 2.410064417666558256e+02 1.083817377887039299e+02 -7.958926252367280085e+01 2.408025005676480701e-01 7.489659765065486141e-01 -5.083947582966931167e-01 3.501412450603427762e-01
360.500000 2.411240180083399878e+02 1.084308260769570751e+02 -7.965438402614726954e+01 2.412882326736383309e-01 7.495497612337201909e-01 -5.078384219704970004e-01 3.493641100316697279e-01
360.600000 2.413371730824977703e+02 1.085667308878196309e+02 -7.975429142010953854e+01 2.419752769361575295e-01 7.502173307277657521e-01 -5.071596606115977846e-01 3.484408137341335476e-01
360.700000 2.414473878639920770e+02 1.086473562778392647e+02 -7.979700212431355055e+01 2.425739948667767765e-01 7.508221056720426612e-01 -5.065758656254660819e-01 3.475700145501371408e-01
360.800000 2.415619190990689162e+02 1.086993388318216489e+02 -7.986519904063644049e+01 2.431371601612665190e-01 7.513999678834711871e-01 -5.059985649398817120e-01 3.467677347911903851e-01
360.900000 2.416749193544042669e+02 1.087727595752564014e+02 -7.991326676505428850e+01 2.437976184520792566e-01 7.520663324543022110e-01 -5.053433874223162148e-01 3.458135532543051283e-01
361.000000 2.417866585903823591e+02 1.088565249014268943e+02 -7.994431525257758153e+01 2.444798233784258590e-01 7.527038567486759035e-01 -5.047739356455166471e-01 3.447749902319744986e-01
361.100000 2.419168659049359462e+02 1.089222673423497270e+02 -8.000351211946622243e+01 2.450913570329456004e-01 7.533508036612244219e-01 -5.042415543586483695e-01 3.437051762611537664e-01
361.200000 2.420277596452884268e+02 1.089996866064297194e+02 -8.005015112645243391e+01 2.456985321901417607e-01 7.539942392188028197e-01 -5.035679714725851408e-01 3.428472205100315806e-01
361.300000 2.422603305870316603e+02 1.091728715161962100e+02 -8.012890974937440092e+01 2.463616108025522278e-01 7.545691633681527177e-01 -5.029387255810671142e-01 3.420291986476445834e-01
361.400000 2.423646199149211213e+02 1.092371201491010027e+02 -8.016853392170769155e+01 2.468742373771988796e-01 7.551391303450346593e-01 -5.024054576992640353e-01 3.411843501908671250e-01
361.500000 2.424785015593453465e+02 1.093237240921494333e+02 -8.016640490169120881e+01 2.484383995843167381e-01 7.562001165633289723e-01 -5.015287050404189095e-01 3.389818628512027976e-01
361.600000 2.425981270921943462e+02 1.094216965971343996e+02 -8.019570629254765493e+01 2.491392064548381968e-01 7.568516352004358572e-01 -5.007999549369254177e-01 3.380897266061974604e-01
361.700000 2.427252307903466999e+02 1.095023780633069919e+02 -8.024155115763338131e+01 2.497165212546496038e-01 7.573907155216460518e-01 -5.002503193624456834e-01 3.372693004586339582e-01
361.800000 2.428627530878056007e+02 1.095798038825424356e+02 -8.030913080846099206e+01 2.502519780657159187e-01 7.580229196518627477e-01 -4.996356814718764250e-01 3.363619873838237795e-01
361.900000 2.431095055741193107e+02 1.096954106749912228e+02 -8.039649371598429184e+01 2.509408601395238247e-01 7.585994289707226335e-01 -4.991553913312857804e-01 3.352603262878569579e-01
362.000000 2.432091797556997221e+02 1.097749120924247279e+02 -8.041451133322904354e+01 2.516201994265493402e-01 7.592324822941166618e-01 -4.984915693841778794e-01 3.343044545365148057e-01
362.100000 2.433444257966447708e+02 1.098436462576106010e+02 -8.045642868758712041e+01 2.521214054711152230e-01 7.596789439005079414e-01 -4.981350639505827682e-01 3.334428844051515739e-01
362.200000 2.435849740157161705e+02 1.100104951430671463e+02 -8.052400205185210780e+01 2.527981102010132264e-01 7.602525053382483966e-01 -4.975712001187094780e-01 3.324637490285822783e-01
362.300000 2.436962244427709265e+02 1.100954898116925449e+02 -8.055334238041106687e+01 2.534844694150650835e-01 7.608921858086017398e-01 -4.969270099438347077e-01 3.314396658956971220e-01
362.400000 2.439518906527331410e+02 1.102170822710940286e+02 -8.065396574670890573e+01 2.540749140410236695e-01 7.614410505836726184e-01 -4.964072289558915663e-01 3.305046559148785423e-01
362.500000 2.440655308012483715e+02 1.103000442689024112e+02 -8.067978839399610536e+01 2.548460103566932977e-01 7.621229838702198167e-01 -4.956289314341540964e-01 3.295057371085780007e-01
362.600000 2.441924163860647070e+02 1.103879488280478256e+02 -8.071048168721509342e+01 2.554804636105089677e-01 7.627694120019549162e-01 -4.949100962636472922e-01 3.285978597676172952e-01
362.700000 2.443123614969497339e+02 1.104560946874313458e+02 -8.074826962151543341e+01 2.561003470823569605e-01 7.633214483705740294e-01 -4.943504076983921136e-01 3.276746146563365158e-01
362.800000 2.444398547244794031e+02 1.105311175004797519e+02 -8.080203819371993745e+01 2.566673666736910553e-01 7.639091517243378204e-01 -4.937587446500698585e-01 3.267521581844297640e-01
362.900000 2.445718373055616155e+02 1.106051668715951735e+02 -8.084513055052373431e+01 2.574261140708747897e-01 7.645469744278549085e-01 -4.931204414067068553e-01 3.256254749776749668e-01
363.000000 2.446962928105132278e+02 1.106935221395351903e+02 -8.088341730108042782e+01 2.581287130504357763e-01 7.651780863302497515e-01 -4.924344114251700266e-01 3.246234959814970900e-01
363.100000 2.448259171950536484e+02 1.107732092340732493e+02 -8.092358414212256434e+01 2.587821167433146385e-01 7.657548322526781526e-01 -4.917606082715755278e-01 3.237635820902222683e-01
363.200000 2.449406506161221273e+02 1.108558420458887355e+02 -8.094539037859604491e+01 2.594931475020421652e-01 7.663528289925974901e-01 -4.911193836052132333e-01 3.227512958018317057e-01
363.300000 2.450529682904695505e+02 1.109378544363185455e+02 -8.097894142350330071e+01 2.602072960302158067e-01 7.669371452159590152e-01 -4.903915897611235697e-01 3.218938754810297120e-01
363.400000 2.451639412045808513e+02 1.110262550732744842e+02 -8.099716853074870926e+01 2.608975325068951245e-01 7.674946548497152410e-01 -4.897234651454923093e-01 3.210223668139370323e-01
363.500000 2.452787906056816496e+02 1.111059287820115458e+02 -8.102767555148065526e+01 2.616364022386742372e-01 7.680824773887288126e-01 -4.890328611651180157e-01 3.200664956734050048e-01
363.600000 2.454131904050815365e+02 1.111680082012766491e+02 -8.108100952233318992e+01 2.621764459409264281e-01 7.686353062717425910e-01 -4.885336788607630987e-01 3.190581792794187632e-01
363.700000 2.455229918930833151e+02 1.112231914184981179e+02 -8.111939421019606300e+01 2.627839043844095168e-01 7.692258102397638853e-01 -4.878878329221898458e-01 3.181222012748460282e-01
363.800000 2.456278697761129877e+02 1.113135083457237045e+02 -8.108327535354331417e+01 2.643176388114167330e-01 7.701342076889624577e-01 -4.869536535045939640e-01 3.160785144532592961e-01
363.900000 2.457446714973358439e+02 1.114071237151727303e+02 -8.103472496922844925e+01 2.658485960955034866e-01 7.711785692457031605e-01 -4.858245089579946163e-01 3.139787967139238134e-01
364.000000 2.458806098683191692e+02 1.115116476107328083e+02 -8.104277618978734665e+01 2.665896357420855511e-01 7.717731139757758596e-01 -4.851142791257818665e-01 3.129862023273696225e-01
364.100000 2.460048659133045703e+02 1.116045872696624741e+02 -8.106896586459721732e+01 2.672875517637159359e-01 7.723058868099752505e-01 -4.844854391825948459e-01 3.120494209109589412e-01
364.200000 2.461207478687562116e+02 1.117107166047240696e+02 -8.106067270057273788e+01 2.680554047659450823e-01 7.729076877269046575e-01 -4.836984958211454355e-01 3.111201879801057668e-01
364.300000 2.462347662204315384e+02 1.117929940141619198e+02 -8.108694716559938342e+01 2.687472576209080644e-01 7.734884050346036988e-01 -4.829837016638919289e-01 3.101892047207812642e-01
364.400000 2.464996287336090859e+02 1.119065875190629242e+02 -8.121336143340268166e+01 2.692832979529294346e-01 7.740365065556606972e-01 -4.823800407174824167e-01 3.092951475211054291e-01
364.500000 2.466134817814610187e+02 1.119932016377925095e+02 -8.121385610726542836e+01 2.699910169876703625e-01 7.746463545209708590e-01 -4.816387970173633404e-01 3.083049551677700673e-01
364.600000 2.467503430278868564e+02 1.120657684518266421e+02 -8.124153619239041291e+01 2.707086337536042664e-01 7.752121612738021028e-01 -4.810546844368533415e-01 3.071633624080468139e-01
364.700000 2.469139155044857148e+02 1.123185091643014744e+02 -8.114990545614352868e+01 2.714441024276442183e-01 7.758065537165323988e-01 -4.801797882219187574e-01 3.063815618650720385e-01
364.800000 2.470355155903961872e+02 1.123916821363199290e+02 -8.116789027492529840e+01 2.721130075999403930e-01 7.763820881252567752e-01 -4.795457097011854297e-01 3.053215954372818230e-01
364.900000 2.471570419870976423e+02 1.125291018923724380e+02 -8.113746666954489228e+01 2.728258309843075713e-01 7.770041970857696212e-01 -4.787102037439969204e-01 3.044126877943844067e-01
365.000000 2.472801285443670167e+02 1.125913762614336520e+02 -8.117543445416195880e+01 2.734491855627793622e-01 7.775939719176516718e-01 -4.780259877180395578e-01 3.034210157826512932e-01
365.100000 2.474115849115834180e+02 1.126756536464690157e+02 -8.119455984732464060e+01 2.740273128100302324e-01 7.780509039855468822e-01 -4.775370490120721123e-01 3.024965941332710684e-01
365.200000 2.475278052839191503e+02 1.127806570306843525e+02 -8.117964922282496332e+01 2.748005473055382120e-01 7.786468591215864876e-01 -4.767721242383594626e-01 3.014665313594648843e-01
365.300000 2.476507917435876891e+02 1.128787500828778150e+02 -8.117619615300415603e+01 2.754276564110182401e-01 7.791321409074325466e-01 -4.761617771562026702e-01 3.006038507144935812e-01
365.400000 2.477731528185070715e+02 1.129354401175411624e+02 -8.122395761070835363e+01 2.759664927248153266e-01 7.795948541704673662e-01 -4.756593542285261766e-01 2.997040823528996367e-01
365.500000 2.479086703391458286e+02 1.130003147369900773e+02 -8.127067033694852682e+01 2.766084667427537447e-01 7.801292542106634809e-01 -4.750392311709581983e-01 2.987035850127041092e-01
365.600000 2.480408663075655795e+02 1.131066788089892441e+02 -8.124470589279391675e+01 2.774694330172990386e-01 7.806713246260268413e-01 -4.744597842992655523e-01 2.974069766000748682e-01
365.700000 2.481520742539628941e+02 1.131962032843440795e+02 -8.123555652586205156e+01 2.781602487309965399e-01 7.811385189094121051e-01 -4.738492164855417355e-01 2.965070156639779686e-01
365.800000 2.483059865240491604e+02 1.132674410130774731e+02 -8.126195609027612932e+01 2.789554917622734664e-01 7.816471188382939639e-01 -4.733119667683003962e-01 2.952751214399637059e-01
365.900000 2.484321481010974821e+02 1.133339067394411188e+02 -8.127341932674022473e+01 2.795737377740490914e-01 7.820975878295367556e-01 -4.729265249096464285e-01 2.941128869926529221e-01
366.000000 2.485617654484576633e+02 1.134225615451904048e+02 -8.128313754396225477e+01 2.802579452426308682e-01 7.825713991645198986e-01 -4.722937733503031477e-01 2.932167815671481437e-01
366.100000 2.486963083251021658e+02 1.135035930109987987e+02 -8.129290160894538531e+01 2.810028378788027026e-01 7.830254035169079696e-01 -4.717955412198404641e-01 2.920917490041800568e-01
366.200000 2.488254941295835465e+02 1.135571877896221906e+02 -8.132274899481799935e+01 2.816281778134969160e-01 7.834358740930884579e-01 -4.715306909300155946e-01 2.908137000839365327e-01
366.300000 2.489368788071142262e+02 1.136442154507903126e+02 -8.130056895502136172e+01 2.823788452207220967e-01 7.839074073956754374e-01 -4.709308445634505791e-01 2.897852722978809803e-01
366.400000 2.490656343549979397e+02 1.136965277075415770e+02 -8.133450808690805900e+01 2.829379880767281530e-01 7.843650691470179792e-01 -4.705836361691186354e-01 2.885629473354774377e-01
366.500000 2.491951762650925843e+02 1.137858805345160249e+02 -8.133375564704806493e+01 2.835709202843196830e-01 7.848080548211497920e-01 -4.700269538537433789e-01 2.876430303482395145e-01
366.600000 2.493344406165126657e+02 1.138576779521561093e+02 -8.134871032307530925e+01 2.842003873853602425e-01 7.852460419438844763e-01 -4.696848196512778406e-01 2.863825476711546747e-01
366.700000 2.494596862893344564e+02 1.139237448708880152e+02 -8.136930329815562857e+01 2.848871124303893332e-01 7.856463945064514620e-01 -4.691759206543053562e-01 2.854348112061195208e-01
366.800000 2.495860599022228712e+02 1.140060176111993258e+02 -8.132425660829595415e+01 2.862846745016870420e-01 7.862682214379649315e-01 -4.686771618384049654e-01 2.831343975453001205e-01
366.900000 2.497044244079668829e+02 1.140862893118916190e+02 -8.131868728526566770e+01 2.869290775273238836e-01 7.866923783357878674e-01 -4.681083904546000651e-01 2.822434075823636035e-01
367.000000 2.499628697554688301e+02 1.142395352628191176e+02 -8.131494136665703820e+01 2.877104727368939852e-01 7.871124051687866663e-01 -4.675610504843617510e-01 2.811821644003775766e-01
367.100000 2.500551990535327604e+02 1.143245616799935647e+02 -8.128603752816755446e+01 2.884913539853406483e-01 7.875859410326405685e-01 -4.669026558829586504e-01 2.801482359267580269e-01
367.200000 2.501739131539875700e+02 1.144036820039141276e+02 -8.127501734396592781e+01 2.892851821804975909e-01 7.880646199063201518e-01 -4.662425092308261076e-01 2.790809216138689930e-01
367.300000 2.502822167299839009e+02 1.144733803825333496e+02 -8.127378147866294000e+01 2.900258200274941078e-01 7.884985391767377338e-01 -4.656840674155673376e-01 2.780169541391739885e-01
367.400000 2.504221760348822272e+02 1.145705903827148973e+02 -8.125239520770335844e+01 2.908392091133658042e-01 7.889700232645174838e-01 -4.649747526841547240e-01 2.770150468812262456e-01
367.500000 2.505603400775946739e+02 1.146459095521670406e+02 -8.125646709558839120e+01 2.915193534054245639e-01 7.893802459278382866e-01 -4.644111996657404040e-01 2.760752280702065686e-01
367.600000 2.506656968528498339e+02 1.147334306149649876e+02 -8.121506812323274005e+01 2.922834595502435406e-01 7.898084814621713079e-01 -4.637952617378328091e-01 2.750761659491702260e-01
367.700000 2.508299539723508929e+02 1.148202629853598182e+02 -8.122443085469527091e+01 2.930058299860160975e-01 7.902124311344976837e-01 -4.632094868265606014e-01 2.741329396270849594e-01
367.800000 2.509405119279956011e+02 1.148858834212019246e+02 -8.121653508225216456e+01 2.937929195327709797e-01 7.906553037070589429e-01 -4.625659470377466720e-01 2.730982530031663136e-01
367.900000 2.510997668072801048e+02 1.149819869205732061e+02 -8.121888920306936654e+01 2.944892376549662627e-01 7.910593517328756707e-01 -4.619500895047430888e-01 2.722192236928161480e-01
368.000000 2.512182388833081177e+02 1.150603610894670794e+02 -8.120145177935479808e+01 2.952127880301575469e-01 7.914798668121864056e-01 -4.613661004432086932e-01 2.712016806294756388e-01
368.100000 2.513095080663005092e+02 1.151578064259995813e+02 -8.114997168654792858e+01 2.958771830315604645e-01 7.918985563130754857e-01 -4.606896100484148548e-01 2.704042386206522708e-01
368.200000 2.514230061728082433e+02 1.152418509892101213e+02 -8.112690366233009343e+01 2.966591010419591390e-01 7.923300965499491255e-01 -4.600612292173393292e-01 2.693511857058654146e-01
368.300000 2.515747262683970575e+02 1.153222043325367849e+02 -8.112955250521133621e+01 2.972867105885417804e-01 7.927796324971188024e-01 -4.594656752456211524e-01 2.683511864633045807e-01
368.400000 2.516765142748620860e+02 1.154107886660791280e+02 -8.108190521838200482e+01 2.979688941039118633e-01 7.931686715534606025e-01 -4.588466729488036022e-01 2.675027613622407152e-01
368.500000 2.517767595451266232e+02 1.154997771008606549e+02 -8.097464088923146619e+01 2.989437558511270354e-01 7.936788722173258037e-01 -4.580897648570144143e-01 2.661958789438725881e-01
368.600000 2.518917752294702836e+02 1.155789126557635598e+02 -8.094317865506855014e+01 2.996061985633323155e-01 7.940994105492870103e-01 -4.574447157283137999e-01 2.653047002975003066e-01
368.700000 2.519781646702101625e+02 1.156542065905581751e+02 -8.085751222207078115e+01 3.011396514644210098e-01 7.947602846444464797e-01 -4.565706296115625840e-01 2.630860323997965544e-01
368.800000 2.522217548791409456e+02 1.158341708056618131e+02 -8.077165830910813327e+01 3.017302156220839082e-01 7.951753584381953122e-01 -4.558985678299827815e-01 2.623195039716045285e-01
368.900000 2.523433698110186469e+02 1.159221171657887055e+02 -8.072428970983236240e+01 3.024610898969053441e-01 7.956094594263157793e-01 -4.552387955140207998e-01 2.613054079591262124e-01
369.000000 2.524587850398861519e+02 1.160065988414287403e+02 -8.072122353595814559e+01 3.030108595730532373e-01 7.959836516187446254e-01 -4.546984265106376322e-01 2.604683978244551890e-01
369.100000 2.524940331271172340e+02 1.160689413459528225e+02 -8.059735011879818956e+01 3.051951233988308143e-01 7.969351929221710762e-01 -4.532162705014791126e-01 2.575757113712480173e-01
369.200000 2.526381551157524541e+02 1.161305292585118707e+02 -8.061171695831608019e+01 3.057874136244793095e-01 7.973377163427909364e-01 -4.526425209668296090e-01 2.566347053282309609e-01
369.300000 2.527827816691849989e+02 1.162175178731820893e+02 -8.058019755771424286e+01 3.064541162771412530e-01 7.978246202709369239e-01 -4.520069303553507223e-01 2.554437018543712079e-01
369.400000 2.529155152059796592e+02 1.163005232697754536e+02 -8.056430183899782094e+01 3.071216593068701317e-01 7.982773756316196012e-01 -4.512893794331208075e-01 2.544944281318505808e-01
369.500000 2.530267987351295460e+02 1.164015130184936311e+02 -8.051761421328723145e+01 3.077455185547292582e-01 7.987052906515200723e-01 -4.506186614836796833e-01 2.535850477007836612e-01
369.600000 2.531080023235388126e+02 1.164609661118417705e+02 -8.041591905806322416e+01 3.092589354890755704e-01 7.994747210148684946e-01 -4.495272378860515894e-01 2.512455843928390053e-01
369.700000 2.532171104575232334e+02 1.165444160129570719e+02 -8.037596460552374822e+01 3.098512531721061003e-01 7.999738167878387429e-01 -4.487764464887843419e-01 2.502674458224082854e-01
369.800000 2.533391779053263235e+02 1.166172710226071274e+02 -8.035992426434476954e+01 3.104019144576415368e-01 8.004246173566226252e-01 -4.481764746596173521e-01 2.492166346619190398e-01
369.900000 2.534790735977102543e+02 1.166892791037965651e+02 -8.035694991503250151e+01 3.109497080417624182e-01 8.008401088119897482e-01 -4.476020927421861528e-01 2.482292604822373128e-01
370.000000 2.536155323105687103e+02 1.167676308743797904e+02 -8.035865398574848939e+01 3.114838549441963367e-01 8.012431002128215241e-01 -4.470155375608565462e-01 2.473143983872100327e-01
370.100000 2.537295420312107694e+02 1.168274326076395084e+02 -8.036006586195448165e+01 3.120198319932535047e-01 8.016862776439824811e-01 -4.463659505539214756e-01 2.463740547751155918e-01
370.200000 2.538720299467644281e+02 1.169170229078658849e+02 -8.032638864248083621e+01 3.126077826907097124e-01 8.021468639772202369e-01 -4.456656922846169988e-01 2.453953413029315578e-01
370.300000 2.539966182037328224e+02 1.169871307101341813e+02 -8.033102839012339302e+01 3.131598915895744129e-01 8.025879969236737743e-01 -4.450647355058905408e-01 2.443374115904534127e-01
370.400000 2.541187057766270527e+02 1.170739082569744767e+02 -8.028275494127652223e+01 3.138346910450415250e-01 8.030094463883434841e-01 -4.443084381530310045e-01 2.434617577644661857e-01
370.500000 2.542431449482266999e+02 1.171441485124336737e+02 -8.027648794661172360e+01 3.143789438837743533e-01 8.034614678592884029e-01 -4.437386046041633669e-01 2.423047669606817334e-01
370.600000 2.543748948908531133e+02 1.172266399480761550e+02 -8.025204071698550479e+01 3.149984335544035452e-01 8.038882133106742822e-01 -4.430978668191516423e-01 2.412550678820264971e-01
370.700000 2.544986989246356757e+02 1.173287624794207034e+02 -8.019117297002729572e+01 3.155680176984089758e-01 8.043014675440820493e-01 -4.424436179684708703e-01 2.403323124993854421e-01
370.800000 2.546001948427973787e+02 1.174132160894609740e+02 -8.010557995375832263e+01 3.170085591129578884e-01 8.049697310822250262e-01 -4.415006807023892366e-01 2.379211096768501232e-01
370.900000 2.546486845212230890e+02 1.174710171788827040e+02 -7.996751088272041841e+01 3.185577528049352014e-01 8.056625821568125234e-01 -4.402790035389184120e-01 2.357608128656331625e-01
371.000000 2.547958484597079973e+02 1.175592448522771178e+02 -7.996304829629272604e+01 3.189576325400799717e-01 8.060535243424991059e-01 -4.397658601985461324e-01 2.348398022978570032e-01
371.100000 2.548186838509707002e+02 1.175965295164832582e+02 -7.981190359273979595e+01 3.200703108471066316e-01 8.065925277526453385e-01 -4.387988120267001801e-01 2.332790021664854219e-01
371.200000 2.549483874135558494e+02 1.176780902033566463e+02 -7.977609849851455692e+01 3.207918973144519570e-01 8.070047025776436733e-01 -4.381649625672960902e-01 2.320504992741080630e-01
371.300000 2.550443007719929653e+02 1.177721473736075097e+02 -7.969421831175471027e+01 3.213431865224666839e-01 8.073756989536677864e-01 -4.374508826490055013e-01 2.313433865150882063e-01
371.400000 2.551641499776487763e+02 1.178480664980897927e+02 -7.967609030692067051e+01 3.218915029546922102e-01 8.077345279831952274e-01 -4.369178328397738120e-01 2.303336709557023965e-01
371.500000 2.552829259088748586e+02 1.179366217506747887e+02 -7.962313947386932966e+01 3.224216267156442273e-01 8.080854416418303821e-01 -4.363278814737699407e-01 2.294780893270152999e-01
371.600000 2.554066294088352151e+02 1.180073431490875180e+02 -7.961086784449003062e+01 3.229369902554072858e-01 8.084522386736605615e-01 -4.357396783284737674e-01 2.285773629179491395e-01
371.700000 2.555120251375115856e+02 1.181008457226297423e+02 -7.951281167031152108e+01 3.235835520750893202e-01 8.088733324413668324e-01 -4.349146011459875116e-01 2.277430714680311608e-01
371.800000 2.556310521591973384e+02 1.181746040760253607e+02 -7.948353228741683552e+01 3.241326385171332536e-01 8.092177167885946654e-01 -4.343242023370086358e-01 2.268638506851559378e-01
371.900000 2.557692125095200595e+02 1.182480935727089673e+02 -7.950046169512258132e+01 3.245914944493070720e-01 8.095631828302977118e-01 -4.337669243586098622e-01 2.260399744941488098e-01
372.000000 2.559065634000440070e+02 1.183247380907159254e+02 -7.949400636413336940e+01 3.250786702081527313e-01 8.099065009483590316e-01 -4.332199043217307421e-01 2.251573503058590386e-01
372.100000 2.560387643063485257e+02 1.184086431460133042e+02 -7.947736186667644631e+01 3.256074155216631683e-01 8.102924072148989243e-01 -4.325282025101850336e-01 2.243331892531634231e-01
372.200000 2.561756059332515179e+02 1.185042801851208196e+02 -7.943697768881776256e+01 3.260708597407165898e-01 8.106104369062202553e-01 -4.319499451767860321e-01 2.236241464342080820e-01
372.300000 2.562856977512309413e+02 1.185874157774919411e+02 -7.939874188699310764e+01 3.266593455727987982e-01 8.109586642321879868e-01 -4.312816114819702507e-01 2.227911319020822456e-01
372.400000 2.563988722454648723e+02 1.186719767799523026e+02 -7.932912444358730397e+01 3.272881841242404333e-01 8.113349989007571095e-01 -4.305914894744937715e-01 2.218308663903710565e-01
372.500000 2.565257071159227280e+02 1.187313317287083692e+02 -7.935895025541249481e+01 3.276733687077985069e-01 8.117363447525727249e-01 -4.299920190262553898e-01 2.209550488699908166e-01
372.600000 2.566621732181288280e+02 1.188252326484388561e+02 -7.931329594295041829e+01 3.280725564615430967e-01 8.121135420389907766e-01 -4.293909428181839072e-01 2.201440681903180097e-01
372.700000 2.567862663025672418e+02 1.188943116445844339e+02 -7.929513673059193479e+01 3.286887297996508583e-01 8.125417250705712080e-01 -4.285875937057444518e-01 2.192084360683961008e-01
372.800000 2.568199778612640785e+02 1.189526231109347520e+02 -7.915275939619792211e+01 3.294676801829554136e-01 8.129070615642979281e-01 -4.277984385114653731e-01 2.182238597883204845e-01
372.900000 2.568309012259446718e+02 1.189980638695556081e+02 -7.900233070497220922e+01 3.307860399954674624e-01 8.133877568892322607e-01 -4.267127774747845326e-01 2.165575171324589099e-01
373.000000 2.568926028945479629e+02 1.190655716400495692e+02 -7.889216771657088145e+01 3.313590705570457207e-01 8.137928041175964688e-01 -4.259586898466637406e-01 2.156423726221350368e-01
373.100000 2.569596273781787659e+02 1.191337187651081422e+02 -7.874940239113668383e+01 3.320351712400373967e-01 8.141688031179215024e-01 -4.251489752725307047e-01 2.147793144458915171e-01
373.200000 2.570962728484944364e+02 1.192103185126862570e+02 -7.873288653524565461e+01 3.326168116718619672e-01 8.145265023161581963e-01 -4.245024855678762865e-01 2.137996103002659798e-01
373.300000 2.572224959407799361e+02 1.192771078928084023e+02 -7.872274473750863422e+01 3.331001933694172079e-01 8.148943257066399992e-01 -4.238555366893465015e-01 2.129271779885399396e-01
373.400000 2.574593350452091158e+02 1.194232896107602642e+02 -7.857521387095158616e+01 3.337741460676582061e-01 8.152568220499425422e-01 -4.230984066558147183e-01 2.119879048510665276e-01
373.500000 2.574822767588047441e+02 1.194798660495396234e+02 -7.844571294447383991e+01 3.344695865588898087e-01 8.155867849799075531e-01 -4.222897115289511172e-01 2.112337363445017657e-01
373.600000 2.575353964705774388e+02 1.195691416795795305e+02 -7.813329305035495054e+01 3.359163347805543265e-01 8.160437835871092727e-01 -4.211377233725730473e-01 2.094654559802160421e-01
373.700000 2.577044204135256678e+02 1.196437810103112724e+02 -7.815541772116736752e+01 3.362278583543328314e-01 8.164976464354321006e-01 -4.204768954259203717e-01 2.085224233621855716e-01
373.800000 2.576976840295598663e+02 1.196876256240045961e+02 -7.796000731901757774e+01 3.374252225600057886e-01 8.169544340859280496e-01 -4.193904705414993050e-01 2.069814122733040496e-01
373.900000 2.579951094684236068e+02 1.198556096334305892e+02 -7.792381114587831803e+01 3.380288227934802325e-01 8.172662585310566108e-01 -4.187322415488506921e-01 2.060963064078950024e-01
374.000000 2.580909814345175164e+02 1.199494591681775830e+02 -7.777502188686560203e+01 3.386094651259313193e-01 8.176361019900149074e-01 -4.179230989554488795e-01 2.053171162109447556e-01
374.100000 2.582392074473881962e+02 1.200679006801090338e+02 -7.767462607693893517e+01 3.390981704807576880e-01 8.180183301285821607e-01 -4.170942858867499048e-01 2.046724188328045146e-01
374.200000 2.583594989424863115e+02 1.201544075676996215e+02 -7.762151378487482134e+01 3.396967800585607433e-01 8.183866910639705505e-01 -4.163315965565635990e-01 2.037580015996276750e-01
374.300000 2.584254076775474118e+02 1.202160640382047632e+02 -7.751049158856089605e+01 3.403128696306692569e-01 8.187267206515820295e-01 -4.155589443957483642e-01 2.029395757055208471e-01
374.400000 2.585366546398020660e+02 1.202791027628345262e+02 -7.749532594176132250e+01 3.407882136677560236e-01 8.190493525197489744e-01 -4.149286984475383799e-01 2.021279959994444764e-01
374.500000 2.586072536908419011e+02 1.203403160559810203e+02 -7.735128872378010101e+01 3.422414259851331297e-01 8.197039227780442694e-01 -4.134034986209513263e-01 2.001345363746739603e-01
374.600000 2.586954562503219677e+02 1.204241313223492966e+02 -7.723018066537278514e+01 3.427431440642647598e-01 8.200888103662816730e-01 -4.125735239284461509e-01 1.994105505288609748e-01
374.700000 2.587820238824998569e+02 1.205019761970115155e+02 -7.714707220255905895e+01 3.433955635530470674e-01 8.203571913601442889e-01 -4.118931950713853873e-01 1.985889255967369094e-01
374.800000 2.588351649071482257e+02 1.205583134490306350e+02 -7.702678290412012529e+01 3.449382218769185271e-01 8.208304982358672897e-01 -4.105700609991241312e-01 1.966904707031404964e-01
374.900000 2.589452296559363731e+02 1.206286174639689364e+02 -7.696849401926446888e+01 3.453885607541747338e-01 8.211668701078510546e-01 -4.099498103847275532e-01 1.957878098936739197e-01
375.000000 2.590007280990111553e+02 1.206828226834963118e+02 -7.686575605129951327e+01 3.460334619397437694e-01 8.214899276991388666e-01 -4.091043936078861409e-01 1.950608547033030327e-01
375.100000 2.590443721858515573e+02 1.207243904779600143e+02 -7.673603323596044845e+01 3.467207884998639300e-01 8.217934912982556295e-01 -4.083449389408579933e-01 1.941508777297787092e-01
375.200000 2.590644986499158904e+02 1.207649221940028497e+02 -7.661556785386522961e+01 3.473575239530645176e-01 8.220935909664639496e-01 -4.076233308357656848e-01 1.932565610876292583e-01
375.300000 2.591164893128382118e+02 1.208292176626712262e+02 -7.649884197001183850e+01 3.484713671864193563e-01 8.225617038407414539e-01 -4.064027176055846624e-01 1.918248699951063396e-01
375.400000 2.592099119247376393e+02 1.208950343350145431e+02 -7.641284580338273713e+01 3.489475757127984967e-01 8.228756837707231764e-01 -4.056304356380612819e-01 1.912463023096196424e-01
375.500000 2.593202712397024357e+02 1.209711912912603680e+02 -7.633058443147311323e+01 3.493711805237380563e-01 8.231255840120413891e-01 -4.051044813861922056e-01 1.905109191755416653e-01
375.600000 2.593858385663571653e+02 1.210403280989135908e+02 -7.622396817389464729e+01 3.499054654822055244e-01 8.233760929111775262e-01 -4.045236199911802499e-01 1.896802987061026458e-01
375.700000 2.594841580658319344e+02 1.211148564902485987e+02 -7.612641751886096131e+01 3.503214860414651244e-01 8.236937593799376067e-01 -4.038450011740051804e-01 1.889779410487176237e-01
375.800000 2.596187532838932270e+02 1.211811659379046091e+02 -7.607956191152055681e+01 3.509470167788484862e-01 8.240255962270746082e-01 -4.030553204516487131e-01 1.880542922463077082e-01
375.900000 2.597355782248999958e+02 1.212490781514272271e+02 -7.603321670755231310e+01 3.514000063741133384e-01 8.243992578382349778e-01 -4.022656024867923841e-01 1.872599376588017506e-01
376.000000 2.598543451032433040e+02 1.212978580371701867e+02 -7.602705754666111204e+01 3.517946696086082237e-01 8.247536716260661649e-01 -4.016287355238088441e-01 1.863229732905731795e-01
376.100000 2.598531990034874752e+02 1.213152244430705764e+02 -7.588531368645308817e+01 3.523357858134401610e-01 8.249945398923388407e-01 -4.009508700545323379e-01 1.856930342946851720e-01
376.200000 2.599936361292471361e+02 1.213906652695578998e+02 -7.582248962520220914e+01 3.527675208082332592e-01 8.253804608639805362e-01 -4.000981216977266830e-01 1.849963894261907327e-01
376.300000 2.601027767726363891e+02 1.214583269549155773e+02 -7.575999872286482173e+01 3.531762643919602596e-01 8.256331106902563555e-01 -3.996090537215444272e-01 1.841442287606178951e-01
376.400000 2.602326562922846733e+02 1.215314599819382408e+02 -7.571042426968728023e+01 3.535294636065791085e-01 8.259215701211118921e-01 -3.991412191042841284e-01 1.831850582953410134e-01
376.500000 2.603536525338288925e+02 1.216057371799340103e+02 -7.564308155569170822e+01 3.537177078798788843e-01 8.262113093153202747e-01 -3.986914262310969348e-01 1.824932934150803598e-01
376.600000 2.605843856571195261e+02 1.217371591861207492e+02 -7.550346195373575142e+01 3.542615351512035660e-01 8.264076913693100268e-01 -3.982292918328080855e-01 1.815558412288074686e-01
376.700000 2.607173428380385758e+02 1.218127638848984873e+02 -7.546726001599679989e+01 3.544525367572544661e-01 8.267598330218838276e-01 -3.976285288734632828e-01 1.808953584642223056e-01
376.800000 2.607546961048723233e+02 1.218680435593470293e+02 -7.530924964006888445e+01 3.555350887331071297e-01 8.270103090038397609e-01 -3.968599368148687523e-01 1.793068320845955521e-01
376.900000 2.608447672448928074e+02 1.219262305365570569e+02 -7.519426747241234921e+01 3.559437384182881359e-01 8.273442464227206417e-01 -3.961178283786235266e-01 1.785951260047070888e-01
377.000000 2.610121822351936203e+02 1.220063559412346876e+02 -7.520378518966728620e+01 3.562606762302626406e-01 8.276812976665760546e-01 -3.954989741951400739e-01 1.777710929131073314e-01
377.100000 2.611192240965940528e+02 1.220867757475536166e+02 -7.493505023914229923e+01 3.567867552154898036e-01 8.279709505347692122e-01 -3.948369140538451894e-01 1.768364432852838342e-01
377.200000 2.613754123534762357e+02 1.222921894533539842e+02 -7.463715524254310196e+01 3.571081360365573332e-01 8.282022031940903251e-01 -3.943087156650800229e-01 1.762825191319485896e-01
377.300000 2.614006382529378243e+02 1.223376265701856767e+02 -7.450392536598972981e+01 3.574996920661270838e-01 8.283461834856149508e-01 -3.939307985420094638e-01 1.756561881559969285e-01
377.400000 2.614946690868272299e+02 1.224053377363539994e+02 -7.439742873145280555e+01 3.579945039575989085e-01 8.285428442910558466e-01 -3.935557455135231253e-01 1.745582008486990522e-01
377.500000 2.615126024856911044e+02 1.224489880154558534e+02 -7.423232219973638735e+01 3.587033955851683387e-01 8.286192517637974708e-01 -3.931810479351622867e-01 1.735818917591411825e-01
377.600000 2.615723302349701953e+02 1.225168571236379762e+02 -7.410353119842380920e+01 3.590596802601449533e-01 8.287164953010135449e-01 -3.929215831898639211e-01 1.729674706153113417e-01
377.700000 2.617066457936883239e+02 1.225881180110618800e+02 -7.406284076863371979e+01 3.593413928298158644e-01 8.290682297461767769e-01 -3.922286251572533189e-01 1.722682194483923512e-01
377.800000 2.618023104363592779e+02 1.226564777128723733e+02 -7.398129154576756150e+01 3.596416576946504517e-01 8.292687295884741960e-01 -3.919491818737231292e-01 1.713099267581446594e-01
377.900000 2.618359342026050740e+02 1.227015191691553184e+02 -7.383427594670661165e+01 3.600914544123696714e-01 8.294907683394240339e-01 -3.913916232266485551e-01 1.705632051963887341e-01
378.000000 2.618944274912891501e+02 1.227586045326943065e+02 -7.371681511858874103e+01 3.603684874821349027e-01 8.296379800085205147e-01 -3.911621064105318402e-01 1.697868718885413575e-01
378.100000 2.619881054285118580e+02 1.228301729422165067e+02 -7.363569141068765589e+01 3.607263242504634704e-01 8.298749937186912229e-01 -3.906590769486273373e-01 1.690251442561075679e-01
378.200000 2.620644146220168977e+02 1.228965278701425916e+02 -7.353443186813800025e+01 3.610752131583989111e-01 8.300504842356942747e-01 -3.903284104633978902e-01 1.681803081452265813e-01
378.300000 2.620677555849699729e+02 1.229213491999109351e+02 -7.340807650595976952e+01 3.622502904137970270e-01 8.301213888267693353e-01 -3.897787823780958227e-01 1.665704286939451439e-01
378.400000 2.621297576555068076e+02 1.229942956344818299e+02 -7.328312398992694909e+01 3.625041990141605885e-01 8.303407265836397766e-01 -3.893377941573009648e-01 1.659550105130370434e-01
378.500000 2.622162790834109387e+02 1.230588853688487916e+02 -7.318905308605927473e+01 3.628901905328609234e-01 8.304604213793234102e-01 -3.890490998466250017e-01 1.651877599764312310e-01
378.600000 2.623234508814396122e+02 1.231746865382704357e+02 -7.289922584359042901e+01 3.632349198694135306e-01 8.306944783254095466e-01 -3.885417446630715643e-01 1.644457032619377201e-01
378.700000 2.623510599194834185e+02 1.232316680860414237e+02 -7.277019174559183057e+01 3.641899757217512135e-01 8.309402113027298808e-01 -3.877957564220671505e-01 1.628449511805684646e-01
378.800000 2.624352342392641049e+02 1.232963408962166341e+02 -7.267302910643266500e+01 3.645363579272841714e-01 8.311591654789779460e-01 -3.873530671434272099e-01 1.620039714450833557e-01
378.900000 2.625544530811095001e+02 1.233867247798672224e+02 -7.258639123786200287e+01 3.644022988334871815e-01 8.314044450654353158e-01 -3.871393463945595470e-01 1.615572338321583645e-01
379.000000 2.627824094034031077e+02 1.235172896320582652e+02 -7.243554513875270118e+01 3.648262520404405573e-01 8.316334381724659330e-01 -3.865518922644475275e-01 1.608268165522869775e-01
379.100000 2.629112617615669478e+02 1.236021624871178801e+02 -7.235661878430569516e+01 3.650904761193389247e-01 8.318171371980930262e-01 -3.861965313561346314e-01 1.601294278982271224e-01
379.200000 2.630071053293993941e+02 1.236740978110558160e+02 -7.225213023988251848e+01 3.654728105339904443e-01 8.320345369251934686e-01 -3.856556715296710625e-01 1.594297874961358996e-01
379.300000 2.630727599158682892e+02 1.237413240247547037e+02 -7.212374747527971408e+01 3.658086582287780053e-01 8.321105733553554318e-01 -3.854567089531392154e-01 1.587423850082188004e-01
379.400000 2.631965901660212239e+02 1.238351992154900927e+02 -7.204619541565033103e+01 3.658927809445078894e-01 8.324634310926112279e-01 -3.848036172048412973e-01 1.582822950689098118e-01
379.500000 2.632584198363847463e+02 1.238997135232493463e+02 -7.193232412666009168e+01 3.666948858997459149e-01 8.326788914319021018e-01 -3.842675807949545996e-01 1.565859213617362966e-01
379.600000 2.633648323422761450e+02 1.239713190381938830e+02 -7.183785819449215637e+01 3.669794855580055248e-01 8.328284327542515575e-01 -3.839981434356395384e-01 1.557828123178572610e-01
379.700000 2.634558774339049023e+02 1.240487147178159830e+02 -7.173244860734911299e+01 3.671617288606968676e-01 8.329976231751642368e-01 -3.837132285373214824e-01 1.551495500799691396e-01
379.800000 2.634970791833378598e+02 1.241013180828398959e+02 -7.158775019590140687e+01 3.681850368472914248e-01 8.331876997470348822e-01 -3.829292457688732165e-01 1.536334220372806425e-01
379.900000 2.635415644057478630e+02 1.241681263760106901e+02 -7.145004993693136441e+01 3.684892449690436167e-01 8.333889812214054782e-01 -3.824610059051306021e-01 1.529773227734347041e-01
380.000000 2.635999343378874755e+02 1.242478806690874649e+02 -7.130696530607080774e+01 3.693083954595052232e-01 8.335884506722270881e-01 -3.818756369844420462e-01 1.513690913850263275e-01
380.100000 2.636846416700252007e+02 1.243103720761116904e+02 -7.122998526705761435e+01 3.694757911774171899e-01 8.338376850078806912e-01 -3.813947056195372554e-01 1.507993147196187989e-01
380.200000 2.637509284340708859e+02 1.243755633254686472e+02 -7.110046995352149679e+01 3.698567774440153499e-01 8.340423074161225081e-01 -3.808612943178107391e-01 1.500802055878132646e-01
380.300000 2.638143214190100707e+02 1.244294574435297989e+02 -7.098182571715962297e+01 3.701826066836138018e-01 8.342339199028205865e-01 -3.803854912995663362e-01 1.494171429297412312e-01
380.400000 2.638181603004509270e+02 1.244672139530396748e+02 -7.081215110772603794e+01 3.706807466314173682e-01 8.344056883830552884e-01 -3.797288135507268514e-01 1.488924424883006636e-01
380.500000 2.638406992858139688e+02 1.245432422631469080e+02 -7.067391186239743206e+01 3.715874625553227673e-01 8.345652732490856929e-01 -3.789777726983800110e-01 1.476462331349865376e-01
380.600000 2.639100570088291988e+02 1.245967405419080762e+02 -7.055849342719908179e+01 3.719032227821258973e-01 8.347798019920004142e-01 -3.784736955626007981e-01 1.469297003251991418e-01
380.700000 2.639675765495991868e+02 1.246550048464961833e+02 -7.045666485644092347e+01 3.722763065469681942e-01 8.349828534967403959e-01 -3.779149837750264695e-01 1.462677373466557129e-01
380.800000 2.641595838028461003e+02 1.248203036021052128e+02 -7.028394300073172474e+01 3.725195741279944683e-01 8.352056785829637953e-01 -3.774219909109824966e-01 1.456478016691586941e-01
380.900000 2.641935413340489163e+02 1.248747942199849774e+02 -7.015186775727578095e+01 3.728560045929611433e-01 8.353870414012781742e-01 -3.768181311025608493e-01 1.453099685849741085e-01
381.000000 2.642624824393209337e+02 1.249219619991285697e+02 -7.003056693796636978e+01 3.733342994034015150e-01 8.355053488991062149e-01 -3.763896353527075300e-01 1.445100524150833010e-01
381.100000 2.642901470556266190e+02 1.249587837904990408e+02 -6.989030413904892214e+01 3.738017832239702853e-01 8.356666344765766308e-01 -3.758627779370143362e-01 1.437382170567114703e-01
381.200000 2.643037094370516797e+02 1.249888954028268984e+02 -6.973116799473784511e+01 3.743254192499512745e-01 8.357646902487435581e-01 -3.753733167176964147e-01 1.430829694028116494e-01
381.300000 2.643491539023895029e+02 1.250415830390583096e+02 -6.961790205365262807e+01 3.747363506629426411e-01 8.358419137385445508e-01 -3.750085371820759406e-01 1.425116127558282431e-01
381.400000 2.644778991119945317e+02 1.251100228416141249e+02 -6.954649373240721388e+01 3.752816559732587431e-01 8.359379426638393618e-01 -3.746391887300681289e-01 1.414811399890192889e-01
381.500000 2.644779647981821995e+02 1.251467935222372319e+02 -6.941894493382328335e+01 3.757660464272321033e-01 8.359815092325496577e-01 -3.741473867755081839e-01 1.412392563799953205e-01
381.600000 2.644907353056690340e+02 1.251920075509513026e+02 -6.927923663455992198e+01 3.762826547141253086e-01 8.361586368171324279e-01 -3.734466627918394677e-01 1.406687168031455493e-01
381.700000 2.645664522491240973e+02 1.252551500742271458e+02 -6.916982371890780712e+01 3.766314916248549860e-01 8.363214324825419821e-01 -3.730303447026227515e-01 1.398697358896059395e-01
381.800000 2.645683519752460597e+02 1.252718781865502820e+02 -6.900876561447094559e+01 3.773978982023041273e-01 8.363710885329906919e-01 -3.724554757759175883e-01 1.390364961553558210e-01
381.900000 2.646388397204614193e+02 1.253172987729668648e+02 -6.888794689305170493e+01 3.778628654402961251e-01 8.364376197924640044e-01 -3.720861954492511448e-01 1.383604939036708337e-01
382.000000 2.646490291039348222e+02 1.253513109757613506e+02 -6.874544391076898364e+01 3.783697087164340500e-01 8.365732698434555914e-01 -3.715101097492430893e-01 1.377017286143323582e-01
382.100000 2.646833027194888928e+02 1.254146260336022465e+02 -6.860128037376550481e+01 3.787277878668213749e-01 8.367061061193469262e-01 -3.710748935669143656e-01 1.370823768556966027e-01
382.200000 2.647005702018127522e+02 1.254622702158397942e+02 -6.846344953416684120e+01 3.798738847871154234e-01 8.367085755595307095e-01 -3.704329665807479244e-01 1.356245129468592325e-01
382.300000 2.647942388183573144e+02 1.255212677233243710e+02 -6.836707299612382371e+01 3.804313820817094016e-01 8.367961035002589032e-01 -3.699556821712317589e-01 1.348222456547993886e-01
382.400000 2.648588212104177728e+02 1.255897991439547923e+02 -6.825460197717696076e+01 3.805786025593075883e-01 8.370055035512613539e-01 -3.695293106320011733e-01 1.342751014996524939e-01
382.500000 2.649095846264380612e+02 1.256518448287804972e+02 -6.795763846437677103e+01 3.811151461888596659e-01 8.371829245404805997e-01 -3.688172868522727743e-01 1.336031628451232467e-01
382.600000 2.649111835707639671e+02 1.256738287373409548e+02 -6.781313519500416476e+01 3.816184542533109236e-01 8.372427398068963411e-01 -3.683192533992296624e-01 1.331648511784899735e-01
382.700000 2.649378422817502496e+02 1.257107422005051944e+02 -6.767423024546506838e+01 3.822073134005173900e-01 8.373338497338586039e-01 -3.677270182558514122e-01 1.325384235521731291e-01
382.800000 2.650571738034184364e+02 1.257699167923703385e+02 -6.761424170433801351e+01 3.826541798004411410e-01 8.373286906064615343e-01 -3.675901130574265041e-01 1.316584647903386029e-01
382.900000 2.651106562707145144e+02 1.258181852282889110e+02 -6.748733345886317636e+01 3.830768160340352613e-01 8.374008999728768110e-01 -3.672491770206048334e-01 1.309195467435257387e-01
383.000000 2.651429851840082961e+02 1.258484012849394844e+02 -6.734837732620378858e+01 3.837550768505823551e-01 8.373811967905147036e-01 -3.668217057785532753e-01 1.302559343093492861e-01
383.100000 2.651993801875297549e+02 1.259025519820915520e+02 -6.720844868300731889e+01 3.842785347334083945e-01 8.375176154205213885e-01 -3.662767824094622648e-01 1.293660321384231260e-01
383.200000 2.652061882393675205e+02 1.259154257030019153e+02 -6.707774015438180015e+01 3.848733778678394835e-01 8.375100084824196323e-01 -3.658449437381324221e-01 1.288679395412968554e-01
383.300000 2.652332127408705560e+02 1.259732985911905701e+02 -6.694557392004807639e+01 3.851456944903907664e-01 8.377234302132888777e-01 -3.652534587895817642e-01 1.283439103714810736e-01
383.400000 2.652975015444465043e+02 1.260147276945398858e+02 -6.681954460476927693e+01 3.857167214795818033e-01 8.376576879082827665e-01 -3.650728334238184103e-01 1.275697258564805481e-01
383.500000 2.653033307566165035e+02 1.260923820352082032e+02 -6.669388561457805054e+01 3.863243084327629973e-01 8.376654849190057206e-01 -3.646762387869976196e-01 1.268120852029605561e-01
383.600000 2.653871337231857979e+02 1.261512273242635160e+02 -6.656860515416012447e+01 3.866862359799741466e-01 8.377494184440678060e-01 -3.643195696481975610e-01 1.261781200193534680e-01
383.700000 2.653815115759311425e+02 1.261664479017663041e+02 -6.642318101412843134e+01 3.874258638253392784e-01 8.377908551625783407e-01 -3.636080463659693840e-01 1.256856064275793938e-01
383.800000 2.654217727780071527e+02 1.262309956311464987e+02 -6.628223538110806601e+01 3.876544718320988903e-01 8.380101509077473310e-01 -3.630269819242599172e-01 1.251974753703690713e-01
383.900000 2.654746497360263220e+02 1.262746311758051263e+02 -6.601580124788129922e+01 3.882375746150152906e-01 8.380368992007330986e-01 -3.626051555554773986e-01 1.244316776374041617e-01
384.000000 2.654953818718139473e+02 1.263316918447584953e+02 -6.588504448008696102e+01 3.890310360121866928e-01 8.380996590105800337e-01 -3.619924063987040030e-01 1.233098223796850884e-01
384.100000 2.655003988262028543e+02 1.264314314724825863e+02 -6.560053772186567755e+01 3.895398792570855528e-01 8.381555298454498315e-01 -3.614761874436979716e-01 1.228371123440996082e-01
384.200000 2.654979373611553228e+02 1.264679927349544073e+02 -6.546216379174248345e+01 3.899404354721178190e-01 8.382779329975162952e-01 -3.609220058444295165e-01 1.223595910848842144e-01
384.300000 2.655412770480359654e+02 1.265061975079273680e+02 -6.533148415141121745e+01 3.904765105386797663e-01 8.384258335461878264e-01 -3.602950206186540938e-01 1.214813338637673185e-01
384.400000 2.655906601924455117e+02 1.265642141416083177e+02 -6.519432117627205514e+01 3.908892530186214298e-01 8.384948017895802463e-01 -3.598940684267669665e-01 1.208648780979251075e-01
384.500000 2.656562007483644265e+02 1.266237532572541511e+02 -6.510163160056787035e+01 3.912099836940423625e-01 8.385970280226590079e-01 -3.595089115389495937e-01 1.202626948548482094e-01
384.600000 2.657066551269974752e+02 1.266666097371410729e+02 -6.497571571207805619e+01 3.916553651170183170e-01 8.387467614672001748e-01 -3.589366135976889138e-01 1.194757403089093534e-01
384.700000 2.657186360616578327e+02 1.267423334284990801e+02 -6.471705411218809445e+01 3.922296509982206580e-01 8.388105895582951277e-01 -3.582785991251958291e-01 1.191181813644198312e-01
384.800000 2.657499215817702520e+02 1.267736795861867449e+02 -6.458236177447845705e+01 3.927138762374368097e-01 8.388290656210808383e-01 -3.579625112445450341e-01 1.183404014837298179e-01
384.900000 2.657329884325798162e+02 1.267841750918767048e+02 -6.444214445238148414e+01 3.934902503768241688e-01 8.388315182753709465e-01 -3.572490879739161351e-01 1.178990922273168984e-01
385.000000 2.658046238852768965e+02 1.268382494330316490e+02 -6.433273399435543638e+01 3.939640702618839585e-01 8.388678526521863299e-01 -3.569047116669987196e-01 1.170985222763110262e-01
385.100000 2.657882984787963778e+02 1.268899936482869180e+02 -6.420218343165670660e+01 3.943452350854664834e-01 8.388674036720984439e-01 -3.566045209524947857e-01 1.167327300206012219e-01
385.200000 2.658082561962895056e+02 1.269424038656234757e+02 -6.407254788829574466e+01 3.947431193392722526e-01 8.390178531426791819e-01 -3.559722922619227847e-01 1.162352742670792055e-01
385.300000 2.658297269662269855e+02 1.269968322557488989e+02 -6.394409841099626135e+01 3.951245723162968293e-01 8.390685513331228584e-01 -3.555464180744219438e-01 1.158761541907842307e-01
385.400000 2.658895558367822787e+02 1.270617791447904779e+02 -6.383412665276946996e+01 3.955009355388988124e-01 8.391426375926592796e-01 -3.551914777875562201e-01 1.151419031846467739e-01
385.500000 2.658871250926317771e+02 1.271388224255455270e+02 -6.371615431281946940e+01 3.962306799401154045e-01 8.389514086284124428e-01 -3.549341979963408500e-01 1.148194118051932139e-01
385.600000 2.658961652374696882e+02 1.272193210772023235e+02 -6.358412325064240633e+01 3.968729737880690722e-01 8.388520479517707074e-01 -3.546398966517853024e-01 1.142349684927772002e-01
385.700000 2.658797211478088798e+02 1.272470403712661664e+02 -6.344730242742846826e+01 3.974730790430868743e-01 8.388847396570424664e-01 -3.539754028267855235e-01 1.139691151152756876e-01
385.800000 2.658754147714159330e+02 1.273255970972915918e+02 -6.333117634671708629e+01 3.981673170719827182e-01 8.385653581364268527e-01 -3.540095367080202116e-01 1.137900508348524270e-01
385.900000 2.659128914031898034e+02 1.274100995340580482e+02 -6.320790234556433518e+01 3.982978080410414790e-01 8.387025859719939858e-01 -3.536182779863327741e-01 1.135382837089428665e-01
386.000000 2.659912052023895512e+02 1.274793492550916483e+02 -6.309503570077689005e+01 3.987825502582959536e-01 8.387200678896166162e-01 -3.533151836673861790e-01 1.126477088928476006e-01
386.100000 2.660045246457162307e+02 1.275503684328840279e+02 -6.295931949719653176e+01 3.992135792652203863e-01 8.387300781707366371e-01 -3.529415876084310288e-01 1.122167983788597417e-01
386.200000 2.660114359605199752e+02 1.276262480850015493e+02 -6.284236255569906859e+01 3.999062769395494987e-01 8.385142366728772778e-01 -3.527858960766283580e-01 1.118523852703221383e-01
386.300000 2.660106079260215779e+02 1.277651180309541985e+02 -6.260044587656166470e+01 4.002619678152472549e-01 8.384414127969739283e-01 -3.526530776501261566e-01 1.115444362197164779e-01
386.400000 2.660179807557334470e+02 1.279040872403400044e+02 -6.235888221328406189e+01 4.011396439189103269e-01 8.383353648059584939e-01 -3.519416689279091237e-01 1.114354695081789248e-01
386.500000 2.660242825853144950e+02 1.279651404352985935e+02 -6.224952952379827309e+01 4.017445689821089183e-01 8.382580408194338917e-01 -3.515508072233470838e-01 1.110710954099068948e-01
386.600000 2.660459569570436429e+02 1.280463499331656010e+02 -6.213836338818144611e+01 4.018941327298166111e-01 8.382742533930666040e-01 -3.515286552680562671e-01 1.104761816007303749e-01
386.700000 2.660385859102448762e+02 1.280900645351377989e+02 -6.202106949256791779e+01 4.028451037896820797e-01 8.381276384930983481e-01 -3.509098676318967436e-01 1.100915471106990035e-01
386.800000 2.660473549340101727e+02 1.281707674644722772e+02 -6.190783554788966114e+01 4.033373134865396725e-01 8.380035607856510804e-01 -3.506112399698723125e-01 1.101853078537205072e-01
386.900000 2.660444522788744734e+02 1.282260243147664482e+02 -6.176491162206581009e+01 4.039902645069261555e-01 8.379787247413875706e-01 -3.501068047628784763e-01 1.095844346755022736e-01
387.000000 2.660765366785135484e+02 1.282955185978038912e+02 -6.166560771699013799e+01 4.041424942299783329e-01 8.380742310813449336e-01 -3.497787078746651956e-01 1.093402170864597872e-01
387.100000 2.660866459006015248e+02 1.283751338925901280e+02 -6.155165919247825457e+01 4.044197385179560400e-01 8.379738253006003834e-01 -3.498463198547218655e-01 1.088673306931632612e-01
387.200000 2.660791648507770333e+02 1.284838576936874404e+02 -6.129509215100287634e+01 4.050570441286241996e-01 8.377724511035816723e-01 -3.496586690571917289e-01 1.086504778030542434e-01
387.300000 2.660968589495342371e+02 1.285541864199493887e+02 -6.117593146439099883e+01 4.052954575349140276e-01 8.377970014420543787e-01 -3.493635850987822922e-01 1.085212508368424422e-01
387.400000 2.661184283130570520e+02 1.287857344055987312e+02 -6.069834242831615256e+01 4.060310202884678255e-01 8.375351279534947180e-01 -3.493198978525368648e-01 1.079320572013820895e-01
387.500000 2.661085992442207271e+02 1.288193222975393724e+02 -6.057728591444606536e+01 4.067454158381735296e-01 8.374998748924393777e-01 -3.487232829293149816e-01 1.074439304604070111e-01
387.600000 2.661078549715267059e+02 1.288898447480099207e+02 -6.045627970950336305e+01 4.070050564647111901e-01 8.374010515784580111e-01 -3.486425304619567012e-01 1.074930173570991659e-01
387.700000 2.661078465324180229e+02 1.289497846875573543e+02 -6.032962913508072234e+01 4.074914917271926784e-01 8.372645975996472201e-01 -3.484299850979719615e-01 1.074021566863301302e-01
387.800000 2.660598052901400479e+02 1.290299244000228498e+02 -6.008021767692970627e+01 4.082935792015766063e-01 8.369477757708629895e-01 -3.482344283652931693e-01 1.074595585142089360e-01
387.900000 2.660442983009717750e+02 1.290861190870360531e+02 -5.993733885258535565e+01 4.088501182878482298e-01 8.367386202375949322e-01 -3.480786373651972854e-01 1.074770877391364593e-01
388.000000 2.660367416802737353e+02 1.291129830230926814e+02 -5.981420985515231337e+01 4.095443996772700213e-01 8.367255646392417479e-01 -3.474209275302834743e-01 1.070626605597119335e-01
388.100000 2.660136193930518971e+02 1.291718393466577766e+02 -5.967336492583994811e+01 4.101573876207237346e-01 8.364729783465688628e-01 -3.473366799868983779e-01 1.069630992999122815e-01
388.200000 2.660125611565243275e+02 1.292023054761446588e+02 -5.952200005678177774e+01 4.107579467753057489e-01 8.363405215072222676e-01 -3.470565522986336360e-01 1.066029584605807795e-01
388.300000 2.660063236514242817e+02 1.292452436312556756e+02 -5.937379695966650672e+01 4.115370061766157606e-01 8.362179538248610822e-01 -3.466227741909628790e-01 1.059692344990341428e-01
388.400000 2.659814199125841583e+02 1.292932025651166441e+02 -5.922906877509352341e+01 4.121563797345191293e-01 8.359169305813858308e-01 -3.466429692222334213e-01 1.058709388846788280e-01
388.500000 2.659908018431924575e+02 1.293401094131242814e+02 -5.909699906252562585e+01 4.128769563931078412e-01 8.358802403746413701e-01 -3.460686956143869675e-01 1.052297512424705817e-01
388.600000 2.659881388259173036e+02 1.294125381199553715e+02 -5.897665210979950245e+01 4.133501818431661867e-01 8.355544175188052147e-01 -3.463234257181064257e-01 1.051214884498253982e-01
388.700000 2.660476641477796420e+02 1.294787531017606170e+02 -5.885027793058385726e+01 4.137181468031539966e-01 8.355209663710408963e-01 -3.460960240157422985e-01 1.046878785756052699e-01
388.800000 2.660556092239958730e+02 1.295398786767657100e+02 -5.870848990942081969e+01 4.140122544607373611e-01 8.354769057165660762e-01 -3.458693340654017678e-01 1.046259858914849461e-01
388.900000 2.660691912149543441e+02 1.295901131001229487e+02 -5.857792100819699499e+01 4.145009361134749937e-01 8.355142862535933634e-01 -3.453083613974919364e-01 1.042448414847497867e-01
389.000000 2.660868165027128498e+02 1.296378377549779373e+02 -5.844686307673983094e+01 4.150058119294475767e-01 8.354329388947075996e-01 -3.449911088503039291e-01 1.039380367756167628e-01
389.100000 2.660844195991723495e+02 1.296856764625093490e+02 -5.831465738152220979e+01 4.154649141987955541e-01 8.352712683279502892e-01 -3.448604169865947533e-01 1.038369210417795785e-01
389.200000 2.660965945275780768e+02 1.297351622454630728e+02 -5.818359254021217453e+01 4.159961474335593934e-01 8.352452905580992626e-01 -3.443268155507211437e-01 1.036897006151144551e-01
389.300000 2.660969777722782510e+02 1.298148804502047540e+02 -5.805097335349697119e+01 4.166802936404204183e-01 8.347756875334856330e-01 -3.446330565273678093e-01 1.037069946692777550e-01
389.400000 2.661043541001927792e+02 1.298930237917336683e+02 -5.793418522034352236e+01 4.169019644500902011e-01 8.344164543856902316e-01 -3.452455214014619744e-01 1.036699698094948330e-01
389.500000 2.661010806601631771e+02 1.299178035613470286e+02 -5.779569230372311495e+01 4.175991703525459564e-01 8.342484587236390636e-01 -3.448823170824117379e-01 1.034245106440673939e-01
389.600000 2.660942768348468235e+02 1.299694143716779706e+02 -5.764988222229092685e+01 4.180872433826610113e-01 8.340947601693848856e-01 -3.446568383214601017e-01 1.034439547625611161e-01
389.700000 2.661121531519432892e+02 1.300082838347815084e+02 -5.751574136366095047e+01 4.187495863795920870e-01 8.338879601025095401e-01 -3.444460454389291493e-01 1.031337756725658056e-01
389.800000 2.661255034557963199e+02 1.300556602996549032e+02 -5.738377325991342559e+01 4.190684260059664434e-01 8.339225587527637762e-01 -3.440212001970486821e-01 1.029768621735354106e-01
389.900000 2.661479466019869733e+02 1.301271829579204962e+02 -5.728155292847741009e+01 4.194009465124137748e-01 8.334994295633235684e-01 -3.447614945290614630e-01 1.025722129633240692e-01
390.000000 2.661484190614578438e+02 1.301291149181899982e+02 -5.714067212423142905e+01 4.202497456898097172e-01 8.333224595839460180e-01 -3.442699485873539911e-01 1.021862617981176002e-01
390.100000 2.661562341547409005e+02 1.301913547790512951e+02 -5.699889229728813689e+01 4.204807755603400810e-01 8.332512781362688692e-01 -3.441631797337431076e-01 1.021759785077135801e-01
390.200000 2.661917637248459982e+02 1.303083308481059532e+02 -5.676054087633313827e+01 4.208651428021421004e-01 8.331471997327282164e-01 -3.440570528130309502e-01 1.017989172892200117e-01
390.300000 2.662133987846669925e+02 1.303737549565836957e+02 -5.662140859665601056e+01 4.211581409720628333e-01 8.330537483683386757e-01 -3.439433167058932317e-01 1.017362645066468424e-01
390.400000 2.662299444473051153e+02 1.303974363671329684e+02 -5.649765322709741611e+01 4.217290556196189311e-01 8.330058316982589250e-01 -3.434629987993159661e-01 1.013856817240856995e-01
390.500000 2.662698679624488705e+02 1.304516028445737561e+02 -5.637346482985934415e+01 4.220178995985903736e-01 8.329717104332793332e-01 -3.432870042780414299e-01 1.010596592615431721e-01
390.600000 2.663066272502981633e+02 1.305025754037318961e+02 -5.624692872949684386e+01 4.224406329016494044e-01 8.329078133513427851e-01 -3.430863876865867246e-01 1.004998344083597728e-01
390.700000 2.663934013589427536e+02 1.306129414722753097e+02 -5.600160878422477140e+01 4.225997710793011897e-01 8.329345970684904898e-01 -3.429643867666251622e-01 1.000240965961026185e-01
390.800000 2.664122910028645492e+02 1.306528091964950704e+02 -5.586730701399558541e+01 4.232530655049892565e-01 8.327240338847938794e-01 -3.427904742029399543e-01 9.961032439958028561e-02
390.900000 2.664444314614383416e+02 1.307224859375552342e+02 -5.574859120661541567e+01 4.234402681594349738e-01 8.325511241591359024e-01 -3.430625840369723734e-01 9.932284931625885716e-02
391.000000 2.664672209362321951e+02 1.307937023339596010e+02 -5.561241382639511244e+01 4.236934904508430355e-01 8.324178169228982904e-01 -3.431964919748385912e-01 9.889677504884543391e-02
391.100000 2.664708151875482827e+02 1.309400167089442277e+02 -5.535433459870461093e+01 4.239398595226733790e-01 8.321877183985159077e-01 -3.435044215790487021e-01 9.870820234515173541e-02
391.200000 2.665415522181196479e+02 1.311317412547547576e+02 -5.499845817052255370e+01 4.241221396893641304e-01 8.320987520809404181e-01 -3.435960821828008549e-01 9.835552714152460962e-02
391.300000 2.665851617014258181e+02 1.312202828015762464e+02 -5.486018274121617821e+01 4.242323441564552766e-01 8.318591953731322430e-01 -3.441866659238606574e-01 9.784036102192399109e-02
391.400000 2.666379886180260428e+02 1.312956712481516206e+02 -5.473448341554322383e+01 4.244089627587352420e-01 8.316953548275284325e-01 -3.444741936634079238e-01 9.745459962624067329e-02
391.500000 2.666955901915497407e+02 1.313713819790194464e+02 -5.462957449788845565e+01 4.242032689130928458e-01 8.317409518364204946e-01 -3.447020481780154189e-01 9.715489521157687214e-02
391.600000 2.667685917842649701e+02 1.314308456762712751e+02 -5.452371604202724598e+01 4.243563882953007016e-01 8.316900257123784890e-01 -3.447618457769426326e-01 9.670897859033923682e-02
391.700000 2.667937450409113467e+02 1.315162973889105160e+02 -5.441375350182501336e+01 4.240954574129803256e-01 8.313799121718717933e-01 -3.458112669416126272e-01 9.677320029327574069e-02
391.800000 2.668818880373676734e+02 1.315885943009913035e+02 -5.432981582098506124e+01 4.236800853987541249e-01 8.317286706597906143e-01 -3.456086404708830773e-01 9.631859255029592837e-02
391.900000 2.670590445000935915e+02 1.317224185416378646e+02 -5.413154702441318022e+01 4.235362841746352358e-01 8.318666592252219605e-01 -3.455937473418321249e-01 9.581147663636614686e-02
392.000000 2.672000576057575927e+02 1.318824988217419616e+02 -5.392376024532237011e+01 4.233027431818717767e-01 8.320733100046783237e-01 -3.454829771200945143e-01 9.544792775538461782e-02
392.100000 2.672318717334190978e+02 1.319586856460504976e+02 -5.382635280127455246e+01 4.229266885049607350e-01 8.320458557511239972e-01 -3.460127364388368987e-01 9.543529902355793459e-02
392.200000 2.672715127499180880e+02 1.320368883048052737e+02 -5.373355614584279749e+01 4.226525942636812361e-01 8.320632383243616870e-01 -3.464014563151285309e-01 9.508723917600396536e-02
392.300000 2.673490615750687311e+02 1.321107244394266900e+02 -5.364042482867324679e+01 4.222578920665727709e-01 8.322910431900822914e-01 -3.464172063862596684e-01 9.478929861856201511e-02
392.400000 2.673960574611861603e+02 1.321851967938837049e+02 -5.354791949675365004e+01 4.220446721551193714e-01 8.323405622634055812e-01 -3.466233824167574418e-01 9.455006017175116018e-02
392.500000 2.674605921197191947e+02 1.322593838004711984e+02 -5.346637857819230533e+01 4.214566923132838649e-01 8.326774814508688394e-01 -3.466379820014893198e-01 9.415188698544066370e-02
392.600000 2.675126888086672921e+02 1.323387949706644520e+02 -5.338088723194000806e+01 4.210238177525209569e-01 8.328696741494635569e-01 -3.467990446181658526e-01 9.379484750873023913e-02
392.700000 2.675755985475736907e+02 1.324087088518910775e+02 -5.329437264849474332e+01 4.206128599545567726e-01 8.331328737080812008e-01 -3.467428226531769075e-01 9.350856498883092227e-02
392.800000 2.676396795181499328e+02 1.324826097041727735e+02 -5.321232993478633944e+01 4.202494364804468252e-01 8.333015918090109775e-01 -3.468236913797186349e-01 9.333914143691743326e-02
392.900000 2.677358272261720344e+02 1.325785869136155952e+02 -5.313527921843281376e+01 4.195769082410452100e-01 8.337124563778527397e-01 -3.468107012743296691e-01 9.274209202352569348e-02
393.000000 2.678240941728946609e+02 1.326682241990494049e+02 -5.306927971182949477e+01 4.189177415322717923e-01 8.340913994857399594e-01 -3.468011716841399306e-01 9.234939334899984476e-02
393.100000 2.679110798298946179e+02 1.327561725967285327e+02 -5.299936842126609804e+01 4.184704841551572518e-01 8.342654374403898343e-01 -3.470317004109265135e-01 9.193820040246747372e-02
393.200000 2.680555515187527931e+02 1.329197764834745499e+02 -5.284029700174484390e+01 4.178981417519913588e-01 8.345587263097834496e-01 -3.471543458320971443e-01 9.141518271224527425e-02
393.300000 2.681434306478752205e+02 1.330010589910812087e+02 -5.279500582918224438e+01 4.170804985468097859e-01 8.350043569811634869e-01 -3.471893942242397779e-01 9.094562162426440832e-02
393.400000 2.682289057445397020e+02 1.330880328285885525e+02 -5.272175489959130346e+01 4.165176020600892537e-01 8.352079415083444314e-01 -3.474680487115247574e-01 9.059104116915980831e-02
393.500000 2.682716387334695582e+02 1.331716159925836678e+02 -5.263468439123002440e+01 4.155388320519381451e-01 8.355124158584790184e-01 -3.479658405851620562e-01 9.036733806581173645e-02
393.600000 2.683531085006938497e+02 1.332583903970067070e+02 -5.258739548957690602e+01 4.146058716147972834e-01 8.360331762474590978e-01 -3.479440065141308769e-01 8.991922912822176983e-02
393.700000 2.684423258652676623e+02 1.333370862992199761e+02 -5.253993182048043309e+01 4.140818267994272328e-01 8.362910048326677170e-01 -3.480479032241277637e-01 8.953353009741278623e-02
393.800000 2.685413204420253805e+02 1.334432004184768914e+02 -5.248113871429592336e+01 4.130434944670205444e-01 8.367784168673095824e-01 -3.481995641588815360e-01 8.918529174183582875e-02
393.900000 2.686148866525940093e+02 1.335309987605654953e+02 -5.242370853905438821e+01 4.122561869464880790e-01 8.371044171454882221e-01 -3.484514974259527165e-01 8.878392344037297490e-02
394.000000 2.687045423286227788e+02 1.336221184811058151e+02 -5.236101938557276014e+01 4.116553972368454106e-01 8.373390159090570162e-01 -3.486610523144783036e-01 8.853630306934777427e-02
394.100000 2.688512406750621153e+02 1.338001823842472788e+02 -5.224958067015596441e+01 4.107009715190106380e-01 8.376731503129345446e-01 -3.490637845762222802e-01 8.822062987458891004e-02
394.200000 2.689421161966498630e+02 1.338669075956283336e+02 -5.218859415793392031e+01 4.107094348634665049e-01 8.376466227627730188e-01 -3.492230187636060079e-01 8.780192853170554201e-02
394.300000 2.690511490125650198e+02 1.339619102977875684e+02 -5.212826834880186766e+01 4.102677570138003604e-01 8.378386485484029533e-01 -3.493417811711732601e-01 8.756190085649832866e-02
394.400000 2.691837932932414788e+02 1.340675873387505419e+02 -5.205384560663570426e+01 4.100353207862728611e-01 8.379301891329422602e-01 -3.495006243055494566e-01 8.713981556878261370e-02
394.500000 2.693452970365901820e+02 1.342547193326910815e+02 -5.194329203118243754e+01 4.091932226064792788e-01 8.382465384871525815e-01 -3.497921391193684060e-01 8.688559545475568746e-02
394.600000 2.695318275162435384e+02 1.344129084692150400e+02 -5.182714818041667115e+01 4.091653660240687218e-01 8.381865169165112484e-01 -3.500502134627030970e-01 8.655584417283858356e-02
394.700000 2.696106312175132871e+02 1.345081794846782088e+02 -5.175623312297413747e+01 4.087194237847812106e-01 8.383251386740222522e-01 -3.502584430604744892e-01 8.647784429014267193e-02
394.800000 2.696876704622843590e+02 1.346065106814131696e+02 -5.168753396881839990e+01 4.084203740861244158e-01 8.383878690336875605e-01 -3.504948181942951213e-01 8.632474446791431333e-02
394.900000 2.697758899063483682e+02 1.347047859068574951e+02 -5.163385688658644312e+01 4.079021745800551768e-01 8.385465635226396763e-01 -3.507472667577474223e-01 8.620807177522986364e-02
395.000000 2.698495733182373897e+02 1.347937696547596715e+02 -5.155035812576178955e+01 4.078046382231811373e-01 8.384903051109775518e-01 -3.510623874769636110e-01 8.593361029035267995e-02
395.100000 2.699441475591814878e+02 1.348860721101035836e+02 -5.149674032749908292e+01 4.074604284076711047e-01 8.386055177705504793e-01 -3.512171463194992960e-01 8.580967881195881997e-02
395.200000 2.700177379742910944e+02 1.349630905865217869e+02 -5.142521178543989890e+01 4.074305413258519915e-01 8.386730621939320063e-01 -3.511454105091136868e-01 8.558474994742146236e-02
395.300000 2.701007278958030611e+02 1.350606710563954493e+02 -5.136249581176204515e+01 4.070734843951606674e-01 8.388052433238621930e-01 -3.512961271487203274e-01 8.536962647856276287e-02
395.400000 2.701894776527519184e+02 1.351516669227670207e+02 -5.129785099910439783e+01 4.068783414094214734e-01 8.389344406627635697e-01 -3.512604376263345762e-01 8.517701873351980757e-02
395.500000 2.702514098909953191e+02 1.352446228794009073e+02 -5.123460924000096384e+01 4.062350400486816615e-01 8.391398511562351281e-01 -3.515486291429218979e-01 8.503507385702648025e-02
395.600000 2.704071708706080699e+02 1.354365294248592591e+02 -5.109220297274670486e+01 4.059213960292292755e-01 8.393606450059629687e-01 -3.514541493255045612e-01 8.474378315098587966e-02
395.700000 2.704501818545663809e+02 1.355345119885962504e+02 -5.102120364858654966e+01 4.051990139768608667e-01 8.396742186815550069e-01 -3.515816133681021749e-01 8.456556447622265438e-02
395.800000 2.705859991137872385e+02 1.357261777761196981e+02 -5.085927375864730493e+01 4.047448235528231519e-01 8.398711180035249857e-01 -3.516605564219447699e-01 8.445700685977010347e-02
395.900000 2.707316658588800919e+02 1.359146231733305115e+02 -5.072982476395880269e+01 4.044132099042130890e-01 8.400863380962557692e-01 -3.515763111349386461e-01 8.425554965545778430e-02
396.000000 2.707948376241822643e+02 1.360250731994193245e+02 -5.063810430711656352e+01 4.039043602927353538e-01 8.403077330003889678e-01 -3.516744579319286967e-01 8.407887507898351154e-02
396.100000 2.708667143479533479e+02 1.360887013151815950e+02 -5.057630143758792940e+01 4.038116037336174635e-01 8.405081671077808680e-01 -3.513748380583588404e-01 8.377310364708165369e-02
396.200000 2.708992246123931409e+02 1.361858436474175278e+02 -5.047696550492540268e+01 4.025612147026701448e-01 8.407237403551619526e-01 -3.523371610463010284e-01 8.358579883072103645e-02
396.300000 2.709600506993737667e+02 1.362749142881865794e+02 -5.040720724204162195e+01 4.022794119469083052e-01 8.409448866431016301e-01 -3.521535322091393638e-01 8.349168883845353717e-02
396.400000 2.710218735564262715e+02 1.363714101286754499e+02 -5.032215101941673652e+01 4.017388573741192959e-01 8.412937547973377006e-01 -3.520382092263198426e-01 8.306508207098639573e-02
396.500000 2.710792007974407056e+02 1.364618019852408679e+02 -5.022779695791756183e+01 4.014593339240172809e-01 8.414995547427671641e-01 -3.519100044435571895e-01 8.287491384939384143e-02
396.600000 2.711543640440561376e+02 1.365376745346561620e+02 -5.013309170466703790e+01 4.014439847819981644e-01 8.416074192841710433e-01 -3.516814509328021754e-01 8.282412666601123019e-02
396.700000 2.712008995197478498e+02 1.366432302078803218e+02 -5.002662210787394770e+01 4.003488157332887321e-01 8.420176609759567610e-01 -3.520144881263856385e-01 8.254019926466513168e-02
396.800000 2.712381152168484277e+02 1.367230796568754840e+02 -4.993306770255303206e+01 3.999515449104148468e-01 8.422763693177088840e-01 -3.519761563889541311e-01 8.198819882403390880e-02
396.900000 2.713302158366625463e+02 1.368335371691190403e+02 -4.987002674231013089e+01 3.998113765828921196e-01 8.425487716366237834e-01 -3.515410835497157493e-01 8.173920200981271700e-02
397.000000 2.714016663608555291e+02 1.369255833946855034e+02 -4.981601980072085212e+01 3.996286260836103832e-01 8.428296250878321016e-01 -3.511433146358934332e-01 8.144665048575307209e-02
397.100000 2.715049177207840216e+02 1.370361989130803977e+02 -4.977387615216269978e+01 3.995070531542946335e-01 8.431267201286102297e-01 -3.506177158457047804e-01 8.123217109178132445e-02
397.200000 2.715584955395087263e+02 1.371225697941403325e+02 -4.969526963093193217e+01 3.995300177430675115e-01 8.433747130165342165e-01 -3.500693775968324317e-01 8.090914185349584731e-02
397.300000 2.716269774521159661e+02 1.372303522231636634e+02 -4.963152622522648016e+01 3.995912696709399969e-01 8.435669664465811346e-01 -3.495819518629721956e-01 8.070966023068845696e-02
397.400000 2.716878440651209985e+02 1.373341394854919031e+02 -4.955450057327567492e+01 3.996668859540095653e-01 8.437907706275805664e-01 -3.490323500849737415e-01 8.037371628647513311e-02
397.500000 2.717607534942450798e+02 1.374262532086112572e+02 -4.950245033032165054e+01 3.997119661009829183e-01 8.440225078158993810e-01 -3.484888071621269345e-01 8.007435131528992112e-02
397.600000 2.718248223832409849e+02 1.375221898157182068e+02 -4.944595395859258247e+01 3.997985644248455706e-01 8.442453592361393033e-01 -3.479010169392238727e-01 7.984837947465503460e-02
397.700000 2.718991807006484578e+02 1.376281052965444189e+02 -4.938553998512725229e+01 3.997175467426053452e-01 8.445932024561633167e-01 -3.472374364377099343e-01 7.946299721935315419e-02
397.800000 2.719886980109437218e+02 1.377198422051260138e+02 -4.937568703763507472e+01 3.998466709167697308e-01 8.448493949489682686e-01 -3.465364037742238446e-01 7.914960815043060871e-02
397.900000 2.720770062072697328e+02 1.378110658513200804e+02 -4.935584826132341618e+01 4.000000628648456846e-01 8.450620621617942474e-01 -3.459074902230510618e-01 7.885473359643638269e-02
398.000000 2.721572458852257910e+02 1.379098996872872078e+02 -4.933854280173022744e+01 4.001843263364540659e-01 8.452711172300690912e-01 -3.452361188104542955e-01 7.862102517751214104e-02
398.100000 2.722745256249016848e+02 1.380138188827864383e+02 -4.935029581449585123e+01 4.002816382689909913e-01 8.455606129218374845e-01 -3.445211497609851903e-01 7.814753551653323693e-02
398.200000 2.723598684937677490e+02 1.381238356648329670e+02 -4.931838303071168639e+01 4.004039131839525756e-01 8.458529439878477163e-01 -3.437174940593387129e-01 7.789600587730538539e-02
398.300000 2.724541269833756019e+02 1.382360537582281381e+02 -4.926195067449545206e+01 4.006598872337834849e-01 8.460563871682759141e-01 -3.429934878738936654e-01 7.756101965341415105e-02
398.400000 2.725252147616997718e+02 1.383466793998913147e+02 -4.920632731655075531e+01 4.008969256168664619e-01 8.462206524712686528e-01 -3.423756274184890369e-01 7.727348906216921498e-02
398.500000 2.726104645895925387e+02 1.384386795357577284e+02 -4.917783872510599963e+01 4.012328042123902150e-01 8.464360009536883167e-01 -3.415348740909047165e-01 7.689124067863370438e-02
398.600000 2.727200361704828424e+02 1.385297712955107556e+02 -4.918823944020358852e+01 4.015229157950356287e-01 8.466414339783552290e-01 -3.407826359787080595e-01 7.645145765732910825e-02
398.700000 2.728785661327410139e+02 1.387193548402864849e+02 -4.907623478470330269e+01 4.019024499961839081e-01 8.468108343837695839e-01 -3.399607140408386630e-01 7.624004437414701185e-02
398.800000 2.729524316333443039e+02 1.388181110436238725e+02 -4.900412606032485030e+01 4.023151765063825991e-01 8.469499039212231573e-01 -3.392024666446969983e-01 7.589496440886057960e-02
398.900000 2.730487626227630926e+02 1.389033123835465631e+02 -4.900282109286713705e+01 4.026284952059504541e-01 8.472101149976033474e-01 -3.382825458433591503e-01 7.543364681410470729e-02
399.000000 2.731249401873699298e+02 1.389974419199552358e+02 -4.895951131188792260e+01 4.029264978296792088e-01 8.474207867570743291e-01 -3.374829606531855597e-01 7.505663719812570578e-02
399.100000 2.732128206865420452e+02 1.390879157395971220e+02 -4.893457831606448849e+01 4.032910528215516988e-01 8.476083982225084412e-01 -3.366573052633696217e-01 7.468727327707502806e-02
399.200000 2.733155506719750747e+02 1.391858133815367182e+02 -4.891838713464110810e+01 4.036733861561357384e-01 8.477822094452257540e-01 -3.358596864223618583e-01 7.423876139647903050e-02
399.300000 2.733947011467298580e+02 1.392755414155162157e+02 -4.884047007322590161e+01 4.041743916829393934e-01 8.478912702141415680e-01 -3.350733189814908974e-01 7.381954964034422029e-02
399.400000 2.734892288844253017e+02 1.393712998336634428e+02 -4.879232221126794400e+01 4.044739097065729871e-01 8.480668497007753937e-01 -3.343475928026259369e-01 7.345176643465330113e-02
399.500000 2.735523942946192051e+02 1.394521081996540204e+02 -4.874172115455120036e+01 4.048164058603266890e-01 8.482736589740915711e-01 -3.334910378852486978e-01 7.306986168902833423e-02
399.600000 2.736360653529293359e+02 1.395474740921052330e+02 -4.867593967521038678e+01 4.051637277292485795e-01 8.484464924147769871e-01 -3.327046303785254899e-01 7.272229483652140059e-02
399.700000 2.737349673035456590e+02 1.396411696095110244e+02 -4.863296681816774480e+01 4.055832944601336365e-01 8.485918630963107390e-01 -3.319343645305413149e-01 7.220539304859861784e-02
399.800000 2.738199609659295106e+02 1.397269217076787697e+02 -4.858877964858697851e+01 4.060301318536880810e-01 8.487066605322755031e-01 -3.311813749972391530e-01 7.180134573925153751e-02
399.900000 2.739176455422219760e+02 1.398045112040960021e+02 -4.855766461683417390e+01 4.063955570594853239e-01 8.488750533667925868e-01 -3.303892255708050230e-01 7.139155832841388716e-02
400.000000 2.739621418584793560e+02 1.398831259888607690e+02 -4.844701773119324173e+01 4.068877933850063022e-01 8.489939511038151476e-01 -3.295945038197602983e-01 7.084530778547883101e-02
400.100000 2.740495176616749404e+02 1.399658146882033520e+02 -4.840140448550279473e+01 4.073364295887831887e-01 8.491530113239343924e-01 -3.287505185434963506e-01 7.028010420267437330e-02
400.200000 2.741195269318974397e+02 1.400445792664981468e+02 -4.832760039203640190e+01 4.077534765065146671e-01 8.492837250061319176e-01 -3.279890789297475462e-01 6.983853477397702902e-02
400.300000 2.741708667240259274e+02 1.401268507639890970e+02 -4.820381581970288210e+01 4.082450802546608859e-01 8.493284516919463734e-01 -3.273396240440133442e-01 6.946874207260882172e-02
400.400000 2.741693818117277601e+02 1.401948375070427346e+02 -4.809465314064341612e+01 4.085695217617826280e-01 8.491326146220908866e-01 -3.276291782363117133e-01 6.858476682616135300e-02
400.500000 2.742451483176263309e+02 1.402694606994974720e+02 -4.802234138615872894e+01 4.090111358263989749e-01 8.493230963493396679e-01 -3.266947084037381543e-01 6.804951343371901107e-02
400.600000 2.743286859796909312e+02 1.403485216673446985e+02 -4.796485042076550087e+01 4.094088441650642340e-01 8.494823403899859349e-01 -3.258882352267172267e-01 6.753524876532213117e-02
400.700000 2.743850226333540832e+02 1.404251387699971474e+02 -4.783971841078472664e+01 4.097920947063248276e-01 8.496388934474972121e-01 -3.250961338667635592e-01 6.705739036376602569e-02
400.800000 2.744435219978867622e+02 1.405007681865606628e+02 -4.775379466067052192e+01 4.102759631046610234e-01 8.497706021540787358e-01 -3.242558468981088793e-01 6.649589134395805790e-02
400.900000 2.744821969621936546e+02 1.405618630422091826e+02 -4.764743853546657704e+01 4.106840852536384756e-01 8.498806268333116698e-01 -3.235600311294313802e-01 6.595762661224874313e-02
401.000000 2.745364195955079367e+02 1.406296506676168576e+02 -4.755240795581757141e+01 4.111404398192534670e-01 8.500145303719052192e-01 -3.227070979884530955e-01 6.556649914195065987e-02
401.100000 2.745951532584272172e+02 1.407086752611332940e+02 -4.744875227859719757e+01 4.116365573099488584e-01 8.501081976946651686e-01 -3.219345533247950919e-01 6.503491580609556399e-02
401.200000 2.746443136326820991e+02 1.407787218283753816e+02 -4.735264528201204826e+01 4.121059251214009289e-01 8.501731108564216655e-01 -3.212355533023362186e-01 6.466921486372463612e-02
401.300000 2.747613294223236267e+02 1.409337726139446261e+02 -4.718391717831104870e+01 4.124937015550912967e-01 8.502686105572910824e-01 -3.205664804570904081e-01 6.426015628448886186e-02
401.400000 2.748606027417965834e+02 1.410277693657910447e+02 -4.714221395021765204e+01 4.130224852440012584e-01 8.504142318470673256e-01 -3.196242989256548039e-01 6.362679067118486020e-02
401.500000 2.749718704882922680e+02 1.411148700771347819e+02 -4.716372432283517924e+01 4.133140727441422246e-01 8.506142966783524217e-01 -3.188015182344101639e-01 6.318534267911173063e-02
401.600000 2.751679298640050888e+02 1.412719730543057608e+02 -4.710856754800383328e+01 4.138755445213821438e-01 8.507074312447381326e-01 -3.179392114779083234e-01 6.259838557754109079e-02
401.700000 2.751735853449105207e+02 1.413230628039286216e+02 -4.699070298787611932e+01 4.148536998904004958e-01 8.507813930942105252e-01 -3.166549934539465427e-01 6.162015881674631074e-02
401.800000 2.752443509416957568e+02 1.414008515381511586e+02 -4.691667918664512626e+01 4.153733435246132477e-01 8.508722298786766114e-01 -3.158629774320688144e-01 6.092629480134471864e-02
401.900000 2.753355495982912089e+02 1.414857669426876612e+02 -4.688462769994919199e+01 4.157813593192083990e-01 8.510599485606363812e-01 -3.149197354247453284e-01 6.040186618513348343e-02
402.000000 2.754221507199972621e+02 1.415687434259228041e+02 -4.680665471276017797e+01 4.162246665850016236e-01 8.512036857245255383e-01 -3.140266518412515584e-01 5.997144544331867166e-02
402.100000 2.755100107456811429e+02 1.416381912740461644e+02 -4.678318658881291014e+01 4.167061157948488415e-01 8.513621455815167938e-01 -3.130962003407861682e-01 5.923917168705562786e-02
402.200000 2.756779633906782578e+02 1.417897313117817646e+02 -4.660821287758585640e+01 4.170785865000781745e-01 8.515564232352287322e-01 -3.121685298815652931e-01 5.871898910491678975e-02
402.300000 2.757844629977417412e+02 1.418850721305437901e+02 -4.661288599270957889e+01 4.175064669162724673e-01 8.517377406100061776e-01 -3.112295167061164269e-01 5.802895169249976809e-02
402.400000 2.758885642638545050e+02 1.419825788751487323e+02 -4.660317410292933005e+01 4.178766472448624536e-01 8.519431492865969791e-01 -3.102537398930529378e-01 5.757251908160575249e-02
402.500000 2.759664832986157990e+02 1.420476470337442834e+02 -4.655049812586747748e+01 4.182604972389076248e-01 8.521490747677263888e-01 -3.092557755990996138e-01 5.710495670752924885e-02
402.600000 2.760716011588345964e+02 1.421214880288310667e+02 -4.655751980978718052e+01 4.186413213050428350e-01 8.523427396261942235e-01 -3.082918650439484543e-01 5.663412619795252234e-02
402.700000 2.761370877934606938e+02 1.422091610801863339e+02 -4.646556814874526253e+01 4.191130880770778111e-01 8.524784496552689772e-01 -3.073678881555801934e-01 5.612213116608483904e-02
402.800000 2.762535249314803423e+02 1.422920411420335256e+02 -4.640007457566235871e+01 4.196330330836032241e-01 8.526072998835705352e-01 -3.064218716400407549e-01 5.544859160445252122e-02
402.900000 2.763399691771878679e+02 1.423605575588844090e+02 -4.636987275958294674e+01 4.199850646290116951e-01 8.528336260038301697e-01 -3.054042657813043071e-01 5.491435411899603380e-02
403.000000 2.764412081485722297e+02 1.424446985868481761e+02 -4.631428148794948640e+01 4.203600888645049882e-01 8.530494001868723641e-01 -3.043806076938721517e-01 5.437427875891001627e-02
403.100000 2.765417862645463174e+02 1.425247321040546638e+02 -4.631830933185081278e+01 4.207480014898786203e-01 8.532874358741467935e-01 -3.032977136886743641e-01 5.368582580923784986e-02
403.200000 2.766395399042637564e+02 1.426017268277308574e+02 -4.624784480904671113e+01 4.212191308484787844e-01 8.534194176680373056e-01 -3.023820244821375791e-01 5.305518470879089926e-02
403.300000 2.767387119792902013e+02 1.426802168685569256e+02 -4.618101273056882405e+01 4.216622539065577047e-01 8.536126825956542596e-01 -3.013151732131958971e-01 5.249283888107186130e-02
403.400000 2.768456646345549075e+02 1.427716804955967405e+02 -4.615547464939521660e+01 4.219648202118559954e-01 8.538775887188849723e-01 -3.002193885940481199e-01 5.202953679800446235e-02
403.500000 2.769321967831066900e+02 1.428704641483854800e+02 -4.604493683723944741e+01 4.224723965581780871e-01 8.539927030293738008e-01 -2.992731625835017839e-01 5.146951987577093324e-02
403.600000 2.769322285894897391e+02 1.429385697118099756e+02 -4.582650374560554951e+01 4.234133148854459794e-01 8.541237562871919486e-01 -2.977268238438052772e-01 5.052239194115237808e-02
403.700000 2.770342152213037821e+02 1.430120968897588796e+02 -4.575836556849515091e+01 4.239797090538836577e-01 8.543107596860058939e-01 -2.965026032510065246e-01 4.980500437385707718e-02
403.800000 2.771154032832143912e+02 1.430849683924112981e+02 -4.564509756760745063e+01 4.244020113426906216e-01 8.544321821563470865e-01 -2.956224286360625841e-01 4.935543081706079971e-02
403.900000 2.772243838418252153e+02 1.431487884974997087e+02 -4.566978403458112723e+01 4.247860313451569114e-01 8.546624939065882165e-01 -2.945140037300990055e-01 4.868624744493834505e-02
404.000000 2.772998448355317578e+02 1.432136354161075360e+02 -4.556712129846455639e+01 4.253119256911186974e-01 8.548753978765246675e-01 -2.932443070654892070e-01 4.801662570451090128e-02
404.100000 2.774140145286729080e+02 1.432969422997380207e+02 -4.554566079769176667e+01 4.256656727086522429e-01 8.550784679298065738e-01 -2.922158652693639391e-01 4.753353390167917164e-02
404.200000 2.775289756879778906e+02 1.433817213641244734e+02 -4.554023988880642548e+01 4.260848460702509333e-01 8.553033194475354595e-01 -2.910758967725056712e-01 4.671999581976864907e-02
404.300000 2.776465608108665037e+02 1.434614507355273645e+02 -4.552457988782936127e+01 4.264788617962612105e-01 8.555414044413107710e-01 -2.898851689102823759e-01 4.616572942575718208e-02
404.400000 2.778480416847062315e+02 1.436343479164896451e+02 -4.541875483019160242e+01 4.268442126901935141e-01 8.557079759381907014e-01 -2.889410547248518757e-01 4.561737501373573644e-02
404.500000 2.779650570977464668e+02 1.437162915387011992e+02 -4.542211850651541738e+01 4.272034335218071188e-01 8.558499038909047618e-01 -2.880658179278922648e-01 4.512485943072176015e-02
404.600000 2.780849774285506442e+02 1.437941434995478858e+02 -4.542727330134488284e+01 4.276168772507150662e-01 8.560928897254951320e-01 -2.868466823194967819e-01 4.435934280504730265e-02
404.700000 2.781726400463554683e+02 1.438533795257085046e+02 -4.535392522484961830e+01 4.281257807476374633e-01 8.562522617133025982e-01 -2.856967315852778078e-01 4.379221085500930449e-02
404.800000 2.782891913458930162e+02 1.439330895235257515e+02 -4.533090336230010564e+01 4.285322917925355468e-01 8.564706996887494483e-01 -2.845181402544270655e-01 4.321392520777795482e-02
404.900000 2.782949450013533692e+02 1.439595583297014230e+02 -4.520506245271428725e+01 4.295391621916501701e-01 8.565515350648482684e-01 -2.828993900870135914e-01 4.223163518196657029e-02
405.000000 2.783887812274440421e+02 1.440335012332905649e+02 -4.512638921902808420e+01 4.300046326932859264e-01 8.567037255077392111e-01 -2.818265564238816578e-01 4.157564981727893821e-02
405.100000 2.784635416279892297e+02 1.441029230916005019e+02 -4.504792837879864464e+01 4.304683304669432165e-01 8.568329382489722201e-01 -2.808109504306121607e-01 4.098222193698103366e-02
405.200000 2.785829688665224353e+02 1.441809197342920754e+02 -4.505845635326453191e+01 4.307927720975424091e-01 8.570542449061814283e-01 -2.797182584313975817e-01 4.041416455793706008e-02
405.300000 2.786456748996295119e+02 1.442441173582717227e+02 -4.496553453058618288e+01 4.312306769850085542e-01 8.572012026759887604e-01 -2.786789145185137873e-01 3.980281347684536813e-02
405.400000 2.787679825463188763e+02 1.443076338227311908e+02 -4.500373265656322985e+01 4.316076222742140089e-01 8.573797654746700969e-01 -2.776204314850002630e-01 3.926441355071107892e-02
405.500000 2.787760783412392129e+02 1.443338182566623402e+02 -4.486343857941591295e+01 4.327072538741582042e-01 8.574323832182134675e-01 -2.759192543023185618e-01 3.798296669129255093e-02
405.600000 2.788829234650694957e+02 1.444041451727073877e+02 -4.484904030546067588e+01 4.331691361077956159e-01 8.576058536729129766e-01 -2.747392349608966389e-01 3.735039548226155859e-02
405.700000 2.788941997869005149e+02 1.444320412342824511e+02 -4.470931553563332272e+01 4.341301737369132607e-01 8.576914033368591150e-01 -2.730930320673177203e-01 3.628559947810727077e-02
405.800000 2.789999759562428494e+02 1.445007638396974983e+02 -4.468384046039400914e+01 4.346688258411169903e-01 8.578534851315346987e-01 -2.718193053398614834e-01 3.556227121739562874e-02
405.900000 2.791054169374217508e+02 1.445696452512064241e+02 -4.465756549974821610e+01 4.350002238246986064e-01 8.580516681204989338e-01 -2.707472853451097783e-01 3.490053848216610050e-02
406.000000 2.792205003869937627e+02 1.446455551339143426e+02 -4.461979214711760733e+01 4.354191622927419125e-01 8.582553441516939108e-01 -2.695228444071752771e-01 3.413727707374832054e-02
406.100000 2.793189427281990902e+02 1.447090892167759932e+02 -4.456666768848826621e+01 4.358693947967920423e-01 8.584091200458886517e-01 -2.683960424171187298e-01 3.339487560015579060e-02
406.200000 2.794253896111835047e+02 1.447803315236439232e+02 -4.455495518236162411e+01 4.363109954011314962e-01 8.585742918871880347e-01 -2.672232365765171425e-01 3.278173936901516983e-02
406.300000 2.796234616204940266e+02 1.449195585167128684e+02 -4.440304860934904241e+01 4.368011215247692425e-01 8.586849122260445943e-01 -2.661386509120270971e-01 3.217483862865536809e-02
406.400000 2.797147572356677756e+02 1.449883555294386781e+02 -4.431726012138945237e+01 4.372794560122226226e-01 8.588370184094384907e-01 -2.649559563665945805e-01 3.136868414683034040e-02
406.500000 2.798234717743688407e+02 1.450541706991806166e+02 -4.425191755081806377e+01 4.377539906847326412e-01 8.589802948002269734e-01 -2.637742463031692020e-01 3.078057458367866941e-02
406.600000 2.799060558753079704e+02 1.451129300373225988e+02 -4.415093246520432047e+01 4.382786936684329726e-01 8.590745209256254178e-01 -2.626528808133259951e-01 3.026909931200219561e-02
406.700000 2.800210929002964804e+02 1.451874669415061021e+02 -4.410995681170804517e+01 4.387751903376325147e-01 8.592325998385755836e-01 -2.613926297864432313e-01 2.948838435967570532e-02
406.800000 2.801427884017672341e+02 1.452399191913650327e+02 -4.416386895975618643e+01 4.391698693414603505e-01 8.593965338802946885e-01 -2.602802902322882139e-01 2.866345990518009978e-02
406.900000 2.802781166898180345e+02 1.453269070467102040e+02 -4.392732047070552426e+01 4.397076768800896041e-01 8.594832925069001428e-01 -2.591470321565333412e-01 2.807925423998139033e-02
407.000000 2.802917131872252412e+02 1.453414094688208138e+02 -4.380012251321690542e+01 4.407642781267335219e-01 8.595272987574281709e-01 -2.573427003447352202e-01 2.672841928469244649e-02
407.100000 2.804864930411465593e+02 1.454566884564138434e+02 -4.371121589336614477e+01 4.412450928699476194e-01 8.596632010499543064e-01 -2.561242736838494349e-01 2.612097258253870055e-02
407.200000 2.805630420869285899e+02 1.455160393932076772e+02 -4.358728855319597528e+01 4.417613502677523174e-01 8.597346422364712248e-01 -2.550549522538383407e-01 2.549952311183835071e-02
407.300000 2.806573395037997898e+02 1.455750958990582546e+02 -4.356057040599354480e+01 4.421945189845936652e-01 8.598985249245858498e-01 -2.538249552710126755e-01 2.472703569321285308e-02
407.400000 2.808970958853103070e+02 1.457136061147525083e+02 -4.344426057363286020e+01 4.426800298804297040e-01 8.600495734125302993e-01 -2.525317238935312902e-01 2.401771940354950619e-02
407.500000 2.809926578742120000e+02 1.457727101486794083e+02 -4.335583170420028409e+01 4.432018418522180592e-01 8.601289767617665838e-01 -2.514039821402229702e-01 2.337324277023724098e-02
407.600000 2.810696483010362385e+02 1.458273294811924075e+02 -4.322998059460026354e+01 4.437068623200711159e-01 8.602089800779626483e-01 -2.502962409974039959e-01 2.272713501253700169e-02
407.700000 2.811953742909504399e+02 1.458944835591434810e+02 -4.321902974134718534e+01 4.441209645305213560e-01 8.603328737237136981e-01 -2.491963449033920974e-01 2.202491638043981362e-02
407.800000 2.812618293651910335e+02 1.459357533809659913e+02 -4.311681323105980823e+01 4.446543776328268915e-01 8.604475794894164142e-01 -2.479102245707103525e-01 2.128304386284579630e-02
407.900000 2.813398225749141375e+02 1.459778231301776259e+02 -4.302351783545694275e+01 4.450995666764885339e-01 8.605627848150438908e-01 -2.467628614773088314e-01 2.064362689328391731e-02
408.000000 2.814345374912946909e+02 1.460355857137128339e+02 -4.295833677737280709e+01 4.455379110445980007e-01 8.606691615855962540e-01 -2.456465158788878889e-01 2.005874757122225530e-02
408.100000 2.815405047791806510e+02 1.460974574751767534e+02 -4.288494386610236120e+01 4.460297856741900491e-01 8.607777345256293344e-01 -2.444242133002142991e-01 1.938881092105505452e-02
408.200000 2.816657691794067659e+02 1.461716700557685726e+02 -4.282559171661888797e+01 4.464153059313832328e-01 8.609045547872482551e-01 -2.433210966811661380e-01 1.875009564333002948e-02
408.300000 2.817312476474381242e+02 1.462076899884248178e+02 -4.273902042650109934e+01 4.469066441889884556e-01 8.610020910604371247e-01 -2.421209592909727704e-01 1.809120342350519633e-02
408.400000 2.818222816154502084e+02 1.462560836505622603e+02 -4.263997181048537755e+01 4.473351410719564880e-01 8.611116225441196592e-01 -2.409926298411525225e-01 1.733774621487833498e-02
408.500000 2.819028274513079850e+02 1.462990405276914032e+02 -4.252997267550453842e+01 4.478149298408551915e-01 8.611978533815362047e-01 -2.398331401200479995e-01 1.673651226574277007e-02
408.600000 2.821583587090810852e+02 1.464267561429969930e+02 -4.251810195888585042e+01 4.482122429386142248e-01 8.613224050247669794e-01 -2.386860944914841742e-01 1.607632354395891264e-02
408.700000 2.821926928466845084e+02 1.464337975737293220e+02 -4.239432761930441984e+01 4.487992967723198889e-01 8.613962538997809171e-01 -2.373612235619761701e-01 1.534061710807854348e-02
408.800000 2.822663940890437289e+02 1.464811353430664553e+02 -4.226376494860609512e+01 4.492097929793295030e-01 8.615047937928327348e-01 -2.362232316743126670e-01 1.478637821714408503e-02
408.900000 2.822995156299969040e+02 1.464920543222039271e+02 -4.213994773298472296e+01 4.499803167277537930e-01 8.615988229726857517e-01 -2.344840445878986490e-01 1.350613354639673344e-02
409.000000 2.823851773957349565e+02 1.465345283393373279e+02 -4.203371681430390083e+01 4.504877639117069732e-01 8.617158120793222409e-01 -2.331166217902362614e-01 1.277788806542227464e-02
409.100000 2.824383734936075143e+02 1.465612911708923320e+02 -4.190377004403232775e+01 4.509960925491802719e-01 8.618175769271032571e-01 -2.317933153300479610e-01 1.203526373506271473e-02
409.200000 2.825268039344595081e+02 1.466050361928121504e+02 -4.180039587454906780e+01 4.515346445879253601e-01 8.618963584539092171e-01 -2.304842001576888066e-01 1.132102020212077086e-02
409.300000 2.826292096406293126e+02 1.466485919808351355e+02 -4.173589840370692627e+01 4.519956759321953621e-01 8.619680017365550784e-01 -2.293408195276573636e-01 1.067058664134568936e-02
409.400000 2.827257148771111588e+02 1.466898855019272219e+02 -4.163888642368159765e+01 4.524137638460880018e-01 8.620722479803483163e-01 -2.281503167968396417e-01 1.003287048789205244e-02
409.500000 2.828020857295198311e+02 1.467310892872872330e+02 -4.152534086613640341e+01 4.529529650994591483e-01 8.621283010072532393e-01 -2.268902713227875512e-01 9.445040446028809406e-03
409.600000 2.828922105722185165e+02 1.467684395944287701e+02 -4.142089234137951337e+01 4.533876152008805005e-01 8.622519171179670039e-01 -2.255799411663675924e-01 8.659789386987288770e-03
409.700000 2.829669368741539301e+02 1.467981844864137315e+02 -4.130281510784013221e+01 4.538650073729328938e-01 8.623437908775577476e-01 -2.242934252346642510e-01 7.886749253816731711e-03
409.800000 2.829811849465916112e+02 1.467845122962529842e+02 -4.116115236692125734e+01 4.547875873429741422e-01 8.623718428349217424e-01 -2.223529527476207635e-01 6.497652550904267112e-03
409.900000 2.830426426240474598e+02 1.468070538348824812e+02 -4.106720567288527945e+01 4.553049987089375361e-01 8.624250142231639771e-01 -2.211025371552406138e-01 5.841323167336014664e-03
410.000000 2.831295519155709144e+02 1.468384017038291915e+02 -4.095795486782466810e+01 4.558420816149020283e-01 8.624738455784496383e-01 -2.198185081470050428e-01 5.165829859636344133e-03
410.100000 2.831828277233294671e+02 1.468598536557076102e+02 -4.082692852457539345e+01 4.563768881947160017e-01 8.625073194650559882e-01 -2.185883941160955135e-01 4.513728908318705678e-03
410.200000 2.832312310873295473e+02 1.468697052481273602e+02 -4.069266879217643407e+01 4.569388010404580314e-01 8.625436897067553232e-01 -2.172803852176919126e-01 3.814400400695402982e-03
410.300000 2.832683116068361073e+02 1.468802612917522765e+02 -4.056979121682131506e+01 4.574185016224325828e-01 8.625963556995422943e-01 -2.160682027531902472e-01 3.220755557859204202e-03
410.400000 2.833683037366611188e+02 1.469178703834978421e+02 -4.049790455115604004e+01 4.578455012108063604e-01 8.626722753102902264e-01 -2.148657975982537771e-01 2.594504665425564124e-03
410.500000 2.834336038875713939e+02 1.469413960718663077e+02 -4.037281854348553622e+01 4.582854227442550998e-01 8.627544929701032039e-01 -2.136011800105949432e-01 1.921472898821253994e-03
410.600000 2.835636709372392943e+02 1.469576918331000570e+02 -4.011846001112895976e+01 4.587607623110520061e-01 8.628063285262950188e-01 -2.123729667878307414e-01 1.235069428113574203e-03
410.700000 2.835910987108657082e+02 1.469607395076932619e+02 -3.999273037033283629e+01 4.593918012580118226e-01 8.628213239157752623e-01 -2.109461185494941604e-01 5.205785733074273043e-04
410.800000 2.836390884770333969e+02 1.469742023892964937e+02 -3.987401111368303930e+01 4.599670103650680963e-01 8.628199441357938815e-01 -2.096952247566873651e-01 -7.804850534873298868e-05
410.900000 2.837073262593884806e+02 1.469961577778229298e+02 -3.975018203745918299e+01 4.604455041959638062e-01 8.628728815798041296e-01 -2.084222490098992520e-01 -7.028638172517577727e-04
411.000000 2.838005937207357192e+02 1.470255105477294819e+02 -3.964577817306914653e+01 4.609062950716817375e-01 8.629576225329177452e-01 -2.070444083853595907e-01 -1.463499909990976285e-03
411.100000 2.838882139674479390e+02 1.470543426273260081e+02 -3.955594908980150137e+01 4.613540172858291988e-01 8.630114630533026743e-01 -2.058134135703184597e-01 -2.127009016856683601e-03
411.200000 2.839824897277969740e+02 1.470738265299961540e+02 -3.945012009934173136e+01 4.618733242965284980e-01 8.630356259197807800e-01 -2.045345779111507334e-01 -2.854318698621639925e-03
411.300000 2.840205184089113573e+02 1.470804143431904265e+02 -3.934238570139154945e+01 4.623785360339345285e-01 8.630516683862711202e-01 -2.033130344219118979e-01 -3.423031542893453273e-03
411.400000 2.841071671875469065e+02 1.470897319570423747e+02 -3.921138462536509905e+01 4.628677515578152324e-01 8.630828920727638964e-01 -2.020494392565814756e-01 -4.170140912175691883e-03
411.500000 2.842250830812020013e+02 1.471228590192247339e+02 -3.913744364874831660e+01 4.632104344690434194e-01 8.631978302029358341e-01 -2.007523337011639097e-01 -4.909159345575580050e-03
411.600000 2.843084011062517220e+02 1.471423276554442623e+02 -3.902280447537448538e+01 4.636636922276186623e-01 8.632663060436666091e-01 -1.993875503276636985e-01 -5.645363930506736364e-03
411.700000 2.843355594336993590e+02 1.471343155843724730e+02 -3.888261960609479218e+01 4.644079526126255186e-01 8.632387730083620481e-01 -1.977158028837484038e-01 -7.248145638815086875e-03
411.800000 2.844445315572917252e+02 1.471389883795144442e+02 -3.861812092326015033e+01 4.648996830184288775e-01 8.632850767974821204e-01 -1.963246097142311575e-01 -7.988024078866786185e-03
411.900000 2.844570131796407395e+02 1.471336266836563880e+02 -3.849011711256032697e+01 4.657643630360355225e-01 8.631567713588091939e-01 -1.947430360183474707e-01 -9.954702679100313478e-03
412.000000 2.845174976464920746e+02 1.471282645651801317e+02 -3.837661549585715193e+01 4.662235756166565603e-01 8.632001511159678175e-01 -1.934075348780838199e-01 -1.070523726839921370e-02
412.100000 2.845632462743163273e+02 1.471062632916046482e+02 -3.825828553003368881e+01 4.666921714511313435e-01 8.632646841538741400e-01 -1.919370645174977852e-01 -1.151804945924905441e-02
412.200000 2.846300846556014790e+02 1.471084531768196939e+02 -3.813185515251331026e+01 4.670841434444467644e-01 8.633292899575065737e-01 -1.906414957112305963e-01 -1.227844278481114888e-02
412.300000 2.846769459606910573e+02 1.470831498011264102e+02 -3.799912196684552157e+01 4.675673711349846995e-01 8.633395472048830399e-01 -1.893599287280190446e-01 -1.297678982285795438e-02
412.400000 2.846889793124882999e+02 1.470558969357238936e+02 -3.785920294124116481e+01 4.680721627764654613e-01 8.633567227982521519e-01 -1.879769625124443067e-01 -1.372155958406452714e-02
412.500000 2.847188330835525676e+02 1.470469864447954933e+02 -3.774909548344336940e+01 4.685121427291083496e-01 8.633796567453212445e-01 -1.867243162324158934e-01 -1.435166057457151235e-02
412.600000 2.847556250275301295e+02 1.470170487521605480e+02 -3.761419564027586659e+01 4.689788867171141851e-01 8.634050898896062920e-01 -1.853726816359798080e-01 -1.508056595033821327e-02
412.700000 2.847849686484490803e+02 1.469862316645906333e+02 -3.749270752940586249e+01 4.696160122545449678e-01 8.634203962591837644e-01 -1.835694487796444285e-01 -1.637918900650467066e-02
412.800000 2.848366200891774724e+02 1.469208376973568591e+02 -3.715971693635093231e+01 4.700819457971397997e-01 8.634545422872749176e-01 -1.821250398158976436e-01 -1.731148494800191159e-02
412.900000 2.849273911958596273e+02 1.469222735398463158e+02 -3.706846805860222105e+01 4.703291809032804638e-01 8.635639699557965399e-01 -1.808978823096301647e-01 -1.799131904349463365e-02
413.000000 2.849793241247980404e+02 1.469094964968655574e+02 -3.693584752175144104e+01 4.707034540444142157e-01 8.635951312695031579e-01 -1.796985831305737413e-01 -1.871167601077079745e-02
413.100000 2.850137370031998785e+02 1.468774721565269203e+02 -3.680078073825197293e+01 4.711380882882424959e-01 8.636100949747002042e-01 -1.784061291453333253e-01 -1.943601567369786579e-02
413.200000 2.850441140384139658e+02 1.468393537265666282e+02 -3.665123329879095593e+01 4.717405518443425483e-01 8.635844179374587704e-01 -1.767620119360382713e-01 -2.092835343593396971e-02
413.300000 2.851340720249893934e+02 1.467945047313515090e+02 -3.636822838381394263e+01 4.720994376963256745e-01 8.636172211327812764e-01 -1.755572202296430129e-01 -2.161200395490001785e-02
413.400000 2.851702662932866588e+02 1.467577826310963474e+02 -3.623484855339216892e+01 4.725487615592336987e-01 8.636197352997193599e-01 -1.742240140245393532e-01 -2.246360805512849848e-02
413.500000 2.852644959886470133e+02 1.467534140784194676e+02 -3.610897683955958826e+01 4.728823956862963085e-01 8.636527359799046621e-01 -1.730534270513401918e-01 -2.320997350710505766e-02
413.600000 2.853619349042639897e+02 1.467400338915811346e+02 -3.598623075392792714e+01 4.731752342081972929e-01 8.636971211985320362e-01 -1.719449688668603371e-01 -2.382033263328837622e-02
413.700000 2.854379461343363005e+02 1.467315824787688427e+02 -3.588270937418666051e+01 4.734648174502753548e-01 8.637328146240047522e-01 -1.708789787665913329e-01 -2.443493798148255181e-02
413.800000 2.854781752031892665e+02 1.466902149947577527e+02 -3.573637442640094264e+01 4.738466130608168791e-01 8.637391768490333410e-01 -1.696802019198544453e-01 -2.515254944105031060e-02
413.900000 2.854972987553524035e+02 1.466473795791261807e+02 -3.560132618573057073e+01 4.742090535788057171e-01 8.637400958780109272e-01 -1.685518708382161002e-01 -2.586671825870840921e-02
414.000000 2.855855906967238411e+02 1.466158345925934441e+02 -3.547505140001904067e+01 4.745016031122226696e-01 8.637912474757563075e-01 -1.673352228693215371e-01 -2.668019144387932459e-02
414.100000 2.856373262593984350e+02 1.465775878795136293e+02 -3.534735072217908680e+01 4.748914918299672605e-01 8.637888751094620066e-01 -1.661069360560140651e-01 -2.748337713457898665e-02
414.200000 2.857062290468479659e+02 1.465180249780634654e+02 -3.509142920106980057e+01 4.752522113825322081e-01 8.638188191342299760e-01 -1.646305735891889221e-01 -2.914030756961772869e-02
414.300000 2.857730741828058285e+02 1.464874988487518124e+02 -3.498578556277463747e+01 4.755613964762436807e-01 8.638441672371213187e-01 -1.634586497876759359e-01 -2.993130003122660907e-02
414.400000 2.858302368552314192e+02 1.464502481390017010e+02 -3.484409693853984891e+01 4.759483691178434950e-01 8.638238952918833036e-01 -1.623025295063623974e-01 -3.064827519875883491e-02
414.500000 2.858805950656707182e+02 1.464098479395226207e+02 -3.471652426590016205e+01 4.763160203941484983e-01 8.638208248281624702e-01 -1.610874313713628325e-01 -3.142404753132034545e-02
414.600000 2.859424840337377418e+02 1.463745740728531075e+02 -3.459257738912283742e+01 4.765992379218417230e-01 8.638557767850437719e-01 -1.599076176563465346e-01 -3.218566673070487327e-02
414.700000 2.860306540420336319e+02 1.463506760311812513e+02 -3.448261869842977489e+01 4.768282948747998851e-01 8.639221742645865065e-01 -1.586919931976660258e-01 -3.301674296008214743e-02
414.800000 2.860650201663559073e+02 1.463125668696839909e+02 -3.436463814115637661e+01 4.772516334044630826e-01 8.638548599172928277e-01 -1.576351342158683611e-01 -3.371681881185615431e-02
414.900000 2.861268870687551953e+02 1.462576985774866785e+02 -3.423084750960701683e+01 4.775572340143457439e-01 8.638744240406528441e-01 -1.564278341508173187e-01 -3.450218010332486290e-02
415.000000 2.861848936579758629e+02 1.462249145226430755e+02 -3.412081554759714663e+01 4.778395023108386042e-01 8.638810241614405250e-01 -1.553446465693101575e-01 -3.531326814905421524e-02
415.100000 2.862185932708243854e+02 1.461734004297283889e+02 -3.400784673173129136e+01 4.781886259860852473e-01 8.638739173783505088e-01 -1.541230618731297963e-01 -3.610505019764142370e-02
415.200000 2.862868445053993582e+02 1.461324668913403286e+02 -3.387221671784480748e+01 4.784633015433188974e-01 8.638904152355176835e-01 -1.529836010881319153e-01 -3.690849954386149490e-02
415.300000 2.863496051365756898e+02 1.460982321677312257e+02 -3.376524173516132521e+01 4.787688437608976777e-01 8.638917765555740313e-01 -1.518253009588923785e-01 -3.768913148706080907e-02
415.400000 2.864221581296280306e+02 1.460714603239438247e+02 -3.366241165542477631e+01 4.790701160115546364e-01 8.638994709799675542e-01 -1.506150323603404340e-01 -3.853102661883465313e-02
415.500000 2.864942646487191951e+02 1.460251547280753357e+02 -3.353061022076518327e+01 4.793737469420671915e-01 8.638880782232394306e-01 -1.494898455187524122e-01 -3.938254858767643168e-02
415.600000 2.866298611367340072e+02 1.459524389747404598e+02 -3.330678342570716666e+01 4.796098113516839012e-01 8.639061826571676761e-01 -1.484346009763791163e-01 -4.009620499381212622e-02
415.700000 2.866897436075346377e+02 1.459040284555688629e+02 -3.318636948803710141e+01 4.799412847415366334e-01 8.638808811162224099e-01 -1.473101928531727334e-01 -4.081535892361271012e-02
415.800000 2.867300351928315649e+02 1.458606970368841758e+02 -3.307212835597350420e+01 4.801940436548089441e-01 8.638853034088056493e-01 -1.462713006628080792e-01 -4.147974921729407488e-02
415.900000 2.868123171169208945e+02 1.458262242599180922e+02 -3.294264879416168412e+01 4.804273695849861636e-01 8.639097726126913068e-01 -1.451858648659322959e-01 -4.207745216942587740e-02
416.000000 2.868573202378775022e+02 1.457753682399478237e+02 -3.281690862469966419e+01 4.807391429746385447e-01 8.638869868178121747e-01 -1.440828521037047505e-01 -4.277010811902474258e-02
416.100000 2.869190033698863544e+02 1.457205715958253336e+02 -3.268303933776621761e+01 4.810282568870070108e-01 8.638939750051441990e-01 -1.428667335628997503e-01 -4.345241612529954917e-02
416.200000 2.870056439874327907e+02 1.456111611308562601e+02 -3.241734942928528085e+01 4.813114303632458624e-01 8.638858021408942767e-01 -1.417689045347186316e-01 -4.407046140098908743e-02
416.300000 2.870813488746326243e+02 1.455748504883280816e+02 -3.228437535611374187e+01 4.815317862077504452e-01 8.639112114294824618e-01 -1.406368662426019100e-01 -4.478648782253466520e-02
416.400000 2.871210069523019683e+02 1.455294102997271182e+02 -3.217078849743556646e+01 4.818582029837253367e-01 8.638803155158525371e-01 -1.394943226577147199e-01 -4.544014335134977794e-02
416.500000 2.872030146601562137e+02 1.454939208238011759e+02 -3.205922915816189800e+01 4.820538128852521753e-01 8.639198497467708293e-01 -1.383752259718646904e-01 -4.603163622491211748e-02
416.600000 2.872375247911152769e+02 1.454365255065430631e+02 -3.193298077124893197e+01 4.823836457331021621e-01 8.638759616042142042e-01 -1.372757195914714179e-01 -4.668745122919708279e-02
416.700000 2.872875296002423511e+02 1.453800921352851958e+02 -3.181155640040718779e+01 4.827088660808302456e-01 8.638333644710738390e-01 -1.361332063918498092e-01 -4.745333656359695257e-02
416.800000 2.873205645147802443e+02 1.453505305975727708e+02 -3.169081686743862392e+01 4.828804286507938359e-01 8.638741491735024702e-01 -1.347209939791230715e-01 -4.897141816468066067e-02
416.900000 2.873660135827520890e+02 1.452936766153491703e+02 -3.156783376690151854e+01 4.831764137392852154e-01 8.638426501684104419e-01 -1.335805137764830008e-01 -4.972600220479333338e-02
417.000000 2.874188028050699018e+02 1.452539078564039130e+02 -3.145747572060759367e+01 4.833541449593931616e-01 8.638721000945035478e-01 -1.325186727833491951e-01 -5.032461219548168413e-02
417.100000 2.874584733510461660e+02 1.452056392575631492e+02 -3.134503258754859800e+01 4.836886730750568075e-01 8.638217462499343524e-01 -1.313546658035190384e-01 -5.102166222547678542e-02
417.200000 2.875009758711623817e+02 1.451567793397382786e+02 -3.123391100774405871e+01 4.839996610230833940e-01 8.637868912775592545e-01 -1.301314162118457629e-01 -5.179139987767904241e-02
417.300000 2.876381349663505489e+02 1.450683675280338889e+02 -3.099897549222074744e+01 4.841941737444021010e-01 8.638209053116591152e-01 -1.289372397716901930e-01 -5.238925327373186031e-02
417.400000 2.876903167061165050e+02 1.450237418306354868e+02 -3.089005172395743060e+01 4.844890259108903252e-01 8.637913345717285196e-01 -1.277052137952064403e-01 -5.316288611643817108e-02
417.500000 2.877251156538785608e+02 1.449716228801978843e+02 -3.077753043408032241e+01 4.847741967299677990e-01 8.637544717242393588e-01 -1.266219198314992855e-01 -5.375016445909731183e-02
417.600000 2.878667119995009216e+02 1.448884633923357228e+02 -3.054314134654042689e+01 4.850021246438191436e-01 8.637634777733433911e-01 -1.254066284862678238e-01 -5.439458693277660073e-02
417.700000 2.879047655523058324e+02 1.448466118462902159e+02 -3.044360659741416342e+01 4.852976903984424495e-01 8.637257299905802821e-01 -1.242557810828582437e-01 -5.499559903906297426e-02
417.800000 2.879498644882651206e+02 1.447928197858725525e+02 -3.031892595092508103e+01 4.855949643085935574e-01 8.636773709817444633e-01 -1.231791432130309172e-01 -5.555023104813781865e-02
417.900000 2.880085146374460692e+02 1.447449060087841417e+02 -3.019750834637920534e+01 4.858886190564626339e-01 8.636418254634525837e-01 -1.219638000984970411e-01 -5.621279789418722611e-02
418.000000 2.880220532130298352e+02 1.446883729268169247e+02 -3.008262481319174597e+01 4.862552258593382803e-01 8.635481207910332691e-01 -1.209365999508190126e-01 -5.669953434636362116e-02
418.100000 2.881116879970521722e+02 1.446530252778220813e+02 -2.997685054379490666e+01 4.864280370659470054e-01 8.635678788416076834e-01 -1.197207061007644763e-01 -5.749118123599816083e-02
418.200000 2.881473798618329738e+02 1.446006375478182520e+02 -2.986474053691292951e+01 4.866833283407070443e-01 8.635448256101447839e-01 -1.184970151549268186e-01 -5.820764104934505329e-02
418.300000 2.881971618067780696e+02 1.445405976521363414e+02 -2.974476656647177819e+01 4.870183031403177987e-01 8.634877898666922791e-01 -1.171835323857392808e-01 -5.890695116079969901e-02
418.400000 2.882521332218727821e+02 1.444923152377912743e+02 -2.963880057790712996e+01 4.872464168789862327e-01 8.634675609384653283e-01 -1.160326499160373448e-01 -5.959131311717329182e-02
418.500000 2.883116538308266286e+02 1.444353939363388406e+02 -2.952180230226637647e+01 4.875092416692832775e-01 8.634421897530901724e-01 -1.147324200717827619e-01 -6.032243385259652285e-02
418.600000 2.883349758245912540e+02 1.443739999787904082e+02 -2.939468761736150881e+01 4.878114494452207572e-01 8.633898130589309217e-01 -1.135051546010896334e-01 -6.094752148529149205e-02
418.700000 2.883837972555112970e+02 1.443205370048797818e+02 -2.927126070255324564e+01 4.880793845898075967e-01 8.633533483470475778e-01 -1.123063897037023529e-01 -6.153685942665941544e-02
418.800000 2.884558737124704635e+02 1.442777993904071252e+02 -2.915526715049010775e+01 4.882535343554147422e-01 8.633552005366047499e-01 -1.111896695442694399e-01 -6.215417349205819980e-02
418.900000 2.885152737507021357e+02 1.442316047157270305e+02 -2.903357716684094569e+01 4.884911323604465005e-01 8.633117744448557396e-01 -1.101932269539676879e-01 -6.266295910308233852e-02
419.000000 2.885592097963557308e+02 1.441944346281500202e+02 -2.890260636286427953e+01 4.885779252550878082e-01 8.633473143121436211e-01 -1.087862516958953696e-01 -6.394198358981273422e-02
419.100000 2.886025623989261248e+02 1.441399087986549432e+02 -2.879430845426415786e+01 4.888509985678604619e-01 8.633000571242656074e-01 -1.075524061300729001e-01 -6.457702768072584587e-02
419.200000 2.886787664805423219e+02 1.440961236581198364e+02 -2.868138672953792323e+01 4.890196982080889376e-01 8.633015841039871630e-01 -1.064158134376468612e-01 -6.515968307488823053e-02
419.300000 2.887438686241254118e+02 1.440411791141930280e+02 -2.856643864408043854e+01 4.891832930653222666e-01 8.632993829354042026e-01 -1.053038896160484877e-01 -6.576451961999350837e-02
419.400000 2.888067768732435638e+02 1.439879562304303988e+02 -2.844947695180360725e+01 4.894603907284489352e-01 8.632303661290513519e-01 -1.041022609943495353e-01 -6.651751766656892328e-02
419.500000 2.888783755846253598e+02 1.439422706055152901e+02 -2.833431825837120144e+01 4.896421530664821775e-01 8.632198037989863293e-01 -1.028762109142330600e-01 -6.722066272798472852e-02
419.600000 2.889322515829009035e+02 1.439157136889182880e+02 -2.822042052022479552e+01 4.894965380574812785e-01 8.633574614141855674e-01 -1.015989402256614327e-01 -6.844478355007251047e-02
419.700000 2.890207876179589448e+02 1.438791934057419439e+02 -2.811410628312278348e+01 4.896019452134733885e-01 8.633812384194186063e-01 -1.004389551734060498e-01 -6.909984567427321367e-02
419.800000 2.890612638777739676e+02 1.438153989162228186e+02 -2.799260831788035020e+01 4.898417710850243578e-01 8.633346432535203840e-01 -9.920544478083802298e-02 -6.976111226492547057e-02
419.900000 2.891251311306813250e+02 1.437646943260696162e+02 -2.787507389929537638e+01 4.900514943662078737e-01 8.632921621601842288e-01 -9.798940170270147021e-02 -7.052838277025391678e-02
420.000000 2.892000156953509986e+02 1.437190326417951383e+02 -2.776203960450732566e+01 4.901178608249187052e-01 8.633419451621477947e-01 -9.671751875972975365e-02 -7.121018037475940199e-02
420.100000 2.892828444921123037e+02 1.436783786741006850e+02 -2.765267148326729441e+01 4.902028098164740166e-01 8.633843978572218747e-01 -9.538850280289720707e-02 -7.190007175085337543e-02
420.200000 2.893436417533143299e+02 1.436122365569814860e+02 -2.752347710243987322e+01 4.903466765174737674e-01 8.633835454972929035e-01 -9.407000393292820617e-02 -7.266240123234905812e-02
420.300000 2.894208444838879473e+02 1.435645584114266455e+02 -2.741278956563130365e+01 4.904355822967078615e-01 8.634124169522479075e-01 -9.282006788748801973e-02 -7.332375377276430239e-02
420.400000 2.894659753415761543e+02 1.435215790902664423e+02 -2.731681016155859609e+01 4.905587261987022218e-01 8.633970011789409149e-01 -9.178284777164592845e-02 -7.398421021032539069e-02
420.500000 2.895547236951597938e+02 1.434790619674444088e+02 -2.721295839738240474e+01 4.906048838858185213e-01 8.634396169051540282e-01 -9.057029907953950687e-02 -7.467192772860727079e-02
420.600000 2.896221397075606774e+02 1.434350955746808438e+02 -2.711247294075825565e+01 4.907246823000404046e-01 8.634374270930973427e-01 -8.936280079734441883e-02 -7.536169789774319061e-02
420.700000 2.896826369727369865e+02 1.433934056163622301e+02 -2.700668303342035514e+01 4.908342998605340624e-01 8.634466048679317884e-01 -8.809847017085419008e-02 -7.602835113308684112e-02
420.800000 2.897550895623344900e+02 1.433470673676501121e+02 -2.689234764614642259e+01 4.908731321157692729e-01 8.634826746905560624e-01 -8.689187807158160748e-02 -7.675311199743811708e-02
420.900000 2.898355526525635355e+02 1.433097410661461595e+02 -2.679905829530409633e+01 4.908885408348889201e-01 8.635471048926105508e-01 -8.562598780608327020e-02 -7.735003762647328640e-02
421.000000 2.899103671073763735e+02 1.432613908025109311e+02 -2.668710297406862608e+01 4.909080096851224928e-01 8.636081341211229168e-01 -8.409465546934231928e-02 -7.822023797149224578e-02
421.100000 2.899664590518848399e+02 1.432123019634915124e+02 -2.658206354235553093e+01 4.910517967638551307e-01 8.635817047930253176e-01 -8.304707649499500077e-02 -7.872709271525439589e-02
421.200000 2.900342336456614021e+02 1.431455038362708478e+02 -2.645671590829204334e+01 4.910557207330358831e-01 8.636377889195432367e-01 -8.187404302723193250e-02 -7.931386867311464306e-02
421.300000 2.901021873116314964e+02 1.430987115450908220e+02 -2.635785939043448067e+01 4.911126909397472984e-01 8.636644742296352151e-01 -8.053104522910804752e-02 -8.004218578896658831e-02
421.400000 2.901701127155858444e+02 1.430515699300225094e+02 -2.625914951555798282e+01 4.911547542987437232e-01 8.636964411189299584e-01 -7.928040426329618917e-02 -8.068508181865850781e-02
421.500000 2.903128848758345839e+02 1.429511276613042980e+02 -2.605077499692866994e+01 4.911828701059404167e-01 8.637494611144758139e-01 -7.787589509978780355e-02 -8.131175500104673159e-02
421.600000 2.903884053790733333e+02 1.429055559714235528e+02 -2.595696887830756694e+01 4.911712262606827695e-01 8.638078313067635294e-01 -7.665210275112833982e-02 -8.192259889989653154e-02
421.700000 2.904860116979179452e+02 1.428673659854130733e+02 -2.585958671443364310e+01 4.911204321061642952e-01 8.638880133439129638e-01 -7.532395129620064744e-02 -8.261067685045000997e-02
421.800000 2.905582199043892615e+02 1.428223181046720072e+02 -2.576296183390526195e+01 4.910660286974143918e-01 8.639603635110201241e-01 -7.393149956209042750e-02 -8.343128378346215124e-02
421.900000 2.906452692277691767e+02 1.427811507738768171e+02 -2.567747868992335114e+01 4.910450277926619034e-01 8.640203294291461944e-01 -7.257726605517524077e-02 -8.412010143366267789e-02
422.000000 2.907255837926517188e+02 1.427389478134421665e+02 -2.558611036477549661e+01 4.908956606631617592e-01 8.641521736165675982e-01 -7.118360648758116638e-02 -8.482549936935696033e-02
422.100000 2.908178920889990309e+02 1.426902691501586276e+02 -2.548818758659515638e+01 4.908037257527131381e-01 8.642503431752455167e-01 -6.982742388732988970e-02 -8.548203309459376231e-02
422.200000 2.909018593269846633e+02 1.426507669482720644e+02 -2.539897300204993869e+01 4.906394247070881010e-01 8.643934469449950919e-01 -6.831183310020856603e-02 -8.619986809814035589e-02
422.300000 2.909842590655587742e+02 1.426019556046452692e+02 -2.529263905314933325e+01 4.905451297488603868e-01 8.644890891939800426e-01 -6.692701927514892180e-02 -8.686117910309834600e-02
422.400000 2.910619211279450269e+02 1.425598054824538110e+02 -2.519898229701274417e+01 4.903447993099349644e-01 8.646402715435285158e-01 -6.574145632767249003e-02 -8.739130125332739141e-02
422.500000 2.912446102034813862e+02 1.424753890769585780e+02 -2.501625183008508557e+01 4.903067857501521853e-01 8.646973220419228445e-01 -6.437867386009243909e-02 -8.805216324939155181e-02
422.600000 2.913372998671677578e+02 1.424299460305012701e+02 -2.491719520532538823e+01 4.900980786015792234e-01 8.648441360556393676e-01 -6.307399150852589786e-02 -8.871395198274864557e-02
422.700000 2.914280718439131306e+02 1.423830770123159368e+02 -2.481703333548623291e+01 4.899289611447570914e-01 8.649625789364282502e-01 -6.181913899755796249e-02 -8.937418041505601485e-02
422.800000 2.915108976996316983e+02 1.423450806457552460e+02 -2.472606210978293362e+01 4.897800532572736953e-01 8.650703341866424756e-01 -6.066596773830596617e-02 -8.993584769093906917e-02
422.900000 2.916182735793510119e+02 1.423134715801674020e+02 -2.463695566355942290e+01 4.895661811164485067e-01 8.652171951822333895e-01 -5.929711226208256997e-02 -9.059807914864279055e-02
423.000000 2.916921485902597055e+02 1.422782080245767418e+02 -2.455696264764572945e+01 4.893960712331867358e-01 8.653284024143437225e-01 -5.794051585986573216e-02 -9.132983115310039368e-02
423.100000 2.918676974338694663e+02 1.421822360779798089e+02 -2.437294183741368059e+01 4.893670501159271824e-01 8.653615068880015082e-01 -5.672661263174823276e-02 -9.193173596038851925e-02
423.200000 2.919304815472644918e+02 1.421628782070793022e+02 -2.422993678365314807e+01 4.883016405503414203e-01 8.659300096666823210e-01 -5.637693950757854261e-02 -9.245737875509688064e-02
423.300000 2.920127449710865903e+02 1.421152406365171146e+02 -2.414308655641469059e+01 4.883097315854490472e-01 8.659404854999345202e-01 -5.517219619499497130e-02 -9.304144441110927255e-02
423.400000 2.920833236016031833e+02 1.420570086650850499e+02 -2.405249255775916950e+01 4.884631590550704283e-01 8.658616720232614750e-01 -5.412952572456906919e-02 -9.358045528771580246e-02
423.500000 2.921659993537698483e+02 1.420155702250815466e+02 -2.394333127273197093e+01 4.883566061842301020e-01 8.659376922862276338e-01 -5.318275238154263757e-02 -9.397517290937419665e-02
423.600000 2.922485480270556764e+02 1.419660292377146789e+02 -2.383750113843798957e+01 4.884046691059933942e-01 8.659084430157759638e-01 -5.208889432840218409e-02 -9.460546811418681090e-02
423.700000 2.923406483329929983e+02 1.419276182408769387e+02 -2.373497925007596265e+01 4.882962548861686236e-01 8.659580621390369215e-01 -5.099662045588411463e-02 -9.530344580666492982e-02
423.800000 2.924304700774903267e+02 1.418732531704613109e+02 -2.361774650818784593e+01 4.882671567712015270e-01 8.659566319728131401e-01 -5.002709048672624587e-02 -9.597700442450572689e-02
423.900000 2.925283803292951461e+02 1.418254101950243466e+02 -2.350420509397276803e+01 4.880821761106723389e-01 8.660351700858450741e-01 -4.884758831756220304e-02 -9.681315330578904588e-02
424.000000 2.926299731926262098e+02 1.417875561780203100e+02 -2.341085325261552796e+01 4.878894866612962788e-01 8.661213522728450354e-01 -4.776719583780526801e-02 -9.754971524421819640e-02
424.100000 2.927342620840003633e+02 1.417462542600676727e+02 -2.330046759250167909e+01 4.875781383886249598e-01 8.662736015779644028e-01 -4.669440457801540129e-02 -9.827125091159477632e-02
424.200000 2.927937906317690704e+02 1.417169919733688062e+02 -2.319010615579390233e+01 4.870101006906569774e-01 8.665616580424572168e-01 -4.603974599139857432e-02 -9.885543194499205044e-02
424.300000 2.928821435924654111e+02 1.416793131399895742e+02 -2.308407468701861731e+01 4.867343800171112789e-01 8.666946128755638190e-01 -4.525638969289473568e-02 -9.940800025048145139e-02
424.400000 2.929938080541206205e+02 1.416548105046642831e+02 -2.299805561075070059e+01 4.862777046465932562e-01 8.669261839003924441e-01 -4.434309606984934704e-02 -1.000333717440526071e-01
424.500000 2.931011057947304153e+02 1.416094984518068145e+02 -2.289222067795707360e+01 4.861098371811089502e-01 8.669787330959766170e-01 -4.357150297701946340e-02 -1.007304655175108588e-01
424.600000 2.931875501467306435e+02 1.415709304729654434e+02 -2.278499205606341960e+01 4.858290197836166446e-01 8.671070874999775580e-01 -4.293750784420059113e-02 -1.012513346258977487e-01
424.700000 2.932712985781282100e+02 1.415351096346065276e+02 -2.269393099911304645e+01 4.855156375117207213e-01 8.672566029736328286e-01 -4.215498997740169812e-02 -1.018013121242903191e-01
424.800000 2.933479460112304764e+02 1.415159599063827329e+02 -2.255778015621080712e+01 4.841637056437883002e-01 8.679933855613344296e-01 -4.191094362327003192e-02 -1.020610678155713241e-01
424.900000 2.934212142962783219e+02 1.414776064183085680e+02 -2.245913498440895850e+01 4.837320458563565961e-01 8.682136808283550389e-01 -4.137701708836474118e-02 -1.024512307928605453e-01
425.000000 2.935258819333507176e+02 1.414343400176308592e+02 -2.234986593431645829e+01 4.831229787314693103e-01 8.685351268077755593e-01 -4.068819879482402091e-02 -1.028756113054307142e-01
425.100000 2.937127440676374590e+02 1.413646124897336449e+02 -2.214469514121677562e+01 4.824171431529613030e-01 8.689184169770274302e-01 -3.991090804549730225e-02 -1.032550436988717429e-01
425.200000 2.937731404873375709e+02 1.413507336336450351e+02 -2.203178502390031568e+01 4.809737180296335679e-01 8.696953391872365158e-01 -4.006220466571509820e-02 -1.033891644132521326e-01
425.300000 2.939503531615380325e+02 1.412730096669218938e+02 -2.180195637275865650e+01 4.803964953153041506e-01 8.699791578073127196e-01 -3.965222825120882227e-02 -1.038420582633350908e-01
425.400000 2.940360237810480726e+02 1.412481442370590514e+02 -2.162266333245912975e+01 4.794005503846021643e-01 8.705035837206379634e-01 -3.989648585648741114e-02 -1.039562092266250043e-01
425.500000 2.941068086568674858e+02 1.412323722668711241e+02 -2.146700931206583718e+01 4.784428155459406473e-01 8.709910623785658279e-01 -4.057968991235152284e-02 -1.040208165500903920e-01
425.600000 2.942057539830166206e+02 1.411930074403443598e+02 -2.135118329275518434e+01 4.776201358641686268e-01 8.713861506548769009e-01 -4.005456155002262708e-02 -1.046939079555478103e-01
425.700000 2.942757522610965566e+02 1.411661935207035867e+02 -2.124648925892022433e+01 4.768268096934793476e-01 8.717634710924933028e-01 -3.981361959489652935e-02 -1.052592975516128404e-01
425.800000 2.943623159428606186e+02 1.411295487817293974e+02 -2.113863495114918223e+01 4.761292764835010627e-01 8.720998030550909386e-01 -3.948635663075876490e-02 -1.057528875567840948e-01
425.900000 2.944445590994503164e+02 1.411003518378105355e+02 -2.104401067425873961e+01 4.753301434954828042e-01 8.724852090347851030e-01 -3.910578537969729152e-02 -1.063087590461289783e-01
426.000000 2.945536482545700778e+02 1.410667503112588292e+02 -2.093561721105944784e+01 4.745147320858293383e-01 8.728804316120230000e-01 -3.876188438368732836e-02 -1.068318185811124726e-01
426.100000 2.946415085767035862e+02 1.410344832843517224e+02 -2.082741336879205463e+01 4.737200807816454029e-01 8.732583123941323189e-01 -3.844820291071508050e-02 -1.073822172974635974e-01
426.200000 2.947223993101925430e+02 1.410044772998772373e+02 -2.073183123834929020e+01 4.730262596061800551e-01 8.735688633641995882e-01 -3.818359706912732854e-02 -1.080074608461364521e-01
426.300000 2.948063353159110420e+02 1.409754201044081015e+02 -2.063861085888791891e+01 4.723034930312556279e-01 8.739115515605782036e-01 -3.786386469984967529e-02 -1.085096229347843472e-01
426.400000 2.949746780521548999e+02 1.409204271642539368e+02 -2.045159769789225734e+01 4.715510494105749628e-01 8.742469582993780408e-01 -3.758967993189482604e-02 -1.091736216615019489e-01
426.500000 2.950785679838319879e+02 1.408885864845520643e+02 -2.033775509761999345e+01 4.707260948342651408e-01 8.746175856677954608e-01 -3.733224254451139590e-02 -1.098513821001650542e-01
426.600000 2.951671484530709790e+02 1.408530253054349259e+02 -2.023118321921407770e+01 4.702553383331258829e-01 8.747637879638917591e-01 -3.724483336518521343e-02 -1.107296456413572883e-01
426.700000 2.952551040670959424e+02 1.408236168653275797e+02 -2.012229295261508710e+01 4.695179002161350978e-01 8.750644746868927459e-01 -3.713199653246099241e-02 -1.115182556853224066e-01
426.800000 2.953471617226502985e+02 1.408051448201021572e+02 -2.003418059709082044e+01 4.686844119772451411e-01 8.754260474503661182e-01 -3.688303751102372380e-02 -1.122666422359443056e-01
426.900000 2.954332209495762527e+02 1.407788659446472650e+02 -1.994202685605144509e+01 4.680000767400842032e-01 8.756956750853368554e-01 -3.670170570677483424e-02 -1.130751856347131656e-01
427.000000 2.955181942771753825e+02 1.407576673582252909e+02 -1.984768545130839001e+01 4.673177771748991405e-01 8.759662707685476057e-01 -3.666166109946548263e-02 -1.138117314585050110e-01
427.100000 2.957189493428816718e+02 1.407404435544989667e+02 -1.968731342130360318e+01 4.663968516875323655e-01 8.763722999215459719e-01 -3.639990427917117605e-02 -1.145452558364825763e-01
427.200000 2.957636348424269386e+02 1.407344031749688327e+02 -1.958211522865056864e+01 4.653177456162364001e-01 8.769626559784221564e-01 -3.762526035805198454e-02 -1.140185748765693147e-01
427.300000 2.958433675539559431e+02 1.407203969095209004e+02 -1.948198467057695993e+01 4.644309090228096459e-01 8.773354736107156215e-01 -3.782893494011576457e-02 -1.146968577154775792e-01
427.400000 2.959281280718545872e+02 1.407051537117297357e+02 -1.936773953933283465e+01 4.635789068567469084e-01 8.777107033261563052e-01 -3.805313510989707937e-02 -1.151975576673200941e-01
427.500000 2.960091950184244638e+02 1.406881465120060000e+02 -1.925104295710103131e+01 4.627831876887663065e-01 8.780428897688205003e-01 -3.838986783384028267e-02 -1.157524209973313373e-01
427.600000 2.961976233666080702e+02 1.406916485696706900e+02 -1.905520030211051008e+01 4.616749207844974001e-01 8.785500144583890947e-01 -3.857811489650176534e-02 -1.162663694488860477e-01
427.700000 2.962722809489278575e+02 1.406868701586104180e+02 -1.895040044232097287e+01 4.609312975285652647e-01 8.788475913684565821e-01 -3.910940614189838127e-02 -1.167891452821006176e-01
427.800000 2.963631962754769802e+02 1.407001910720031788e+02 -1.886014498565666386e+01 4.591490887858858394e-01 8.797379100004764085e-01 -3.951531312046349664e-02 -1.169695003155788726e-01
427.900000 2.964745424899018076e+02 1.407181197338237268e+02 -1.877211528985842293e+01 4.575878466349327378e-01 8.804447613365289360e-01 -3.977722841049351199e-02 -1.176781923172145472e-01
428.000000 2.965279397914391097e+02 1.407189501393998796e+02 -1.865499066386552229e+01 4.558574118880693304e-01 8.813257396734885951e-01 -4.157622189174436933e-02 -1.171766972947166641e-01
428.100000 2.966247490203163579e+02 1.407449257533222919e+02 -1.857416465280642726e+01 4.545915685099187198e-01 8.818977836679440241e-01 -4.181208529501358184e-02 -1.177053716894117114e-01
428.200000 2.966853125638689335e+02 1.407496659119908884e+02 -1.844459319309220646e+01 4.526148751733841680e-01 8.828875278650369918e-01 -4.365440001393833952e-02 -1.172334477509242162e-01
428.300000 2.967433812612752604e+02 1.407512308878661429e+02 -1.829837053194981777e+01 4.508092057962526100e-01 8.838791420984251079e-01 -4.546385867985019286e-02 -1.160248235794504867e-01
428.400000 2.968810222476542435e+02 1.407819742622542094e+02 -1.808289847082297186e+01 4.492197073722404843e-01 8.846064223458716125e-01 -4.673978897175898317e-02 -1.161401058192715885e-01
428.500000 2.969450891881535313e+02 1.407821005079244969e+02 -1.793915397989458782e+01 4.474397654616679154e-01 8.854137702496097662e-01 -4.841342116392007705e-02 -1.161733721090328492e-01
428.600000 2.970021674393765352e+02 1.407918899510830215e+02 -1.782415031901404134e+01 4.458207625994776713e-01 8.861350772927565345e-01 -4.969082255519360197e-02 -1.163584744673500510e-01
428.700000 2.970838197216133381e+02 1.408117102511006635e+02 -1.770835432812375032e+01 4.444235217800958648e-01 8.867425458001444438e-01 -5.047984509325175589e-02 -1.167354958691524669e-01
428.800000 2.971601342548101456e+02 1.408235332667055957e+02 -1.757122897351288415e+01 4.430000180892911810e-01 8.873837823357346721e-01 -5.163348668997473634e-02 -1.167689593712709362e-01
428.900000 2.972400716024125131e+02 1.408417651981593792e+02 -1.745398449813821529e+01 4.418255866391317954e-01 8.878942588405637215e-01 -5.247632709804926632e-02 -1.169622640138757580e-01
429.000000 2.973192238901003748e+02 1.408632912271928035e+02 -1.733672104585618357e+01 4.408572879741035067e-01 8.882919677411788006e-01 -5.307513876768920474e-02 -1.173254504845962637e-01
429.100000 2.975261779267542579e+02 1.409050962812364389e+02 -1.701324188101867563e+01 4.398767282685556168e-01 8.886968758483955177e-01 -5.382487123756121011e-02 -1.175976616319931584e-01
429.200000 2.975796377955982734e+02 1.409060511587314295e+02 -1.688054007863888373e+01 4.379946488976977914e-01 8.895793856444151881e-01 -5.547434106907624118e-02 -1.171827703053623937e-01
429.300000 2.976552706519283902e+02 1.409239047385686092e+02 -1.676041695698178913e+01 4.368203310048949239e-01 8.900688181992919557e-01 -5.607443875812203465e-02 -1.175634067558930240e-01
429.400000 2.977215418586065994e+02 1.409382836336822038e+02 -1.666826007751804539e+01 4.358538337679709329e-01 8.904683536356936546e-01 -5.647833486365454181e-02 -1.179311004533076385e-01
429.500000 2.977916841147012406e+02 1.409531968011851575e+02 -1.656127066350308397e+01 4.350981011647430674e-01 8.907832862749422986e-01 -5.691362581773324464e-02 -1.181339005210960275e-01
429.600000 2.978629318298852695e+02 1.409712486944073646e+02 -1.643852483800765540e+01 4.342320139428759163e-01 8.911480988226480049e-01 -5.737276690387816541e-02 -1.183469038449553729e-01
429.700000 2.979092288158885253e+02 1.409721841840668048e+02 -1.631841721868143580e+01 4.334448380240938925e-01 8.914543737775895149e-01 -5.794579639347128414e-02 -1.186463507378083954e-01
429.800000 2.979459140939607096e+02 1.409735716817644686e+02 -1.619499976798298846e+01 4.320804475611877971e-01 8.920198031523359772e-01 -5.904850889500145444e-02 -1.188294206695808264e-01
429.900000 2.980259667383328974e+02 1.409971029693689673e+02 -1.607873703411150856e+01 4.314874989702195407e-01 8.922727046278878804e-01 -5.912686380407862485e-02 -1.190460952116976917e-01
430.000000 2.980667910543880339e+02 1.409980578860062224e+02 -1.595662208455308573e+01 4.308298811539350570e-01 8.925214348841853385e-01 -5.966135573393022834e-02 -1.192963721541880073e-01
430.100000 2.981412729739458882e+02 1.410060937688190563e+02 -1.581822075181733922e+01 4.302344296705645221e-01 8.927494516868209606e-01 -5.987688270363435150e-02 -1.196307274767646200e-01
430.200000 2.982062190294011543e+02 1.410140643793370430e+02 -1.569103348972844358e+01 4.296134985895441183e-01 8.929991291024491629e-01 -6.036627120873361979e-02 -1.197527058244303722e-01
430.300000 2.982605700311683563e+02 1.410168001499989714e+02 -1.557433696320164174e+01 4.291736150745757983e-01 8.931705416067435843e-01 -6.063985296368952504e-02 -1.199133018571263698e-01
430.400000 2.983087691557968810e+02 1.410154513874737745e+02 -1.545494422468499707e+01 4.284977956967276347e-01 8.934257300605215057e-01 -6.126935137908771922e-02 -1.201089943778384656e-01
430.500000 2.983593987810727413e+02 1.410254757933396377e+02 -1.533693903488663679e+01 4.279340349555895151e-01 8.936247561256970284e-01 -6.174759820501678903e-02 -1.203930690772050394e-01
430.600000 2.984120207478703719e+02 1.410325667850872833e+02 -1.521967535804806815e+01 4.273596646290565015e-01 8.938390535047190388e-01 -6.228963866786581954e-02 -1.205631137311701934e-01
430.700000 2.984552509812849621e+02 1.410305247566775506e+02 -1.508330960010856714e+01 4.269330210580923879e-01 8.939792525711039994e-01 -6.279990268150378863e-02 -1.207702932256700806e-01
430.800000 2.985256240830142360e+02 1.410543738852738898e+02 -1.496104970112048349e+01 4.264746405271431229e-01 8.941598443195152290e-01 -6.291630363793206115e-02 -1.209921176369919554e-01
430.900000 2.985813454008161898e+02 1.410631345571194402e+02 -1.484525914210652431e+01 4.257944834387257793e-01 8.944191141903264919e-01 -6.347707246084682842e-02 -1.211782460507698916e-01
431.000000 2.986385481221321925e+02 1.410689784741807955e+02 -1.471425402175394126e+01 4.253116336880428672e-01 8.945916914717191304e-01 -6.371569896992058946e-02 -1.214743985543911969e-01
431.100000 2.986884947277947049e+02 1.410795661006251862e+02 -1.461185896663073791e+01 4.246383064584733358e-01 8.948325770105163279e-01 -6.436128604748087012e-02 -1.217152113218082365e-01
431.200000 2.987502810678454921e+02 1.411066906871193680e+02 -1.450215126935807675e+01 4.241194568142553356e-01 8.950191994605150025e-01 -6.459470575799414194e-02 -1.220280415997813533e-01
431.300000 2.988205119485365913e+02 1.411414796140050782e+02 -1.440003624904933233e+01 4.236254027683188372e-01 8.952021148628610536e-01 -6.466704936831742245e-02 -1.223636563708201119e-01
431.400000 2.988837790235960483e+02 1.411699921134543558e+02 -1.429157466397770904e+01 4.231809234878879944e-01 8.953544064405771774e-01 -6.489327639481176635e-02 -1.226672553786318093e-01
431.500000 2.989602747088363799e+02 1.412076363177652354e+02 -1.417668359625255547e+01 4.226930338300990408e-01 8.955147358609751862e-01 -6.511684564732921066e-02 -1.230599586392610578e-01
431.600000 2.990351948753653346e+02 1.412448845600963807e+02 -1.406058580344350517e+01 4.223304953352727265e-01 8.956215426478680852e-01 -6.548461416784089051e-02 -1.233319519111139573e-01
431.700000 2.991247327632765973e+02 1.412915719137683084e+02 -1.395923542742407975e+01 4.219757092247451991e-01 8.957262156639175243e-01 -6.534913086465113374e-02 -1.238569275087395838e-01
431.800000 2.992312463453543501e+02 1.413061338087809702e+02 -1.372526481006212506e+01 4.212140667826522189e-01 8.959226412151417573e-01 -6.655528298766838491e-02 -1.243853898532111257e-01
431.900000 2.993106078890905906e+02 1.413420646682112931e+02 -1.363039760827807712e+01 4.208942475450133669e-01 8.959762527367970408e-01 -6.662760392310221325e-02 -1.250413903901843593e-01
432.000000 2.993903248802417920e+02 1.413756521324655751e+02 -1.353507075705779172e+01 4.205334359425226265e-01 8.960504599493255284e-01 -6.674088523190267741e-02 -1.256616756113034805e-01
432.100000 2.994779728377949368e+02 1.414159549241030618e+02 -1.342941965702286566e+01 4.202093204698711948e-01 8.961455622604987958e-01 -6.673604364037830083e-02 -1.260696581667964389e-01
432.200000 2.995702775110549965e+02 1.414590169076122947e+02 -1.332895001431083060e+01 4.198893957343203809e-01 8.962342800590640257e-01 -6.650313460515375197e-02 -1.266267889688713899e-01
432.300000 2.996211471779789122e+02 1.414649485662409347e+02 -1.321081154722398665e+01 4.192577755111538407e-01 8.963510516217793045e-01 -6.729789023041352070e-02 -1.274704040179704678e-01
432.400000 2.997011881171002869e+02 1.415065120687893057e+02 -1.309970311411837329e+01 4.190347975687340742e-01 8.964139197225400313e-01 -6.723689804236358813e-02 -1.277932803235063697e-01
432.500000 2.998872940868174624e+02 1.416024930590426152e+02 -1.292642876252678619e+01 4.187472611294889013e-01 8.964773555164646801e-01 -6.695812467105695387e-02 -1.284355553703609987e-01
432.600000 2.999820844756599172e+02 1.416397198380157647e+02 -1.282594202056091248e+01 4.184578422199085046e-01 8.965153262382771215e-01 -6.678928173495768394e-02 -1.291994425292232462e-01
432.700000 3.000744068329433958e+02 1.416780130456673135e+02 -1.272357573190574342e+01 4.182374650242544623e-01 8.965502445810866750e-01 -6.659801535984630205e-02 -1.297682015819309753e-01
432.800000 3.002597547689485395e+02 1.417543178893521372e+02 -1.251937420852392435e+01 4.179744054115537844e-01 8.965882818814194799e-01 -6.635836896482537328e-02 -1.304738137792806063e-01
432.900000 3.003474094929844114e+02 1.417966309090923573e+02 -1.241446745494109294e+01 4.176513593977942973e-01 8.966565523196199372e-01 -6.626867179695183907e-02 -1.310833029555441565e-01
433.000000 3.005474252084243858e+02 1.418882504239183788e+02 -1.225487003221018156e+01 4.172782591574575872e-01 8.967366038747688339e-01 -6.601906239118514319e-02 -1.318476435385040335e-01
433.100000 3.006288428338227732e+02 1.419037828784601629e+02 -1.212109065258465179e+01 4.166068667718568763e-01 8.968542217736933386e-01 -6.667038716640986962e-02 -1.328393124053278418e-01
433.200000 3.007093413518605303e+02 1.419384892884773990e+02 -1.202677722890655687e+01 4.163833383071597338e-01 8.968796396973267582e-01 -6.643921419593049049e-02 -1.334828014899527293e-01
433.300000 3.007981591194866269e+02 1.419764989309421992e+02 -1.194159674603026033e+01 4.160662714494044456e-01 8.969468813709983168e-01 -6.623961001765847623e-02 -1.341173509496050575e-01
433.400000 3.008769024038197131e+02 1.420005312346699782e+02 -1.184264201312001674e+01 4.158947108649752034e-01 8.969481416416658082e-01 -6.592568112437981187e-02 -1.347940104321689592e-01
433.500000 3.009760069681921664e+02 1.420262841258403341e+02 -1.174272367427291286e+01 4.156388775571324135e-01 8.969713846332896257e-01 -6.568287853419087219e-02 -1.355448932256355099e-01
433.600000 3.010770841169286882e+02 1.420695233064508329e+02 -1.165116830547929183e+01 4.153993030569581579e-01 8.970039647385987802e-01 -6.526344192662984767e-02 -1.362644099202631465e-01
433.700000 3.011816567149321031e+02 1.421061223277984880e+02 -1.156064931802118068e+01 4.151408707455204739e-01 8.970397335859821020e-01 -6.491997262631764298e-02 -1.369787244751509425e-01
433.800000 3.013788481864163487e+02 1.421888883639251731e+02 -1.139278935678229132e+01 4.149068735297390953e-01 8.970522009288424137e-01 -6.455486973302931863e-02 -1.377762820671552535e-01
433.900000 3.014741952762759638e+02 1.422308208112727641e+02 -1.131715405519508622e+01 4.146367499812551038e-01 8.970897925097387482e-01 -6.422739786962244901e-02 -1.384958883964182985e-01
434.000000 3.015577983442739765e+02 1.422583084596321612e+02 -1.122316190158599269e+01 4.144010668201404402e-01 8.971178498411508384e-01 -6.401107657569773957e-02 -1.391182999836468870e-01
434.100000 3.016569459560793689e+02 1.423136916815456345e+02 -1.116240422693975276e+01 4.143061518469930427e-01 8.970665120289439409e-01 -6.342148593552379698e-02 -1.399992880685148600e-01
434.200000 3.017456111685705764e+02 1.423401558640857161e+02 -1.107291553193259759e+01 4.140997422062509536e-01 8.970774576502250630e-01 -6.303582589885085852e-02 -1.407121996622004712e-01
434.300000 3.018664909402675107e+02 1.423947909399770140e+02 -1.098823909279118638e+01 4.138910078448366225e-01 8.970719707451229041e-01 -6.267337711843261328e-02 -1.415208844277678346e-01
434.400000 3.019650701992009090e+02 1.424341875378025577e+02 -1.091537204421869589e+01 4.137545645075001999e-01 8.970306303062549613e-01 -6.222661926550754341e-02 -1.423764604713757820e-01
434.500000 3.020798770246774438e+02 1.425000472584320050e+02 -1.086105360249804264e+01 4.137334276230823504e-01 8.969249846160365358e-01 -6.148801304343470137e-02 -1.434205253467884800e-01
434.600000 3.021705560196049305e+02 1.425462555542265477e+02 -1.078211593228001064e+01 4.137627259365797561e-01 8.968440926541568770e-01 -6.102889014190984035e-02 -1.440366434797741568e-01
434.700000 3.022856419652473505e+02 1.426061361844588191e+02 -1.072179894772515851e+01 4.136341787502589296e-01 8.968100033408259453e-01 -6.047163170873705307e-02 -1.448508399558303406e-01
434.800000 3.023992613446921496e+02 1.426701198550555034e+02 -1.066302134200921614e+01 4.136271568571904256e-01 8.967107633457382931e-01 -5.986453699386229399e-02 -1.457347563920524391e-01
434.900000 3.025046973954746363e+02 1.427133801573939138e+02 -1.057653208751916551e+01 4.136135235581590575e-01 8.966156405864509349e-01 -5.934678749767482997e-02 -1.465680899761547806e-01
435.000000 3.025825906042500151e+02 1.427326000144541354e+02 -1.047582054037988186e+01 4.130677330190504759e-01 8.966502297558589518e-01 -5.946391538364849405e-02 -1.478426737600286034e-01
435.100000 3.026790539301801459e+02 1.427707003906478747e+02 -1.039945149487355636e+01 4.131112220731686935e-01 8.965200213922414063e-01 -5.893069565823832318e-02 -1.487216949516928233e-01
435.200000 3.027867191362146855e+02 1.428244313084425983e+02 -1.035372087865486534e+01 4.130720264150153920e-01 8.964101776869164429e-01 -5.819639812170508686e-02 -1.497780811012200120e-01
435.300000 3.028877388133070667e+02 1.428690333579294247e+02 -1.028749965975298153e+01 4.130917292508685668e-01 8.963057298086360980e-01 -5.765187722221834510e-02 -1.505573744108515133e-01
435.400000 3.029925507601159325e+02 1.429198901531127603e+02 -1.023257169198970118e+01 4.130550183203972603e-01 8.962042276731212453e-01 -5.694034964515530539e-02 -1.515299664206662400e-01
435.500000 3.031064855217734930e+02 1.430008150002954608e+02 -1.020193437819779447e+01 4.131049706627697993e-01 8.960746425820056427e-01 -5.614734499629471520e-02 -1.524532511464089524e-01
435.600000 3.031998742068702200e+02 1.430604682288253002e+02 -1.017344691398727363e+01 4.131507933468498428e-01 8.959360351852845294e-01 -5.540285638476399876e-02 -1.534130578462942207e-01
435.700000 3.033189908406048403e+02 1.431170891418092026e+02 -1.011800412730766752e+01 4.131435170544836555e-01 8.958263924302519721e-01 -5.470870654728492849e-02 -1.543193648547541430e-01
435.800000 3.034371066741654204e+02 1.431888287272576008e+02 -1.008083953897168783e+01 4.131539272366219206e-01 8.957117706088711939e-01 -5.396627061557608684e-02 -1.552156501050177828e-01
435.900000 3.035151132725545722e+02 1.431992912083288445e+02 -9.978978840235086523e+00 4.129273092984172000e-01 8.955991459552571365e-01 -5.385338350632480620e-02 -1.565024603151780880e-01
436.000000 3.036338526326926512e+02 1.432476790126864898e+02 -9.915510841961800992e+00 4.129672377230674263e-01 8.954560250739375116e-01 -5.312165411000398935e-02 -1.574631944004072914e-01
436.100000 3.037314268477965697e+02 1.432629852331188545e+02 -9.812004351475945185e+00 4.127230008288369500e-01 8.953088410762602978e-01 -5.288091712674120037e-02 -1.590138744932597104e-01
436.200000 3.038309240786691134e+02 1.432959791568194419e+02 -9.737229537001361734e+00 4.127739183767131781e-01 8.951893155551632342e-01 -5.224034871566615723e-02 -1.597646005530596602e-01
436.300000 3.039267236688210119e+02 1.432960244921808055e+02 -9.630970236935276318e+00 4.128340177020859980e-01 8.949457645440790365e-01 -5.161616897796760667e-02 -1.611704794700490051e-01
436.400000 3.040356269505912223e+02 1.433442372516395835e+02 -9.581933046835278134e+00 4.129065477765196945e-01 8.947872064325562702e-01 -5.088434268819557599e-02 -1.620951007189569415e-01
436.500000 3.041202288592277228e+02 1.433360933671766020e+02 -9.466892742860416377e+00 4.127663292455490684e-01 8.946297058349969022e-01 -5.066165807629880585e-02 -1.633861783618863750e-01
436.600000 3.042308039087703264e+02 1.433833197699520952e+02 -9.420823283092261136e+00 4.127991401196645649e-01 8.945034674433954835e-01 -4.996164415080372317e-02 -1.642079497526120202e-01
436.700000 3.043392124616080991e+02 1.434467658878383247e+02 -9.392341452894772402e+00 4.128202732950577158e-01 8.943704854676189919e-01 -4.924163819770750045e-02 -1.650942692785414279e-01
436.800000 3.044373651754456773e+02 1.434879520219875815e+02 -9.350374371753584768e+00 4.128201241345557104e-01 8.942490340420686801e-01 -4.863021126635944102e-02 -1.659316509185219390e-01
436.900000 3.045614498093082148e+02 1.435439408069705962e+02 -9.306364591022397548e+00 4.128726731189595878e-01 8.940856649248569710e-01 -4.788842707543027044e-02 -1.668942123613705308e-01
437.000000 3.047652580013225361e+02 1.437013630223500229e+02 -9.310571353267523165e+00 4.129261660190646221e-01 8.939353584723787050e-01 -4.708582194676073224e-02 -1.677929726217798900e-01
437.100000 3.049725779880736809e+02 1.438540635345271141e+02 -9.311135242239977572e+00 4.128969497335462924e-01 8.937991954419707286e-01 -4.627064112536727336e-02 -1.688139061151854026e-01
437.200000 3.050833562750826786e+02 1.439130776514684840e+02 -9.282246750854895367e+00 4.129606552244252660e-01 8.936442049640684893e-01 -4.556088357594758470e-02 -1.696694965470520178e-01
437.300000 3.051931822018073603e+02 1.439669082642236617e+02 -9.242114144731701231e+00 4.129344251121970233e-01 8.935228248469333501e-01 -4.492005271328267102e-02 -1.705412293231521048e-01
437.400000 3.053148505788167313e+02 1.440389839046275995e+02 -9.220422862399349384e+00 4.129879416504519396e-01 8.933652911067643254e-01 -4.415011316995975932e-02 -1.714356561632645048e-01
437.500000 3.054344468992522366e+02 1.441150680852819903e+02 -9.201018753923285942e+00 4.130475910138211582e-01 8.932133843884187963e-01 -4.336195359467198002e-02 -1.722825542169585944e-01
437.600000 3.055480473185460255e+02 1.441679469588254960e+02 -9.171222626145617340e+00 4.131224172092742286e-01 8.930289938740824107e-01 -4.262009267551197800e-02 -1.732414852156992091e-01
437.700000 3.056732860617656797e+02 1.442155248158201744e+02 -9.121020967400180979e+00 4.131924431441361123e-01 8.928331967225096033e-01 -4.182849848673087650e-02 -1.742735334845476325e-01
437.800000 3.057975554532390561e+02 1.442789876376903067e+02 -9.089593771274429912e+00 4.131861451085944714e-01 8.926787684408974410e-01 -4.103654763548307549e-02 -1.752650211060454988e-01
437.900000 3.058973192618194048e+02 1.443290164388525341e+02 -9.064212464417323645e+00 4.132361713914554091e-01 8.925140090900106626e-01 -4.025928570427811382e-02 -1.761641284325199952e-01
438.000000 3.060056658192124814e+02 1.443986188301531399e+02 -9.061851874363483716e+00 4.132839263691933662e-01 8.923357678304096874e-01 -3.949587145399203331e-02 -1.771252375960746250e-01
438.100000 3.061168077250168267e+02 1.444492458955977838e+02 -9.021176613007877876e+00 4.132890143754240908e-01 8.921807967988465427e-01 -3.882619218331474775e-02 -1.780397237149906053e-01
438.200000 3.062381849839292727e+02 1.445243732817298508e+02 -9.011582779859455883e+00 4.133285398348707229e-01 8.920153212794261766e-01 -3.811442321930804539e-02 -1.789286883185458588e-01
438.300000 3.063507220922789429e+02 1.445188519401546330e+02 -8.923415216425137686e+00 4.135652573608174509e-01 8.915649654802250135e-01 -3.718185533899182049e-02 -1.808126098088193856e-01
438.400000 3.064649321845503209e+02 1.445679533849288418e+02 -8.889738146638787697e+00 4.136367570569826069e-01 8.913699275227452423e-01 -3.646088336107080469e-02 -1.817550260763340642e-01
438.500000 3.065994566011074767e+02 1.446491279551725029e+02 -8.881413032421736631e+00 4.136453083127579200e-01 8.912223181776698366e-01 -3.569601620769579514e-02 -1.826092355817840740e-01
438.600000 3.067228137220852204e+02 1.447213498102374558e+02 -8.874619575085706202e+00 4.136573678415634281e-01 8.910492346359983884e-01 -3.494826170158917000e-02 -1.835686860252265795e-01
438.700000 3.068363598568875545e+02 1.447788067180279370e+02 -8.855226894230789014e+00 4.136704754878764989e-01 8.908616163899810703e-01 -3.419822388565295357e-02 -1.845881893180907063e-01
438.800000 3.069569618030656670e+02 1.448557559183040269e+02 -8.853615985331806826e+00 4.136599959516443215e-01 8.906727746598797069e-01 -3.337468743734669369e-02 -1.856705320383825186e-01
438.900000 3.070713389480084174e+02 1.449111509190084917e+02 -8.832907851247330910e+00 4.137620820923408327e-01 8.904468692698418453e-01 -3.263550024333920774e-02 -1.866553951912860443e-01
439.000000 3.071942180374779809e+02 1.449839026649313212e+02 -8.823578424382414909e+00 4.137542472587360520e-01 8.902882713466347964e-01 -3.196662548816864291e-02 -1.875429327724094930e-01
439.100000 3.073050869018032927e+02 1.450492459686076359e+02 -8.819345253807711060e+00 4.137314824668710256e-01 8.901153596148214664e-01 -3.129096632259822236e-02 -1.885252832384564370e-01
439.200000 3.075392349898977500e+02 1.452102820578988656e+02 -8.852442268916359325e+00 4.137941506113543833e-01 8.898947675050076223e-01 -3.051272078712841465e-02 -1.895538909049419019e-01
439.300000 3.076481347430618030e+02 1.452789727125816626e+02 -8.851025616465697965e+00 4.139009107355801631e-01 8.896744539056090639e-01 -2.976148595339579012e-02 -1.904721924950184275e-01
439.400000 3.077830049235614069e+02 1.453597608473506000e+02 -8.858119433716325375e+00 4.138927644917490545e-01 8.894583406691131122e-01 -2.899121507415021795e-02 -1.916145849460569039e-01
439.500000 3.078958671014364086e+02 1.454215482529487815e+02 -8.852332535147642290e+00 4.138083375501743211e-01 8.892887488558159914e-01 -2.825101862291947916e-02 -1.926916211961114678e-01
439.600000 3.081160634336160911e+02 1.455543584025921007e+02 -8.865537967174528688e+00 4.137686594475886714e-01 8.890811975461991867e-01 -2.743834896394970260e-02 -1.938485430301045143e-01
439.700000 3.082382739115982417e+02 1.456284076817947266e+02 -8.872602541658956454e+00 4.137380874370243933e-01 8.888912358186376039e-01 -2.672738842441128859e-02 -1.948815347763325212e-01
439.800000 3.084670611993643661e+02 1.457734648630593028e+02 -8.895546783608470065e+00 4.137109677416695996e-01 8.887128541135157489e-01 -2.600828425458475215e-02 -1.958475612658803211e-01
439.900000 3.086017026683165341e+02 1.458543846940154651e+02 -8.905068804824633588e+00 4.136614791088397691e-01 8.885525068665134363e-01 -2.539421232437301390e-02 -1.967581185698472623e-01
440.000000 3.087310778802604432e+02 1.459117985375046374e+02 -8.884482704726458735e+00 4.135787847958799501e-01 8.883510136078659469e-01 -2.470180795694120954e-02 -1.979264663260044133e-01
440.100000 3.088421955747564311e+02 1.459752949911169253e+02 -8.898647134290676775e+00 4.135138076058253453e-01 8.881109829087905361e-01 -2.389327466132876859e-02 -1.992343453877188364e-01
440.200000 3.089639395928720660e+02 1.460498305395360319e+02 -8.908210268035809065e+00 4.134624422287359602e-01 8.879226443896739429e-01 -2.327385797414999527e-02 -2.002511272909516804e-01
440.300000 3.091978255686008765e+02 1.461865909540274799e+02 -8.930695872396860580e+00 4.133967522312244069e-01 8.877169687600914294e-01 -2.261535828653433305e-02 -2.013709368047980897e-01
440.400000 3.093101032476934051e+02 1.462495382329055076e+02 -8.931905294889496361e+00 4.133812052354963740e-01 8.874960339260900000e-01 -2.198748533928298818e-02 -2.024433733466325658e-01
440.500000 3.094362696866782017e+02 1.463167462905510661e+02 -8.937711123949487302e+00 4.132626804617359761e-01 8.873299271303839442e-01 -2.138807033332323568e-02 -2.034750790730542880e-01
440.600000 3.095611631887785506e+02 1.463850074711191382e+02 -8.952224021293410772e+00 4.131255055020031097e-01 8.871249076153300273e-01 -2.077093273250010461e-02 -2.047077999139960969e-01
440.700000 3.096868363485668851e+02 1.464527177164279692e+02 -8.961720438308347525e+00 4.130183350944456322e-01 8.868915659705506327e-01 -2.004255452991270461e-02 -2.060036433998978234e-01
440.800000 3.097990128740713089e+02 1.465157216086234087e+02 -8.967718490737365045e+00 4.129287350913556365e-01 8.866738979116246533e-01 -1.942535796719748950e-02 -2.071760458303645858e-01
440.900000 3.099095084212020765e+02 1.465806574341547162e+02 -8.979725534536910914e+00 4.128940995439734363e-01 8.864306605482583645e-01 -1.878341889994528113e-02 -2.083418579550903038e-01
441.000000 3.101361755301970788e+02 1.467017746438293102e+02 -8.996750989936270315e+00 4.127632884448567130e-01 8.861891084256390272e-01 -1.815109362308314767e-02 -2.096803987506826450e-01
441.100000 3.102855515261135224e+02 1.466583827937120361e+02 -8.870625282193628891e+00 4.127717027056427845e-01 8.855047818897168188e-01 -1.722241019845888871e-02 -2.126127730943873362e-01
441.200000 3.104259549529282367e+02 1.467287168009383436e+02 -8.880970012133381886e+00 4.126935977243981757e-01 8.852549600837520405e-01 -1.664845339136781024e-02 -2.138468588595181241e-01
441.300000 3.105458732805661839e+02 1.468016662201807208e+02 -8.908657219215900369e+00 4.125411522134950770e-01 8.850459161876782499e-01 -1.602897185674564268e-02 -2.150502174634816022e-01
441.400000 3.106644691419348874e+02 1.468504922391037439e+02 -8.897228709627331256e+00 4.124716090516674094e-01 8.848201563529264346e-01 -1.552247913561077483e-02 -2.161469761051393046e-01
441.500000 3.108776033540374897e+02 1.469883598304822101e+02 -8.940640790214548161e+00 4.123690473812461899e-01 8.845760577929908663e-01 -1.483493055708519359e-02 -2.173865027472064171e-01
441.600000 3.110012847691020283e+02 1.470572444994753312e+02 -8.961290579526750122e+00 4.122543365640515267e-01 8.843627296113273362e-01 -1.426291972161216476e-02 -2.185074222527713106e-01
441.700000 3.111198919470437545e+02 1.471068776063676466e+02 -8.954329224008588994e+00 4.121787987751514559e-01 8.840672443396010438e-01 -1.364967418385597438e-02 -2.198804941797516399e-01
441.800000 3.112245529027446764e+02 1.471530474122089913e+02 -8.958115980305457526e+00 4.120451986020061685e-01 8.838301310650921172e-01 -1.298354114527450892e-02 -2.211209655139567132e-01
441.900000 3.113375433382307733e+02 1.472127237196663998e+02 -8.973973737606218748e+00 4.119615878716283430e-01 8.835659151648829202e-01 -1.231611879139938616e-02 -2.223673467374333856e-01
442.000000 3.114592095304410577e+02 1.472826388423735011e+02 -9.001673833967842597e+00 4.118477357665377703e-01 8.833282899406800226e-01 -1.167219882457277286e-02 -2.235538738404005965e-01
442.100000 3.115711189730760111e+02 1.473439868382440068e+02 -9.019044558054122973e+00 4.117857115699767867e-01 8.830493521891367159e-01 -1.105180127570372720e-02 -2.247981917936979490e-01
442.200000 3.116836177812742790e+02 1.474041224034158404e+02 -9.036574606305322277e+00 4.116597383590551718e-01 8.828239078296765685e-01 -1.047410462270260620e-02 -2.259391526735590461e-01
442.300000 3.119125805091276789e+02 1.475162674262355154e+02 -9.073136698054199201e+00 4.115059191020901674e-01 8.825799885562177760e-01 -9.863489154777582701e-03 -2.271962894189602511e-01
442.400000 3.120277117437516381e+02 1.475730924665358827e+02 -9.082400248650987606e+00 4.113770884522627291e-01 8.823210003782014921e-01 -9.215392754902965861e-03 -2.284592303333830843e-01
442.500000 3.121349378965500136e+02 1.476372928287701143e+02 -9.113391107360993004e+00 4.112630217451642700e-01 8.820761375296715112e-01 -8.523422976013241698e-03 -2.296339822555549803e-01
442.600000 3.122620178962126829e+02 1.477001125306145468e+02 -9.132703314826535745e+00 4.111340877179632258e-01 8.818259657380155270e-01 -7.899414094967664376e-03 -2.308448122083115173e-01
442.700000 3.123746523458275419e+02 1.477587300641001207e+02 -9.154302029036067267e+00 4.109988843631483535e-01 8.815995538050009905e-01 -7.282129666559880241e-03 -2.319679166837300688e-01
442.800000 3.124829115827236592e+02 1.478234247902116181e+02 -9.180082424885842585e+00 4.110011337925620345e-01 8.813307728814812059e-01 -6.737983072562478068e-03 -2.329994342857373002e-01
442.900000 3.126216597580224175e+02 1.478324114746750695e+02 -9.146366177618084237e+00 4.108223977118294901e-01 8.808206953635596692e-01 -5.875476066351899805e-03 -2.352559009643588883e-01
443.000000 3.127404802094345087e+02 1.479053745941471050e+02 -9.178571966648188862e+00 4.107573978065098830e-01 8.805370845891425935e-01 -5.213155150465633575e-03 -2.364437054012119288e-01
443.100000 3.128568179115230805e+02 1.479573433495400536e+02 -9.197128786659764188e+00 4.106292759730170161e-01 8.803109167277061164e-01 -4.601412202869486004e-03 -2.375186616029164033e-01
443.200000 3.129880454229822817e+02 1.480123634161547272e+02 -9.211986060542439958e+00 4.105760171387937696e-01 8.800027885878070055e-01 -4.003089869278558463e-03 -2.387601338155660724e-01
443.300000 3.131303068116819759e+02 1.479817551849133679e+02 -9.152054064130094702e+00 4.101315702304627608e-01 8.794129904725973557e-01 -2.925812036238201533e-03 -2.416946977330430568e-01
443.400000 3.135235256664350345e+02 1.479883277950446825e+02 -9.075833452623367492e+00 4.098653019211835336e-01 8.788386706324804454e-01 -1.931767764979214555e-03 -2.442320485835017818e-01
443.500000 3.136490091890407257e+02 1.480514356604178943e+02 -9.103034297339355874e+00 4.097617664245223335e-01 8.785292348129608575e-01 -1.210693323952664923e-03 -2.455202895430108889e-01
443.600000 3.139033129064173977e+02 1.481686704406025967e+02 -9.161856334457102236e+00 4.096659548860393518e-01 8.782425977054909572e-01 -5.985432688606002246e-04 -2.467050602009938087e-01
443.700000 3.140331527243776009e+02 1.482233929258095202e+02 -9.186669043102167365e+00 4.095794369951621938e-01 8.779222118741638603e-01 9.412001177508187266e-05 -2.479864226729464327e-01
443.800000 3.141603596913664092e+02 1.482814129549526285e+02 -9.217011537667005427e+00 4.094731658275852504e-01 8.775988354390230617e-01 8.468641212777152077e-04 -2.493016111547728675e-01
443.900000 3.142860971686757239e+02 1.483422274237637453e+02 -9.248000135037454328e+00 4.093281130177527372e-01 8.773328611727916337e-01 1.457177382706156517e-03 -2.504704039078549660e-01
444.000000 3.144165573962989129e+02 1.483955987997685213e+02 -9.272499629184956405e+00 4.092280734589328617e-01 8.770084128522466216e-01 2.212249821238615206e-03 -2.517612631645343435e-01
444.100000 3.145457281269418672e+02 1.484500028459688394e+02 -9.301016314923707284e+00 4.091053565580655138e-01 8.766912334063970969e-01 2.836806098010261241e-03 -2.530558061673957027e-01
444.200000 3.146745809384631798e+02 1.485066633529804676e+02 -9.326816860685834598e+00 4.089569093832055580e-01 8.763455896797062161e-01 3.536220517029973597e-03 -2.544801541596502514e-01
444.300000 3.147925562107911333e+02 1.485528574217725293e+02 -9.349577448995525231e+00 4.088936619636913683e-01 8.760188439141318728e-01 4.194176952440505785e-03 -2.556938935386647294e-01
444.400000 3.149233094460247457e+02 1.486033047736848118e+02 -9.378339554040348247e+00 4.087884039055900698e-01 8.757183530826045947e-01 4.809751016798617315e-03 -2.568779344392335684e-01
444.500000 3.150479472951301432e+02 1.485893640098430808e+02 -9.349174000326513578e+00 4.082464101557899405e-01 8.752378498778548011e-01 5.474886043410049849e-03 -2.593522707803266325e-01
444.600000 3.151755379355965943e+02 1.486443734559418886e+02 -9.383279623171372208e+00 4.080340510750479766e-01 8.749279607978186490e-01 6.102057970188683872e-03 -2.607144826548465355e-01
444.700000 3.153056928274693291e+02 1.486950290379642468e+02 -9.414470028354163134e+00 4.078816941327935708e-01 8.746344280888007638e-01 6.755823855277457574e-03 -2.619188798792003170e-01
444.800000 3.154094529784590577e+02 1.487367186803081154e+02 -9.438704167079372098e+00 4.077035204214808917e-01 8.742980799409463266e-01 7.392968023043581562e-03 -2.632984065111599881e-01
444.900000 3.155395440697986942e+02 1.487868013720950557e+02 -9.470900958371164080e+00 4.075696374405484712e-01 8.739873593515136152e-01 8.038364135889989465e-03 -2.645155402473866602e-01
445.000000 3.156791997896064572e+02 1.487721389036314008e+02 -9.443516746115317773e+00 4.069827881055417262e-01 8.735770245796213862e-01 8.559751344328127634e-03 -2.667488012519995122e-01
445.100000 3.158114024336830994e+02 1.488178233647495858e+02 -9.473583229596673760e+00 4.068471420721937459e-01 8.732397638718356614e-01 9.183230098303424987e-03 -2.680361655928365505e-01
445.200000 3.159471025171155816e+02 1.488554306532174678e+02 -9.499084384678571524e+00 4.065532704534327579e-01 8.729791039674983377e-01 9.787207070188461838e-03 -2.693067635568908158e-01
445.300000 3.160853575441494741e+02 1.488833344769612950e+02 -9.523074515280622876e+00 4.063858236391063028e-01 8.726203313576189613e-01 1.040875022568198832e-02 -2.706953593344810227e-01
445.400000 3.162213755257758976e+02 1.489172874428777220e+02 -9.551621098035685264e+00 4.061621790212666672e-01 8.723201962237944196e-01 1.097295104051813561e-02 -2.719730757597882409e-01
445.500000 3.163418320306608393e+02 1.489534157758372146e+02 -9.579099652757101069e+00 4.059326770540570006e-01 8.719701517701069493e-01 1.159192120372118558e-02 -2.734087480029672723e-01
445.600000 3.164815622943431208e+02 1.489780687407308903e+02 -9.597437678803775185e+00 4.058106818050346565e-01 8.716371257021435781e-01 1.214549861975464280e-02 -2.746250143266560917e-01
445.700000 3.166029477200349334e+02 1.490118366372502408e+02 -9.624164982811471702e+00 4.055664628546009620e-01 8.713121938513185283e-01 1.273907240912337466e-02 -2.759866320816370955e-01
445.800000 3.167387186828541985e+02 1.490483247109580134e+02 -9.650688009362777819e+00 4.054168278546326776e-01 8.709929373018662213e-01 1.329785345552131695e-02 -2.771852556613175200e-01
445.900000 3.168864485495651024e+02 1.490909370989988645e+02 -9.684260044922350374e+00 4.053029007882171242e-01 8.706612851459386571e-01 1.385262662180830259e-02 -2.783641318423689115e-01
446.000000 3.170379551434344307e+02 1.491250810338580379e+02 -9.709695322016305141e+00 4.050673053965380133e-01 8.703605209073557170e-01 1.437963138897857020e-02 -2.796180751413994692e-01
446.100000 3.173114014800233917e+02 1.491878194665996773e+02 -9.765957338231824991e+00 4.048188608662222632e-01 8.700132252088138562e-01 1.494086231738342603e-02 -2.810257078666378860e-01
446.200000 3.175649265680070812e+02 1.491571680157788080e+02 -9.733020142710685718e+00 4.042392279562109225e-01 8.693763265861359502e-01 1.557365987037524248e-02 -2.837832103405777961e-01
446.300000 3.177066878293737773e+02 1.491435675423842611e+02 -9.718952474125167384e+00 4.035999370087260951e-01 8.687304495157545103e-01 1.624056663086563199e-02 -2.866195054880528725e-01
446.400000 3.178306806485456946e+02 1.491687439102317398e+02 -9.742659668476655099e+00 4.032614691756505332e-01 8.683703565000828739e-01 1.684098371611434178e-02 -2.881483865956714907e-01
446.500000 3.179547216896078794e+02 1.491964758280595333e+02 -9.763258870237127240e+00 4.030395603258026815e-01 8.680463117222985137e-01 1.739224585945901846e-02 -2.893997638244749648e-01
446.600000 3.180974835016968427e+02 1.491891901542725805e+02 -9.757377672158678905e+00 4.024116390305089719e-01 8.674802259239013935e-01 1.812099693493398125e-02 -2.919153299740879226e-01
446.700000 3.182249711609695169e+02 1.492010875120803632e+02 -9.771319937925252219e+00 4.021743590022084924e-01 8.671593086576347975e-01 1.856688497556563053e-02 -2.931651226730080384e-01
446.800000 3.183737303716918063e+02 1.492399988673349185e+02 -9.804840283968101033e+00 4.019514817184444144e-01 8.668090316596797074e-01 1.910717094335934174e-02 -2.944690560926502831e-01
446.900000 3.185120110599036707e+02 1.492668868919452905e+02 -9.829822119916862277e+00 4.015582816715232983e-01 8.665490298989538820e-01 1.964685625679991887e-02 -2.957325248284677355e-01
447.000000 3.186491398566345765e+02 1.492961977595115854e+02 -9.858197681349807340e+00 4.012820291489067048e-01 8.662378277758938649e-01 2.017600223697420952e-02 -2.969809551906830158e-01
447.100000 3.187883327136867706e+02 1.493186206924032433e+02 -9.882294147510439331e+00 4.009868099998095126e-01 8.659540409070559663e-01 2.065320648305604689e-02 -2.981721353595698232e-01
447.200000 3.189277519952549937e+02 1.493379025595444602e+02 -9.907966697983702886e+00 4.007309636533977204e-01 8.656188958120705212e-01 2.117353346564666491e-02 -2.994500016080981486e-01
447.300000 3.190505851119106637e+02 1.493661182390987676e+02 -9.934338470285201339e+00 4.004837071333156584e-01 8.652707655566818090e-01 2.175009832319262787e-02 -3.007428067579373532e-01
447.400000 3.191909078986852819e+02 1.493832290678131756e+02 -9.956606435395936927e+00 4.002165585465471409e-01 8.649861516218659840e-01 2.222270986547887628e-02 -3.018804646441819450e-01
447.500000 3.193303393469213916e+02 1.493570737861976738e+02 -9.938076039508437987e+00 3.996693237917563479e-01 8.643151298583700015e-01 2.290058579726797841e-02 -3.044656812974018689e-01
447.600000 3.194732086184756099e+02 1.493594215231873932e+02 -9.945249947702230031e+00 3.993911094329753997e-01 8.639966967694695521e-01 2.334366703522245887e-02 -3.056984181946170720e-01
447.700000 3.196120575929396637e+02 1.493313550627639756e+02 -9.925468247638374208e+00 3.988612030287078114e-01 8.633670449010969472e-01 2.401611418134205062e-02 -3.081076317731640812e-01
447.800000 3.197687311187181081e+02 1.493379537537006456e+02 -9.939195962336601298e+00 3.987080218383201591e-01 8.630128532982661582e-01 2.441934711716439027e-02 -3.092643268308359894e-01
447.900000 3.199115438567901037e+02 1.493334868471330026e+02 -9.945726278213754767e+00 3.983777090750724170e-01 8.626816081971109273e-01 2.484878995853786673e-02 -3.105771746734453109e-01
448.000000 3.200460864916282162e+02 1.492907294236337634e+02 -9.922516573771019921e+00 3.979424440985499523e-01 8.615699490016072160e-01 2.558474667743356953e-02 -3.141408201741566764e-01
448.100000 3.202022088100108590e+02 1.492982178224648351e+02 -9.940867500889535080e+00 3.976949611411579322e-01 8.613032215643520173e-01 2.606603662870599081e-02 -3.151444750273635909e-01
448.200000 3.203446645588452384e+02 1.493008323617834492e+02 -9.953834062739787214e+00 3.974698225085150916e-01 8.609250843652582752e-01 2.665225976668525107e-02 -3.164101710676371915e-01
448.300000 3.206446952182972154e+02 1.492856688540382208e+02 -9.958101352312251464e+00 3.972638889295375120e-01 8.606206233618298729e-01 2.698143180509013014e-02 -3.174673960182722854e-01
448.400000 3.208017732348172331e+02 1.492840672978403518e+02 -9.967637753670636869e+00 3.970384590993862317e-01 8.603502268218936599e-01 2.732294917678081830e-02 -3.184515750499347653e-01
448.500000 3.209427205086177537e+02 1.492599431961373000e+02 -9.963110258950163001e+00 3.966930372087796863e-01 8.598294836440989464e-01 2.786435562262610730e-02 -3.202365859362913958e-01
448.600000 3.210838744373907048e+02 1.492410142398147457e+02 -9.949476891425010905e+00 3.960581082370650541e-01 8.592258328454117633e-01 2.855952971983155217e-02 -3.225729318045265082e-01
448.700000 3.212265823696744746e+02 1.492309771466477173e+02 -9.950995602599778778e+00 3.958489887129458262e-01 8.589185321694057240e-01 2.895637701844975403e-02 -3.236109724049183733e-01
448.800000 3.214981475790644936e+02 1.492205691445599314e+02 -9.956968077183315557e+00 3.956354277725719903e-01 8.586622793259631736e-01 2.929121255736999094e-02 -3.245207593065108642e-01
448.900000 3.216235212687728335e+02 1.491917924736211489e+02 -9.951231559259166914e+00 3.954366659610718537e-01 8.583155220646041528e-01 2.967394511069514768e-02 -3.256436162096920661e-01
449.000000 3.217661179593972065e+02 1.491814202585085809e+02 -9.956447468680273971e+00 3.952630680496871940e-01 8.580054454806868014e-01 3.005967415779242993e-02 -3.266346254624025169e-01
449.100000 3.219088040178992287e+02 1.491707816607602126e+02 -9.959023008138945698e+00 3.950837971590274722e-01 8.576940996401600792e-01 3.047028156028763063e-02 -3.276296485461845931e-01
449.200000 3.220354812408567682e+02 1.491509791680305739e+02 -9.947177788742866511e+00 3.946335979081330159e-01 8.571116178525267637e-01 3.103217395814421645e-02 -3.296376831063730917e-01
449.300000 3.221772850671029573e+02 1.491325759483173385e+02 -9.950506292781739148e+00 3.944277373541566489e-01 8.568782900643302503e-01 3.130317172824891719e-02 -3.304640184072418774e-01
449.400000 3.223055503516059161e+02 1.491237404346404105e+02 -9.957543094898412050e+00 3.942699317690648297e-01 8.565586553510987633e-01 3.175376709849500600e-02 -3.314365536886192398e-01
449.500000 3.224468734077757972e+02 1.491020016213471706e+02 -9.952662382223422810e+00 3.940497252463084910e-01 8.563238700083068977e-01 3.206870489646966582e-02 -3.322737453569997168e-01
449.600000 3.225739313912334296e+02 1.490810683587234280e+02 -9.949996261978451884e+00 3.938328267381974168e-01 8.560723067459906632e-01 3.244014980329339853e-02 -3.331419320450957344e-01
449.700000 3.227145478626071053e+02 1.490548828608044687e+02 -9.946844623361744908e+00 3.936543045853866385e-01 8.557878988008373877e-01 3.280606642836365883e-02 -3.340465876983945148e-01
449.800000 3.229794376775616911e+02 1.490081186838600615e+02 -9.907880884572513480e+00 3.932257535991664499e-01 8.553019275396647192e-01 3.346329674371704976e-02 -3.357265661581518290e-01
449.900000 3.231052647701355909e+02 1.489822292059656093e+02 -9.898590282301089616e+00 3.930641455479680912e-01 8.550380629550793365e-01 3.381605532458163699e-02 -3.365515752228127044e-01
450.000000 3.232332335099734451e+02 1.489691336868314693e+02 -9.903345024096722682e+00 3.928538901153186269e-01 8.547419527222163138e-01 3.429443145588451786e-02 -3.374994922203461423e-01
450.100000 3.233590017451836616e+02 1.489417756886234372e+02 -9.899676527837847573e+00 3.926526899856686015e-01 8.544272592783123121e-01 3.472378854956843786e-02 -3.384851284147277761e-01
450.200000 3.234995808588363388e+02 1.489156449222297454e+02 -9.894849290828265254e+00 3.924279878797433119e-01 8.541296860210619846e-01 3.516060848911325282e-02 -3.394502694017098587e-01
450.300000 3.236262945677959806e+02 1.488928226081808930e+02 -9.898286891628828243e+00 3.921641128574209767e-01 8.538479709774158266e-01 3.562255691047078870e-02 -3.404144304868146342e-01
450.400000 3.237650343053855408e+02 1.488590386721384959e+02 -9.889424926095220059e+00 3.919641024897524972e-01 8.535459191623940844e-01 3.606201016176575902e-02 -3.413547094500370416e-01
450.500000 3.238923107318578900e+02 1.488397821794446827e+02 -9.889407809147183315e+00 3.916776948552860294e-01 8.532648526282534673e-01 3.653640651236492176e-02 -3.423342892865068876e-01
450.600000 3.240316272609568387e+02 1.488074368008942088e+02 -9.885762786999627849e+00 3.914845455456086865e-01 8.529886088385391085e-01 3.693793083924300225e-02 -3.431994654074464468e-01
450.700000 3.241731822634718583e+02 1.487867769902104556e+02 -9.883772365964698992e+00 3.912027948860848370e-01 8.527332652093715382e-01 3.746154261474868991e-02 -3.440973474230840656e-01
450.800000 3.243136398989912550e+02 1.487602071436588176e+02 -9.877915893634437339e+00 3.909729679097224686e-01 8.524495600524234495e-01 3.788200059497536659e-02 -3.450142605186269362e-01
450.900000 3.244539435916785237e+02 1.487323996262767025e+02 -9.873361230982403924e+00 3.907223470920331287e-01 8.521255123070013981e-01 3.836113500332030690e-02 -3.460441909347420908e-01
451.000000 3.246089767724278090e+02 1.487062429815776170e+02 -9.866465313863589159e+00 3.904549648508345294e-01 8.518830109709343290e-01 3.885202120195041520e-02 -3.468872676979537495e-01
451.100000 3.247497855308670864e+02 1.486809846375192308e+02 -9.864590745717642051e+00 3.901365993760038120e-01 8.516646752246526120e-01 3.930011358353419082e-02 -3.477300905503229456e-01
451.200000 3.248726716338604774e+02 1.486433398374865362e+02 -9.857381785851899281e+00 3.898200495250792041e-01 8.513795948539127911e-01 3.988431866035761775e-02 -3.487152930108618487e-01
451.300000 3.249986452819528040e+02 1.486167391608290700e+02 -9.855766303117022176e+00 3.895135653502202477e-01 8.511087380922024437e-01 4.039282013142102279e-02 -3.496591460738430746e-01
451.400000 3.251245851912728426e+02 1.485907216300551852e+02 -9.848606373157721805e+00 3.891561672674668793e-01 8.508487766411353403e-01 4.094321411475486394e-02 -3.506244286753735229e-01
451.500000 3.252505980990020475e+02 1.485648297578607355e+02 -9.844083553283482502e+00 3.888746128264493063e-01 8.505464178762089933e-01 4.150493321905483063e-02 -3.516029963687881676e-01
451.600000 3.253881169562388891e+02 1.485269943150186123e+02 -9.832874226206392620e+00 3.885654238331880395e-01 8.502924752347263970e-01 4.211938388261166066e-02 -3.524848584859872069e-01
451.700000 3.255125388333384535e+02 1.484950264190026985e+02 -9.824109496773065331e+00 3.882898656743949406e-01 8.499989203223869971e-01 4.261065221799571062e-02 -3.534362007249592375e-01
451.800000 3.257600525701085417e+02 1.484271942952104268e+02 -9.802801603261929841e+00 3.879926424733985968e-01 8.497190731088507532e-01 4.322405038030925628e-02 -3.543598279295576137e-01
451.900000 3.258719149489443225e+02 1.483785753101523710e+02 -9.761539430837352427e+00 3.875608208210384875e-01 8.493804314444690640e-01 4.413695293690077237e-02 -3.555297768530453761e-01
452.000000 3.260099775776779438e+02 1.483426957908376096e+02 -9.750586118125333712e+00 3.872278056704796523e-01 8.490960821059718722e-01 4.474633818533243351e-02 -3.564943689413868078e-01
452.100000 3.261464119250127851e+02 1.483028250777929884e+02 -9.734319609414139762e+00 3.868250977207643437e-01 8.488750666000383083e-01 4.538740661882047223e-02 -3.573757803748310868e-01
452.200000 3.262698333142718639e+02 1.482699428773450450e+02 -9.717737610448018870e+00 3.864150950735980028e-01 8.486574948586640410e-01 4.597363828319022544e-02 -3.582600386625404698e-01
452.300000 3.263888991623973084e+02 1.482272726729958663e+02 -9.693806896385744665e+00 3.859855092918297870e-01 8.485039489930767953e-01 4.651508332456654599e-02 -3.590161308119587669e-01
452.400000 3.264949089296210900e+02 1.481883481735626162e+02 -9.674961762110772412e+00 3.856160468649647011e-01 8.482982429314566142e-01 4.703179517237736362e-02 -3.598310237910347653e-01
452.500000 3.266141522738139429e+02 1.481471476559239875e+02 -9.649395373326509429e+00 3.852512970186247054e-01 8.481129326396973367e-01 4.756587970745978361e-02 -3.605875465437137772e-01
452.600000 3.267318297951346722e+02 1.481051003819861478e+02 -9.618353518694878090e+00 3.848562172328079956e-01 8.479589979175075065e-01 4.808914927316548793e-02 -3.613013473960117183e-01
452.700000 3.268641687929843442e+02 1.480590964243100416e+02 -9.589394401535678014e+00 3.843441393138867235e-01 8.478497245523798354e-01 4.858168181993967327e-02 -3.620362514211351579e-01
452.800000 3.270687134569829482e+02 1.479322227914387611e+02 -9.497836590829805914e+00 3.837391319528478117e-01 8.476616279116839792e-01 4.921043073647416582e-02 -3.630321978570486552e-01
452.900000 3.271997467946407028e+02 1.478799935674738038e+02 -9.473941549703074116e+00 3.831390705113636441e-01 8.475288210714403414e-01 4.971577530908328352e-02 -3.639061579395978518e-01
453.000000 3.273199890292854661e+02 1.477995534955681194e+02 -9.411988242548126493e+00 3.816207704749944307e-01 8.476078163365453610e-01 5.009992761592962918e-02 -3.652623365201282946e-01
453.100000 3.274634418141611150e+02 1.477396855996632894e+02 -9.387408896368036437e+00 3.810018765192639267e-01 8.474618617072636750e-01 5.033819515576973963e-02 -3.662130925416484106e-01
453.200000 3.275774986523931034e+02 1.476662245805327416e+02 -9.341987331501719893e+00 3.796490845605264841e-01 8.473569411200190249e-01 5.021980584548096233e-02 -3.678732907251096029e-01
453.300000 3.276875487029648184e+02 1.476084102388007864e+02 -9.308430596351946917e+00 3.788806723433352230e-01 8.472801399562097657e-01 4.990365605334524945e-02 -3.688840274028642452e-01
453.400000 3.278113446683836401e+02 1.475457523938706856e+02 -9.273392335281801735e+00 3.780679893054697538e-01 8.472271005845601888e-01 4.953718371359210754e-02 -3.698876896131099157e-01
453.500000 3.279037768760740619e+02 1.474891100979196779e+02 -9.236794140226418648e+00 3.771705282348193911e-01 8.471225745082711089e-01 4.876304099292647076e-02 -3.711440451127672180e-01
453.600000 3.280245179850622890e+02 1.474231057011211306e+02 -9.197632816175438819e+00 3.763581730833017169e-01 8.470859314866785450e-01 4.804273128004083598e-02 -3.721449263417404008e-01
453.700000 3.282409142424162383e+02 1.473011543999995752e+02 -9.129531772343142393e+00 3.756569134169328583e-01 8.469589034345188505e-01 4.732174442356735372e-02 -3.732333744452271396e-01
453.800000 3.283517410941209391e+02 1.472437328585195360e+02 -9.098063176213614156e+00 3.749024192820709644e-01 8.468648000518947949e-01 4.662564662892870054e-02 -3.742916450122135141e-01
453.900000 3.284703740122574231e+02 1.471738070775157610e+02 -9.059265998407230569e+00 3.741631993933638434e-01 8.467705703971641906e-01 4.574972541205572785e-02 -3.753511208904329877e-01
454.000000 3.286976567096866688e+02 1.470458665217748830e+02 -8.982549334935590934e+00 3.733708276894722733e-01 8.467526306397175073e-01 4.474655359133739713e-02 -3.763003500887212027e-01
454.100000 3.287999282485153572e+02 1.469807536503142558e+02 -8.939294933184115166e+00 3.727084710714838045e-01 8.467192019175656670e-01 4.345455397359308802e-02 -3.771825691022763771e-01
